
=== 采集时间: 2025-12-05 15:10:48 (增量周期: 10.0ms) ===
振动增量数据 [等效10000Hz, 100点]
时序序号	时间(s)	X振动(INT)	Y振动(INT)	Z振动(INT)
1	0.0000	2	10	26
2	0.0001	2	19	23
3	0.0002	9	19	14
4	0.0003	10	22	11
5	0.0004	24	30	32
6	0.0005	2	3	18
7	0.0006	1	15	19
8	0.0007	3	14	13
9	0.0008	10	28	9
10	0.0009	16	24	26
11	0.0010	-3	-3	20
12	0.0011	5	2	18
13	0.0012	10	16	15
14	0.0013	15	20	9
15	0.0014	23	19	22
16	0.0015	3	6	28
17	0.0016	1	13	26
18	0.0017	6	26	18
19	0.0018	10	23	11
20	0.0019	15	19	24
21	0.0020	7	5	20
22	0.0021	20	27	33
23	0.0022	19	26	22
24	0.0023	9	19	6
25	0.0024	13	15	18
26	0.0025	-4	2	16
27	0.0026	9	28	32
28	0.0027	14	26	19
29	0.0028	11	10	1
30	0.0029	22	16	24
31	0.0030	5	1	19
32	0.0031	14	24	26
33	0.0032	14	22	11
34	0.0033	5	9	5
35	0.0034	19	23	28
36	0.0035	7	11	24
37	0.0036	18	26	23
38	0.0037	18	22	9
39	0.0038	13	14	5
40	0.0039	15	18	22
41	0.0040	3	14	24
42	0.0041	6	26	32
43	0.0042	5	20	20
44	0.0043	9	11	7
45	0.0044	16	19	19
46	0.0045	5	15	27
47	0.0046	15	33	31
48	0.0047	11	14	16
49	0.0048	10	9	10
50	0.0049	9	16	18
51	0.0050	7	19	28
52	0.0051	1	19	26
53	0.0052	11	14	11
54	0.0053	6	13	2
55	0.0054	16	14	24
56	0.0055	1	9	19
57	0.0056	5	23	22
58	0.0057	14	16	15
59	0.0058	13	11	1
60	0.0059	18	16	26
61	0.0060	14	9	26
62	0.0061	5	10	28
63	0.0062	9	16	18
64	0.0063	16	27	9
65	0.0064	18	23	23
66	0.0065	-6	-4	15
67	0.0066	-4	9	23
68	0.0067	5	18	26
69	0.0068	15	19	5
70	0.0069	30	14	16
71	0.0070	-3	-6	9
72	0.0071	7	22	27
73	0.0072	5	32	22
74	0.0073	7	24	5
75	0.0074	10	9	15
76	0.0075	-8	-12	13
77	0.0076	11	30	27
78	0.0077	13	33	14
79	0.0078	13	14	1
80	0.0079	11	1	14
81	0.0080	-8	-2	19
82	0.0081	5	30	24
83	0.0082	1	19	16
84	0.0083	2	13	5
85	0.0084	10	-6	10
86	0.0085	5	-2	20
87	0.0086	14	19	31
88	0.0087	9	13	11
89	0.0088	0	-2	-3
90	0.0089	1	0	23
91	0.0090	-3	2	20
92	0.0091	7	30	30
93	0.0092	7	14	14
94	0.0093	9	5	0
95	0.0094	24	15	16
96	0.0095	7	13	26
97	0.0096	5	32	28
98	0.0097	2	16	9
99	0.0098	-2	13	2
100	0.0099	13	19	30

电流增量数据 [1000Hz, 10点]
采样序号	时间(s)	A相电流(INT)	B相电流(INT)	C相电流(INT)
1	0.000	-7	849	15
2	0.001	-4	-31	-8
3	0.002	2	-1091	12
4	0.003	7	-2968	-20
5	0.004	57	-723	11
6	0.005	12	-3037	-6
7	0.006	5	-380	2
8	0.007	-11	-337	2
9	0.008	33	398	18
10	0.009	-15	-1143	-11
================================================================================

=== 采集时间: 2025-12-05 15:10:48 (增量周期: 10.0ms) ===
振动增量数据 [等效10000Hz, 100点]
时序序号	时间(s)	X振动(INT)	Y振动(INT)	Z振动(INT)
1	0.0000	6	16	31
2	0.0001	19	33	32
3	0.0002	23	30	26
4	0.0003	14	15	9
5	0.0004	15	18	30
6	0.0005	1	15	30
7	0.0006	10	20	27
8	0.0007	14	18	20
9	0.0008	16	14	11
10	0.0009	16	18	28
11	0.0010	10	15	31
12	0.0011	11	20	27
13	0.0012	7	11	11
14	0.0013	7	13	6
15	0.0014	18	22	27
16	0.0015	2	22	35
17	0.0016	11	22	30
18	0.0017	14	16	15
19	0.0018	14	9	6
20	0.0019	20	30	36
21	0.0020	2	19	31
22	0.0021	-2	27	31
23	0.0022	10	19	14
24	0.0023	10	9	-2
25	0.0024	24	19	24
26	0.0025	7	5	26
27	0.0026	9	14	31
28	0.0027	10	22	18
29	0.0028	18	19	2
30	0.0029	11	6	16
31	0.0030	-7	-3	20
32	0.0031	2	13	27
33	0.0032	19	31	23
34	0.0033	31	18	14
35	0.0034	19	5	27
36	0.0035	-4	5	22
37	0.0036	2	30	24
38	0.0037	7	35	22
39	0.0038	15	16	14
40	0.0039	13	2	24
41	0.0040	-4	16	28
42	0.0041	16	33	33
43	0.0042	10	27	16
44	0.0043	16	9	-2
45	0.0044	6	-2	16
46	0.0045	-2	19	28
47	0.0046	5	31	32
48	0.0047	3	26	16
49	0.0048	11	-3	0
50	0.0049	10	-7	13
51	0.0050	13	16	24
52	0.0051	18	30	31
53	0.0052	10	11	16
54	0.0053	3	2	2
55	0.0054	3	10	26
56	0.0055	3	27	26
57	0.0056	10	24	28
58	0.0057	13	19	10
59	0.0058	16	19	6
60	0.0059	24	16	33
61	0.0060	6	13	24
62	0.0061	10	18	33
63	0.0062	7	13	16
64	0.0063	5	10	3
65	0.0064	15	16	23
66	0.0065	7	14	27
67	0.0066	15	18	31
68	0.0067	9	13	19
69	0.0068	9	13	13
70	0.0069	14	26	32
71	0.0070	3	16	27
72	0.0071	10	26	33
73	0.0072	7	20	19
74	0.0073	6	14	11
75	0.0074	16	15	30
76	0.0075	9	13	28
77	0.0076	11	30	36
78	0.0077	5	27	22
79	0.0078	9	20	9
80	0.0079	3	10	22
81	0.0080	6	9	30
82	0.0081	3	14	30
83	0.0082	15	14	18
84	0.0083	15	9	-2
85	0.0084	15	14	16
86	0.0085	-2	-2	19
87	0.0086	5	13	24
88	0.0087	6	18	20
89	0.0088	5	13	9
90	0.0089	15	15	23
91	0.0090	3	14	24
92	0.0091	14	26	33
93	0.0092	23	24	22
94	0.0093	10	20	13
95	0.0094	3	19	28
96	0.0095	-8	7	20
97	0.0096	2	23	26
98	0.0097	16	32	28
99	0.0098	19	16	13
100	0.0099	18	15	27

电流增量数据 [1000Hz, 10点]
采样序号	时间(s)	A相电流(INT)	B相电流(INT)	C相电流(INT)
1	0.000	-4	-483	-20
2	0.001	-15	-1838	0
3	0.002	5	-286	4
4	0.003	27	77	-10
5	0.004	13	-70	7
6	0.005	20	-885	-4
7	0.006	32	-2940	11
8	0.007	4	-900	5
9	0.008	-4	-3190	-13
10	0.009	27	-247	3
================================================================================

=== 采集时间: 2025-12-05 15:10:48 (增量周期: 10.0ms) ===
振动增量数据 [等效10000Hz, 100点]
时序序号	时间(s)	X振动(INT)	Y振动(INT)	Z振动(INT)
1	0.0000	5	13	26
2	0.0001	3	15	16
3	0.0002	7	19	14
4	0.0003	11	13	11
5	0.0004	14	19	28
6	0.0005	10	2	22
7	0.0006	6	10	18
8	0.0007	13	18	15
9	0.0008	9	15	7
10	0.0009	18	20	31
11	0.0010	9	10	26
12	0.0011	5	10	20
13	0.0012	15	23	16
14	0.0013	7	24	6
15	0.0014	16	27	37
16	0.0015	1	9	31
17	0.0016	6	19	27
18	0.0017	15	35	28
19	0.0018	10	23	18
20	0.0019	19	26	39
21	0.0020	5	6	27
22	0.0021	11	23	32
23	0.0022	19	44	27
24	0.0023	9	11	15
25	0.0024	10	6	27
26	0.0025	7	-4	26
27	0.0026	9	22	27
28	0.0027	33	44	31
29	0.0028	15	9	10
30	0.0029	13	5	26
31	0.0030	2	14	27
32	0.0031	2	33	31
33	0.0032	20	33	15
34	0.0033	10	3	7
35	0.0034	18	22	35
36	0.0035	22	32	40
37	0.0036	23	40	31
38	0.0037	27	31	19
39	0.0038	9	1	7
40	0.0039	14	31	36
41	0.0040	10	28	39
42	0.0041	15	26	33
43	0.0042	23	18	19
44	0.0043	15	3	6
45	0.0044	22	28	32
46	0.0045	7	18	28
47	0.0046	2	6	26
48	0.0047	5	19	19
49	0.0048	2	3	11
50	0.0049	15	27	33
51	0.0050	3	5	22
52	0.0051	11	9	23
53	0.0052	13	19	14
54	0.0053	7	6	7
55	0.0054	11	32	31
56	0.0055	-6	14	28
57	0.0056	1	15	27
58	0.0057	14	24	13
59	0.0058	15	14	6
60	0.0059	20	28	28
61	0.0060	6	9	23
62	0.0061	2	15	22
63	0.0062	5	6	6
64	0.0063	10	14	3
65	0.0064	10	18	28
66	0.0065	5	22	24
67	0.0066	7	18	22
68	0.0067	7	18	11
69	0.0068	18	18	10
70	0.0069	18	28	28
71	0.0070	3	14	26
72	0.0071	2	22	20
73	0.0072	9	19	16
74	0.0073	13	24	10
75	0.0074	22	19	28
76	0.0075	6	11	24
77	0.0076	9	2	27
78	0.0077	19	28	19
79	0.0078	18	23	6
80	0.0079	11	19	26
81	0.0080	-12	0	18
82	0.0081	1	11	26
83	0.0082	15	30	24
84	0.0083	22	20	20
85	0.0084	16	16	28
86	0.0085	5	-2	15
87	0.0086	6	18	19
88	0.0087	16	39	20
89	0.0088	10	20	11
90	0.0089	6	15	22
91	0.0090	-4	10	20
92	0.0091	2	31	20
93	0.0092	15	35	16
94	0.0093	11	10	2
95	0.0094	14	10	19
96	0.0095	5	22	26
97	0.0096	6	32	24
98	0.0097	6	23	10
99	0.0098	2	-3	-3
100	0.0099	10	5	14

电流增量数据 [1000Hz, 10点]
采样序号	时间(s)	A相电流(INT)	B相电流(INT)	C相电流(INT)
1	0.000	-31	1733	9
2	0.001	27	-1099	2
3	0.002	-7	-345	-12
4	0.003	12	-1698	3
5	0.004	-26	-425	-7
6	0.005	12	51	-3
7	0.006	19	-52	6
8	0.007	-5	-791	0
9	0.008	41	-2994	-20
10	0.009	15	-797	3
================================================================================

=== 采集时间: 2025-12-05 15:10:49 (增量周期: 10.0ms) ===
振动增量数据 [等效10000Hz, 100点]
时序序号	时间(s)	X振动(INT)	Y振动(INT)	Z振动(INT)
1	0.0000	1	-4	23
2	0.0001	7	19	24
3	0.0002	22	30	18
4	0.0003	3	14	7
5	0.0004	13	5	16
6	0.0005	-8	-10	15
7	0.0006	3	24	28
8	0.0007	22	32	22
9	0.0008	9	5	3
10	0.0009	18	10	18
11	0.0010	-6	6	16
12	0.0011	11	44	31
13	0.0012	20	32	19
14	0.0013	-2	9	9
15	0.0014	11	14	30
16	0.0015	-7	19	33
17	0.0016	13	41	28
18	0.0017	18	27	15
19	0.0018	11	-2	3
20	0.0019	19	23	26
21	0.0020	-2	16	22
22	0.0021	7	28	20
23	0.0022	-2	2	6
24	0.0023	0	5	5
25	0.0024	11	28	23
26	0.0025	10	11	23
27	0.0026	15	10	18
28	0.0027	9	3	7
29	0.0028	3	11	9
30	0.0029	2	30	27
31	0.0030	1	9	20
32	0.0031	6	22	20
33	0.0032	19	14	18
34	0.0033	22	23	15
35	0.0034	26	39	35
36	0.0035	5	7	22
37	0.0036	1	16	14
38	0.0037	7	19	19
39	0.0038	13	31	18
40	0.0039	22	39	39
41	0.0040	7	7	28
42	0.0041	11	9	15
43	0.0042	16	23	6
44	0.0043	9	15	10
45	0.0044	18	23	28
46	0.0045	-2	-2	19
47	0.0046	0	0	10
48	0.0047	9	14	6
49	0.0048	-2	5	2
50	0.0049	15	16	18
51	0.0050	-3	-4	13
52	0.0051	3	11	11
53	0.0052	13	27	14
54	0.0053	9	13	11
55	0.0054	13	18	30
56	0.0055	-2	5	16
57	0.0056	7	26	16
58	0.0057	13	20	16
59	0.0058	5	11	10
60	0.0059	13	19	30
61	0.0060	6	-6	19
62	0.0061	0	-2	15
63	0.0062	0	14	6
64	0.0063	-3	19	7
65	0.0064	7	13	16
66	0.0065	1	-4	16
67	0.0066	6	11	13
68	0.0067	23	27	20
69	0.0068	9	14	6
70	0.0069	11	13	26
71	0.0070	-14	2	13
72	0.0071	-2	18	18
73	0.0072	13	37	20
74	0.0073	9	10	6
75	0.0074	19	15	23
76	0.0075	2	1	15
77	0.0076	6	15	15
78	0.0077	15	24	11
79	0.0078	-3	3	0
80	0.0079	9	15	32
81	0.0080	2	11	27
82	0.0081	7	15	24
83	0.0082	13	18	5
84	0.0083	7	2	0
85	0.0084	7	19	27
86	0.0085	5	11	19
87	0.0086	2	19	19
88	0.0087	6	16	18
89	0.0088	-4	5	7
90	0.0089	13	27	27
91	0.0090	11	19	20
92	0.0091	11	15	18
93	0.0092	18	18	10
94	0.0093	5	11	9
95	0.0094	13	22	28
96	0.0095	5	19	24
97	0.0096	3	14	19
98	0.0097	14	15	9
99	0.0098	5	9	10
100	0.0099	14	19	27

电流增量数据 [1000Hz, 10点]
采样序号	时间(s)	A相电流(INT)	B相电流(INT)	C相电流(INT)
1	0.000	-10	-674	-3
2	0.001	43	-3116	-2
3	0.002	-8	-562	-17
4	0.003	14	-3044	-12
5	0.004	-12	-308	-5
6	0.005	-5	-424	-13
7	0.006	23	464	5
8	0.007	-2	-1099	-6
9	0.008	-13	-1092	-7
10	0.009	-13	-1212	13
================================================================================

=== 采集时间: 2025-12-05 15:10:49 (增量周期: 10.0ms) ===
振动增量数据 [等效10000Hz, 100点]
时序序号	时间(s)	X振动(INT)	Y振动(INT)	Z振动(INT)
1	0.0000	19	19	26
2	0.0001	3	19	19
3	0.0002	16	23	14
4	0.0003	-8	1	6
5	0.0004	-3	28	31
6	0.0005	6	26	27
7	0.0006	6	18	14
8	0.0007	26	16	13
9	0.0008	7	0	7
10	0.0009	18	26	31
11	0.0010	-3	6	16
12	0.0011	-8	7	16
13	0.0012	6	23	10
14	0.0013	1	1	7
15	0.0014	20	20	30
16	0.0015	3	3	23
17	0.0016	14	7	16
18	0.0017	16	23	10
19	0.0018	3	11	7
20	0.0019	9	26	26
21	0.0020	-7	7	20
22	0.0021	0	16	22
23	0.0022	9	28	10
24	0.0023	15	18	7
25	0.0024	13	15	19
26	0.0025	0	6	13
27	0.0026	1	9	7
28	0.0027	10	22	11
29	0.0028	3	15	10
30	0.0029	11	27	26
31	0.0030	-2	3	14
32	0.0031	5	13	7
33	0.0032	20	20	7
34	0.0033	10	6	5
35	0.0034	13	18	28
36	0.0035	2	5	20
37	0.0036	0	9	15
38	0.0037	13	18	10
39	0.0038	5	11	2
40	0.0039	13	20	31
41	0.0040	0	5	22
42	0.0041	3	22	18
43	0.0042	23	30	24
44	0.0043	3	14	14
45	0.0044	10	15	31
46	0.0045	0	18	23
47	0.0046	5	18	20
48	0.0047	15	27	19
49	0.0048	2	14	13
50	0.0049	14	20	28
51	0.0050	3	23	23
52	0.0051	10	20	22
53	0.0052	14	23	19
54	0.0053	-2	3	13
55	0.0054	6	3	18
56	0.0055	3	11	19
57	0.0056	11	16	20
58	0.0057	15	19	15
59	0.0058	2	3	6
60	0.0059	6	11	24
61	0.0060	1	19	30
62	0.0061	7	22	16
63	0.0062	15	15	11
64	0.0063	2	6	7
65	0.0064	24	23	35
66	0.0065	3	14	18
67	0.0066	9	15	14
68	0.0067	9	22	16
69	0.0068	-3	3	10
70	0.0069	13	28	30
71	0.0070	0	5	26
72	0.0071	11	18	19
73	0.0072	15	22	7
74	0.0073	7	5	2
75	0.0074	14	19	30
76	0.0075	1	9	27
77	0.0076	9	30	18
78	0.0077	11	22	18
79	0.0078	7	11	3
80	0.0079	15	26	24
81	0.0080	11	19	28
82	0.0081	14	22	26
83	0.0082	20	20	13
84	0.0083	10	13	6
85	0.0084	5	23	26
86	0.0085	0	14	27
87	0.0086	2	16	20
88	0.0087	18	23	10
89	0.0088	3	9	2
90	0.0089	10	11	27
91	0.0090	2	16	27
92	0.0091	6	14	19
93	0.0092	19	27	20
94	0.0093	3	11	9
95	0.0094	7	16	22
96	0.0095	2	11	22
97	0.0096	5	23	23
98	0.0097	18	28	16
99	0.0098	2	14	13
100	0.0099	5	16	27

电流增量数据 [1000Hz, 10点]
采样序号	时间(s)	A相电流(INT)	B相电流(INT)	C相电流(INT)
1	0.000	9	-231	-2
2	0.001	-13	-357	-12
3	0.002	-4	386	6
4	0.003	0	-868	-21
5	0.004	4	-1118	0
6	0.005	2	-1272	4
7	0.006	-3	-676	7
8	0.007	5	2077	-3
9	0.008	32	-205	-5
10	0.009	18	1855	2
================================================================================

=== 采集时间: 2025-12-05 15:10:49 (增量周期: 10.0ms) ===
振动增量数据 [等效10000Hz, 100点]
时序序号	时间(s)	X振动(INT)	Y振动(INT)	Z振动(INT)
1	0.0000	-7	9	24
2	0.0001	0	5	10
3	0.0002	13	9	1
4	0.0003	13	6	6
5	0.0004	11	15	30
6	0.0005	-2	6	24
7	0.0006	-6	3	6
8	0.0007	2	11	5
9	0.0008	-4	1	-2
10	0.0009	7	19	20
11	0.0010	1	15	16
12	0.0011	11	19	16
13	0.0012	19	24	16
14	0.0013	0	5	5
15	0.0014	0	19	18
16	0.0015	-6	18	22
17	0.0016	7	30	18
18	0.0017	26	28	15
19	0.0018	14	9	11
20	0.0019	20	19	35
21	0.0020	10	19	28
22	0.0021	16	28	20
23	0.0022	18	19	10
24	0.0023	-4	-3	13
25	0.0024	9	20	40
26	0.0025	6	23	28
27	0.0026	15	19	15
28	0.0027	20	10	9
29	0.0028	7	-2	6
30	0.0029	15	33	33
31	0.0030	3	30	26
32	0.0031	3	19	15
33	0.0032	2	16	11
34	0.0033	0	10	2
35	0.0034	16	37	33
36	0.0035	5	24	26
37	0.0036	13	11	11
38	0.0037	11	15	6
39	0.0038	7	18	14
40	0.0039	11	32	39
41	0.0040	0	18	20
42	0.0041	0	6	9
43	0.0042	13	11	11
44	0.0043	7	6	10
45	0.0044	18	27	37
46	0.0045	2	11	28
47	0.0046	5	7	13
48	0.0047	14	18	11
49	0.0048	6	11	11
50	0.0049	13	27	40
51	0.0050	0	11	28
52	0.0051	3	18	16
53	0.0052	13	20	11
54	0.0053	9	11	11
55	0.0054	3	20	39
56	0.0055	2	18	28
57	0.0056	5	27	15
58	0.0057	18	20	16
59	0.0058	3	15	14
60	0.0059	13	15	27
61	0.0060	2	14	30
62	0.0061	1	24	27
63	0.0062	14	19	11
64	0.0063	9	1	2
65	0.0064	6	16	31
66	0.0065	6	19	36
67	0.0066	11	37	24
68	0.0067	22	18	14
69	0.0068	10	5	3
70	0.0069	9	22	31
71	0.0070	0	24	28
72	0.0071	9	30	15
73	0.0072	13	10	7
74	0.0073	-2	-2	5
75	0.0074	13	16	27
76	0.0075	7	18	26
77	0.0076	15	18	13
78	0.0077	13	13	11
79	0.0078	-6	1	10
80	0.0079	10	16	27
81	0.0080	-6	5	19
82	0.0081	6	18	14
83	0.0082	7	13	15
84	0.0083	7	11	10
85	0.0084	19	23	32
86	0.0085	2	13	27
87	0.0086	10	23	24
88	0.0087	11	31	23
89	0.0088	13	19	16
90	0.0089	22	30	43
91	0.0090	9	16	35
92	0.0091	19	20	20
93	0.0092	28	24	24
94	0.0093	14	16	18
95	0.0094	20	32	35
96	0.0095	6	16	28
97	0.0096	10	19	18
98	0.0097	22	20	14
99	0.0098	16	15	13
100	0.0099	20	26	37

电流增量数据 [1000Hz, 10点]
采样序号	时间(s)	A相电流(INT)	B相电流(INT)	C相电流(INT)
1	0.000	45	337	-14
2	0.001	6	-943	6
3	0.002	-8	-1231	-19
4	0.003	-14	-1224	2
5	0.004	-5	-724	9
6	0.005	16	1746	-4
7	0.006	32	-473	-3
8	0.007	-17	1697	10
9	0.008	4	-968	-13
10	0.009	27	-499	-12
================================================================================

=== 采集时间: 2025-12-05 15:10:49 (增量周期: 10.0ms) ===
振动增量数据 [等效10000Hz, 100点]
时序序号	时间(s)	X振动(INT)	Y振动(INT)	Z振动(INT)
1	0.0000	-4	2	16
2	0.0001	10	26	18
3	0.0002	23	28	16
4	0.0003	5	-6	16
5	0.0004	5	-3	22
6	0.0005	0	0	16
7	0.0006	1	22	18
8	0.0007	10	20	18
9	0.0008	3	-3	3
10	0.0009	14	14	31
11	0.0010	7	13	24
12	0.0011	16	35	22
13	0.0012	19	31	19
14	0.0013	-2	-3	6
15	0.0014	10	16	28
16	0.0015	2	30	30
17	0.0016	14	31	26
18	0.0017	26	23	23
19	0.0018	11	9	11
20	0.0019	18	28	36
21	0.0020	13	30	33
22	0.0021	11	19	18
23	0.0022	20	6	11
24	0.0023	10	0	10
25	0.0024	16	24	33
26	0.0025	9	26	31
27	0.0026	11	13	20
28	0.0027	19	11	13
29	0.0028	9	11	10
30	0.0029	14	28	35
31	0.0030	7	27	32
32	0.0031	11	22	23
33	0.0032	19	19	15
34	0.0033	13	16	16
35	0.0034	13	22	35
36	0.0035	1	26	36
37	0.0036	11	30	23
38	0.0037	19	19	15
39	0.0038	9	15	10
40	0.0039	13	23	32
41	0.0040	7	13	27
42	0.0041	19	24	26
43	0.0042	32	27	18
44	0.0043	7	6	11
45	0.0044	1	14	28
46	0.0045	-6	14	20
47	0.0046	9	24	19
48	0.0047	31	27	24
49	0.0048	11	9	18
50	0.0049	15	13	31
51	0.0050	13	16	26
52	0.0051	15	20	27
53	0.0052	27	36	23
54	0.0053	10	6	6
55	0.0054	5	6	20
56	0.0055	-11	11	18
57	0.0056	0	18	20
58	0.0057	24	33	22
59	0.0058	16	1	9
60	0.0059	18	2	30
61	0.0060	3	11	18
62	0.0061	3	22	16
63	0.0062	16	30	14
64	0.0063	2	9	11
65	0.0064	5	14	28
66	0.0065	0	23	26
67	0.0066	9	27	20
68	0.0067	27	30	15
69	0.0068	14	6	9
70	0.0069	10	5	27
71	0.0070	0	15	24
72	0.0071	3	35	20
73	0.0072	13	30	18
74	0.0073	3	5	5
75	0.0074	14	14	26
76	0.0075	0	13	24
77	0.0076	15	19	15
78	0.0077	18	19	14
79	0.0078	5	-2	2
80	0.0079	10	14	23
81	0.0080	-3	9	19
82	0.0081	3	22	15
83	0.0082	20	26	10
84	0.0083	14	6	7
85	0.0084	18	24	31
86	0.0085	6	22	32
87	0.0086	18	33	22
88	0.0087	19	20	14
89	0.0088	7	11	10
90	0.0089	13	27	40
91	0.0090	2	30	33
92	0.0091	13	24	19
93	0.0092	18	22	6
94	0.0093	14	13	18
95	0.0094	16	30	41
96	0.0095	10	20	36
97	0.0096	2	13	15
98	0.0097	10	-2	3
99	0.0098	9	2	2
100	0.0099	18	15	30

电流增量数据 [1000Hz, 10点]
采样序号	时间(s)	A相电流(INT)	B相电流(INT)	C相电流(INT)
1	0.000	3	1761	-24
2	0.001	7	-1010	-5
3	0.002	12	-420	-2
4	0.003	-15	-1852	-16
5	0.004	-5	-215	7
6	0.005	5	282	-4
7	0.006	16	157	-13
8	0.007	-22	-618	-24
9	0.008	10	-2999	-23
10	0.009	3	-829	5
================================================================================

=== 采集时间: 2025-12-05 15:10:50 (增量周期: 10.0ms) ===
振动增量数据 [等效10000Hz, 100点]
时序序号	时间(s)	X振动(INT)	Y振动(INT)	Z振动(INT)
1	0.0000	-4	10	19
2	0.0001	9	15	10
3	0.0002	23	19	7
4	0.0003	5	2	10
5	0.0004	11	16	36
6	0.0005	3	10	23
7	0.0006	11	14	5
8	0.0007	20	23	13
9	0.0008	-2	9	10
10	0.0009	11	32	32
11	0.0010	6	18	27
12	0.0011	5	18	19
13	0.0012	20	23	19
14	0.0013	7	22	16
15	0.0014	16	32	33
16	0.0015	5	18	28
17	0.0016	10	11	15
18	0.0017	10	19	7
19	0.0018	2	9	15
20	0.0019	16	35	28
21	0.0020	10	15	23
22	0.0021	14	7	10
23	0.0022	18	11	9
24	0.0023	9	9	9
25	0.0024	11	31	33
26	0.0025	-4	9	20
27	0.0026	9	7	3
28	0.0027	15	16	11
29	0.0028	14	19	22
30	0.0029	20	43	43
31	0.0030	2	22	22
32	0.0031	7	9	7
33	0.0032	14	19	10
34	0.0033	13	27	24
35	0.0034	13	33	41
36	0.0035	5	18	26
37	0.0036	5	14	13
38	0.0037	16	15	16
39	0.0038	10	16	18
40	0.0039	6	18	32
41	0.0040	3	6	20
42	0.0041	9	10	10
43	0.0042	18	10	15
44	0.0043	5	13	16
45	0.0044	10	19	32
46	0.0045	0	3	18
47	0.0046	10	10	5
48	0.0047	9	19	10
49	0.0048	2	14	16
50	0.0049	3	23	32
51	0.0050	6	19	18
52	0.0051	11	13	7
53	0.0052	18	16	16
54	0.0053	5	22	18
55	0.0054	7	33	32
56	0.0055	5	16	16
57	0.0056	0	16	2
58	0.0057	13	20	14
59	0.0058	9	3	18
60	0.0059	20	23	37
61	0.0060	3	11	22
62	0.0061	13	9	11
63	0.0062	14	24	13
64	0.0063	-2	24	13
65	0.0064	3	30	33
66	0.0065	1	16	20
67	0.0066	10	14	13
68	0.0067	23	26	27
69	0.0068	19	20	20
70	0.0069	18	23	39
71	0.0070	5	13	27
72	0.0071	7	18	14
73	0.0072	15	19	19
74	0.0073	11	14	19
75	0.0074	16	15	43
76	0.0075	13	11	32
77	0.0076	10	15	19
78	0.0077	22	22	15
79	0.0078	14	23	16
80	0.0079	16	26	41
81	0.0080	6	22	27
82	0.0081	7	19	26
83	0.0082	16	28	15
84	0.0083	18	31	19
85	0.0084	15	30	31
86	0.0085	3	3	19
87	0.0086	11	16	11
88	0.0087	15	32	28
89	0.0088	9	23	22
90	0.0089	15	27	36
91	0.0090	-3	2	10
92	0.0091	9	13	11
93	0.0092	19	23	22
94	0.0093	18	18	22
95	0.0094	18	26	33
96	0.0095	1	7	19
97	0.0096	7	9	6
98	0.0097	15	23	19
99	0.0098	6	10	15
100	0.0099	11	23	33

电流增量数据 [1000Hz, 10点]
采样序号	时间(s)	A相电流(INT)	B相电流(INT)	C相电流(INT)
1	0.000	7	-1209	-8
2	0.001	-17	-1054	6
3	0.002	5	-392	6
4	0.003	-22	2150	-11
5	0.004	32	-195	-2
6	0.005	-10	1781	-12
7	0.006	6	-1006	-7
8	0.007	9	-424	-25
9	0.008	-20	-1703	-17
10	0.009	10	-220	2
================================================================================

=== 采集时间: 2025-12-05 15:10:50 (增量周期: 10.0ms) ===
振动增量数据 [等效10000Hz, 100点]
时序序号	时间(s)	X振动(INT)	Y振动(INT)	Z振动(INT)
1	0.0000	7	22	24
2	0.0001	18	20	15
3	0.0002	23	19	15
4	0.0003	14	10	20
5	0.0004	18	36	40
6	0.0005	7	35	31
7	0.0006	10	22	14
8	0.0007	9	16	13
9	0.0008	13	2	11
10	0.0009	20	33	44
11	0.0010	23	32	39
12	0.0011	18	14	14
13	0.0012	20	10	7
14	0.0013	5	1	6
15	0.0014	5	16	35
16	0.0015	11	27	31
17	0.0016	5	14	18
18	0.0017	13	18	20
19	0.0018	2	2	7
20	0.0019	9	19	31
21	0.0020	15	30	31
22	0.0021	11	16	9
23	0.0022	15	27	14
24	0.0023	5	10	15
25	0.0024	0	28	41
26	0.0025	5	35	31
27	0.0026	0	10	9
28	0.0027	15	27	15
29	0.0028	5	6	15
30	0.0029	10	14	35
31	0.0030	13	22	26
32	0.0031	13	9	11
33	0.0032	15	22	11
34	0.0033	3	11	13
35	0.0034	5	13	27
36	0.0035	13	10	20
37	0.0036	15	5	9
38	0.0037	19	23	16
39	0.0038	3	16	20
40	0.0039	5	19	28
41	0.0040	5	15	16
42	0.0041	14	9	9
43	0.0042	24	26	22
44	0.0043	10	20	26
45	0.0044	9	24	33
46	0.0045	9	19	16
47	0.0046	9	16	10
48	0.0047	18	24	18
49	0.0048	5	14	20
50	0.0049	10	20	40
51	0.0050	9	24	30
52	0.0051	16	26	13
53	0.0052	20	20	16
54	0.0053	9	10	15
55	0.0054	14	30	36
56	0.0055	9	31	20
57	0.0056	10	27	13
58	0.0057	18	26	15
59	0.0058	9	14	14
60	0.0059	19	23	32
61	0.0060	11	20	23
62	0.0061	19	31	14
63	0.0062	20	31	16
64	0.0063	0	9	11
65	0.0064	-2	11	33
66	0.0065	-2	9	24
67	0.0066	11	27	9
68	0.0067	19	19	13
69	0.0068	6	-3	13
70	0.0069	7	9	33
71	0.0070	0	16	24
72	0.0071	6	23	11
73	0.0072	10	22	14
74	0.0073	-6	2	7
75	0.0074	9	19	31
76	0.0075	10	16	28
77	0.0076	11	22	15
78	0.0077	20	19	14
79	0.0078	-2	9	15
80	0.0079	9	24	28
81	0.0080	5	30	26
82	0.0081	10	24	18
83	0.0082	18	19	16
84	0.0083	7	9	7
85	0.0084	9	22	28
86	0.0085	10	14	16
87	0.0086	10	13	9
88	0.0087	11	16	16
89	0.0088	0	1	10
90	0.0089	3	20	28
91	0.0090	2	10	20
92	0.0091	2	2	2
93	0.0092	18	18	11
94	0.0093	5	13	13
95	0.0094	7	19	31
96	0.0095	-3	13	16
97	0.0096	1	7	7
98	0.0097	13	27	13
99	0.0098	2	15	10
100	0.0099	7	18	26

电流增量数据 [1000Hz, 10点]
采样序号	时间(s)	A相电流(INT)	B相电流(INT)	C相电流(INT)
1	0.000	22	-1667	-11
2	0.001	-17	-157	-17
3	0.002	25	285	3
4	0.003	58	41	1
5	0.004	3	-580	-24
6	0.005	27	-2941	-10
7	0.006	0	-687	-21
8	0.007	19	-2743	-10
9	0.008	0	122	-11
10	0.009	-2	-209	0
================================================================================

=== 采集时间: 2025-12-05 15:10:50 (增量周期: 10.0ms) ===
振动增量数据 [等效10000Hz, 100点]
时序序号	时间(s)	X振动(INT)	Y振动(INT)	Z振动(INT)
1	0.0000	10	36	28
2	0.0001	19	44	20
3	0.0002	20	28	13
4	0.0003	9	9	16
5	0.0004	19	14	39
6	0.0005	22	44	36
7	0.0006	26	45	27
8	0.0007	20	20	22
9	0.0008	2	-3	0
10	0.0009	5	16	30
11	0.0010	5	20	33
12	0.0011	22	35	24
13	0.0012	19	27	27
14	0.0013	9	-10	13
15	0.0014	13	3	24
16	0.0015	10	16	19
17	0.0016	15	24	15
18	0.0017	10	14	16
19	0.0018	-4	-11	9
20	0.0019	2	14	26
21	0.0020	10	22	27
22	0.0021	11	32	18
23	0.0022	24	19	15
24	0.0023	5	-4	3
25	0.0024	11	14	24
26	0.0025	5	31	27
27	0.0026	10	36	20
28	0.0027	19	20	16
29	0.0028	2	-7	10
30	0.0029	11	15	28
31	0.0030	13	31	28
32	0.0031	14	23	15
33	0.0032	28	10	9
34	0.0033	3	-8	10
35	0.0034	9	7	30
36	0.0035	5	24	27
37	0.0036	10	19	18
38	0.0037	24	13	9
39	0.0038	9	1	18
40	0.0039	5	16	33
41	0.0040	-2	28	20
42	0.0041	10	23	11
43	0.0042	23	20	15
44	0.0043	6	6	18
45	0.0044	10	22	33
46	0.0045	2	22	22
47	0.0046	10	18	10
48	0.0047	15	19	14
49	0.0048	0	6	13
50	0.0049	-2	15	32
51	0.0050	2	13	20
52	0.0051	19	19	9
53	0.0052	31	23	16
54	0.0053	5	-2	18
55	0.0054	2	15	28
56	0.0055	2	13	13
57	0.0056	11	24	7
58	0.0057	22	20	18
59	0.0058	5	6	18
60	0.0059	13	23	31
61	0.0060	15	27	23
62	0.0061	22	23	19
63	0.0062	18	7	15
64	0.0063	3	7	7
65	0.0064	-7	16	23
66	0.0065	0	18	20
67	0.0066	13	16	11
68	0.0067	22	10	13
69	0.0068	15	3	15
70	0.0069	10	15	28
71	0.0070	11	23	26
72	0.0071	13	19	6
73	0.0072	20	15	20
74	0.0073	-4	13	14
75	0.0074	7	27	39
76	0.0075	7	23	28
77	0.0076	19	26	15
78	0.0077	32	22	16
79	0.0078	5	6	15
80	0.0079	5	22	33
81	0.0080	5	23	30
82	0.0081	7	27	13
83	0.0082	15	18	18
84	0.0083	2	0	10
85	0.0084	10	11	22
86	0.0085	5	15	20
87	0.0086	13	14	7
88	0.0087	16	15	6
89	0.0088	5	-8	5
90	0.0089	-2	13	26
91	0.0090	-8	16	18
92	0.0091	3	20	3
93	0.0092	16	16	10
94	0.0093	6	1	7
95	0.0094	11	22	26
96	0.0095	5	16	22
97	0.0096	10	23	11
98	0.0097	14	14	10
99	0.0098	3	6	13
100	0.0099	3	30	26

电流增量数据 [1000Hz, 10点]
采样序号	时间(s)	A相电流(INT)	B相电流(INT)	C相电流(INT)
1	0.000	27	-1630	-28
2	0.001	6	-156	-12
3	0.002	-7	312	-2
4	0.003	2	157	-19
5	0.004	-14	-786	-15
6	0.005	0	-2840	-23
7	0.006	-5	-586	-5
8	0.007	-12	-2938	-4
9	0.008	-2	-260	-11
10	0.009	1	-306	1
================================================================================

=== 采集时间: 2025-12-05 15:10:51 (增量周期: 10.0ms) ===
振动增量数据 [等效10000Hz, 100点]
时序序号	时间(s)	X振动(INT)	Y振动(INT)	Z振动(INT)
1	0.0000	5	18	24
2	0.0001	15	22	15
3	0.0002	23	41	28
4	0.0003	9	18	23
5	0.0004	13	23	30
6	0.0005	13	23	22
7	0.0006	18	26	16
8	0.0007	31	39	32
9	0.0008	15	13	24
10	0.0009	16	18	31
11	0.0010	5	11	16
12	0.0011	10	16	16
13	0.0012	18	23	20
14	0.0013	15	13	22
15	0.0014	18	16	32
16	0.0015	6	14	26
17	0.0016	7	22	13
18	0.0017	15	27	19
19	0.0018	9	13	22
20	0.0019	11	27	40
21	0.0020	6	20	31
22	0.0021	7	23	13
23	0.0022	18	32	23
24	0.0023	7	13	18
25	0.0024	13	23	28
26	0.0025	0	16	22
27	0.0026	2	15	10
28	0.0027	24	28	19
29	0.0028	15	13	18
30	0.0029	9	9	27
31	0.0030	6	11	20
32	0.0031	1	14	7
33	0.0032	20	23	20
34	0.0033	6	9	15
35	0.0034	3	11	36
36	0.0035	2	19	24
37	0.0036	5	18	14
38	0.0037	19	20	23
39	0.0038	10	1	15
40	0.0039	-2	16	32
41	0.0040	11	32	24
42	0.0041	13	30	18
43	0.0042	15	24	19
44	0.0043	5	2	14
45	0.0044	5	18	28
46	0.0045	9	36	27
47	0.0046	9	23	22
48	0.0047	15	18	11
49	0.0048	2	-7	2
50	0.0049	3	11	23
51	0.0050	5	32	32
52	0.0051	6	16	14
53	0.0052	13	18	10
54	0.0053	-2	-12	6
55	0.0054	9	11	27
56	0.0055	9	31	19
57	0.0056	2	16	6
58	0.0057	9	14	14
59	0.0058	-3	-4	9
60	0.0059	7	23	36
61	0.0060	2	18	23
62	0.0061	7	5	6
63	0.0062	11	15	11
64	0.0063	13	11	19
65	0.0064	14	18	33
66	0.0065	11	9	20
67	0.0066	7	5	6
68	0.0067	2	13	18
69	0.0068	2	13	20
70	0.0069	9	16	36
71	0.0070	13	16	20
72	0.0071	15	14	16
73	0.0072	18	19	22
74	0.0073	11	15	19
75	0.0074	7	18	35
76	0.0075	9	19	33
77	0.0076	3	22	22
78	0.0077	9	19	20
79	0.0078	7	11	13
80	0.0079	15	18	35
81	0.0080	23	32	41
82	0.0081	10	18	22
83	0.0082	14	14	18
84	0.0083	-7	2	5
85	0.0084	10	15	28
86	0.0085	13	27	26
87	0.0086	15	16	22
88	0.0087	18	10	22
89	0.0088	-2	3	15
90	0.0089	6	14	32
91	0.0090	7	30	22
92	0.0091	10	23	14
93	0.0092	14	14	26
94	0.0093	-2	2	15
95	0.0094	9	18	35
96	0.0095	3	24	30
97	0.0096	5	23	13
98	0.0097	9	24	15
99	0.0098	-6	2	13
100	0.0099	1	9	30

电流增量数据 [1000Hz, 10点]
采样序号	时间(s)	A相电流(INT)	B相电流(INT)	C相电流(INT)
1	0.000	73	-248	-12
2	0.001	-25	-1553	-12
3	0.002	4	78	-24
4	0.003	14	426	-13
5	0.004	3	216	-17
6	0.005	-31	-715	-28
7	0.006	10	-2640	-15
8	0.007	-35	-536	-22
9	0.008	11	-2731	-10
10	0.009	-44	-110	-16
================================================================================

=== 采集时间: 2025-12-05 15:10:51 (增量周期: 10.0ms) ===
振动增量数据 [等效10000Hz, 100点]
时序序号	时间(s)	X振动(INT)	Y振动(INT)	Z振动(INT)
1	0.0000	24	37	32
2	0.0001	14	5	7
3	0.0002	15	5	11
4	0.0003	10	16	30
5	0.0004	10	40	45
6	0.0005	19	30	30
7	0.0006	9	2	5
8	0.0007	19	18	24
9	0.0008	10	27	30
10	0.0009	11	37	44
11	0.0010	11	22	18
12	0.0011	7	1	-2
13	0.0012	15	33	24
14	0.0013	14	18	33
15	0.0014	15	40	46
16	0.0015	15	19	26
17	0.0016	5	9	2
18	0.0017	13	28	23
19	0.0018	-2	13	20
20	0.0019	5	16	40
21	0.0020	13	18	28
22	0.0021	7	13	13
23	0.0022	23	27	22
24	0.0023	1	1	20
25	0.0024	7	6	36
26	0.0025	7	23	22
27	0.0026	3	11	10
28	0.0027	16	28	19
29	0.0028	0	5	24
30	0.0029	2	14	36
31	0.0030	11	23	23
32	0.0031	10	16	7
33	0.0032	10	22	15
34	0.0033	-2	2	16
35	0.0034	3	26	37
36	0.0035	10	27	26
37	0.0036	11	19	9
38	0.0037	14	15	10
39	0.0038	2	2	16
40	0.0039	13	23	27
41	0.0040	15	27	27
42	0.0041	1	7	7
43	0.0042	15	14	13
44	0.0043	-4	6	11
45	0.0044	9	20	33
46	0.0045	14	26	22
47	0.0046	16	13	6
48	0.0047	15	14	20
49	0.0048	-2	6	16
50	0.0049	7	27	31
51	0.0050	13	14	23
52	0.0051	1	-2	-3
53	0.0052	14	15	13
54	0.0053	-2	9	27
55	0.0054	23	30	43
56	0.0055	14	26	24
57	0.0056	9	6	7
58	0.0057	16	13	14
59	0.0058	6	15	22
60	0.0059	15	31	37
61	0.0060	5	10	18
62	0.0061	9	16	2
63	0.0062	11	28	20
64	0.0063	2	18	20
65	0.0064	10	24	33
66	0.0065	0	18	18
67	0.0066	13	20	6
68	0.0067	10	18	18
69	0.0068	-6	10	23
70	0.0069	6	16	28
71	0.0070	7	13	20
72	0.0071	10	14	14
73	0.0072	14	19	16
74	0.0073	2	6	15
75	0.0074	1	7	31
76	0.0075	11	7	16
77	0.0076	15	23	7
78	0.0077	14	14	19
79	0.0078	1	3	15
80	0.0079	6	16	24
81	0.0080	9	13	26
82	0.0081	13	30	14
83	0.0082	13	26	26
84	0.0083	2	18	13
85	0.0084	11	11	32
86	0.0085	18	24	24
87	0.0086	13	18	10
88	0.0087	11	32	22
89	0.0088	-6	5	15
90	0.0089	0	14	24
91	0.0090	3	16	19
92	0.0091	6	19	14
93	0.0092	16	13	22
94	0.0093	2	-2	14
95	0.0094	7	6	23
96	0.0095	5	10	9
97	0.0096	6	13	3
98	0.0097	7	13	20
99	0.0098	-3	-2	6
100	0.0099	-2	10	23

电流增量数据 [1000Hz, 10点]
采样序号	时间(s)	A相电流(INT)	B相电流(INT)	C相电流(INT)
1	0.000	1	-1401	-21
2	0.001	-34	76	-8
3	0.002	-17	494	-12
4	0.003	-25	144	-31
5	0.004	-28	-591	-11
6	0.005	-16	-2613	-29
7	0.006	10	-602	-7
8	0.007	-10	-2838	-29
9	0.008	-13	-120	0
10	0.009	12	-179	-17
================================================================================

=== 采集时间: 2025-12-05 15:10:51 (增量周期: 10.0ms) ===
振动增量数据 [等效10000Hz, 100点]
时序序号	时间(s)	X振动(INT)	Y振动(INT)	Z振动(INT)
1	0.0000	7	22	27
2	0.0001	9	35	10
3	0.0002	19	23	13
4	0.0003	-2	-8	9
5	0.0004	7	-2	31
6	0.0005	7	26	26
7	0.0006	16	39	19
8	0.0007	13	13	19
9	0.0008	-4	-16	10
10	0.0009	0	6	23
11	0.0010	6	23	22
12	0.0011	11	28	13
13	0.0012	16	6	16
14	0.0013	-2	-4	15
15	0.0014	13	23	35
16	0.0015	10	30	20
17	0.0016	6	22	10
18	0.0017	5	7	5
19	0.0018	0	10	19
20	0.0019	11	26	39
21	0.0020	20	18	26
22	0.0021	18	24	7
23	0.0022	14	19	15
24	0.0023	1	18	16
25	0.0024	1	19	24
26	0.0025	2	10	19
27	0.0026	13	18	20
28	0.0027	20	23	35
29	0.0028	13	24	27
30	0.0029	18	23	31
31	0.0030	6	10	18
32	0.0031	11	14	6
33	0.0032	14	26	28
34	0.0033	1	16	30
35	0.0034	6	20	40
36	0.0035	7	23	24
37	0.0036	19	23	13
38	0.0037	24	27	23
39	0.0038	13	16	28
40	0.0039	0	27	40
41	0.0040	9	20	26
42	0.0041	15	30	15
43	0.0042	20	30	23
44	0.0043	15	24	24
45	0.0044	15	19	28
46	0.0045	18	19	19
47	0.0046	23	16	6
48	0.0047	27	31	30
49	0.0048	1	13	31
50	0.0049	6	19	33
51	0.0050	5	14	11
52	0.0051	15	9	5
53	0.0052	26	24	23
54	0.0053	13	7	24
55	0.0054	11	20	32
56	0.0055	11	11	19
57	0.0056	6	14	5
58	0.0057	14	22	26
59	0.0058	1	13	19
60	0.0059	10	24	33
61	0.0060	-2	1	11
62	0.0061	14	18	9
63	0.0062	30	37	26
64	0.0063	-7	1	16
65	0.0064	11	10	27
66	0.0065	1	15	23
67	0.0066	18	27	13
68	0.0067	35	18	13
69	0.0068	-8	-2	18
70	0.0069	13	23	28
71	0.0070	5	30	22
72	0.0071	10	31	20
73	0.0072	15	10	23
74	0.0073	-7	9	16
75	0.0074	10	35	33
76	0.0075	0	16	19
77	0.0076	14	18	14
78	0.0077	18	2	16
79	0.0078	3	6	23
80	0.0079	16	39	31
81	0.0080	1	16	20
82	0.0081	2	9	1
83	0.0082	6	-6	16
84	0.0083	2	6	19
85	0.0084	14	31	31
86	0.0085	3	6	13
87	0.0086	9	6	-7
88	0.0087	15	5	15
89	0.0088	5	14	19
90	0.0089	6	33	36
91	0.0090	0	13	19
92	0.0091	5	18	6
93	0.0092	23	27	22
94	0.0093	22	16	27
95	0.0094	19	28	35
96	0.0095	2	7	18
97	0.0096	2	18	2
98	0.0097	9	27	27
99	0.0098	9	19	27
100	0.0099	11	24	41

电流增量数据 [1000Hz, 10点]
采样序号	时间(s)	A相电流(INT)	B相电流(INT)	C相电流(INT)
1	0.000	25	365	-11
2	0.001	9	1994	-26
3	0.002	12	-572	-10
4	0.003	25	-170	0
5	0.004	1	-1569	-26
6	0.005	-2	155	-12
7	0.006	11	477	-13
8	0.007	10	339	-13
9	0.008	13	-618	-12
10	0.009	5	-2509	-26
================================================================================

=== 采集时间: 2025-12-05 15:10:51 (增量周期: 10.0ms) ===
振动增量数据 [等效10000Hz, 100点]
时序序号	时间(s)	X振动(INT)	Y振动(INT)	Z振动(INT)
1	0.0000	14	19	20
2	0.0001	5	19	6
3	0.0002	16	26	27
4	0.0003	0	0	16
5	0.0004	6	13	30
6	0.0005	19	24	24
7	0.0006	15	22	10
8	0.0007	16	23	22
9	0.0008	-7	-11	20
10	0.0009	5	18	23
11	0.0010	13	23	16
12	0.0011	10	14	13
13	0.0012	15	16	19
14	0.0013	3	10	16
15	0.0014	9	30	28
16	0.0015	14	19	22
17	0.0016	10	23	7
18	0.0017	13	26	15
19	0.0018	1	13	24
20	0.0019	6	30	32
21	0.0020	19	27	20
22	0.0021	11	13	3
23	0.0022	20	19	22
24	0.0023	-2	9	18
25	0.0024	13	23	33
26	0.0025	13	18	14
27	0.0026	9	5	7
28	0.0027	11	18	23
29	0.0028	0	3	18
30	0.0029	7	22	27
31	0.0030	10	15	18
32	0.0031	9	9	10
33	0.0032	23	27	27
34	0.0033	7	13	24
35	0.0034	14	28	32
36	0.0035	5	18	16
37	0.0036	7	14	7
38	0.0037	20	31	20
39	0.0038	5	19	24
40	0.0039	3	19	28
41	0.0040	9	11	10
42	0.0041	9	18	5
43	0.0042	28	41	32
44	0.0043	11	19	31
45	0.0044	1	6	27
46	0.0045	1	-4	9
47	0.0046	0	3	2
48	0.0047	20	39	27
49	0.0048	5	18	28
50	0.0049	0	1	26
51	0.0050	9	22	23
52	0.0051	11	9	11
53	0.0052	27	32	32
54	0.0053	7	23	31
55	0.0054	5	24	33
56	0.0055	6	14	13
57	0.0056	5	2	1
58	0.0057	19	30	22
59	0.0058	2	13	28
60	0.0059	1	19	39
61	0.0060	11	18	18
62	0.0061	13	6	5
63	0.0062	23	19	15
64	0.0063	11	9	15
65	0.0064	3	23	32
66	0.0065	9	23	23
67	0.0066	5	2	1
68	0.0067	18	18	19
69	0.0068	-2	2	19
70	0.0069	6	24	24
71	0.0070	15	31	19
72	0.0071	16	9	5
73	0.0072	22	19	19
74	0.0073	-2	6	19
75	0.0074	1	26	28
76	0.0075	6	26	14
77	0.0076	10	7	5
78	0.0077	16	13	15
79	0.0078	13	10	20
80	0.0079	9	19	33
81	0.0080	9	14	14
82	0.0081	7	3	2
83	0.0082	11	5	15
84	0.0083	3	-2	16
85	0.0084	10	16	33
86	0.0085	3	19	16
87	0.0086	5	2	3
88	0.0087	5	10	16
89	0.0088	-4	2	13
90	0.0089	13	23	31
91	0.0090	6	22	22
92	0.0091	2	0	9
93	0.0092	10	22	14
94	0.0093	2	9	13
95	0.0094	5	24	28
96	0.0095	3	24	18
97	0.0096	-4	6	2
98	0.0097	6	14	19
99	0.0098	14	16	22
100	0.0099	11	19	32

电流增量数据 [1000Hz, 10点]
采样序号	时间(s)	A相电流(INT)	B相电流(INT)	C相电流(INT)
1	0.000	13	648	-10
2	0.001	4	328	-24
3	0.002	-5	-885	-24
4	0.003	27	-2414	-13
5	0.004	11	-676	-17
6	0.005	2	-2598	-19
7	0.006	-21	13	-7
8	0.007	15	-283	-11
9	0.008	5	899	3
10	0.009	-5	-514	-31
================================================================================

=== 采集时间: 2025-12-05 15:10:52 (增量周期: 10.0ms) ===
振动增量数据 [等效10000Hz, 100点]
时序序号	时间(s)	X振动(INT)	Y振动(INT)	Z振动(INT)
1	0.0000	22	37	31
2	0.0001	15	16	10
3	0.0002	15	19	20
4	0.0003	-11	10	24
5	0.0004	13	37	36
6	0.0005	11	22	23
7	0.0006	18	15	14
8	0.0007	28	16	22
9	0.0008	13	10	20
10	0.0009	13	23	27
11	0.0010	3	9	16
12	0.0011	13	13	10
13	0.0012	10	18	26
14	0.0013	9	14	31
15	0.0014	14	19	35
16	0.0015	18	15	23
17	0.0016	18	22	13
18	0.0017	23	28	27
19	0.0018	0	10	16
20	0.0019	0	28	33
21	0.0020	6	28	27
22	0.0021	19	30	20
23	0.0022	33	32	30
24	0.0023	5	5	13
25	0.0024	3	14	19
26	0.0025	9	19	22
27	0.0026	9	30	13
28	0.0027	20	23	30
29	0.0028	0	-3	14
30	0.0029	1	11	28
31	0.0030	11	19	18
32	0.0031	18	16	7
33	0.0032	27	16	23
34	0.0033	1	-10	16
35	0.0034	-3	7	27
36	0.0035	3	30	26
37	0.0036	5	27	13
38	0.0037	14	18	23
39	0.0038	-3	5	18
40	0.0039	9	16	30
41	0.0040	18	33	23
42	0.0041	14	18	20
43	0.0042	13	20	22
44	0.0043	-2	9	14
45	0.0044	0	26	23
46	0.0045	9	27	16
47	0.0046	15	13	15
48	0.0047	16	15	28
49	0.0048	9	13	31
50	0.0049	9	30	22
51	0.0050	10	27	22
52	0.0051	2	18	10
53	0.0052	11	16	20
54	0.0053	-8	-4	11
55	0.0054	5	19	23
56	0.0055	16	32	23
57	0.0056	11	14	14
58	0.0057	14	16	26
59	0.0058	1	7	15
60	0.0059	6	19	27
61	0.0060	9	23	10
62	0.0061	1	9	7
63	0.0062	16	18	26
64	0.0063	9	11	27
65	0.0064	18	30	31
66	0.0065	16	16	18
67	0.0066	1	3	-2
68	0.0067	13	18	22
69	0.0068	2	15	24
70	0.0069	7	19	37
71	0.0070	5	13	18
72	0.0071	7	16	11
73	0.0072	15	24	28
74	0.0073	10	15	18
75	0.0074	7	18	27
76	0.0075	-2	11	18
77	0.0076	-3	14	11
78	0.0077	10	35	31
79	0.0078	3	19	30
80	0.0079	13	22	28
81	0.0080	7	6	11
82	0.0081	9	14	5
83	0.0082	18	27	27
84	0.0083	3	14	27
85	0.0084	2	14	31
86	0.0085	2	9	13
87	0.0086	9	6	1
88	0.0087	19	26	20
89	0.0088	11	13	20
90	0.0089	14	16	26
91	0.0090	15	15	15
92	0.0091	11	16	5
93	0.0092	19	31	24
94	0.0093	5	18	27
95	0.0094	3	19	28
96	0.0095	14	26	13
97	0.0096	10	22	1
98	0.0097	15	20	23
99	0.0098	3	0	16
100	0.0099	7	26	28

电流增量数据 [1000Hz, 10点]
采样序号	时间(s)	A相电流(INT)	B相电流(INT)	C相电流(INT)
1	0.000	14	75	-16
2	0.001	20	-1187	-23
3	0.002	21	523	-19
4	0.003	18	333	-12
5	0.004	-5	-151	-12
6	0.005	47	-971	-15
7	0.006	36	-2192	-29
8	0.007	1	-365	-13
9	0.008	22	-2224	-30
10	0.009	-4	283	-16
================================================================================

=== 采集时间: 2025-12-05 15:10:52 (增量周期: 10.0ms) ===
振动增量数据 [等效10000Hz, 100点]
时序序号	时间(s)	X振动(INT)	Y振动(INT)	Z振动(INT)
1	0.0000	-2	11	6
2	0.0001	3	13	13
3	0.0002	19	24	28
4	0.0003	7	5	24
5	0.0004	9	13	28
6	0.0005	14	23	19
7	0.0006	19	30	3
8	0.0007	15	35	23
9	0.0008	-3	2	23
10	0.0009	3	18	27
11	0.0010	19	36	23
12	0.0011	15	27	15
13	0.0012	19	31	19
14	0.0013	9	-2	15
15	0.0014	7	16	15
16	0.0015	19	28	20
17	0.0016	3	19	18
18	0.0017	10	13	24
19	0.0018	1	2	16
20	0.0019	6	16	28
21	0.0020	23	23	20
22	0.0021	13	11	9
23	0.0022	13	6	18
24	0.0023	-2	3	18
25	0.0024	5	24	30
26	0.0025	13	28	23
27	0.0026	9	13	6
28	0.0027	13	13	24
29	0.0028	2	15	24
30	0.0029	13	35	28
31	0.0030	13	30	16
32	0.0031	-3	6	10
33	0.0032	6	13	16
34	0.0033	-2	23	22
35	0.0034	13	31	28
36	0.0035	13	13	19
37	0.0036	5	1	6
38	0.0037	9	15	22
39	0.0038	2	23	20
40	0.0039	9	22	24
41	0.0040	2	11	13
42	0.0041	1	-2	10
43	0.0042	10	23	28
44	0.0043	5	14	27
45	0.0044	5	11	26
46	0.0045	10	9	6
47	0.0046	7	11	3
48	0.0047	15	36	30
49	0.0048	-2	16	28
50	0.0049	-2	13	23
51	0.0050	6	18	10
52	0.0051	10	20	7
53	0.0052	23	33	32
54	0.0053	9	16	33
55	0.0054	6	9	23
56	0.0055	5	11	5
57	0.0056	0	13	-2
58	0.0057	9	24	22
59	0.0058	-6	7	24
60	0.0059	7	11	23
61	0.0060	2	11	9
62	0.0061	3	13	2
63	0.0062	19	35	22
64	0.0063	3	9	20
65	0.0064	1	9	24
66	0.0065	5	14	10
67	0.0066	0	16	3
68	0.0067	6	27	23
69	0.0068	1	7	26
70	0.0069	2	6	18
71	0.0070	13	11	10
72	0.0071	9	7	10
73	0.0072	5	16	23
74	0.0073	-12	3	16
75	0.0074	-8	6	18
76	0.0075	10	16	11
77	0.0076	3	3	2
78	0.0077	15	16	26
79	0.0078	-3	2	14
80	0.0079	2	13	20
81	0.0080	11	27	18
82	0.0081	0	6	1
83	0.0082	5	24	20
84	0.0083	-11	3	20
85	0.0084	9	24	24
86	0.0085	22	27	16
87	0.0086	9	3	3
88	0.0087	11	19	26
89	0.0088	-8	22	26
90	0.0089	7	33	28
91	0.0090	14	16	11
92	0.0091	0	-8	-3
93	0.0092	15	14	26
94	0.0093	7	18	23
95	0.0094	18	28	28
96	0.0095	13	18	18
97	0.0096	11	-6	-3
98	0.0097	13	27	20
99	0.0098	2	15	24
100	0.0099	9	16	30

电流增量数据 [1000Hz, 10点]
采样序号	时间(s)	A相电流(INT)	B相电流(INT)	C相电流(INT)
1	0.000	13	48	2
2	0.001	6	-1323	-31
3	0.002	-41	-1997	-14
4	0.003	22	-500	-7
5	0.004	-12	-2276	-17
6	0.005	-22	115	-25
7	0.006	-21	-112	-22
8	0.007	-17	665	13
9	0.008	25	-660	-31
10	0.009	-14	-562	1
================================================================================

=== 采集时间: 2025-12-05 15:10:52 (增量周期: 10.0ms) ===
振动增量数据 [等效10000Hz, 100点]
时序序号	时间(s)	X振动(INT)	Y振动(INT)	Z振动(INT)
1	0.0000	16	31	20
2	0.0001	19	24	15
3	0.0002	20	23	28
4	0.0003	5	10	31
5	0.0004	0	19	35
6	0.0005	10	32	26
7	0.0006	6	26	14
8	0.0007	15	18	31
9	0.0008	5	1	19
10	0.0009	15	16	30
11	0.0010	20	23	27
12	0.0011	11	16	16
13	0.0012	7	13	23
14	0.0013	-8	0	18
15	0.0014	5	19	24
16	0.0015	18	36	26
17	0.0016	13	18	11
18	0.0017	24	18	24
19	0.0018	2	5	19
20	0.0019	9	26	33
21	0.0020	13	32	24
22	0.0021	9	19	10
23	0.0022	11	18	24
24	0.0023	-3	13	27
25	0.0024	13	30	33
26	0.0025	16	27	19
27	0.0026	10	15	13
28	0.0027	13	24	26
29	0.0028	3	22	28
30	0.0029	7	22	22
31	0.0030	9	7	11
32	0.0031	5	5	10
33	0.0032	19	26	35
34	0.0033	7	16	28
35	0.0034	9	14	26
36	0.0035	9	6	13
37	0.0036	7	14	2
38	0.0037	15	22	23
39	0.0038	3	2	18
40	0.0039	14	15	19
41	0.0040	15	22	14
42	0.0041	14	22	15
43	0.0042	23	27	19
44	0.0043	5	7	18
45	0.0044	3	16	19
46	0.0045	11	27	18
47	0.0046	22	39	15
48	0.0047	32	31	40
49	0.0048	9	5	27
50	0.0049	13	19	22
51	0.0050	10	28	14
52	0.0051	10	24	9
53	0.0052	14	19	36
54	0.0053	-4	2	32
55	0.0054	10	10	26
56	0.0055	15	23	13
57	0.0056	16	13	1
58	0.0057	23	13	19
59	0.0058	1	2	22
60	0.0059	5	11	28
61	0.0060	10	20	11
62	0.0061	5	19	5
63	0.0062	16	28	28
64	0.0063	2	11	28
65	0.0064	6	16	27
66	0.0065	14	20	18
67	0.0066	14	13	5
68	0.0067	20	20	22
69	0.0068	0	5	20
70	0.0069	5	10	23
71	0.0070	7	19	18
72	0.0071	5	14	14
73	0.0072	9	22	30
74	0.0073	0	9	23
75	0.0074	5	13	15
76	0.0075	11	19	14
77	0.0076	11	19	18
78	0.0077	14	23	28
79	0.0078	9	15	24
80	0.0079	3	20	20
81	0.0080	15	27	9
82	0.0081	10	5	1
83	0.0082	19	26	30
84	0.0083	9	15	24
85	0.0084	9	19	23
86	0.0085	19	33	9
87	0.0086	7	1	1
88	0.0087	15	11	24
89	0.0088	13	15	26
90	0.0089	6	16	24
91	0.0090	15	24	15
92	0.0091	3	1	9
93	0.0092	13	30	28
94	0.0093	14	23	30
95	0.0094	1	15	26
96	0.0095	13	19	14
97	0.0096	0	3	1
98	0.0097	11	30	31
99	0.0098	11	22	27
100	0.0099	6	13	27

电流增量数据 [1000Hz, 10点]
采样序号	时间(s)	A相电流(INT)	B相电流(INT)	C相电流(INT)
1	0.000	3	-155	-14
2	0.001	23	-1443	-5
3	0.002	10	795	-17
4	0.003	28	841	-4
5	0.004	-20	590	-19
6	0.005	11	-1325	-25
7	0.006	37	-1912	-14
8	0.007	5	-538	-28
9	0.008	14	-1955	-7
10	0.009	-26	227	-26
================================================================================

=== 采集时间: 2025-12-05 15:10:53 (增量周期: 10.0ms) ===
振动增量数据 [等效10000Hz, 100点]
时序序号	时间(s)	X振动(INT)	Y振动(INT)	Z振动(INT)
1	0.0000	22	19	11
2	0.0001	15	23	14
3	0.0002	20	32	31
4	0.0003	7	16	19
5	0.0004	-3	11	14
6	0.0005	3	20	11
7	0.0006	11	22	14
8	0.0007	18	31	43
9	0.0008	15	16	27
10	0.0009	15	3	16
11	0.0010	16	28	14
12	0.0011	7	14	5
13	0.0012	15	27	32
14	0.0013	1	3	23
15	0.0014	2	11	24
16	0.0015	15	30	18
17	0.0016	11	6	10
18	0.0017	26	15	20
19	0.0018	5	3	11
20	0.0019	2	9	16
21	0.0020	10	27	9
22	0.0021	6	7	7
23	0.0022	9	15	31
24	0.0023	-4	9	19
25	0.0024	3	22	15
26	0.0025	18	28	11
27	0.0026	13	16	10
28	0.0027	19	16	32
29	0.0028	-3	13	23
30	0.0029	1	24	30
31	0.0030	5	35	18
32	0.0031	10	14	6
33	0.0032	19	18	27
34	0.0033	9	7	24
35	0.0034	7	18	31
36	0.0035	9	26	14
37	0.0036	5	9	10
38	0.0037	1	13	22
39	0.0038	0	-2	18
40	0.0039	9	14	22
41	0.0040	15	22	23
42	0.0041	11	6	2
43	0.0042	18	13	24
44	0.0043	-2	11	26
45	0.0044	1	27	26
46	0.0045	2	35	15
47	0.0046	3	14	3
48	0.0047	15	9	18
49	0.0048	9	14	23
50	0.0049	9	20	24
51	0.0050	19	37	16
52	0.0051	5	19	3
53	0.0052	13	18	24
54	0.0053	0	9	23
55	0.0054	6	20	23
56	0.0055	15	30	26
57	0.0056	18	18	9
58	0.0057	32	15	32
59	0.0058	10	10	24
60	0.0059	3	11	24
61	0.0060	18	23	14
62	0.0061	18	27	9
63	0.0062	5	27	36
64	0.0063	10	33	28
65	0.0064	5	9	22
66	0.0065	20	18	22
67	0.0066	20	28	14
68	0.0067	22	24	30
69	0.0068	9	23	24
70	0.0069	6	3	26
71	0.0070	10	16	15
72	0.0071	6	20	10
73	0.0072	13	19	26
74	0.0073	9	16	28
75	0.0074	11	3	26
76	0.0075	24	32	19
77	0.0076	11	22	13
78	0.0077	7	23	24
79	0.0078	-3	23	23
80	0.0079	0	23	27
81	0.0080	22	32	22
82	0.0081	19	27	16
83	0.0082	26	24	28
84	0.0083	1	10	19
85	0.0084	2	16	24
86	0.0085	9	24	19
87	0.0086	10	18	11
88	0.0087	20	18	37
89	0.0088	3	9	24
90	0.0089	7	6	16
91	0.0090	15	19	13
92	0.0091	11	6	7
93	0.0092	15	10	23
94	0.0093	0	2	19
95	0.0094	5	14	26
96	0.0095	9	23	19
97	0.0096	9	16	6
98	0.0097	11	9	22
99	0.0098	2	5	16
100	0.0099	6	15	22

电流增量数据 [1000Hz, 10点]
采样序号	时间(s)	A相电流(INT)	B相电流(INT)	C相电流(INT)
1	0.000	-5	-402	-21
2	0.001	1	1570	2
3	0.002	-7	1430	-25
4	0.003	23	397	-15
5	0.004	-10	1818	-8
6	0.005	18	-317	-35
7	0.006	5	-149	-26
8	0.007	-6	-1362	-10
9	0.008	2	791	-25
10	0.009	5	772	-13
================================================================================

=== 采集时间: 2025-12-05 15:10:53 (增量周期: 10.0ms) ===
振动增量数据 [等效10000Hz, 100点]
时序序号	时间(s)	X振动(INT)	Y振动(INT)	Z振动(INT)
1	0.0000	14	30	16
2	0.0001	5	13	9
3	0.0002	1	3	22
4	0.0003	-7	2	27
5	0.0004	6	19	23
6	0.0005	19	27	14
7	0.0006	10	0	2
8	0.0007	9	2	18
9	0.0008	3	7	22
10	0.0009	2	31	31
11	0.0010	7	24	22
12	0.0011	-6	5	5
13	0.0012	9	13	20
14	0.0013	7	19	31
15	0.0014	23	40	35
16	0.0015	24	33	26
17	0.0016	11	11	10
18	0.0017	9	18	28
19	0.0018	-2	19	30
20	0.0019	5	31	27
21	0.0020	19	31	20
22	0.0021	13	2	15
23	0.0022	23	22	33
24	0.0023	10	14	26
25	0.0024	10	26	20
26	0.0025	15	16	15
27	0.0026	10	7	9
28	0.0027	15	19	30
29	0.0028	11	20	28
30	0.0029	15	30	30
31	0.0030	19	20	18
32	0.0031	18	10	14
33	0.0032	23	31	32
34	0.0033	1	26	30
35	0.0034	6	30	28
36	0.0035	19	28	19
37	0.0036	19	16	14
38	0.0037	20	27	37
39	0.0038	3	19	24
40	0.0039	5	23	22
41	0.0040	19	33	11
42	0.0041	13	16	5
43	0.0042	10	20	40
44	0.0043	2	14	27
45	0.0044	14	16	18
46	0.0045	23	18	13
47	0.0046	16	3	6
48	0.0047	9	16	23
49	0.0048	0	9	22
50	0.0049	-4	15	18
51	0.0050	13	30	13
52	0.0051	9	9	5
53	0.0052	16	18	27
54	0.0053	7	10	27
55	0.0054	10	14	22
56	0.0055	20	30	15
57	0.0056	6	13	9
58	0.0057	3	27	33
59	0.0058	5	26	24
60	0.0059	2	24	24
61	0.0060	10	23	15
62	0.0061	6	6	7
63	0.0062	15	10	26
64	0.0063	9	22	20
65	0.0064	14	15	16
66	0.0065	9	28	20
67	0.0066	2	14	7
68	0.0067	3	26	31
69	0.0068	2	19	28
70	0.0069	9	22	27
71	0.0070	20	31	22
72	0.0071	13	16	7
73	0.0072	10	14	28
74	0.0073	-2	13	27
75	0.0074	1	22	27
76	0.0075	15	28	18
77	0.0076	9	10	5
78	0.0077	15	10	27
79	0.0078	9	7	22
80	0.0079	10	19	20
81	0.0080	14	19	7
82	0.0081	5	6	2
83	0.0082	9	13	30
84	0.0083	1	16	28
85	0.0084	5	23	24
86	0.0085	15	23	11
87	0.0086	6	3	1
88	0.0087	15	15	26
89	0.0088	3	26	31
90	0.0089	11	28	22
91	0.0090	7	23	9
92	0.0091	1	6	-4
93	0.0092	9	18	33
94	0.0093	2	31	35
95	0.0094	10	22	27
96	0.0095	13	10	6
97	0.0096	9	-2	0
98	0.0097	13	19	28
99	0.0098	2	19	33
100	0.0099	5	16	24

电流增量数据 [1000Hz, 10点]
采样序号	时间(s)	A相电流(INT)	B相电流(INT)	C相电流(INT)
1	0.000	4	1516	-8
2	0.001	3	-88	-33
3	0.002	-11	-439	-30
4	0.003	-16	-1537	-13
5	0.004	-7	730	-16
6	0.005	-4	801	-8
7	0.006	1	515	-28
8	0.007	5	-1949	-33
9	0.008	10	-1206	-7
10	0.009	-20	-741	-23
================================================================================

=== 采集时间: 2025-12-05 15:10:53 (增量周期: 10.0ms) ===
振动增量数据 [等效10000Hz, 100点]
时序序号	时间(s)	X振动(INT)	Y振动(INT)	Z振动(INT)
1	0.0000	10	15	5
2	0.0001	-2	2	-2
3	0.0002	10	15	30
4	0.0003	3	16	28
5	0.0004	13	22	23
6	0.0005	15	13	10
7	0.0006	2	-4	-6
8	0.0007	10	23	24
9	0.0008	-7	13	27
10	0.0009	2	23	19
11	0.0010	10	10	14
12	0.0011	6	6	7
13	0.0012	16	30	31
14	0.0013	9	26	23
15	0.0014	14	22	18
16	0.0015	13	16	18
17	0.0016	6	11	7
18	0.0017	14	35	36
19	0.0018	1	19	28
20	0.0019	9	24	16
21	0.0020	15	14	7
22	0.0021	16	10	10
23	0.0022	14	16	23
24	0.0023	5	13	26
25	0.0024	3	19	11
26	0.0025	11	15	5
27	0.0026	5	6	5
28	0.0027	9	19	30
29	0.0028	-6	6	19
30	0.0029	9	13	13
31	0.0030	14	22	6
32	0.0031	9	9	5
33	0.0032	18	18	31
34	0.0033	0	14	30
35	0.0034	7	18	18
36	0.0035	13	24	10
37	0.0036	5	6	7
38	0.0037	11	16	26
39	0.0038	3	6	22
40	0.0039	10	30	19
41	0.0040	9	26	16
42	0.0041	0	9	7
43	0.0042	11	14	27
44	0.0043	2	11	23
45	0.0044	10	23	20
46	0.0045	19	22	16
47	0.0046	11	3	9
48	0.0047	10	10	35
49	0.0048	0	9	33
50	0.0049	3	24	19
51	0.0050	14	19	5
52	0.0051	9	-6	7
53	0.0052	19	15	39
54	0.0053	14	24	33
55	0.0054	9	27	20
56	0.0055	9	15	9
57	0.0056	-4	5	10
58	0.0057	10	30	37
59	0.0058	9	20	36
60	0.0059	15	22	31
61	0.0060	10	20	20
62	0.0061	15	18	14
63	0.0062	18	13	23
64	0.0063	5	-2	19
65	0.0064	6	13	26
66	0.0065	15	33	20
67	0.0066	-2	15	6
68	0.0067	6	10	19
69	0.0068	-3	3	22
70	0.0069	10	27	27
71	0.0070	23	45	23
72	0.0071	14	15	10
73	0.0072	14	13	24
74	0.0073	6	15	24
75	0.0074	13	35	27
76	0.0075	15	33	26
77	0.0076	7	6	10
78	0.0077	19	18	26
79	0.0078	11	15	30
80	0.0079	18	22	32
81	0.0080	18	22	15
82	0.0081	11	3	3
83	0.0082	15	11	28
84	0.0083	9	18	28
85	0.0084	15	31	33
86	0.0085	24	30	23
87	0.0086	13	2	9
88	0.0087	19	19	28
89	0.0088	7	27	27
90	0.0089	3	31	31
91	0.0090	18	31	19
92	0.0091	14	14	11
93	0.0092	26	30	36
94	0.0093	9	27	27
95	0.0094	11	20	23
96	0.0095	22	33	16
97	0.0096	18	16	5
98	0.0097	13	20	23
99	0.0098	-2	18	24
100	0.0099	6	9	19

电流增量数据 [1000Hz, 10点]
采样序号	时间(s)	A相电流(INT)	B相电流(INT)	C相电流(INT)
1	0.000	-6	-103	1
2	0.001	19	-1066	-8
3	0.002	12	-1055	-15
4	0.003	2	2446	-5
5	0.004	-30	849	-24
6	0.005	7	933	-10
7	0.006	22	1764	-15
8	0.007	31	422	-14
9	0.008	-28	-582	-31
10	0.009	13	-1322	-38
================================================================================

=== 采集时间: 2025-12-05 15:10:54 (增量周期: 10.0ms) ===
振动增量数据 [等效10000Hz, 100点]
时序序号	时间(s)	X振动(INT)	Y振动(INT)	Z振动(INT)
1	0.0000	36	30	23
2	0.0001	16	27	20
3	0.0002	10	19	32
4	0.0003	-3	14	16
5	0.0004	7	16	19
6	0.0005	22	40	22
7	0.0006	14	26	18
8	0.0007	15	22	32
9	0.0008	3	11	22
10	0.0009	11	18	15
11	0.0010	19	33	18
12	0.0011	6	16	7
13	0.0012	7	18	32
14	0.0013	0	16	20
15	0.0014	7	18	11
16	0.0015	20	19	15
17	0.0016	5	2	10
18	0.0017	16	15	28
19	0.0018	5	11	23
20	0.0019	7	16	19
21	0.0020	10	23	23
22	0.0021	3	13	13
23	0.0022	13	16	30
24	0.0023	3	16	24
25	0.0024	1	14	24
26	0.0025	15	27	19
27	0.0026	7	23	15
28	0.0027	11	30	28
29	0.0028	2	19	24
30	0.0029	5	9	13
31	0.0030	13	22	16
32	0.0031	13	26	20
33	0.0032	9	23	33
34	0.0033	0	11	10
35	0.0034	-2	3	6
36	0.0035	13	15	15
37	0.0036	14	24	15
38	0.0037	14	24	31
39	0.0038	-7	1	20
40	0.0039	0	2	7
41	0.0040	15	23	10
42	0.0041	9	26	10
43	0.0042	10	14	28
44	0.0043	-7	7	22
45	0.0044	7	15	15
46	0.0045	16	28	19
47	0.0046	11	23	19
48	0.0047	13	14	27
49	0.0048	3	19	20
50	0.0049	15	30	20
51	0.0050	19	16	9
52	0.0051	10	11	7
53	0.0052	9	18	31
54	0.0053	-3	13	30
55	0.0054	2	10	19
56	0.0055	23	26	13
57	0.0056	7	16	13
58	0.0057	16	19	26
59	0.0058	-2	18	19
60	0.0059	2	16	19
61	0.0060	13	24	22
62	0.0061	7	20	16
63	0.0062	10	23	32
64	0.0063	0	14	26
65	0.0064	9	13	13
66	0.0065	18	19	7
67	0.0066	11	10	19
68	0.0067	13	14	28
69	0.0068	-2	9	22
70	0.0069	2	10	13
71	0.0070	11	19	18
72	0.0071	6	9	14
73	0.0072	15	15	28
74	0.0073	5	6	19
75	0.0074	10	6	13
76	0.0075	16	24	14
77	0.0076	11	19	14
78	0.0077	14	24	31
79	0.0078	2	11	23
80	0.0079	3	19	18
81	0.0080	13	23	11
82	0.0081	6	10	9
83	0.0082	13	23	30
84	0.0083	7	23	24
85	0.0084	2	16	18
86	0.0085	3	7	11
87	0.0086	7	7	6
88	0.0087	16	16	27
89	0.0088	11	19	27
90	0.0089	11	14	20
91	0.0090	7	7	11
92	0.0091	5	7	14
93	0.0092	5	19	30
94	0.0093	-6	15	24
95	0.0094	5	6	6
96	0.0095	11	6	6
97	0.0096	18	9	14
98	0.0097	9	13	35
99	0.0098	-4	18	20
100	0.0099	-3	11	-2

电流增量数据 [1000Hz, 10点]
采样序号	时间(s)	A相电流(INT)	B相电流(INT)	C相电流(INT)
1	0.000	16	-1078	-5
2	0.001	18	895	-13
3	0.002	2	794	-5
4	0.003	-6	1319	0
5	0.004	-6	-2392	-16
6	0.005	37	-676	-12
7	0.006	-10	-471	-24
8	0.007	-40	-603	-14
9	0.008	-29	-113	-29
10	0.009	5	841	6
================================================================================

=== 采集时间: 2025-12-05 15:10:54 (增量周期: 10.0ms) ===
振动增量数据 [等效10000Hz, 100点]
时序序号	时间(s)	X振动(INT)	Y振动(INT)	Z振动(INT)
1	0.0000	15	27	19
2	0.0001	-6	1	6
3	0.0002	2	14	27
4	0.0003	-4	9	20
5	0.0004	9	23	16
6	0.0005	20	35	28
7	0.0006	10	14	15
8	0.0007	13	15	30
9	0.0008	-2	18	20
10	0.0009	6	24	19
11	0.0010	19	31	23
12	0.0011	11	6	11
13	0.0012	13	13	31
14	0.0013	3	13	22
15	0.0014	9	18	15
16	0.0015	19	30	13
17	0.0016	7	5	2
18	0.0017	5	6	23
19	0.0018	1	11	19
20	0.0019	5	19	16
21	0.0020	14	24	16
22	0.0021	9	5	13
23	0.0022	15	11	26
24	0.0023	1	14	20
25	0.0024	-2	20	15
26	0.0025	13	31	14
27	0.0026	15	14	15
28	0.0027	9	23	35
29	0.0028	9	18	31
30	0.0029	10	20	11
31	0.0030	23	35	14
32	0.0031	15	14	16
33	0.0032	6	15	32
34	0.0033	1	18	26
35	0.0034	2	18	19
36	0.0035	26	22	15
37	0.0036	20	9	11
38	0.0037	10	11	32
39	0.0038	5	22	24
40	0.0039	2	13	13
41	0.0040	11	20	7
42	0.0041	1	1	2
43	0.0042	2	19	33
44	0.0043	5	23	22
45	0.0044	10	15	10
46	0.0045	16	18	11
47	0.0046	9	2	9
48	0.0047	7	23	33
49	0.0048	5	36	28
50	0.0049	0	19	16
51	0.0050	11	20	15
52	0.0051	1	1	2
53	0.0052	10	23	35
54	0.0053	3	31	28
55	0.0054	9	10	14
56	0.0055	14	11	5
57	0.0056	3	-11	5
58	0.0057	7	11	28
59	0.0058	5	27	23
60	0.0059	-2	7	11
61	0.0060	13	22	13
62	0.0061	10	10	5
63	0.0062	10	19	23
64	0.0063	-2	13	11
65	0.0064	7	14	7
66	0.0065	13	20	11
67	0.0066	7	10	10
68	0.0067	13	18	26
69	0.0068	5	9	13
70	0.0069	2	9	7
71	0.0070	16	16	16
72	0.0071	9	7	14
73	0.0072	9	13	30
74	0.0073	1	14	16
75	0.0074	2	16	20
76	0.0075	7	26	19
77	0.0076	10	14	16
78	0.0077	6	16	31
79	0.0078	5	14	24
80	0.0079	3	26	19
81	0.0080	13	26	19
82	0.0081	3	7	6
83	0.0082	11	16	27
84	0.0083	3	13	28
85	0.0084	2	24	24
86	0.0085	13	16	11
87	0.0086	7	2	0
88	0.0087	13	13	20
89	0.0088	5	16	27
90	0.0089	10	23	18
91	0.0090	11	19	13
92	0.0091	0	2	5
93	0.0092	5	10	22
94	0.0093	5	22	20
95	0.0094	9	19	16
96	0.0095	15	13	16
97	0.0096	5	2	6
98	0.0097	7	23	33
99	0.0098	-3	27	23
100	0.0099	6	19	15

电流增量数据 [1000Hz, 10点]
采样序号	时间(s)	A相电流(INT)	B相电流(INT)	C相电流(INT)
1	0.000	6	-2868	-30
2	0.001	-28	-264	-13
3	0.002	5	-1192	-25
4	0.003	-30	-417	-12
5	0.004	5	-526	-34
6	0.005	11	779	-3
7	0.006	5	1482	-29
8	0.007	-22	-146	-16
9	0.008	-20	-516	-6
10	0.009	-5	-612	-35
================================================================================

=== 采集时间: 2025-12-05 15:10:54 (增量周期: 10.0ms) ===
振动增量数据 [等效10000Hz, 100点]
时序序号	时间(s)	X振动(INT)	Y振动(INT)	Z振动(INT)
1	0.0000	15	23	19
2	0.0001	11	26	28
3	0.0002	2	22	37
4	0.0003	1	0	13
5	0.0004	5	-7	-3
6	0.0005	11	23	16
7	0.0006	13	19	19
8	0.0007	7	19	33
9	0.0008	2	3	24
10	0.0009	1	5	10
11	0.0010	14	41	19
12	0.0011	7	15	14
13	0.0012	3	22	30
14	0.0013	9	10	18
15	0.0014	13	16	15
16	0.0015	27	26	30
17	0.0016	7	18	26
18	0.0017	1	20	31
19	0.0018	-2	16	23
20	0.0019	1	13	13
21	0.0020	23	28	23
22	0.0021	11	6	24
23	0.0022	18	18	37
24	0.0023	5	11	15
25	0.0024	2	7	0
26	0.0025	18	20	10
27	0.0026	-7	2	14
28	0.0027	7	13	31
29	0.0028	1	18	22
30	0.0029	5	13	10
31	0.0030	18	26	15
32	0.0031	10	15	15
33	0.0032	15	23	32
34	0.0033	5	23	20
35	0.0034	6	18	18
36	0.0035	13	27	18
37	0.0036	7	22	22
38	0.0037	11	26	33
39	0.0038	11	14	22
40	0.0039	11	13	13
41	0.0040	19	26	16
42	0.0041	13	15	16
43	0.0042	11	27	39
44	0.0043	9	16	24
45	0.0044	9	10	14
46	0.0045	13	16	20
47	0.0046	9	16	14
48	0.0047	14	27	35
49	0.0048	10	10	22
50	0.0049	9	13	7
51	0.0050	11	3	2
52	0.0051	-4	3	10
53	0.0052	11	33	35
54	0.0053	11	22	16
55	0.0054	5	-8	1
56	0.0055	10	-4	2
57	0.0056	2	7	10
58	0.0057	3	36	40
59	0.0058	-6	15	23
60	0.0059	-2	-7	0
61	0.0060	15	11	15
62	0.0061	5	16	18
63	0.0062	15	35	32
64	0.0063	-3	9	18
65	0.0064	-4	-3	7
66	0.0065	11	23	10
67	0.0066	9	27	20
68	0.0067	7	19	33
69	0.0068	2	13	18
70	0.0069	-3	6	2
71	0.0070	20	27	5
72	0.0071	1	11	2
73	0.0072	15	23	35
74	0.0073	-2	10	23
75	0.0074	2	15	5
76	0.0075	10	23	6
77	0.0076	-2	0	3
78	0.0077	9	13	36
79	0.0078	6	10	19
80	0.0079	13	14	9
81	0.0080	15	22	9
82	0.0081	0	3	11
83	0.0082	9	22	37
84	0.0083	5	19	27
85	0.0084	9	15	10
86	0.0085	15	19	13
87	0.0086	-4	9	15
88	0.0087	15	22	32
89	0.0088	9	22	22
90	0.0089	11	20	16
91	0.0090	14	19	16
92	0.0091	-2	5	7
93	0.0092	7	26	32
94	0.0093	10	23	31
95	0.0094	13	16	14
96	0.0095	15	13	13
97	0.0096	2	-2	5
98	0.0097	5	13	27
99	0.0098	7	24	24
100	0.0099	1	15	15

电流增量数据 [1000Hz, 10点]
采样序号	时间(s)	A相电流(INT)	B相电流(INT)	C相电流(INT)
1	0.000	9	1680	-13
2	0.001	-8	-2657	-34
3	0.002	-3	-280	-10
4	0.003	9	-660	-13
5	0.004	-51	235	-7
6	0.005	14	-76	1
7	0.006	-2	882	-22
8	0.007	32	1145	-33
9	0.008	25	-132	-17
10	0.009	-12	-535	-14
================================================================================

=== 采集时间: 2025-12-05 15:10:54 (增量周期: 10.0ms) ===
振动增量数据 [等效10000Hz, 100点]
时序序号	时间(s)	X振动(INT)	Y振动(INT)	Z振动(INT)
1	0.0000	20	22	18
2	0.0001	5	9	16
3	0.0002	9	14	36
4	0.0003	-2	7	18
5	0.0004	7	16	7
6	0.0005	20	26	19
7	0.0006	5	10	15
8	0.0007	10	10	35
9	0.0008	5	10	24
10	0.0009	11	19	13
11	0.0010	16	23	18
12	0.0011	2	9	14
13	0.0012	5	20	36
14	0.0013	-3	22	18
15	0.0014	11	26	5
16	0.0015	19	14	9
17	0.0016	9	2	19
18	0.0017	14	33	40
19	0.0018	1	28	23
20	0.0019	6	20	-3
21	0.0020	9	2	1
22	0.0021	-6	-4	22
23	0.0022	19	27	40
24	0.0023	3	31	37
25	0.0024	3	10	10
26	0.0025	15	2	5
27	0.0026	-2	3	10
28	0.0027	19	26	41
29	0.0028	1	20	24
30	0.0029	6	9	11
31	0.0030	14	7	14
32	0.0031	-3	15	20
33	0.0032	18	39	45
34	0.0033	3	16	18
35	0.0034	11	14	2
36	0.0035	16	14	14
37	0.0036	7	15	20
38	0.0037	15	24	36
39	0.0038	-4	7	24
40	0.0039	2	19	1
41	0.0040	14	24	9
42	0.0041	7	10	14
43	0.0042	19	11	28
44	0.0043	13	7	20
45	0.0044	15	22	14
46	0.0045	11	13	13
47	0.0046	7	10	7
48	0.0047	3	9	30
49	0.0048	3	6	27
50	0.0049	15	24	14
51	0.0050	15	16	20
52	0.0051	10	13	24
53	0.0052	15	22	36
54	0.0053	7	18	28
55	0.0054	7	13	16
56	0.0055	18	19	11
57	0.0056	5	5	18
58	0.0057	7	16	36
59	0.0058	2	22	31
60	0.0059	0	18	13
61	0.0060	19	18	15
62	0.0061	6	7	7
63	0.0062	10	14	30
64	0.0063	0	18	23
65	0.0064	7	24	16
66	0.0065	18	28	19
67	0.0066	0	7	11
68	0.0067	6	13	31
69	0.0068	0	18	23
70	0.0069	15	33	19
71	0.0070	24	37	24
72	0.0071	1	-3	16
73	0.0072	7	9	35
74	0.0073	0	22	27
75	0.0074	24	47	23
76	0.0075	26	26	22
77	0.0076	10	-15	19
78	0.0077	9	9	36
79	0.0078	2	27	35
80	0.0079	10	32	20
81	0.0080	14	15	18
82	0.0081	1	-4	15
83	0.0082	15	19	44
84	0.0083	10	24	31
85	0.0084	14	33	18
86	0.0085	13	18	14
87	0.0086	2	13	19
88	0.0087	19	35	41
89	0.0088	10	31	36
90	0.0089	13	27	22
91	0.0090	14	16	19
92	0.0091	5	18	10
93	0.0092	18	30	37
94	0.0093	5	16	28
95	0.0094	3	19	24
96	0.0095	13	27	24
97	0.0096	2	18	19
98	0.0097	14	18	32
99	0.0098	-2	3	22
100	0.0099	9	13	13

电流增量数据 [1000Hz, 10点]
采样序号	时间(s)	A相电流(INT)	B相电流(INT)	C相电流(INT)
1	0.000	-7	-213	-25
2	0.001	25	-280	15
3	0.002	20	-705	-13
4	0.003	7	3328	-17
5	0.004	10	425	-4
6	0.005	27	1473	-13
7	0.006	-4	209	-16
8	0.007	13	500	-4
9	0.008	21	-280	-30
10	0.009	1	-71	-2
================================================================================

=== 采集时间: 2025-12-05 15:10:55 (增量周期: 10.0ms) ===
振动增量数据 [等效10000Hz, 100点]
时序序号	时间(s)	X振动(INT)	Y振动(INT)	Z振动(INT)
1	0.0000	19	23	10
2	0.0001	13	18	20
3	0.0002	11	30	39
4	0.0003	19	28	24
5	0.0004	10	14	7
6	0.0005	15	14	10
7	0.0006	5	10	7
8	0.0007	3	19	31
9	0.0008	5	24	18
10	0.0009	-3	6	3
11	0.0010	13	5	9
12	0.0011	3	3	9
13	0.0012	10	20	36
14	0.0013	5	24	19
15	0.0014	0	7	1
16	0.0015	15	13	7
17	0.0016	1	6	10
18	0.0017	9	19	39
19	0.0018	-2	30	23
20	0.0019	6	19	6
21	0.0020	15	22	11
22	0.0021	0	2	10
23	0.0022	13	13	31
24	0.0023	5	22	31
25	0.0024	10	23	16
26	0.0025	10	18	10
27	0.0026	-4	-4	-4
28	0.0027	-3	2	26
29	0.0028	0	16	31
30	0.0029	14	27	16
31	0.0030	14	23	16
32	0.0031	-7	-12	-6
33	0.0032	0	-3	14
34	0.0033	1	18	20
35	0.0034	9	23	13
36	0.0035	10	16	9
37	0.0036	-4	-7	6
38	0.0037	-3	11	30
39	0.0038	7	37	32
40	0.0039	9	32	13
41	0.0040	20	16	13
42	0.0041	3	1	6
43	0.0042	5	19	37
44	0.0043	7	33	37
45	0.0044	10	19	10
46	0.0045	9	6	11
47	0.0046	-14	2	6
48	0.0047	0	22	33
49	0.0048	10	24	22
50	0.0049	18	13	16
51	0.0050	22	9	18
52	0.0051	9	9	11
53	0.0052	3	19	27
54	0.0053	1	18	23
55	0.0054	5	19	7
56	0.0055	15	18	13
57	0.0056	0	13	16
58	0.0057	9	15	30
59	0.0058	9	23	23
60	0.0059	19	28	10
61	0.0060	13	10	10
62	0.0061	7	9	13
63	0.0062	11	18	28
64	0.0063	3	24	22
65	0.0064	2	14	14
66	0.0065	7	18	10
67	0.0066	6	11	6
68	0.0067	13	22	30
69	0.0068	9	16	23
70	0.0069	10	24	7
71	0.0070	15	28	19
72	0.0071	6	9	7
73	0.0072	10	24	26
74	0.0073	0	13	19
75	0.0074	10	20	13
76	0.0075	22	37	15
77	0.0076	6	13	6
78	0.0077	3	2	26
79	0.0078	9	3	16
80	0.0079	9	22	14
81	0.0080	27	45	23
82	0.0081	7	6	7
83	0.0082	-4	0	27
84	0.0083	3	10	22
85	0.0084	9	30	16
86	0.0085	23	33	23
87	0.0086	3	-8	7
88	0.0087	3	5	23
89	0.0088	19	26	26
90	0.0089	16	30	22
91	0.0090	16	19	11
92	0.0091	-10	-7	6
93	0.0092	-10	14	22
94	0.0093	9	32	31
95	0.0094	11	31	23
96	0.0095	24	19	15
97	0.0096	3	3	9
98	0.0097	5	20	31
99	0.0098	14	30	22
100	0.0099	10	18	13

电流增量数据 [1000Hz, 10点]
采样序号	时间(s)	A相电流(INT)	B相电流(INT)	C相电流(INT)
1	0.000	-34	688	9
2	0.001	9	164	-6
3	0.002	40	1244	-20
4	0.003	32	-237	-3
5	0.004	27	-571	-8
6	0.005	18	-259	-10
7	0.006	47	-562	-20
8	0.007	24	3303	-10
9	0.008	36	247	-4
10	0.009	-10	1978	-20
================================================================================

=== 采集时间: 2025-12-05 15:10:55 (增量周期: 10.0ms) ===
振动增量数据 [等效10000Hz, 100点]
时序序号	时间(s)	X振动(INT)	Y振动(INT)	Z振动(INT)
1	0.0000	15	19	23
2	0.0001	0	14	22
3	0.0002	7	27	37
4	0.0003	5	27	19
5	0.0004	10	23	7
6	0.0005	13	14	20
7	0.0006	3	9	20
8	0.0007	15	26	31
9	0.0008	-2	18	22
10	0.0009	6	13	7
11	0.0010	7	15	13
12	0.0011	9	9	18
13	0.0012	13	19	28
14	0.0013	7	11	22
15	0.0014	1	13	13
16	0.0015	3	9	14
17	0.0016	0	11	11
18	0.0017	9	27	36
19	0.0018	6	19	23
20	0.0019	9	19	6
21	0.0020	10	18	18
22	0.0021	3	11	15
23	0.0022	6	23	35
24	0.0023	6	19	23
25	0.0024	2	22	6
26	0.0025	13	28	20
27	0.0026	5	9	15
28	0.0027	9	11	27
29	0.0028	9	13	19
30	0.0029	7	32	11
31	0.0030	32	37	23
32	0.0031	13	14	14
33	0.0032	15	2	30
34	0.0033	7	13	20
35	0.0034	6	32	14
36	0.0035	18	33	28
37	0.0036	7	2	19
38	0.0037	13	14	30
39	0.0038	15	22	27
40	0.0039	19	33	13
41	0.0040	20	30	23
42	0.0041	2	3	15
43	0.0042	7	16	39
44	0.0043	10	30	32
45	0.0044	15	33	20
46	0.0045	15	30	23
47	0.0046	2	2	18
48	0.0047	10	20	28
49	0.0048	16	30	23
50	0.0049	20	27	16
51	0.0050	15	27	30
52	0.0051	-2	10	23
53	0.0052	9	24	32
54	0.0053	13	23	19
55	0.0054	13	14	3
56	0.0055	16	16	15
57	0.0056	7	5	18
58	0.0057	19	27	35
59	0.0058	22	24	20
60	0.0059	11	15	7
61	0.0060	14	14	20
62	0.0061	-2	3	16
63	0.0062	10	22	31
64	0.0063	6	28	27
65	0.0064	6	22	16
66	0.0065	23	18	19
67	0.0066	6	5	7
68	0.0067	10	18	31
69	0.0068	14	28	24
70	0.0069	15	27	10
71	0.0070	20	18	15
72	0.0071	7	1	11
73	0.0072	10	26	36
74	0.0073	6	35	30
75	0.0074	9	24	9
76	0.0075	19	23	13
77	0.0076	6	10	16
78	0.0077	14	13	32
79	0.0078	13	23	36
80	0.0079	19	35	20
81	0.0080	16	27	16
82	0.0081	-2	1	6
83	0.0082	5	3	20
84	0.0083	-2	15	18
85	0.0084	20	31	23
86	0.0085	16	30	36
87	0.0086	3	0	14
88	0.0087	5	0	13
89	0.0088	-2	10	10
90	0.0089	16	24	9
91	0.0090	10	19	22
92	0.0091	-2	1	18
93	0.0092	-2	9	31
94	0.0093	2	23	18
95	0.0094	20	36	11
96	0.0095	15	22	23
97	0.0096	7	14	15
98	0.0097	10	22	30
99	0.0098	7	27	32
100	0.0099	10	16	19

电流增量数据 [1000Hz, 10点]
采样序号	时间(s)	A相电流(INT)	B相电流(INT)	C相电流(INT)
1	0.000	43	721	-3
2	0.001	-11	2714	-7
3	0.002	20	-37	-23
4	0.003	6	293	-14
5	0.004	7	-650	-10
6	0.005	0	563	-7
7	0.006	24	1079	0
8	0.007	18	-128	2
9	0.008	-26	407	-16
10	0.009	2	-2155	-29
================================================================================

=== 采集时间: 2025-12-05 15:10:55 (增量周期: 10.0ms) ===
振动增量数据 [等效10000Hz, 100点]
时序序号	时间(s)	X振动(INT)	Y振动(INT)	Z振动(INT)
1	0.0000	20	23	16
2	0.0001	9	14	16
3	0.0002	15	31	35
4	0.0003	10	30	26
5	0.0004	9	18	11
6	0.0005	27	30	22
7	0.0006	14	18	16
8	0.0007	9	20	31
9	0.0008	1	19	23
10	0.0009	2	14	5
11	0.0010	24	27	23
12	0.0011	13	6	24
13	0.0012	10	11	37
14	0.0013	14	26	23
15	0.0014	6	16	10
16	0.0015	18	22	20
17	0.0016	6	10	13
18	0.0017	2	14	31
19	0.0018	16	27	23
20	0.0019	7	22	11
21	0.0020	16	26	19
22	0.0021	3	6	15
23	0.0022	3	19	30
24	0.0023	13	30	26
25	0.0024	10	23	15
26	0.0025	11	23	20
27	0.0026	0	-2	9
28	0.0027	0	14	20
29	0.0028	15	30	22
30	0.0029	10	19	11
31	0.0030	14	14	22
32	0.0031	-3	2	15
33	0.0032	6	13	33
34	0.0033	13	33	18
35	0.0034	7	13	3
36	0.0035	10	10	11
37	0.0036	-3	-4	14
38	0.0037	6	23	36
39	0.0038	14	28	27
40	0.0039	5	14	6
41	0.0040	14	14	16
42	0.0041	3	9	16
43	0.0042	16	32	36
44	0.0043	13	27	30
45	0.0044	5	2	10
46	0.0045	13	19	19
47	0.0046	7	22	23
48	0.0047	11	31	31
49	0.0048	16	23	18
50	0.0049	7	2	5
51	0.0050	16	11	15
52	0.0051	1	6	13
53	0.0052	7	18	40
54	0.0053	9	32	28
55	0.0054	9	18	6
56	0.0055	10	15	11
57	0.0056	-2	5	13
58	0.0057	11	22	30
59	0.0058	18	27	37
60	0.0059	11	13	15
61	0.0060	14	13	11
62	0.0061	3	16	13
63	0.0062	5	14	22
64	0.0063	2	19	20
65	0.0064	5	11	9
66	0.0065	15	19	20
67	0.0066	1	11	19
68	0.0067	9	10	27
69	0.0068	6	18	18
70	0.0069	19	15	3
71	0.0070	23	22	19
72	0.0071	3	7	26
73	0.0072	5	13	37
74	0.0073	-2	19	22
75	0.0074	11	30	16
76	0.0075	18	30	23
77	0.0076	2	9	16
78	0.0077	-2	10	27
79	0.0078	5	18	22
80	0.0079	14	20	16
81	0.0080	22	24	23
82	0.0081	0	9	13
83	0.0082	-6	16	28
84	0.0083	6	18	22
85	0.0084	9	13	3
86	0.0085	23	16	15
87	0.0086	1	1	15
88	0.0087	10	20	27
89	0.0088	13	22	13
90	0.0089	11	7	-3
91	0.0090	9	9	15
92	0.0091	-6	5	15
93	0.0092	-3	18	27
94	0.0093	5	19	18
95	0.0094	9	14	13
96	0.0095	13	16	19
97	0.0096	-2	10	14
98	0.0097	6	28	33
99	0.0098	0	13	20
100	0.0099	0	14	7

电流增量数据 [1000Hz, 10点]
采样序号	时间(s)	A相电流(INT)	B相电流(INT)	C相电流(INT)
1	0.000	-12	760	-7
2	0.001	-22	1099	-21
3	0.002	-24	7	-10
4	0.003	5	-136	-11
5	0.004	10	-2093	-14
6	0.005	5	117	-11
7	0.006	23	-2080	-12
8	0.007	24	706	-6
9	0.008	15	88	-6
10	0.009	38	1492	-4
================================================================================

=== 采集时间: 2025-12-05 15:10:56 (增量周期: 10.0ms) ===
振动增量数据 [等效10000Hz, 100点]
时序序号	时间(s)	X振动(INT)	Y振动(INT)	Z振动(INT)
1	0.0000	5	14	27
2	0.0001	-3	18	26
3	0.0002	10	27	35
4	0.0003	5	20	18
5	0.0004	13	19	7
6	0.0005	11	19	23
7	0.0006	11	22	32
8	0.0007	14	30	48
9	0.0008	11	22	23
10	0.0009	11	22	6
11	0.0010	9	23	27
12	0.0011	11	16	23
13	0.0012	14	19	33
14	0.0013	16	20	23
15	0.0014	14	18	9
16	0.0015	19	24	22
17	0.0016	13	13	24
18	0.0017	9	16	40
19	0.0018	11	20	19
20	0.0019	9	18	6
21	0.0020	11	15	20
22	0.0021	9	9	24
23	0.0022	7	22	41
24	0.0023	18	31	27
25	0.0024	15	20	5
26	0.0025	20	22	22
27	0.0026	1	7	22
28	0.0027	3	20	32
29	0.0028	14	33	22
30	0.0029	5	16	14
31	0.0030	22	23	26
32	0.0031	9	7	16
33	0.0032	11	16	30
34	0.0033	14	27	22
35	0.0034	9	13	7
36	0.0035	16	23	22
37	0.0036	-3	9	19
38	0.0037	6	16	28
39	0.0038	11	26	18
40	0.0039	11	19	10
41	0.0040	16	26	19
42	0.0041	0	2	20
43	0.0042	9	22	24
44	0.0043	11	31	19
45	0.0044	10	27	18
46	0.0045	15	24	24
47	0.0046	-2	7	10
48	0.0047	3	18	28
49	0.0048	13	30	23
50	0.0049	15	31	22
51	0.0050	15	23	30
52	0.0051	2	0	10
53	0.0052	6	15	18
54	0.0053	9	26	11
55	0.0054	16	27	10
56	0.0055	22	19	22
57	0.0056	5	9	23
58	0.0057	2	16	26
59	0.0058	3	26	18
60	0.0059	9	19	0
61	0.0060	26	28	30
62	0.0061	1	7	16
63	0.0062	10	16	30
64	0.0063	6	20	18
65	0.0064	7	6	6
66	0.0065	19	27	26
67	0.0066	-4	7	23
68	0.0067	6	24	35
69	0.0068	3	19	11
70	0.0069	5	6	2
71	0.0070	14	16	20
72	0.0071	-3	3	22
73	0.0072	7	27	32
74	0.0073	7	19	22
75	0.0074	11	10	11
76	0.0075	20	19	20
77	0.0076	5	10	14
78	0.0077	13	23	26
79	0.0078	1	19	18
80	0.0079	7	15	7
81	0.0080	14	27	26
82	0.0081	3	13	22
83	0.0082	9	23	32
84	0.0083	11	28	18
85	0.0084	10	15	7
86	0.0085	13	13	16
87	0.0086	10	11	30
88	0.0087	9	30	36
89	0.0088	10	23	19
90	0.0089	11	16	2
91	0.0090	15	20	18
92	0.0091	10	11	24
93	0.0092	15	27	35
94	0.0093	13	24	23
95	0.0094	3	15	3
96	0.0095	19	22	20
97	0.0096	3	14	19
98	0.0097	9	26	27
99	0.0098	7	19	15
100	0.0099	5	13	2

电流增量数据 [1000Hz, 10点]
采样序号	时间(s)	A相电流(INT)	B相电流(INT)	C相电流(INT)
1	0.000	5	-32	-20
2	0.001	30	201	4
3	0.002	-4	-740	-23
4	0.003	14	1110	-28
5	0.004	-17	1097	-32
6	0.005	3	967	-15
7	0.006	5	96	-8
8	0.007	33	-1862	-29
9	0.008	14	-105	-6
10	0.009	5	-1777	-31
================================================================================

=== 采集时间: 2025-12-05 15:10:56 (增量周期: 10.0ms) ===
振动增量数据 [等效10000Hz, 100点]
时序序号	时间(s)	X振动(INT)	Y振动(INT)	Z振动(INT)
1	0.0000	20	19	24
2	0.0001	9	10	23
3	0.0002	13	26	33
4	0.0003	7	13	19
5	0.0004	10	11	6
6	0.0005	13	19	18
7	0.0006	0	15	26
8	0.0007	3	28	33
9	0.0008	11	23	19
10	0.0009	9	13	3
11	0.0010	20	19	23
12	0.0011	0	11	27
13	0.0012	7	30	32
14	0.0013	13	30	15
15	0.0014	6	9	2
16	0.0015	15	18	19
17	0.0016	-7	-3	16
18	0.0017	3	30	35
19	0.0018	11	26	22
20	0.0019	14	14	6
21	0.0020	20	15	22
22	0.0021	1	9	26
23	0.0022	9	27	32
24	0.0023	13	26	22
25	0.0024	10	9	10
26	0.0025	14	18	22
27	0.0026	0	7	32
28	0.0027	10	32	39
29	0.0028	13	19	11
30	0.0029	7	3	0
31	0.0030	13	19	20
32	0.0031	1	15	31
33	0.0032	15	33	39
34	0.0033	10	15	19
35	0.0034	0	7	1
36	0.0035	9	19	10
37	0.0036	5	18	15
38	0.0037	11	32	32
39	0.0038	13	15	16
40	0.0039	6	9	7
41	0.0040	14	16	18
42	0.0041	0	11	18
43	0.0042	9	24	30
44	0.0043	5	11	14
45	0.0044	5	5	-2
46	0.0045	16	24	24
47	0.0046	0	2	28
48	0.0047	13	27	37
49	0.0048	6	16	16
50	0.0049	9	13	-2
51	0.0050	19	6	16
52	0.0051	-2	6	15
53	0.0052	9	19	30
54	0.0053	6	27	23
55	0.0054	5	3	6
56	0.0055	7	11	16
57	0.0056	-7	1	14
58	0.0057	0	18	27
59	0.0058	5	19	16
60	0.0059	13	15	5
61	0.0060	16	16	15
62	0.0061	0	-6	15
63	0.0062	2	14	33
64	0.0063	2	36	24
65	0.0064	7	27	6
66	0.0065	11	22	11
67	0.0066	-4	-8	5
68	0.0067	7	10	20
69	0.0068	10	36	28
70	0.0069	18	31	18
71	0.0070	14	15	11
72	0.0071	3	2	2
73	0.0072	-4	2	10
74	0.0073	7	24	16
75	0.0074	16	19	2
76	0.0075	11	13	22
77	0.0076	9	2	14
78	0.0077	2	15	19
79	0.0078	9	28	23
80	0.0079	14	10	-3
81	0.0080	9	9	16
82	0.0081	-3	2	18
83	0.0082	-2	16	30
84	0.0083	7	35	26
85	0.0084	9	14	10
86	0.0085	13	18	20
87	0.0086	5	7	15
88	0.0087	0	23	24
89	0.0088	10	30	22
90	0.0089	2	13	11
91	0.0090	15	22	28
92	0.0091	3	18	18
93	0.0092	5	19	27
94	0.0093	11	22	10
95	0.0094	3	2	1
96	0.0095	15	19	24
97	0.0096	2	11	23
98	0.0097	7	18	28
99	0.0098	11	22	16
100	0.0099	7	0	2

电流增量数据 [1000Hz, 10点]
采样序号	时间(s)	A相电流(INT)	B相电流(INT)	C相电流(INT)
1	0.000	0	985	-16
2	0.001	19	-446	-23
3	0.002	15	-1385	-7
4	0.003	18	-112	-2
5	0.004	29	-1490	-2
6	0.005	-3	958	-14
7	0.006	13	326	18
8	0.007	-3	1714	-13
9	0.008	27	22	1
10	0.009	4	-124	2
================================================================================

=== 采集时间: 2025-12-05 15:10:56 (增量周期: 10.0ms) ===
振动增量数据 [等效10000Hz, 100点]
时序序号	时间(s)	X振动(INT)	Y振动(INT)	Z振动(INT)
1	0.0000	15	32	32
2	0.0001	-2	13	24
3	0.0002	3	18	20
4	0.0003	5	9	13
5	0.0004	3	3	5
6	0.0005	19	37	23
7	0.0006	2	18	26
8	0.0007	-2	10	19
9	0.0008	-3	2	10
10	0.0009	5	9	6
11	0.0010	15	28	20
12	0.0011	3	14	18
13	0.0012	1	9	15
14	0.0013	6	5	2
15	0.0014	11	13	5
16	0.0015	11	23	23
17	0.0016	-2	3	11
18	0.0017	1	13	16
19	0.0018	11	20	10
20	0.0019	16	23	7
21	0.0020	22	33	23
22	0.0021	1	-3	19
23	0.0022	0	13	23
24	0.0023	9	32	15
25	0.0024	9	27	5
26	0.0025	14	23	30
27	0.0026	3	1	22
28	0.0027	10	16	27
29	0.0028	9	27	19
30	0.0029	0	13	6
31	0.0030	5	19	20
32	0.0031	0	3	20
33	0.0032	9	16	31
34	0.0033	9	18	15
35	0.0034	2	10	2
36	0.0035	9	14	23
37	0.0036	1	13	18
38	0.0037	10	19	20
39	0.0038	6	20	19
40	0.0039	1	10	13
41	0.0040	13	24	24
42	0.0041	10	20	20
43	0.0042	6	16	22
44	0.0043	6	11	3
45	0.0044	2	9	3
46	0.0045	15	30	32
47	0.0046	18	22	26
48	0.0047	5	15	24
49	0.0048	7	10	6
50	0.0049	-4	-3	-3
51	0.0050	9	22	16
52	0.0051	3	13	22
53	0.0052	5	28	31
54	0.0053	13	26	14
55	0.0054	1	7	0
56	0.0055	14	23	23
57	0.0056	1	19	24
58	0.0057	9	26	37
59	0.0058	10	22	23
60	0.0059	1	-2	1
61	0.0060	16	19	23
62	0.0061	3	13	33
63	0.0062	7	15	32
64	0.0063	6	19	13
65	0.0064	1	-2	2
66	0.0065	14	19	26
67	0.0066	5	7	27
68	0.0067	7	16	28
69	0.0068	14	19	11
70	0.0069	7	6	3
71	0.0070	11	23	23
72	0.0071	2	10	23
73	0.0072	0	18	26
74	0.0073	11	30	16
75	0.0074	11	15	9
76	0.0075	15	24	23
77	0.0076	0	10	20
78	0.0077	1	19	20
79	0.0078	10	30	15
80	0.0079	9	20	16
81	0.0080	13	13	20
82	0.0081	2	9	20
83	0.0082	2	13	22
84	0.0083	14	30	16
85	0.0084	10	10	6
86	0.0085	9	7	19
87	0.0086	6	9	19
88	0.0087	2	13	31
89	0.0088	11	28	18
90	0.0089	10	18	6
91	0.0090	11	18	23
92	0.0091	9	5	18
93	0.0092	16	27	27
94	0.0093	15	33	23
95	0.0094	14	22	16
96	0.0095	19	27	31
97	0.0096	7	13	23
98	0.0097	19	28	32
99	0.0098	23	35	28
100	0.0099	10	22	14

电流增量数据 [1000Hz, 10点]
采样序号	时间(s)	A相电流(INT)	B相电流(INT)	C相电流(INT)
1	0.000	49	751	-5
2	0.001	5	2108	6
3	0.002	-4	225	-19
4	0.003	14	-218	0
5	0.004	-24	-1015	7
6	0.005	-23	1733	-10
7	0.006	1	1400	-24
8	0.007	15	1145	-6
9	0.008	23	2360	-15
10	0.009	24	450	-22
================================================================================

=== 采集时间: 2025-12-05 15:10:57 (增量周期: 10.0ms) ===
振动增量数据 [等效10000Hz, 100点]
时序序号	时间(s)	X振动(INT)	Y振动(INT)	Z振动(INT)
1	0.0000	5	-8	15
2	0.0001	-10	16	22
3	0.0002	13	43	43
4	0.0003	6	23	35
5	0.0004	14	15	9
6	0.0005	9	11	20
7	0.0006	0	18	27
8	0.0007	14	33	27
9	0.0008	9	19	18
10	0.0009	7	14	11
11	0.0010	13	18	31
12	0.0011	3	20	24
13	0.0012	7	23	23
14	0.0013	5	11	10
15	0.0014	5	9	0
16	0.0015	9	13	23
17	0.0016	-3	10	24
18	0.0017	3	19	27
19	0.0018	14	18	18
20	0.0019	18	18	9
21	0.0020	19	20	24
22	0.0021	11	16	20
23	0.0022	6	22	23
24	0.0023	10	19	14
25	0.0024	5	22	10
26	0.0025	13	27	31
27	0.0026	0	14	26
28	0.0027	14	28	19
29	0.0028	18	18	14
30	0.0029	15	11	10
31	0.0030	19	14	24
32	0.0031	0	9	24
33	0.0032	3	19	28
34	0.0033	11	19	10
35	0.0034	10	9	5
36	0.0035	10	10	20
37	0.0036	2	5	22
38	0.0037	9	23	24
39	0.0038	16	23	16
40	0.0039	15	14	3
41	0.0040	9	10	27
42	0.0041	-4	14	26
43	0.0042	9	30	22
44	0.0043	11	26	13
45	0.0044	9	9	10
46	0.0045	16	23	30
47	0.0046	3	24	36
48	0.0047	5	35	33
49	0.0048	10	20	14
50	0.0049	2	5	3
51	0.0050	15	11	22
52	0.0051	-8	-8	15
53	0.0052	9	23	20
54	0.0053	1	26	16
55	0.0054	11	22	6
56	0.0055	13	13	16
57	0.0056	-3	2	13
58	0.0057	6	23	26
59	0.0058	5	30	20
60	0.0059	2	13	2
61	0.0060	7	5	16
62	0.0061	-2	9	16
63	0.0062	3	24	28
64	0.0063	7	15	11
65	0.0064	-2	6	1
66	0.0065	7	5	18
67	0.0066	-2	0	22
68	0.0067	3	23	24
69	0.0068	9	16	11
70	0.0069	7	6	-2
71	0.0070	10	6	19
72	0.0071	3	11	23
73	0.0072	-2	23	24
74	0.0073	2	19	13
75	0.0074	-6	5	-4
76	0.0075	14	23	23
77	0.0076	9	23	24
78	0.0077	15	26	27
79	0.0078	15	18	10
80	0.0079	1	3	-6
81	0.0080	16	26	22
82	0.0081	-4	20	23
83	0.0082	9	30	30
84	0.0083	14	16	16
85	0.0084	10	7	5
86	0.0085	18	23	28
87	0.0086	-2	9	26
88	0.0087	3	15	27
89	0.0088	9	19	15
90	0.0089	9	11	1
91	0.0090	10	19	26
92	0.0091	-6	11	28
93	0.0092	2	13	20
94	0.0093	14	19	9
95	0.0094	5	7	-2
96	0.0095	11	18	26
97	0.0096	-4	13	32
98	0.0097	9	16	31
99	0.0098	11	26	10
100	0.0099	9	19	0

电流增量数据 [1000Hz, 10点]
采样序号	时间(s)	A相电流(INT)	B相电流(INT)	C相电流(INT)
1	0.000	-7	1168	2
2	0.001	15	-1540	-25
3	0.002	-4	-546	2
4	0.003	-24	-168	-10
5	0.004	-11	-941	6
6	0.005	-5	698	-8
7	0.006	1	907	-4
8	0.007	13	2057	-12
9	0.008	2	90	-19
10	0.009	-14	-455	-12
================================================================================

=== 采集时间: 2025-12-05 15:10:57 (增量周期: 10.0ms) ===
振动增量数据 [等效10000Hz, 100点]
时序序号	时间(s)	X振动(INT)	Y振动(INT)	Z振动(INT)
1	0.0000	10	27	26
2	0.0001	-3	2	16
3	0.0002	2	14	27
4	0.0003	10	23	28
5	0.0004	11	24	9
6	0.0005	24	19	24
7	0.0006	-6	-4	20
8	0.0007	5	11	20
9	0.0008	13	31	19
10	0.0009	10	19	9
11	0.0010	10	6	23
12	0.0011	-4	-3	19
13	0.0012	7	22	27
14	0.0013	15	37	20
15	0.0014	7	15	9
16	0.0015	9	13	23
17	0.0016	-4	6	15
18	0.0017	10	31	23
19	0.0018	14	28	20
20	0.0019	16	22	11
21	0.0020	9	13	23
22	0.0021	3	13	27
23	0.0022	10	24	20
24	0.0023	10	24	16
25	0.0024	11	19	11
26	0.0025	13	18	32
27	0.0026	3	14	24
28	0.0027	10	20	26
29	0.0028	14	23	14
30	0.0029	10	14	6
31	0.0030	10	16	22
32	0.0031	-2	9	18
33	0.0032	6	20	23
34	0.0033	15	20	15
35	0.0034	6	9	6
36	0.0035	15	20	26
37	0.0036	6	18	19
38	0.0037	7	30	28
39	0.0038	13	20	20
40	0.0039	5	7	7
41	0.0040	13	23	30
42	0.0041	3	23	27
43	0.0042	10	30	27
44	0.0043	20	26	14
45	0.0044	9	5	2
46	0.0045	16	23	27
47	0.0046	6	19	26
48	0.0047	3	30	23
49	0.0048	13	13	10
50	0.0049	1	2	1
51	0.0050	16	15	20
52	0.0051	2	13	26
53	0.0052	11	19	23
54	0.0053	10	13	10
55	0.0054	9	9	2
56	0.0055	15	14	23
57	0.0056	2	14	28
58	0.0057	2	23	26
59	0.0058	9	26	14
60	0.0059	13	10	6
61	0.0060	27	27	31
62	0.0061	-2	7	26
63	0.0062	10	13	23
64	0.0063	14	22	13
65	0.0064	9	19	14
66	0.0065	31	26	31
67	0.0066	-7	-4	18
68	0.0067	5	14	23
69	0.0068	10	14	11
70	0.0069	7	18	14
71	0.0070	22	26	35
72	0.0071	-3	-2	20
73	0.0072	9	20	16
74	0.0073	6	20	14
75	0.0074	0	13	2
76	0.0075	10	14	23
77	0.0076	-15	-8	19
78	0.0077	11	37	19
79	0.0078	11	26	11
80	0.0079	5	9	3
81	0.0080	7	3	15
82	0.0081	-8	-7	14
83	0.0082	-3	22	26
84	0.0083	7	18	14
85	0.0084	10	13	-2
86	0.0085	13	1	20
87	0.0086	3	-7	22
88	0.0087	7	31	26
89	0.0088	3	24	15
90	0.0089	-2	1	6
91	0.0090	1	6	26
92	0.0091	0	10	19
93	0.0092	15	33	30
94	0.0093	18	26	23
95	0.0094	2	0	-2
96	0.0095	7	13	19
97	0.0096	-6	9	23
98	0.0097	5	30	32
99	0.0098	14	28	22
100	0.0099	3	3	6

电流增量数据 [1000Hz, 10点]
采样序号	时间(s)	A相电流(INT)	B相电流(INT)	C相电流(INT)
1	0.000	32	1266	-12
2	0.001	13	1258	-4
3	0.002	-11	1685	16
4	0.003	16	-2192	-13
5	0.004	3	-175	-8
6	0.005	5	-55	1
7	0.006	20	-249	-11
8	0.007	5	280	-17
9	0.008	-13	1003	-20
10	0.009	13	1885	-11
================================================================================

=== 采集时间: 2025-12-05 15:10:57 (增量周期: 10.0ms) ===
振动增量数据 [等效10000Hz, 100点]
时序序号	时间(s)	X振动(INT)	Y振动(INT)	Z振动(INT)
1	0.0000	15	24	31
2	0.0001	3	9	13
3	0.0002	2	16	11
4	0.0003	10	23	16
5	0.0004	5	9	9
6	0.0005	19	23	30
7	0.0006	11	19	23
8	0.0007	18	31	27
9	0.0008	20	26	16
10	0.0009	6	9	3
11	0.0010	5	16	14
12	0.0011	0	16	23
13	0.0012	2	26	28
14	0.0013	14	24	18
15	0.0014	13	7	1
16	0.0015	15	11	24
17	0.0016	5	10	22
18	0.0017	5	23	15
19	0.0018	11	13	10
20	0.0019	7	7	6
21	0.0020	16	20	31
22	0.0021	3	16	28
23	0.0022	9	19	23
24	0.0023	14	19	16
25	0.0024	9	10	9
26	0.0025	14	19	33
27	0.0026	0	19	27
28	0.0027	2	19	20
29	0.0028	10	30	15
30	0.0029	6	10	9
31	0.0030	18	20	33
32	0.0031	-2	15	31
33	0.0032	0	23	20
34	0.0033	11	22	10
35	0.0034	13	13	1
36	0.0035	18	19	32
37	0.0036	0	7	28
38	0.0037	2	18	23
39	0.0038	9	20	5
40	0.0039	11	6	-2
41	0.0040	11	15	23
42	0.0041	3	15	27
43	0.0042	6	19	20
44	0.0043	15	15	9
45	0.0044	3	6	2
46	0.0045	3	19	28
47	0.0046	0	15	26
48	0.0047	9	16	24
49	0.0048	18	19	13
50	0.0049	9	3	6
51	0.0050	14	14	24
52	0.0051	5	15	23
53	0.0052	-3	11	18
54	0.0053	7	23	11
55	0.0054	0	9	2
56	0.0055	7	13	24
57	0.0056	5	18	31
58	0.0057	5	18	22
59	0.0058	23	27	10
60	0.0059	7	7	-2
61	0.0060	9	19	28
62	0.0061	6	26	32
63	0.0062	9	24	28
64	0.0063	26	33	19
65	0.0064	6	18	5
66	0.0065	24	28	30
67	0.0066	13	24	27
68	0.0067	27	23	30
69	0.0068	23	24	16
70	0.0069	14	13	6
71	0.0070	13	30	35
72	0.0071	7	16	24
73	0.0072	13	23	33
74	0.0073	20	24	22
75	0.0074	14	13	6
76	0.0075	23	24	31
77	0.0076	11	19	35
78	0.0077	14	24	32
79	0.0078	15	24	19
80	0.0079	6	18	10
81	0.0080	18	24	28
82	0.0081	7	19	26
83	0.0082	15	19	33
84	0.0083	20	30	26
85	0.0084	11	18	13
86	0.0085	13	30	33
87	0.0086	-3	6	16
88	0.0087	5	19	19
89	0.0088	15	22	30
90	0.0089	11	19	16
91	0.0090	16	23	27
92	0.0091	0	2	16
93	0.0092	0	11	20
94	0.0093	7	26	13
95	0.0094	5	16	7
96	0.0095	15	5	26
97	0.0096	1	2	22
98	0.0097	10	19	22
99	0.0098	13	28	23
100	0.0099	10	10	11

电流增量数据 [1000Hz, 10点]
采样序号	时间(s)	A相电流(INT)	B相电流(INT)	C相电流(INT)
1	0.000	5	-192	-8
2	0.001	2	-331	-13
3	0.002	-38	3939	-15
4	0.003	10	972	-25
5	0.004	30	1619	5
6	0.005	-21	911	-20
7	0.006	9	787	-11
8	0.007	-4	-4	0
9	0.008	31	-339	3
10	0.009	13	1342	-23
================================================================================

=== 采集时间: 2025-12-05 15:10:58 (增量周期: 10.0ms) ===
振动增量数据 [等效10000Hz, 100点]
时序序号	时间(s)	X振动(INT)	Y振动(INT)	Z振动(INT)
1	0.0000	14	10	28
2	0.0001	2	15	30
3	0.0002	18	27	27
4	0.0003	20	24	16
5	0.0004	5	13	10
6	0.0005	5	13	23
7	0.0006	2	23	26
8	0.0007	18	32	27
9	0.0008	22	22	23
10	0.0009	14	10	11
11	0.0010	13	26	37
12	0.0011	2	30	31
13	0.0012	15	33	23
14	0.0013	14	13	18
15	0.0014	11	7	11
16	0.0015	22	28	43
17	0.0016	14	22	33
18	0.0017	19	24	19
19	0.0018	18	11	13
20	0.0019	14	11	7
21	0.0020	11	15	31
22	0.0021	2	18	23
23	0.0022	5	14	22
24	0.0023	11	14	11
25	0.0024	10	11	6
26	0.0025	16	26	32
27	0.0026	6	15	26
28	0.0027	9	13	16
29	0.0028	14	14	14
30	0.0029	5	18	16
31	0.0030	9	22	40
32	0.0031	0	24	22
33	0.0032	3	18	19
34	0.0033	22	15	16
35	0.0034	11	10	15
36	0.0035	11	22	33
37	0.0036	1	18	22
38	0.0037	3	16	20
39	0.0038	10	15	13
40	0.0039	6	11	10
41	0.0040	13	18	28
42	0.0041	1	10	23
43	0.0042	13	11	11
44	0.0043	16	15	16
45	0.0044	9	9	11
46	0.0045	13	18	37
47	0.0046	-3	13	27
48	0.0047	0	16	16
49	0.0048	15	19	16
50	0.0049	5	6	3
51	0.0050	7	6	30
52	0.0051	-6	5	16
53	0.0052	2	19	16
54	0.0053	14	23	15
55	0.0054	20	10	6
56	0.0055	14	14	31
57	0.0056	1	15	27
58	0.0057	3	19	19
59	0.0058	11	22	13
60	0.0059	11	11	6
61	0.0060	14	22	30
62	0.0061	9	22	32
63	0.0062	10	19	30
64	0.0063	9	16	18
65	0.0064	9	14	0
66	0.0065	9	14	24
67	0.0066	5	22	27
68	0.0067	6	19	26
69	0.0068	9	15	19
70	0.0069	3	5	6
71	0.0070	9	9	19
72	0.0071	1	20	31
73	0.0072	11	15	19
74	0.0073	14	13	6
75	0.0074	11	6	9
76	0.0075	9	15	33
77	0.0076	2	28	28
78	0.0077	2	20	19
79	0.0078	10	6	5
80	0.0079	7	3	1
81	0.0080	18	27	39
82	0.0081	7	37	37
83	0.0082	10	27	23
84	0.0083	14	13	7
85	0.0084	5	13	6
86	0.0085	11	28	40
87	0.0086	3	30	35
88	0.0087	13	19	18
89	0.0088	11	9	10
90	0.0089	2	7	0
91	0.0090	13	27	37
92	0.0091	2	24	27
93	0.0092	5	7	10
94	0.0093	10	5	5
95	0.0094	-2	9	3
96	0.0095	10	27	35
97	0.0096	3	23	27
98	0.0097	9	13	13
99	0.0098	19	5	1
100	0.0099	7	7	1

电流增量数据 [1000Hz, 10点]
采样序号	时间(s)	A相电流(INT)	B相电流(INT)	C相电流(INT)
1	0.000	-21	-263	-5
2	0.001	0	343	9
3	0.002	43	1401	-2
4	0.003	24	1175	-6
5	0.004	24	1951	-19
6	0.005	9	-2384	-21
7	0.006	21	-49	-14
8	0.007	0	-416	-7
9	0.008	-10	706	-11
10	0.009	13	167	-17
================================================================================

=== 采集时间: 2025-12-05 15:10:58 (增量周期: 10.0ms) ===
振动增量数据 [等效10000Hz, 100点]
时序序号	时间(s)	X振动(INT)	Y振动(INT)	Z振动(INT)
1	0.0000	5	3	20
2	0.0001	-6	2	16
3	0.0002	9	23	16
4	0.0003	24	36	27
5	0.0004	11	19	18
6	0.0005	11	11	30
7	0.0006	-2	9	14
8	0.0007	7	22	20
9	0.0008	20	41	33
10	0.0009	13	16	20
11	0.0010	22	22	33
12	0.0011	10	2	20
13	0.0012	14	22	22
14	0.0013	23	37	24
15	0.0014	13	16	18
16	0.0015	19	11	28
17	0.0016	1	0	19
18	0.0017	6	22	22
19	0.0018	16	33	26
20	0.0019	14	18	11
21	0.0020	19	14	26
22	0.0021	13	5	15
23	0.0022	9	19	18
24	0.0023	13	33	23
25	0.0024	14	27	19
26	0.0025	15	16	32
27	0.0026	0	9	24
28	0.0027	2	19	20
29	0.0028	14	31	24
30	0.0029	15	28	22
31	0.0030	24	23	33
32	0.0031	2	10	20
33	0.0032	2	9	20
34	0.0033	11	31	20
35	0.0034	15	23	15
36	0.0035	20	23	32
37	0.0036	-3	-3	23
38	0.0037	2	13	13
39	0.0038	10	27	20
40	0.0039	11	19	16
41	0.0040	22	19	31
42	0.0041	0	7	20
43	0.0042	9	18	19
44	0.0043	15	27	15
45	0.0044	5	16	13
46	0.0045	13	14	33
47	0.0046	0	11	27
48	0.0047	10	28	20
49	0.0048	13	30	18
50	0.0049	7	11	11
51	0.0050	23	19	37
52	0.0051	7	14	31
53	0.0052	14	32	15
54	0.0053	18	18	7
55	0.0054	1	7	5
56	0.0055	10	24	33
57	0.0056	-2	20	26
58	0.0057	13	23	16
59	0.0058	14	15	19
60	0.0059	10	18	16
61	0.0060	20	27	27
62	0.0061	2	19	23
63	0.0062	6	13	10
64	0.0063	14	22	11
65	0.0064	3	16	10
66	0.0065	16	23	31
67	0.0066	1	13	20
68	0.0067	10	18	14
69	0.0068	15	22	11
70	0.0069	14	9	2
71	0.0070	15	15	27
72	0.0071	2	10	26
73	0.0072	9	24	19
74	0.0073	15	23	19
75	0.0074	5	7	10
76	0.0075	13	19	28
77	0.0076	9	16	32
78	0.0077	10	27	24
79	0.0078	14	19	16
80	0.0079	7	9	7
81	0.0080	15	19	28
82	0.0081	9	19	30
83	0.0082	15	30	27
84	0.0083	10	24	16
85	0.0084	0	9	2
86	0.0085	13	16	19
87	0.0086	3	13	23
88	0.0087	11	27	26
89	0.0088	15	23	18
90	0.0089	5	13	15
91	0.0090	7	9	22
92	0.0091	2	9	15
93	0.0092	3	23	18
94	0.0093	15	18	13
95	0.0094	6	9	11
96	0.0095	14	9	31
97	0.0096	-6	2	23
98	0.0097	6	24	15
99	0.0098	10	19	7
100	0.0099	7	11	18

电流增量数据 [1000Hz, 10点]
采样序号	时间(s)	A相电流(INT)	B相电流(INT)	C相电流(INT)
1	0.000	-21	130	-23
2	0.001	-22	434	-13
3	0.002	10	-451	3
4	0.003	48	607	5
5	0.004	-4	1231	-12
6	0.005	7	1355	-14
7	0.006	-6	-50	-12
8	0.007	-16	-2089	-21
9	0.008	-40	443	-12
10	0.009	18	-1225	-16
================================================================================

=== 采集时间: 2025-12-05 15:10:58 (增量周期: 10.0ms) ===
振动增量数据 [等效10000Hz, 100点]
时序序号	时间(s)	X振动(INT)	Y振动(INT)	Z振动(INT)
1	0.0000	16	27	44
2	0.0001	2	22	30
3	0.0002	11	14	18
4	0.0003	15	27	16
5	0.0004	10	11	11
6	0.0005	13	28	41
7	0.0006	7	23	30
8	0.0007	9	31	20
9	0.0008	16	22	19
10	0.0009	0	-2	6
11	0.0010	6	18	32
12	0.0011	1	23	23
13	0.0012	13	26	13
14	0.0013	19	14	16
15	0.0014	7	2	5
16	0.0015	7	16	33
17	0.0016	-7	23	23
18	0.0017	10	22	10
19	0.0018	15	14	14
20	0.0019	18	-4	11
21	0.0020	14	23	36
22	0.0021	5	24	33
23	0.0022	0	15	11
24	0.0023	13	14	10
25	0.0024	9	18	11
26	0.0025	13	19	40
27	0.0026	6	26	31
28	0.0027	7	14	15
29	0.0028	11	22	13
30	0.0029	10	16	16
31	0.0030	9	22	33
32	0.0031	5	16	27
33	0.0032	2	18	15
34	0.0033	13	23	16
35	0.0034	10	15	10
36	0.0035	13	13	26
37	0.0036	6	9	14
38	0.0037	2	9	10
39	0.0038	14	26	13
40	0.0039	0	9	10
41	0.0040	9	13	32
42	0.0041	7	20	22
43	0.0042	7	18	18
44	0.0043	15	16	11
45	0.0044	7	9	11
46	0.0045	7	19	35
47	0.0046	9	28	28
48	0.0047	9	23	15
49	0.0048	18	20	15
50	0.0049	7	11	5
51	0.0050	14	24	36
52	0.0051	13	20	31
53	0.0052	19	14	6
54	0.0053	15	15	13
55	0.0054	2	2	10
56	0.0055	7	22	32
57	0.0056	6	22	24
58	0.0057	11	10	14
59	0.0058	15	19	15
60	0.0059	6	7	14
61	0.0060	3	23	30
62	0.0061	13	35	39
63	0.0062	13	22	16
64	0.0063	1	15	6
65	0.0064	7	3	6
66	0.0065	5	11	32
67	0.0066	15	22	36
68	0.0067	15	23	22
69	0.0068	7	13	16
70	0.0069	9	-3	1
71	0.0070	1	10	28
72	0.0071	13	28	31
73	0.0072	6	20	20
74	0.0073	5	19	15
75	0.0074	7	3	11
76	0.0075	2	13	33
77	0.0076	15	30	32
78	0.0077	3	3	11
79	0.0078	13	18	16
80	0.0079	1	9	9
81	0.0080	1	14	31
82	0.0081	1	24	24
83	0.0082	-2	-2	7
84	0.0083	15	24	11
85	0.0084	1	15	7
86	0.0085	10	13	31
87	0.0086	0	10	19
88	0.0087	1	-4	10
89	0.0088	11	27	9
90	0.0089	-6	10	6
91	0.0090	3	9	24
92	0.0091	-3	3	15
93	0.0092	11	3	13
94	0.0093	23	31	20
95	0.0094	7	14	13
96	0.0095	5	6	19
97	0.0096	-6	1	13
98	0.0097	0	14	19
99	0.0098	15	31	18
100	0.0099	7	9	10

电流增量数据 [1000Hz, 10点]
采样序号	时间(s)	A相电流(INT)	B相电流(INT)	C相电流(INT)
1	0.000	14	1046	-15
2	0.001	9	1193	4
3	0.002	-23	1369	-14
4	0.003	32	545	-13
5	0.004	0	-1686	6
6	0.005	11	346	-6
7	0.006	45	-1663	-29
8	0.007	-28	1115	-5
9	0.008	7	514	-10
10	0.009	18	1792	2
================================================================================

=== 采集时间: 2025-12-05 15:10:59 (增量周期: 10.0ms) ===
振动增量数据 [等效10000Hz, 100点]
时序序号	时间(s)	X振动(INT)	Y振动(INT)	Z振动(INT)
1	0.0000	15	24	31
2	0.0001	1	6	14
3	0.0002	11	20	7
4	0.0003	20	23	16
5	0.0004	7	9	20
6	0.0005	5	24	30
7	0.0006	1	19	19
8	0.0007	3	20	10
9	0.0008	15	19	13
10	0.0009	5	13	13
11	0.0010	11	23	33
12	0.0011	9	11	19
13	0.0012	2	9	6
14	0.0013	9	13	15
15	0.0014	1	9	13
16	0.0015	15	22	28
17	0.0016	9	7	10
18	0.0017	3	5	10
19	0.0018	11	13	16
20	0.0019	2	9	7
21	0.0020	11	24	22
22	0.0021	-2	5	22
23	0.0022	3	7	6
24	0.0023	10	16	14
25	0.0024	1	10	13
26	0.0025	14	22	27
27	0.0026	1	7	13
28	0.0027	0	10	6
29	0.0028	11	18	18
30	0.0029	3	6	14
31	0.0030	15	26	26
32	0.0031	-4	1	10
33	0.0032	-8	3	3
34	0.0033	11	16	10
35	0.0034	3	2	14
36	0.0035	19	15	32
37	0.0036	0	5	23
38	0.0037	-3	18	7
39	0.0038	10	16	10
40	0.0039	-7	1	15
41	0.0040	16	18	35
42	0.0041	1	6	24
43	0.0042	7	27	18
44	0.0043	16	27	22
45	0.0044	1	1	11
46	0.0045	14	15	33
47	0.0046	0	9	22
48	0.0047	10	30	18
49	0.0048	18	32	27
50	0.0049	2	1	16
51	0.0050	6	16	28
52	0.0051	2	9	15
53	0.0052	7	27	16
54	0.0053	22	31	19
55	0.0054	11	9	14
56	0.0055	9	13	31
57	0.0056	1	10	32
58	0.0057	11	32	9
59	0.0058	16	23	7
60	0.0059	0	-7	6
61	0.0060	15	19	28
62	0.0061	2	16	19
63	0.0062	9	24	11
64	0.0063	14	20	18
65	0.0064	1	9	16
66	0.0065	15	19	31
67	0.0066	3	16	27
68	0.0067	11	15	14
69	0.0068	20	23	19
70	0.0069	2	7	10
71	0.0070	10	16	28
72	0.0071	1	16	18
73	0.0072	5	15	11
74	0.0073	16	19	14
75	0.0074	6	9	10
76	0.0075	16	14	30
77	0.0076	1	11	20
78	0.0077	5	23	10
79	0.0078	9	27	10
80	0.0079	5	7	6
81	0.0080	11	20	27
82	0.0081	6	18	27
83	0.0082	16	30	16
84	0.0083	19	27	22
85	0.0084	7	9	7
86	0.0085	9	20	23
87	0.0086	6	16	28
88	0.0087	7	22	22
89	0.0088	16	24	20
90	0.0089	9	10	16
91	0.0090	5	10	30
92	0.0091	5	16	20
93	0.0092	11	26	14
94	0.0093	19	24	16
95	0.0094	2	3	15
96	0.0095	5	5	30
97	0.0096	1	11	30
98	0.0097	3	19	11
99	0.0098	13	27	15
100	0.0099	0	2	2

电流增量数据 [1000Hz, 10点]
采样序号	时间(s)	A相电流(INT)	B相电流(INT)	C相电流(INT)
1	0.000	21	1006	-2
2	0.001	-2	252	-12
3	0.002	21	1950	-8
4	0.003	31	153	-10
5	0.004	46	-184	-7
6	0.005	40	284	1
7	0.006	-29	1079	3
8	0.007	-6	2844	-20
9	0.008	-5	940	-15
10	0.009	-6	2848	-5
================================================================================

=== 采集时间: 2025-12-05 15:10:59 (增量周期: 10.0ms) ===
振动增量数据 [等效10000Hz, 100点]
时序序号	时间(s)	X振动(INT)	Y振动(INT)	Z振动(INT)
1	0.0000	7	13	28
2	0.0001	1	16	16
3	0.0002	11	22	11
4	0.0003	18	23	16
5	0.0004	5	10	23
6	0.0005	7	9	37
7	0.0006	2	23	20
8	0.0007	2	13	7
9	0.0008	16	23	13
10	0.0009	9	13	13
11	0.0010	16	23	37
12	0.0011	0	11	22
13	0.0012	1	7	9
14	0.0013	14	30	19
15	0.0014	6	16	13
16	0.0015	11	24	33
17	0.0016	0	10	24
18	0.0017	3	10	14
19	0.0018	19	33	11
20	0.0019	1	14	15
21	0.0020	2	10	27
22	0.0021	0	14	16
23	0.0022	2	18	10
24	0.0023	23	31	16
25	0.0024	9	13	13
26	0.0025	5	13	28
27	0.0026	3	15	16
28	0.0027	9	23	10
29	0.0028	27	33	19
30	0.0029	11	13	13
31	0.0030	13	18	36
32	0.0031	6	20	22
33	0.0032	14	27	11
34	0.0033	22	33	18
35	0.0034	5	2	19
36	0.0035	3	18	33
37	0.0036	2	27	23
38	0.0037	9	23	14
39	0.0038	14	19	14
40	0.0039	10	11	18
41	0.0040	2	18	28
42	0.0041	3	27	28
43	0.0042	11	16	10
44	0.0043	15	10	5
45	0.0044	2	6	10
46	0.0045	3	19	33
47	0.0046	9	24	19
48	0.0047	5	7	2
49	0.0048	6	13	10
50	0.0049	0	9	14
51	0.0050	9	26	31
52	0.0051	10	20	20
53	0.0052	2	2	5
54	0.0053	15	9	14
55	0.0054	6	22	22
56	0.0055	15	33	44
57	0.0056	3	24	23
58	0.0057	2	10	16
59	0.0058	19	18	16
60	0.0059	13	18	22
61	0.0060	13	19	43
62	0.0061	1	35	28
63	0.0062	11	16	14
64	0.0063	15	10	11
65	0.0064	19	9	15
66	0.0065	20	39	43
67	0.0066	15	40	33
68	0.0067	10	15	7
69	0.0068	11	7	2
70	0.0069	13	16	22
71	0.0070	15	33	44
72	0.0071	19	36	37
73	0.0072	10	13	14
74	0.0073	18	9	10
75	0.0074	10	13	10
76	0.0075	14	30	45
77	0.0076	10	32	31
78	0.0077	9	19	22
79	0.0078	19	30	23
80	0.0079	15	16	18
81	0.0080	18	24	41
82	0.0081	9	19	27
83	0.0082	5	14	10
84	0.0083	19	23	11
85	0.0084	5	11	19
86	0.0085	9	15	39
87	0.0086	0	15	22
88	0.0087	5	11	7
89	0.0088	18	19	13
90	0.0089	9	10	7
91	0.0090	13	18	37
92	0.0091	3	11	23
93	0.0092	9	19	10
94	0.0093	13	27	10
95	0.0094	0	10	10
96	0.0095	9	11	32
97	0.0096	5	19	26
98	0.0097	15	24	13
99	0.0098	13	19	19
100	0.0099	0	3	16

电流增量数据 [1000Hz, 10点]
采样序号	时间(s)	A相电流(INT)	B相电流(INT)	C相电流(INT)
1	0.000	4	222	2
2	0.001	57	2205	4
3	0.002	45	2085	-6
4	0.003	4	1267	2
5	0.004	-4	2453	-8
6	0.005	13	433	-15
7	0.006	-13	133	-14
8	0.007	18	-758	-3
9	0.008	13	1178	-12
10	0.009	-4	1075	3
================================================================================

=== 采集时间: 2025-12-05 15:10:59 (增量周期: 10.0ms) ===
振动增量数据 [等效10000Hz, 100点]
时序序号	时间(s)	X振动(INT)	Y振动(INT)	Z振动(INT)
1	0.0000	5	14	31
2	0.0001	7	11	15
3	0.0002	9	16	7
4	0.0003	28	27	19
5	0.0004	7	9	19
6	0.0005	0	19	27
7	0.0006	2	15	20
8	0.0007	1	11	1
9	0.0008	26	23	22
10	0.0009	5	-2	15
11	0.0010	11	22	41
12	0.0011	14	27	23
13	0.0012	0	16	6
14	0.0013	15	15	16
15	0.0014	-2	2	16
16	0.0015	9	31	39
17	0.0016	13	35	31
18	0.0017	13	18	13
19	0.0018	19	9	15
20	0.0019	3	3	18
21	0.0020	19	35	37
22	0.0021	7	31	27
23	0.0022	9	18	16
24	0.0023	13	9	18
25	0.0024	2	9	18
26	0.0025	16	31	39
27	0.0026	9	28	20
28	0.0027	13	11	0
29	0.0028	13	10	9
30	0.0029	9	7	18
31	0.0030	20	39	46
32	0.0031	11	26	27
33	0.0032	5	11	0
34	0.0033	7	13	3
35	0.0034	6	9	18
36	0.0035	15	35	40
37	0.0036	10	19	27
38	0.0037	10	11	2
39	0.0038	11	23	16
40	0.0039	7	14	22
41	0.0040	18	28	41
42	0.0041	10	10	23
43	0.0042	14	14	7
44	0.0043	19	19	16
45	0.0044	5	19	20
46	0.0045	10	19	36
47	0.0046	3	15	24
48	0.0047	14	16	13
49	0.0048	22	22	14
50	0.0049	6	13	20
51	0.0050	10	16	36
52	0.0051	6	16	18
53	0.0052	15	24	6
54	0.0053	13	15	10
55	0.0054	0	-4	15
56	0.0055	5	24	37
57	0.0056	11	24	27
58	0.0057	11	27	14
59	0.0058	13	22	15
60	0.0059	-2	-15	9
61	0.0060	10	15	31
62	0.0061	10	22	19
63	0.0062	13	16	7
64	0.0063	11	26	18
65	0.0064	3	5	20
66	0.0065	3	11	33
67	0.0066	13	28	26
68	0.0067	10	27	10
69	0.0068	19	20	13
70	0.0069	2	3	14
71	0.0070	9	15	32
72	0.0071	9	30	27
73	0.0072	7	20	13
74	0.0073	11	19	6
75	0.0074	-3	2	3
76	0.0075	7	13	22
77	0.0076	14	28	18
78	0.0077	14	16	10
79	0.0078	16	11	9
80	0.0079	-4	2	10
81	0.0080	10	23	28
82	0.0081	5	30	20
83	0.0082	13	19	11
84	0.0083	14	13	15
85	0.0084	0	6	15
86	0.0085	5	19	33
87	0.0086	2	22	18
88	0.0087	9	18	6
89	0.0088	9	7	10
90	0.0089	2	10	16
91	0.0090	3	19	33
92	0.0091	5	19	22
93	0.0092	6	14	2
94	0.0093	10	16	13
95	0.0094	0	9	9
96	0.0095	2	19	30
97	0.0096	2	13	16
98	0.0097	7	16	5
99	0.0098	13	18	10
100	0.0099	1	6	5

电流增量数据 [1000Hz, 10点]
采样序号	时间(s)	A相电流(INT)	B相电流(INT)	C相电流(INT)
1	0.000	6	1131	-19
2	0.001	5	1227	-7
3	0.002	42	1328	-12
4	0.003	11	-2363	-31
5	0.004	-15	-338	7
6	0.005	13	136	-16
7	0.006	42	-905	4
8	0.007	11	553	14
9	0.008	36	894	1
10	0.009	23	2083	-12
================================================================================

=== 采集时间: 2025-12-05 15:11:00 (增量周期: 10.0ms) ===
振动增量数据 [等效10000Hz, 100点]
时序序号	时间(s)	X振动(INT)	Y振动(INT)	Z振动(INT)
1	0.0000	7	6	28
2	0.0001	9	16	24
3	0.0002	15	24	22
4	0.0003	19	28	26
5	0.0004	7	10	19
6	0.0005	2	11	20
7	0.0006	3	14	19
8	0.0007	10	26	15
9	0.0008	22	33	27
10	0.0009	9	3	18
11	0.0010	10	15	27
12	0.0011	7	18	18
13	0.0012	19	30	11
14	0.0013	20	23	20
15	0.0014	2	6	15
16	0.0015	2	13	26
17	0.0016	-3	16	26
18	0.0017	16	30	13
19	0.0018	20	28	16
20	0.0019	11	5	10
21	0.0020	3	10	30
22	0.0021	10	20	23
23	0.0022	10	30	10
24	0.0023	16	23	19
25	0.0024	10	9	16
26	0.0025	6	22	28
27	0.0026	16	31	27
28	0.0027	18	24	15
29	0.0028	27	15	20
30	0.0029	5	5	15
31	0.0030	2	16	33
32	0.0031	5	33	27
33	0.0032	15	22	15
34	0.0033	24	19	23
35	0.0034	9	2	23
36	0.0035	11	24	41
37	0.0036	15	37	28
38	0.0037	14	24	20
39	0.0038	14	10	19
40	0.0039	9	13	23
41	0.0040	15	35	41
42	0.0041	7	23	31
43	0.0042	22	18	9
44	0.0043	23	18	19
45	0.0044	7	7	16
46	0.0045	15	32	33
47	0.0046	9	26	19
48	0.0047	11	13	5
49	0.0048	16	14	18
50	0.0049	6	3	15
51	0.0050	9	27	32
52	0.0051	3	19	22
53	0.0052	5	13	10
54	0.0053	18	20	22
55	0.0054	3	13	15
56	0.0055	9	19	32
57	0.0056	3	19	16
58	0.0057	10	10	9
59	0.0058	24	26	24
60	0.0059	11	3	23
61	0.0060	14	23	27
62	0.0061	0	2	14
63	0.0062	7	10	7
64	0.0063	20	27	22
65	0.0064	13	27	23
66	0.0065	7	7	32
67	0.0066	-4	10	20
68	0.0067	18	28	14
69	0.0068	16	26	20
70	0.0069	13	18	23
71	0.0070	-6	10	27
72	0.0071	-3	16	16
73	0.0072	13	33	13
74	0.0073	23	24	22
75	0.0074	15	13	22
76	0.0075	5	14	30
77	0.0076	7	19	16
78	0.0077	9	27	5
79	0.0078	14	22	19
80	0.0079	3	13	11
81	0.0080	5	19	37
82	0.0081	9	28	20
83	0.0082	11	26	6
84	0.0083	27	16	16
85	0.0084	10	0	6
86	0.0085	11	19	31
87	0.0086	9	30	31
88	0.0087	6	27	16
89	0.0088	14	22	23
90	0.0089	-2	5	14
91	0.0090	15	18	32
92	0.0091	10	26	28
93	0.0092	13	23	9
94	0.0093	23	16	20
95	0.0094	5	7	16
96	0.0095	11	19	30
97	0.0096	3	24	24
98	0.0097	5	14	10
99	0.0098	10	10	11
100	0.0099	6	3	18

电流增量数据 [1000Hz, 10点]
采样序号	时间(s)	A相电流(INT)	B相电流(INT)	C相电流(INT)
1	0.000	9	1252	-16
2	0.001	-10	1248	-12
3	0.002	6	1117	-20
4	0.003	21	-38	-16
5	0.004	1	-680	-17
6	0.005	-5	1294	3
7	0.006	-14	911	3
8	0.007	12	1525	-2
9	0.008	34	-2015	-12
10	0.009	-11	-102	3
================================================================================

=== 采集时间: 2025-12-05 15:11:00 (增量周期: 10.0ms) ===
振动增量数据 [等效10000Hz, 100点]
时序序号	时间(s)	X振动(INT)	Y振动(INT)	Z振动(INT)
1	0.0000	3	16	27
2	0.0001	7	26	23
3	0.0002	9	23	10
4	0.0003	14	11	18
5	0.0004	0	0	10
6	0.0005	6	16	31
7	0.0006	10	23	20
8	0.0007	10	24	11
9	0.0008	10	18	14
10	0.0009	1	7	16
11	0.0010	10	15	28
12	0.0011	11	23	22
13	0.0012	13	18	11
14	0.0013	13	11	16
15	0.0014	0	5	15
16	0.0015	10	19	31
17	0.0016	2	28	26
18	0.0017	7	16	10
19	0.0018	11	19	19
20	0.0019	14	7	18
21	0.0020	16	14	30
22	0.0021	14	15	18
23	0.0022	7	22	7
24	0.0023	15	32	26
25	0.0024	2	13	19
26	0.0025	10	23	27
27	0.0026	2	18	19
28	0.0027	7	20	14
29	0.0028	24	32	23
30	0.0029	15	16	18
31	0.0030	18	10	33
32	0.0031	3	11	15
33	0.0032	2	20	5
34	0.0033	6	27	16
35	0.0034	0	-2	13
36	0.0035	9	10	26
37	0.0036	7	13	18
38	0.0037	14	30	10
39	0.0038	19	19	16
40	0.0039	1	10	10
41	0.0040	2	11	22
42	0.0041	-2	14	20
43	0.0042	9	26	14
44	0.0043	14	26	28
45	0.0044	0	9	23
46	0.0045	9	5	19
47	0.0046	11	19	15
48	0.0047	15	22	11
49	0.0048	11	24	30
50	0.0049	-4	5	20
51	0.0050	3	11	27
52	0.0051	10	16	22
53	0.0052	13	20	20
54	0.0053	16	18	23
55	0.0054	1	0	15
56	0.0055	5	13	30
57	0.0056	5	26	26
58	0.0057	11	31	18
59	0.0058	13	16	19
60	0.0059	0	-2	7
61	0.0060	5	9	22
62	0.0061	5	23	18
63	0.0062	9	16	9
64	0.0063	7	10	14
65	0.0064	-4	2	16
66	0.0065	9	27	33
67	0.0066	10	19	22
68	0.0067	11	15	3
69	0.0068	14	11	15
70	0.0069	1	5	10
71	0.0070	9	16	28
72	0.0071	5	24	22
73	0.0072	-2	14	10
74	0.0073	7	18	13
75	0.0074	-6	11	9
76	0.0075	3	13	16
77	0.0076	3	6	15
78	0.0077	13	18	11
79	0.0078	16	20	15
80	0.0079	0	13	2
81	0.0080	2	13	22
82	0.0081	-8	3	7
83	0.0082	5	14	3
84	0.0083	16	26	23
85	0.0084	-3	9	16
86	0.0085	19	19	26
87	0.0086	0	11	18
88	0.0087	10	16	9
89	0.0088	26	28	13
90	0.0089	-4	7	16
91	0.0090	7	13	39
92	0.0091	-6	22	28
93	0.0092	15	30	13
94	0.0093	24	24	16
95	0.0094	9	2	11
96	0.0095	10	16	27
97	0.0096	5	18	26
98	0.0097	13	27	15
99	0.0098	11	22	22
100	0.0099	5	2	10

电流增量数据 [1000Hz, 10点]
采样序号	时间(s)	A相电流(INT)	B相电流(INT)	C相电流(INT)
1	0.000	5	1356	-7
2	0.001	-13	1872	4
3	0.002	-3	-2370	-11
4	0.003	-25	-31	-3
5	0.004	48	-417	0
6	0.005	28	333	25
7	0.006	12	110	6
8	0.007	10	1095	-7
9	0.008	-28	1717	-19
10	0.009	0	213	12
================================================================================

=== 采集时间: 2025-12-05 15:11:00 (增量周期: 10.0ms) ===
振动增量数据 [等效10000Hz, 100点]
时序序号	时间(s)	X振动(INT)	Y振动(INT)	Z振动(INT)
1	0.0000	7	18	24
2	0.0001	3	9	16
3	0.0002	-2	18	13
4	0.0003	23	33	28
5	0.0004	1	5	18
6	0.0005	15	22	28
7	0.0006	7	13	20
8	0.0007	2	16	10
9	0.0008	20	28	27
10	0.0009	-7	6	27
11	0.0010	13	26	35
12	0.0011	3	16	14
13	0.0012	11	13	9
14	0.0013	15	27	28
15	0.0014	0	10	26
16	0.0015	7	23	26
17	0.0016	-8	13	14
18	0.0017	2	13	9
19	0.0018	9	18	14
20	0.0019	9	9	23
21	0.0020	11	16	28
22	0.0021	11	13	19
23	0.0022	5	20	3
24	0.0023	14	24	27
25	0.0024	0	5	19
26	0.0025	7	22	28
27	0.0026	3	18	18
28	0.0027	9	18	7
29	0.0028	14	19	26
30	0.0029	1	3	16
31	0.0030	9	26	33
32	0.0031	14	26	27
33	0.0032	5	13	11
34	0.0033	16	20	23
35	0.0034	0	3	18
36	0.0035	11	23	33
37	0.0036	13	28	27
38	0.0037	6	13	13
39	0.0038	16	10	22
40	0.0039	2	15	20
41	0.0040	14	30	32
42	0.0041	10	20	22
43	0.0042	5	7	2
44	0.0043	20	7	10
45	0.0044	9	11	18
46	0.0045	10	32	36
47	0.0046	3	26	15
48	0.0047	5	13	0
49	0.0048	5	13	14
50	0.0049	3	1	15
51	0.0050	16	26	41
52	0.0051	9	19	28
53	0.0052	10	20	7
54	0.0053	16	19	9
55	0.0054	11	-2	10
56	0.0055	6	13	30
57	0.0056	13	23	30
58	0.0057	9	23	13
59	0.0058	24	26	22
60	0.0059	14	2	15
61	0.0060	14	27	36
62	0.0061	18	14	19
63	0.0062	1	0	0
64	0.0063	18	33	27
65	0.0064	-4	13	28
66	0.0065	2	10	33
67	0.0066	7	19	27
68	0.0067	2	9	18
69	0.0068	22	30	23
70	0.0069	2	1	11
71	0.0070	10	9	30
72	0.0071	11	14	15
73	0.0072	5	10	10
74	0.0073	11	37	30
75	0.0074	-3	5	19
76	0.0075	5	18	30
77	0.0076	5	19	19
78	0.0077	6	11	1
79	0.0078	19	23	19
80	0.0079	6	2	20
81	0.0080	9	13	31
82	0.0081	11	23	16
83	0.0082	5	19	5
84	0.0083	10	19	9
85	0.0084	2	2	7
86	0.0085	2	10	30
87	0.0086	10	19	19
88	0.0087	13	19	11
89	0.0088	10	20	18
90	0.0089	0	2	14
91	0.0090	2	14	18
92	0.0091	15	22	16
93	0.0092	3	19	7
94	0.0093	16	18	24
95	0.0094	-2	1	14
96	0.0095	7	18	23
97	0.0096	6	19	14
98	0.0097	2	11	7
99	0.0098	11	19	16
100	0.0099	-4	6	13

电流增量数据 [1000Hz, 10点]
采样序号	时间(s)	A相电流(INT)	B相电流(INT)	C相电流(INT)
1	0.000	41	1190	6
2	0.001	-13	1351	2
3	0.002	24	1751	13
4	0.003	1	-2276	-12
5	0.004	15	247	25
6	0.005	25	-1080	6
7	0.006	5	855	-4
8	0.007	51	241	12
9	0.008	2	1343	3
10	0.009	34	949	5
================================================================================

=== 采集时间: 2025-12-05 15:11:01 (增量周期: 10.0ms) ===
振动增量数据 [等效10000Hz, 100点]
时序序号	时间(s)	X振动(INT)	Y振动(INT)	Z振动(INT)
1	0.0000	2	16	28
2	0.0001	2	22	19
3	0.0002	5	9	5
4	0.0003	19	13	19
5	0.0004	1	10	22
6	0.0005	9	15	28
7	0.0006	10	24	20
8	0.0007	2	18	6
9	0.0008	7	18	26
10	0.0009	-8	11	23
11	0.0010	1	13	33
12	0.0011	23	32	18
13	0.0012	15	16	14
14	0.0013	19	20	35
15	0.0014	3	10	24
16	0.0015	5	26	32
17	0.0016	7	27	19
18	0.0017	6	20	7
19	0.0018	18	22	26
20	0.0019	9	11	26
21	0.0020	11	18	32
22	0.0021	7	19	19
23	0.0022	5	6	-7
24	0.0023	7	13	20
25	0.0024	-2	13	23
26	0.0025	5	19	31
27	0.0026	6	19	13
28	0.0027	7	11	1
29	0.0028	15	14	18
30	0.0029	6	20	20
31	0.0030	7	23	30
32	0.0031	5	14	16
33	0.0032	9	9	5
34	0.0033	15	26	28
35	0.0034	3	19	24
36	0.0035	9	13	27
37	0.0036	9	19	18
38	0.0037	11	14	11
39	0.0038	19	27	30
40	0.0039	7	16	26
41	0.0040	15	19	31
42	0.0041	11	15	13
43	0.0042	10	13	10
44	0.0043	18	23	26
45	0.0044	2	14	19
46	0.0045	10	23	27
47	0.0046	6	23	16
48	0.0047	11	19	0
49	0.0048	11	19	14
50	0.0049	1	6	15
51	0.0050	9	13	23
52	0.0051	6	15	10
53	0.0052	7	18	7
54	0.0053	2	15	18
55	0.0054	-3	10	14
56	0.0055	0	13	22
57	0.0056	13	11	9
58	0.0057	5	13	9
59	0.0058	7	11	24
60	0.0059	2	11	15
61	0.0060	5	23	30
62	0.0061	2	30	13
63	0.0062	9	9	-7
64	0.0063	-4	-2	7
65	0.0064	-7	19	20
66	0.0065	-2	18	28
67	0.0066	10	30	16
68	0.0067	11	1	-4
69	0.0068	5	6	7
70	0.0069	-3	6	13
71	0.0070	0	19	27
72	0.0071	9	19	15
73	0.0072	1	5	5
74	0.0073	7	16	22
75	0.0074	-2	13	14
76	0.0075	11	19	26
77	0.0076	18	20	16
78	0.0077	13	14	2
79	0.0078	19	16	19
80	0.0079	-2	14	18
81	0.0080	6	26	39
82	0.0081	7	30	23
83	0.0082	0	9	3
84	0.0083	15	15	20
85	0.0084	2	9	16
86	0.0085	15	19	33
87	0.0086	14	19	22
88	0.0087	5	9	6
89	0.0088	11	20	19
90	0.0089	-2	14	16
91	0.0090	2	26	30
92	0.0091	7	16	19
93	0.0092	14	10	1
94	0.0093	16	19	18
95	0.0094	0	18	24
96	0.0095	3	23	32
97	0.0096	3	14	15
98	0.0097	14	16	5
99	0.0098	14	19	20
100	0.0099	5	18	27

电流增量数据 [1000Hz, 10点]
采样序号	时间(s)	A相电流(INT)	B相电流(INT)	C相电流(INT)
1	0.000	23	960	-5
2	0.001	55	-2037	-14
3	0.002	4	136	18
4	0.003	0	-1681	3
5	0.004	3	962	5
6	0.005	33	279	10
7	0.006	29	1604	19
8	0.007	13	628	1
9	0.008	5	-120	11
10	0.009	15	19	13
================================================================================

=== 采集时间: 2025-12-05 15:11:01 (增量周期: 10.0ms) ===
振动增量数据 [等效10000Hz, 100点]
时序序号	时间(s)	X振动(INT)	Y振动(INT)	Z振动(INT)
1	0.0000	9	22	20
2	0.0001	14	16	13
3	0.0002	11	15	6
4	0.0003	22	23	27
5	0.0004	5	13	16
6	0.0005	7	19	26
7	0.0006	5	19	11
8	0.0007	-2	19	3
9	0.0008	10	22	26
10	0.0009	-2	2	14
11	0.0010	9	24	26
12	0.0011	11	22	16
13	0.0012	13	7	2
14	0.0013	10	18	22
15	0.0014	-4	3	19
16	0.0015	2	20	27
17	0.0016	2	22	15
18	0.0017	1	2	-3
19	0.0018	15	10	11
20	0.0019	-6	2	20
21	0.0020	5	22	30
22	0.0021	6	23	13
23	0.0022	-3	5	2
24	0.0023	6	9	14
25	0.0024	-3	9	23
26	0.0025	2	30	27
27	0.0026	11	20	14
28	0.0027	-4	1	-3
29	0.0028	7	9	19
30	0.0029	-12	6	19
31	0.0030	0	30	28
32	0.0031	5	28	15
33	0.0032	1	2	0
34	0.0033	24	11	15
35	0.0034	2	2	16
36	0.0035	9	32	39
37	0.0036	10	27	22
38	0.0037	3	2	1
39	0.0038	15	9	14
40	0.0039	-12	-3	11
41	0.0040	5	27	35
42	0.0041	11	28	22
43	0.0042	19	5	2
44	0.0043	20	13	20
45	0.0044	-6	-2	20
46	0.0045	3	30	26
47	0.0046	0	26	18
48	0.0047	5	9	1
49	0.0048	9	6	19
50	0.0049	-3	5	24
51	0.0050	11	24	28
52	0.0051	15	27	15
53	0.0052	14	15	5
54	0.0053	10	15	16
55	0.0054	0	13	22
56	0.0055	2	23	31
57	0.0056	6	24	23
58	0.0057	9	10	7
59	0.0058	16	7	11
60	0.0059	3	7	19
61	0.0060	9	16	30
62	0.0061	14	18	19
63	0.0062	6	22	9
64	0.0063	14	23	28
65	0.0064	2	13	22
66	0.0065	5	16	32
67	0.0066	7	16	18
68	0.0067	9	9	3
69	0.0068	14	19	26
70	0.0069	0	7	24
71	0.0070	7	24	31
72	0.0071	9	19	23
73	0.0072	6	9	5
74	0.0073	13	10	16
75	0.0074	-2	1	15
76	0.0075	3	22	32
77	0.0076	9	22	22
78	0.0077	2	13	5
79	0.0078	10	13	23
80	0.0079	-6	11	19
81	0.0080	9	27	31
82	0.0081	11	20	19
83	0.0082	14	9	1
84	0.0083	15	10	16
85	0.0084	-3	9	27
86	0.0085	3	35	35
87	0.0086	5	28	14
88	0.0087	3	13	-2
89	0.0088	7	5	13
90	0.0089	5	7	32
91	0.0090	15	32	37
92	0.0091	19	24	24
93	0.0092	10	13	-2
94	0.0093	11	6	11
95	0.0094	-7	-4	14
96	0.0095	9	30	36
97	0.0096	9	30	28
98	0.0097	10	15	10
99	0.0098	19	13	11
100	0.0099	0	-4	14

电流增量数据 [1000Hz, 10点]
采样序号	时间(s)	A相电流(INT)	B相电流(INT)	C相电流(INT)
1	0.000	3	918	14
2	0.001	9	378	-24
3	0.002	24	1568	27
4	0.003	7	50	14
5	0.004	31	-354	6
6	0.005	5	-4	18
7	0.006	23	927	22
8	0.007	-25	3164	-14
9	0.008	7	801	5
10	0.009	16	2882	10
================================================================================

=== 采集时间: 2025-12-05 15:11:01 (增量周期: 10.0ms) ===
振动增量数据 [等效10000Hz, 100点]
时序序号	时间(s)	X振动(INT)	Y振动(INT)	Z振动(INT)
1	0.0000	14	10	30
2	0.0001	16	23	19
3	0.0002	15	11	7
4	0.0003	11	18	19
5	0.0004	2	6	19
6	0.0005	2	18	28
7	0.0006	15	27	20
8	0.0007	7	13	6
9	0.0008	10	18	30
10	0.0009	5	9	22
11	0.0010	9	19	26
12	0.0011	20	24	16
13	0.0012	7	6	1
14	0.0013	6	13	23
15	0.0014	-2	9	22
16	0.0015	-4	16	27
17	0.0016	13	31	18
18	0.0017	2	2	2
19	0.0018	15	18	27
20	0.0019	7	9	18
21	0.0020	9	16	26
22	0.0021	11	19	19
23	0.0022	-2	0	6
24	0.0023	13	24	31
25	0.0024	-3	14	22
26	0.0025	9	18	23
27	0.0026	19	13	9
28	0.0027	6	2	6
29	0.0028	15	28	27
30	0.0029	-3	11	27
31	0.0030	-6	11	22
32	0.0031	6	13	10
33	0.0032	2	6	5
34	0.0033	13	20	22
35	0.0034	-3	7	15
36	0.0035	9	9	13
37	0.0036	13	19	9
38	0.0037	1	13	6
39	0.0038	11	24	26
40	0.0039	-7	1	13
41	0.0040	-6	9	19
42	0.0041	6	15	11
43	0.0042	0	7	3
44	0.0043	7	16	28
45	0.0044	-4	7	27
46	0.0045	10	18	26
47	0.0046	11	27	22
48	0.0047	5	7	2
49	0.0048	11	15	20
50	0.0049	2	6	20
51	0.0050	3	14	31
52	0.0051	14	22	18
53	0.0052	1	10	5
54	0.0053	11	24	30
55	0.0054	-3	18	27
56	0.0055	9	28	31
57	0.0056	15	19	13
58	0.0057	13	9	1
59	0.0058	19	22	33
60	0.0059	3	22	27
61	0.0060	-2	7	23
62	0.0061	9	24	13
63	0.0062	0	20	10
64	0.0063	9	30	27
65	0.0064	11	9	16
66	0.0065	3	3	24
67	0.0066	24	26	24
68	0.0067	15	23	13
69	0.0068	15	31	22
70	0.0069	-3	0	11
71	0.0070	-12	2	14
72	0.0071	14	43	22
73	0.0072	9	22	15
74	0.0073	18	19	33
75	0.0074	6	-4	18
76	0.0075	3	13	16
77	0.0076	22	37	16
78	0.0077	-2	5	7
79	0.0078	14	28	27
80	0.0079	-10	7	23
81	0.0080	2	16	27
82	0.0081	7	30	14
83	0.0082	5	6	-2
84	0.0083	23	19	20
85	0.0084	5	6	16
86	0.0085	9	16	23
87	0.0086	9	27	15
88	0.0087	7	9	11
89	0.0088	15	30	28
90	0.0089	0	11	18
91	0.0090	5	18	18
92	0.0091	11	20	11
93	0.0092	9	10	13
94	0.0093	23	24	31
95	0.0094	5	13	23
96	0.0095	9	20	20
97	0.0096	10	23	10
98	0.0097	7	13	5
99	0.0098	15	19	24
100	0.0099	2	10	22

电流增量数据 [1000Hz, 10点]
采样序号	时间(s)	A相电流(INT)	B相电流(INT)	C相电流(INT)
1	0.000	4	-1276	-10
2	0.001	23	719	18
3	0.002	37	350	12
4	0.003	14	1692	6
5	0.004	-4	-143	-10
6	0.005	3	-363	-3
7	0.006	13	99	4
8	0.007	-23	1430	14
9	0.008	74	2723	4
10	0.009	28	976	-14
================================================================================

=== 采集时间: 2025-12-05 15:11:02 (增量周期: 10.0ms) ===
振动增量数据 [等效10000Hz, 100点]
时序序号	时间(s)	X振动(INT)	Y振动(INT)	Z振动(INT)
1	0.0000	6	19	24
2	0.0001	19	23	15
3	0.0002	6	13	1
4	0.0003	13	22	32
5	0.0004	-2	13	28
6	0.0005	10	30	24
7	0.0006	15	24	16
8	0.0007	7	9	7
9	0.0008	19	16	28
10	0.0009	-3	9	24
11	0.0010	3	24	28
12	0.0011	10	24	13
13	0.0012	7	14	3
14	0.0013	13	22	24
15	0.0014	-4	6	28
16	0.0015	1	13	23
17	0.0016	14	19	7
18	0.0017	14	10	5
19	0.0018	19	23	22
20	0.0019	3	9	22
21	0.0020	-10	7	20
22	0.0021	3	15	18
23	0.0022	-4	13	5
24	0.0023	11	27	18
25	0.0024	6	9	20
26	0.0025	7	6	28
27	0.0026	20	24	23
28	0.0027	9	11	5
29	0.0028	6	19	23
30	0.0029	-10	2	18
31	0.0030	-6	16	22
32	0.0031	15	31	22
33	0.0032	13	10	11
34	0.0033	22	23	35
35	0.0034	6	10	24
36	0.0035	7	23	26
37	0.0036	18	27	22
38	0.0037	2	10	13
39	0.0038	15	24	40
40	0.0039	2	13	32
41	0.0040	13	19	30
42	0.0041	15	30	16
43	0.0042	9	5	2
44	0.0043	23	23	28
45	0.0044	7	15	27
46	0.0045	9	19	27
47	0.0046	13	26	15
48	0.0047	2	9	7
49	0.0048	16	27	30
50	0.0049	9	20	28
51	0.0050	13	22	28
52	0.0051	10	23	15
53	0.0052	2	14	14
54	0.0053	20	28	37
55	0.0054	13	26	37
56	0.0055	15	23	26
57	0.0056	13	23	13
58	0.0057	11	6	7
59	0.0058	18	28	36
60	0.0059	3	14	28
61	0.0060	7	23	30
62	0.0061	11	22	20
63	0.0062	5	18	10
64	0.0063	15	27	37
65	0.0064	7	6	24
66	0.0065	11	13	18
67	0.0066	15	16	16
68	0.0067	11	15	13
69	0.0068	16	27	36
70	0.0069	-2	2	22
71	0.0070	-4	2	10
72	0.0071	6	16	15
73	0.0072	3	14	7
74	0.0073	24	24	30
75	0.0074	5	7	24
76	0.0075	9	14	22
77	0.0076	14	30	13
78	0.0077	0	11	6
79	0.0078	6	11	28
80	0.0079	3	13	26
81	0.0080	7	18	31
82	0.0081	15	26	14
83	0.0082	10	9	6
84	0.0083	13	10	19
85	0.0084	9	15	27
86	0.0085	9	24	30
87	0.0086	15	30	26
88	0.0087	1	2	6
89	0.0088	6	11	24
90	0.0089	0	10	19
91	0.0090	13	22	22
92	0.0091	19	20	16
93	0.0092	10	5	7
94	0.0093	9	18	30
95	0.0094	-2	16	18
96	0.0095	3	16	18
97	0.0096	15	23	14
98	0.0097	5	7	10
99	0.0098	18	30	32
100	0.0099	7	19	27

电流增量数据 [1000Hz, 10点]
采样序号	时间(s)	A相电流(INT)	B相电流(INT)	C相电流(INT)
1	0.000	-2	1574	15
2	0.001	33	850	10
3	0.002	61	2105	1
4	0.003	-3	418	-7
5	0.004	3	-118	-12
6	0.005	1	-995	-25
7	0.006	36	1008	13
8	0.007	-6	915	2
9	0.008	42	795	1
10	0.009	42	-1160	12
================================================================================

=== 采集时间: 2025-12-05 15:11:02 (增量周期: 10.0ms) ===
振动增量数据 [等效10000Hz, 100点]
时序序号	时间(s)	X振动(INT)	Y振动(INT)	Z振动(INT)
1	0.0000	7	19	23
2	0.0001	9	10	18
3	0.0002	10	13	13
4	0.0003	14	27	28
5	0.0004	3	16	23
6	0.0005	6	18	18
7	0.0006	10	11	7
8	0.0007	13	14	7
9	0.0008	13	28	27
10	0.0009	6	6	24
11	0.0010	7	16	16
12	0.0011	15	16	5
13	0.0012	9	16	7
14	0.0013	15	19	31
15	0.0014	-6	5	27
16	0.0015	2	16	20
17	0.0016	14	23	15
18	0.0017	9	9	6
19	0.0018	19	19	33
20	0.0019	0	3	28
21	0.0020	9	15	20
22	0.0021	14	27	14
23	0.0022	14	18	15
24	0.0023	14	32	37
25	0.0024	7	14	28
26	0.0025	13	26	26
27	0.0026	16	19	19
28	0.0027	6	9	9
29	0.0028	13	22	32
30	0.0029	5	16	31
31	0.0030	10	35	32
32	0.0031	15	28	14
33	0.0032	-6	2	5
34	0.0033	9	10	28
35	0.0034	7	16	24
36	0.0035	14	33	31
37	0.0036	28	32	16
38	0.0037	3	-3	9
39	0.0038	7	14	36
40	0.0039	-2	18	27
41	0.0040	3	32	23
42	0.0041	20	24	13
43	0.0042	5	0	9
44	0.0043	35	33	43
45	0.0044	10	15	36
46	0.0045	11	30	24
47	0.0046	7	20	14
48	0.0047	-7	1	3
49	0.0048	24	39	36
50	0.0049	7	13	40
51	0.0050	11	27	27
52	0.0051	15	22	20
53	0.0052	20	11	5
54	0.0053	18	23	35
55	0.0054	3	15	30
56	0.0055	6	31	22
57	0.0056	14	36	19
58	0.0057	3	6	9
59	0.0058	18	19	28
60	0.0059	9	16	30
61	0.0060	13	26	27
62	0.0061	23	23	13
63	0.0062	10	13	2
64	0.0063	10	10	18
65	0.0064	3	18	22
66	0.0065	3	23	24
67	0.0066	23	15	16
68	0.0067	14	7	3
69	0.0068	14	13	24
70	0.0069	0	16	23
71	0.0070	2	22	20
72	0.0071	15	18	11
73	0.0072	7	13	7
74	0.0073	6	23	22
75	0.0074	-3	19	27
76	0.0075	10	27	24
77	0.0076	20	27	14
78	0.0077	10	2	6
79	0.0078	11	16	37
80	0.0079	-3	16	27
81	0.0080	7	32	26
82	0.0081	11	16	11
83	0.0082	5	0	2
84	0.0083	14	10	30
85	0.0084	1	16	28
86	0.0085	16	30	31
87	0.0086	15	19	19
88	0.0087	-2	-2	3
89	0.0088	6	16	28
90	0.0089	-2	18	30
91	0.0090	15	30	33
92	0.0091	18	23	16
93	0.0092	5	10	9
94	0.0093	14	18	27
95	0.0094	1	16	26
96	0.0095	9	19	20
97	0.0096	13	19	7
98	0.0097	-6	5	6
99	0.0098	6	18	27
100	0.0099	0	7	18

电流增量数据 [1000Hz, 10点]
采样序号	时间(s)	A相电流(INT)	B相电流(INT)	C相电流(INT)
1	0.000	12	909	3
2	0.001	10	1303	13
3	0.002	60	781	13
4	0.003	34	-213	-4
5	0.004	33	-959	-7
6	0.005	10	892	9
7	0.006	5	965	-13
8	0.007	51	919	13
9	0.008	24	-1990	3
10	0.009	43	-812	21
================================================================================

=== 采集时间: 2025-12-05 15:11:02 (增量周期: 10.0ms) ===
振动增量数据 [等效10000Hz, 100点]
时序序号	时间(s)	X振动(INT)	Y振动(INT)	Z振动(INT)
1	0.0000	3	13	19
2	0.0001	13	19	9
3	0.0002	1	3	3
4	0.0003	14	22	32
5	0.0004	13	22	26
6	0.0005	2	13	19
7	0.0006	11	19	13
8	0.0007	0	2	6
9	0.0008	2	26	35
10	0.0009	0	19	28
11	0.0010	3	18	19
12	0.0011	20	18	14
13	0.0012	3	3	13
14	0.0013	14	19	35
15	0.0014	2	13	28
16	0.0015	1	19	18
17	0.0016	14	23	15
18	0.0017	-2	7	7
19	0.0018	13	27	37
20	0.0019	10	13	20
21	0.0020	9	14	15
22	0.0021	22	18	13
23	0.0022	3	10	7
24	0.0023	15	20	23
25	0.0024	1	14	23
26	0.0025	2	11	13
27	0.0026	10	26	14
28	0.0027	2	9	6
29	0.0028	15	23	19
30	0.0029	10	13	16
31	0.0030	16	19	24
32	0.0031	23	30	22
33	0.0032	14	13	6
34	0.0033	11	23	22
35	0.0034	-7	7	18
36	0.0035	9	19	14
37	0.0036	19	30	16
38	0.0037	11	9	14
39	0.0038	16	15	28
40	0.0039	9	18	27
41	0.0040	11	30	19
42	0.0041	20	19	15
43	0.0042	13	6	7
44	0.0043	11	16	37
45	0.0044	7	20	32
46	0.0045	15	31	24
47	0.0046	20	30	18
48	0.0047	10	9	5
49	0.0048	11	26	33
50	0.0049	10	24	32
51	0.0050	11	32	27
52	0.0051	20	26	26
53	0.0052	7	20	14
54	0.0053	14	22	31
55	0.0054	6	24	22
56	0.0055	13	19	28
57	0.0056	11	24	20
58	0.0057	6	10	15
59	0.0058	7	20	31
60	0.0059	5	14	20
61	0.0060	24	33	31
62	0.0061	20	33	24
63	0.0062	15	19	10
64	0.0063	2	14	26
65	0.0064	-2	15	26
66	0.0065	13	26	28
67	0.0066	15	35	31
68	0.0067	10	20	22
69	0.0068	13	18	33
70	0.0069	9	18	19
71	0.0070	3	14	18
72	0.0071	13	15	15
73	0.0072	3	19	15
74	0.0073	5	19	35
75	0.0074	-2	18	28
76	0.0075	-2	9	16
77	0.0076	10	11	6
78	0.0077	5	10	-2
79	0.0078	16	19	28
80	0.0079	10	26	24
81	0.0080	5	19	19
82	0.0081	15	22	18
83	0.0082	0	16	10
84	0.0083	9	27	30
85	0.0084	1	23	22
86	0.0085	2	11	20
87	0.0086	9	16	19
88	0.0087	7	23	15
89	0.0088	15	28	39
90	0.0089	2	11	26
91	0.0090	10	16	15
92	0.0091	11	16	13
93	0.0092	14	14	11
94	0.0093	11	18	33
95	0.0094	-3	10	23
96	0.0095	2	18	19
97	0.0096	10	19	18
98	0.0097	5	13	7
99	0.0098	9	26	33
100	0.0099	-4	10	28

电流增量数据 [1000Hz, 10点]
采样序号	时间(s)	A相电流(INT)	B相电流(INT)	C相电流(INT)
1	0.000	12	3147	15
2	0.001	-2	756	-3
3	0.002	58	1564	-2
4	0.003	72	615	1
5	0.004	5	768	9
6	0.005	16	-264	3
7	0.006	29	-1015	-10
8	0.007	30	705	6
9	0.008	32	925	18
10	0.009	32	1410	-7
================================================================================

=== 采集时间: 2025-12-05 15:11:03 (增量周期: 10.0ms) ===
振动增量数据 [等效10000Hz, 100点]
时序序号	时间(s)	X振动(INT)	Y振动(INT)	Z振动(INT)
1	0.0000	10	10	14
2	0.0001	-2	10	5
3	0.0002	11	30	19
4	0.0003	15	24	37
5	0.0004	13	16	28
6	0.0005	2	11	18
7	0.0006	5	15	11
8	0.0007	11	22	6
9	0.0008	20	22	26
10	0.0009	5	0	20
11	0.0010	0	10	15
12	0.0011	9	19	16
13	0.0012	2	20	6
14	0.0013	13	14	23
15	0.0014	0	-3	15
16	0.0015	-2	7	10
17	0.0016	15	19	11
18	0.0017	11	26	15
19	0.0018	13	16	40
20	0.0019	6	13	27
21	0.0020	11	24	19
22	0.0021	15	35	22
23	0.0022	9	26	16
24	0.0023	15	22	36
25	0.0024	5	7	28
26	0.0025	15	22	18
27	0.0026	26	30	20
28	0.0027	14	26	13
29	0.0028	18	16	37
30	0.0029	11	11	22
31	0.0030	15	19	16
32	0.0031	16	23	20
33	0.0032	9	16	10
34	0.0033	11	23	33
35	0.0034	10	10	20
36	0.0035	18	26	19
37	0.0036	16	30	16
38	0.0037	6	15	13
39	0.0038	15	32	35
40	0.0039	9	16	27
41	0.0040	16	26	16
42	0.0041	23	32	24
43	0.0042	-3	22	18
44	0.0043	9	27	37
45	0.0044	5	15	20
46	0.0045	7	18	13
47	0.0046	18	23	20
48	0.0047	6	22	16
49	0.0048	16	28	36
50	0.0049	5	9	24
51	0.0050	14	6	13
52	0.0051	5	18	13
53	0.0052	1	16	20
54	0.0053	11	27	39
55	0.0054	2	0	22
56	0.0055	7	14	11
57	0.0056	13	19	18
58	0.0057	6	22	15
59	0.0058	10	19	35
60	0.0059	-2	6	15
61	0.0060	3	13	15
62	0.0061	14	14	16
63	0.0062	-7	-7	7
64	0.0063	9	22	32
65	0.0064	-3	28	30
66	0.0065	5	15	22
67	0.0066	15	18	9
68	0.0067	3	-7	7
69	0.0068	11	22	27
70	0.0069	2	23	26
71	0.0070	5	16	18
72	0.0071	14	14	13
73	0.0072	3	-2	10
74	0.0073	14	30	33
75	0.0074	2	27	32
76	0.0075	0	16	14
77	0.0076	15	11	6
78	0.0077	6	1	7
79	0.0078	19	32	44
80	0.0079	6	28	32
81	0.0080	1	14	15
82	0.0081	7	10	1
83	0.0082	-6	-2	2
84	0.0083	9	23	32
85	0.0084	1	18	24
86	0.0085	7	11	20
87	0.0086	18	13	15
88	0.0087	14	15	7
89	0.0088	14	23	28
90	0.0089	-4	13	23
91	0.0090	3	6	11
92	0.0091	13	18	7
93	0.0092	10	19	10
94	0.0093	9	19	35
95	0.0094	-2	22	28
96	0.0095	9	20	15
97	0.0096	19	20	6
98	0.0097	14	10	11
99	0.0098	13	19	40
100	0.0099	11	31	35

电流增量数据 [1000Hz, 10点]
采样序号	时间(s)	A相电流(INT)	B相电流(INT)	C相电流(INT)
1	0.000	42	1672	9
2	0.001	21	-100	-14
3	0.002	14	391	5
4	0.003	41	-544	-10
5	0.004	25	-51	18
6	0.005	-3	810	7
7	0.006	34	865	9
8	0.007	-19	1565	12
9	0.008	42	-2666	-2
10	0.009	6	-191	11
================================================================================

=== 采集时间: 2025-12-05 15:11:03 (增量周期: 10.0ms) ===
振动增量数据 [等效10000Hz, 100点]
时序序号	时间(s)	X振动(INT)	Y振动(INT)	Z振动(INT)
1	0.0000	14	11	18
2	0.0001	24	31	14
3	0.0002	14	15	16
4	0.0003	15	22	32
5	0.0004	6	16	26
6	0.0005	9	14	22
7	0.0006	18	31	18
8	0.0007	9	15	11
9	0.0008	6	24	33
10	0.0009	2	13	26
11	0.0010	15	13	14
12	0.0011	28	33	20
13	0.0012	10	14	23
14	0.0013	9	16	40
15	0.0014	0	13	19
16	0.0015	-4	9	13
17	0.0016	11	22	14
18	0.0017	3	9	16
19	0.0018	11	16	39
20	0.0019	5	9	20
21	0.0020	2	13	10
22	0.0021	20	30	15
23	0.0022	2	2	10
24	0.0023	6	10	31
25	0.0024	2	9	22
26	0.0025	5	22	10
27	0.0026	19	28	19
28	0.0027	-2	5	14
29	0.0028	11	15	33
30	0.0029	5	15	24
31	0.0030	10	19	20
32	0.0031	14	30	20
33	0.0032	3	16	16
34	0.0033	10	23	32
35	0.0034	1	19	22
36	0.0035	18	10	13
37	0.0036	18	18	15
38	0.0037	10	19	32
39	0.0038	3	23	32
40	0.0039	0	14	14
41	0.0040	10	-3	2
42	0.0041	6	9	11
43	0.0042	15	16	18
44	0.0043	11	30	40
45	0.0044	-8	6	24
46	0.0045	3	-4	2
47	0.0046	5	16	1
48	0.0047	9	22	15
49	0.0048	10	19	33
50	0.0049	5	9	15
51	0.0050	5	1	9
52	0.0051	3	19	16
53	0.0052	10	26	18
54	0.0053	10	26	32
55	0.0054	6	19	26
56	0.0055	1	11	24
57	0.0056	15	18	23
58	0.0057	10	24	15
59	0.0058	11	16	33
60	0.0059	6	19	28
61	0.0060	3	13	11
62	0.0061	15	30	15
63	0.0062	3	19	22
64	0.0063	10	23	33
65	0.0064	-3	1	19
66	0.0065	5	15	7
67	0.0066	11	19	7
68	0.0067	11	19	13
69	0.0068	10	23	32
70	0.0069	5	6	27
71	0.0070	16	19	10
72	0.0071	18	27	15
73	0.0072	13	23	20
74	0.0073	9	23	27
75	0.0074	7	7	20
76	0.0075	10	14	10
77	0.0076	16	31	18
78	0.0077	7	23	22
79	0.0078	10	26	35
80	0.0079	7	13	20
81	0.0080	9	14	10
82	0.0081	14	19	18
83	0.0082	5	20	20
84	0.0083	9	32	40
85	0.0084	2	7	20
86	0.0085	2	6	6
87	0.0086	2	10	11
88	0.0087	5	18	16
89	0.0088	13	33	35
90	0.0089	5	14	22
91	0.0090	-3	-4	3
92	0.0091	9	7	5
93	0.0092	0	11	9
94	0.0093	10	36	35
95	0.0094	5	11	15
96	0.0095	1	-6	2
97	0.0096	9	9	11
98	0.0097	-4	15	9
99	0.0098	10	31	28
100	0.0099	0	2	13

电流增量数据 [1000Hz, 10点]
采样序号	时间(s)	A相电流(INT)	B相电流(INT)	C相电流(INT)
1	0.000	37	-685	12
2	0.001	-2	308	15
3	0.002	12	736	10
4	0.003	9	675	18
5	0.004	25	855	2
6	0.005	29	-2571	5
7	0.006	4	-42	-4
8	0.007	16	-1574	-12
9	0.008	18	587	7
10	0.009	40	-101	13
================================================================================

=== 采集时间: 2025-12-05 15:11:03 (增量周期: 10.0ms) ===
振动增量数据 [等效10000Hz, 100点]
时序序号	时间(s)	X振动(INT)	Y振动(INT)	Z振动(INT)
1	0.0000	10	16	16
2	0.0001	11	18	16
3	0.0002	0	11	9
4	0.0003	9	19	30
5	0.0004	1	15	26
6	0.0005	14	14	19
7	0.0006	14	23	24
8	0.0007	5	13	19
9	0.0008	9	28	27
10	0.0009	6	16	20
11	0.0010	5	3	19
12	0.0011	16	24	27
13	0.0012	5	19	23
14	0.0013	1	24	35
15	0.0014	7	7	16
16	0.0015	3	-2	9
17	0.0016	16	23	23
18	0.0017	14	18	22
19	0.0018	2	22	37
20	0.0019	3	3	19
21	0.0020	-6	5	5
22	0.0021	13	26	15
23	0.0022	5	10	11
24	0.0023	7	20	31
25	0.0024	6	7	22
26	0.0025	-2	9	13
27	0.0026	27	39	20
28	0.0027	5	14	16
29	0.0028	9	15	35
30	0.0029	6	20	31
31	0.0030	3	13	20
32	0.0031	23	35	30
33	0.0032	10	6	22
34	0.0033	16	24	40
35	0.0034	7	23	30
36	0.0035	13	11	23
37	0.0036	28	31	24
38	0.0037	10	6	23
39	0.0038	13	26	43
40	0.0039	-2	14	30
41	0.0040	10	16	19
42	0.0041	24	31	18
43	0.0042	18	14	30
44	0.0043	15	14	36
45	0.0044	9	20	31
46	0.0045	13	22	15
47	0.0046	16	33	19
48	0.0047	14	16	22
49	0.0048	20	28	41
50	0.0049	15	27	27
51	0.0050	10	20	13
52	0.0051	20	28	23
53	0.0052	13	19	23
54	0.0053	18	24	39
55	0.0054	6	9	23
56	0.0055	13	19	6
57	0.0056	16	24	16
58	0.0057	5	9	19
59	0.0058	14	24	43
60	0.0059	0	13	27
61	0.0060	14	19	11
62	0.0061	15	10	9
63	0.0062	7	7	10
64	0.0063	15	36	40
65	0.0064	11	27	35
66	0.0065	9	13	16
67	0.0066	15	9	11
68	0.0067	2	-2	6
69	0.0068	15	35	35
70	0.0069	9	23	23
71	0.0070	14	9	10
72	0.0071	15	9	14
73	0.0072	0	7	14
74	0.0073	9	30	32
75	0.0074	2	15	19
76	0.0075	9	10	14
77	0.0076	18	20	16
78	0.0077	13	10	15
79	0.0078	11	30	31
80	0.0079	3	11	24
81	0.0080	2	19	14
82	0.0081	22	32	20
83	0.0082	10	15	15
84	0.0083	15	19	37
85	0.0084	3	15	24
86	0.0085	6	19	19
87	0.0086	16	27	18
88	0.0087	2	2	13
89	0.0088	9	15	31
90	0.0089	3	15	22
91	0.0090	5	16	15
92	0.0091	15	26	20
93	0.0092	7	3	13
94	0.0093	9	11	26
95	0.0094	0	7	16
96	0.0095	1	15	10
97	0.0096	15	28	13
98	0.0097	11	11	13
99	0.0098	6	13	31
100	0.0099	1	11	19

电流增量数据 [1000Hz, 10点]
采样序号	时间(s)	A相电流(INT)	B相电流(INT)	C相电流(INT)
1	0.000	25	916	-7
2	0.001	13	2844	9
3	0.002	32	-356	9
4	0.003	7	-115	1
5	0.004	12	-1044	5
6	0.005	30	232	21
7	0.006	-8	826	-12
8	0.007	25	500	16
9	0.008	42	-35	18
10	0.009	46	-2408	7
================================================================================

=== 采集时间: 2025-12-05 15:11:04 (增量周期: 10.0ms) ===
振动增量数据 [等效10000Hz, 100点]
时序序号	时间(s)	X振动(INT)	Y振动(INT)	Z振动(INT)
1	0.0000	11	18	9
2	0.0001	13	22	13
3	0.0002	0	6	10
4	0.0003	3	15	27
5	0.0004	-2	9	14
6	0.0005	9	14	7
7	0.0006	15	19	11
8	0.0007	-4	-8	7
9	0.0008	0	14	26
10	0.0009	-6	9	16
11	0.0010	3	15	5
12	0.0011	13	19	7
13	0.0012	-11	-2	5
14	0.0013	0	19	27
15	0.0014	5	14	23
16	0.0015	14	16	9
17	0.0016	18	18	18
18	0.0017	-4	7	11
19	0.0018	2	16	30
20	0.0019	0	18	22
21	0.0020	9	13	11
22	0.0021	11	20	18
23	0.0022	-2	10	16
24	0.0023	10	26	33
25	0.0024	11	13	24
26	0.0025	16	13	13
27	0.0026	14	13	18
28	0.0027	6	19	14
29	0.0028	6	23	31
30	0.0029	2	9	19
31	0.0030	2	9	11
32	0.0031	14	18	14
33	0.0032	14	19	18
34	0.0033	15	31	32
35	0.0034	3	13	22
36	0.0035	6	6	2
37	0.0036	13	13	9
38	0.0037	1	16	16
39	0.0038	10	26	31
40	0.0039	-3	6	18
41	0.0040	5	-2	2
42	0.0041	16	16	13
43	0.0042	9	19	14
44	0.0043	5	16	32
45	0.0044	-3	7	14
46	0.0045	5	9	6
47	0.0046	24	28	26
48	0.0047	11	26	30
49	0.0048	3	24	37
50	0.0049	0	14	10
51	0.0050	14	15	5
52	0.0051	15	11	6
53	0.0052	6	5	13
54	0.0053	3	14	30
55	0.0054	-8	7	15
56	0.0055	2	13	6
57	0.0056	10	19	14
58	0.0057	9	9	23
59	0.0058	9	20	31
60	0.0059	0	11	16
61	0.0060	6	19	11
62	0.0061	18	23	15
63	0.0062	6	22	20
64	0.0063	9	23	33
65	0.0064	-2	14	24
66	0.0065	13	14	10
67	0.0066	22	13	14
68	0.0067	13	19	27
69	0.0068	6	28	43
70	0.0069	-2	18	18
71	0.0070	3	16	7
72	0.0071	16	3	7
73	0.0072	3	9	20
74	0.0073	16	28	46
75	0.0074	3	23	30
76	0.0075	10	11	5
77	0.0076	11	6	1
78	0.0077	-6	6	13
79	0.0078	14	30	33
80	0.0079	0	23	22
81	0.0080	14	9	6
82	0.0081	15	10	11
83	0.0082	2	15	15
84	0.0083	13	33	37
85	0.0084	5	28	20
86	0.0085	15	13	10
87	0.0086	14	11	18
88	0.0087	10	19	22
89	0.0088	16	37	45
90	0.0089	13	18	26
91	0.0090	15	16	11
92	0.0091	15	16	22
93	0.0092	18	18	23
94	0.0093	23	35	44
95	0.0094	11	20	27
96	0.0095	11	16	10
97	0.0096	13	18	14
98	0.0097	15	26	23
99	0.0098	14	31	44
100	0.0099	10	18	28

电流增量数据 [1000Hz, 10点]
采样序号	时间(s)	A相电流(INT)	B相电流(INT)	C相电流(INT)
1	0.000	9	1286	20
2	0.001	48	-671	19
3	0.002	5	-596	-5
4	0.003	37	-501	15
5	0.004	27	1065	20
6	0.005	24	2012	14
7	0.006	30	446	18
8	0.007	22	2040	28
9	0.008	51	-472	14
10	0.009	5	29	12
================================================================================

=== 采集时间: 2025-12-05 15:11:04 (增量周期: 10.0ms) ===
振动增量数据 [等效10000Hz, 100点]
时序序号	时间(s)	X振动(INT)	Y振动(INT)	Z振动(INT)
1	0.0000	6	24	13
2	0.0001	18	26	19
3	0.0002	-3	3	9
4	0.0003	10	23	32
5	0.0004	14	27	22
6	0.0005	11	19	13
7	0.0006	22	23	22
8	0.0007	1	13	18
9	0.0008	9	20	30
10	0.0009	2	18	19
11	0.0010	5	16	6
12	0.0011	15	23	20
13	0.0012	0	5	16
14	0.0013	15	15	31
15	0.0014	5	22	26
16	0.0015	11	22	16
17	0.0016	13	19	15
18	0.0017	-6	1	13
19	0.0018	13	15	27
20	0.0019	3	19	22
21	0.0020	14	24	15
22	0.0021	15	16	14
23	0.0022	3	5	16
24	0.0023	2	14	26
25	0.0024	5	26	23
26	0.0025	9	26	10
27	0.0026	15	22	14
28	0.0027	5	5	9
29	0.0028	13	13	33
30	0.0029	5	19	26
31	0.0030	14	30	11
32	0.0031	13	26	16
33	0.0032	-8	6	7
34	0.0033	2	6	24
35	0.0034	2	13	24
36	0.0035	15	27	22
37	0.0036	16	26	28
38	0.0037	2	11	16
39	0.0038	11	9	26
40	0.0039	0	13	19
41	0.0040	13	27	19
42	0.0041	14	19	20
43	0.0042	0	5	14
44	0.0043	9	11	31
45	0.0044	-3	18	26
46	0.0045	15	33	13
47	0.0046	14	19	11
48	0.0047	3	2	7
49	0.0048	9	16	30
50	0.0049	-3	26	23
51	0.0050	14	28	11
52	0.0051	10	11	11
53	0.0052	3	6	13
54	0.0053	1	19	27
55	0.0054	13	23	24
56	0.0055	15	18	15
57	0.0056	10	6	11
58	0.0057	10	16	20
59	0.0058	-2	15	24
60	0.0059	13	16	23
61	0.0060	6	14	6
62	0.0061	15	20	10
63	0.0062	2	2	11
64	0.0063	13	18	33
65	0.0064	13	19	24
66	0.0065	10	15	11
67	0.0066	19	22	15
68	0.0067	3	7	14
69	0.0068	7	15	30
70	0.0069	1	14	19
71	0.0070	5	16	13
72	0.0071	16	26	19
73	0.0072	9	5	18
74	0.0073	10	15	27
75	0.0074	6	13	22
76	0.0075	10	20	9
77	0.0076	22	31	16
78	0.0077	5	15	13
79	0.0078	10	15	30
80	0.0079	0	7	11
81	0.0080	3	11	2
82	0.0081	20	33	16
83	0.0082	5	14	7
84	0.0083	9	13	31
85	0.0084	-2	-2	10
86	0.0085	3	2	-2
87	0.0086	19	31	15
88	0.0087	6	16	14
89	0.0088	2	3	20
90	0.0089	-2	-3	13
91	0.0090	2	14	9
92	0.0091	13	28	22
93	0.0092	1	6	10
94	0.0093	2	-3	22
95	0.0094	2	10	16
96	0.0095	14	16	11
97	0.0096	13	28	19
98	0.0097	-2	-2	7
99	0.0098	-2	0	23
100	0.0099	3	22	15

电流增量数据 [1000Hz, 10点]
采样序号	时间(s)	A相电流(INT)	B相电流(INT)	C相电流(INT)
1	0.000	43	96	10
2	0.001	21	778	9
3	0.002	33	229	7
4	0.003	31	-2004	4
5	0.004	-2	-1277	24
6	0.005	16	-545	1
7	0.006	45	-1926	31
8	0.007	32	153	9
9	0.008	27	321	-5
10	0.009	21	1633	15
================================================================================

=== 采集时间: 2025-12-05 15:11:04 (增量周期: 10.0ms) ===
振动增量数据 [等效10000Hz, 100点]
时序序号	时间(s)	X振动(INT)	Y振动(INT)	Z振动(INT)
1	0.0000	13	13	6
2	0.0001	14	7	13
3	0.0002	5	6	14
4	0.0003	3	27	37
5	0.0004	9	23	22
6	0.0005	1	13	7
7	0.0006	10	11	15
8	0.0007	1	7	13
9	0.0008	9	15	33
10	0.0009	5	16	19
11	0.0010	9	15	3
12	0.0011	13	19	16
13	0.0012	-7	5	11
14	0.0013	5	14	32
15	0.0014	5	26	27
16	0.0015	9	14	9
17	0.0016	18	23	19
18	0.0017	5	7	15
19	0.0018	7	13	31
20	0.0019	5	23	23
21	0.0020	10	23	15
22	0.0021	14	19	15
23	0.0022	3	3	16
24	0.0023	11	18	30
25	0.0024	14	27	26
26	0.0025	20	27	15
27	0.0026	22	18	19
28	0.0027	0	9	7
29	0.0028	1	15	31
30	0.0029	2	16	23
31	0.0030	15	19	9
32	0.0031	24	23	24
33	0.0032	3	10	23
34	0.0033	7	20	33
35	0.0034	9	22	16
36	0.0035	11	15	11
37	0.0036	13	22	22
38	0.0037	-2	14	16
39	0.0038	-2	20	30
40	0.0039	9	19	18
41	0.0040	14	14	1
42	0.0041	18	18	14
43	0.0042	2	15	20
44	0.0043	1	24	31
45	0.0044	1	9	11
46	0.0045	6	6	2
47	0.0046	13	5	16
48	0.0047	3	16	24
49	0.0048	11	30	37
50	0.0049	10	9	18
51	0.0050	14	2	5
52	0.0051	15	14	14
53	0.0052	3	27	27
54	0.0053	5	26	36
55	0.0054	2	9	16
56	0.0055	10	9	10
57	0.0056	20	23	24
58	0.0057	6	27	28
59	0.0058	15	30	28
60	0.0059	1	6	15
61	0.0060	7	7	9
62	0.0061	22	24	22
63	0.0062	7	18	16
64	0.0063	3	13	24
65	0.0064	5	22	16
66	0.0065	3	6	2
67	0.0066	26	35	24
68	0.0067	3	19	28
69	0.0068	3	16	31
70	0.0069	3	19	13
71	0.0070	3	18	10
72	0.0071	24	33	24
73	0.0072	16	22	28
74	0.0073	18	16	37
75	0.0074	14	19	22
76	0.0075	7	19	11
77	0.0076	19	30	28
78	0.0077	3	13	22
79	0.0078	9	14	30
80	0.0079	9	14	18
81	0.0080	10	13	7
82	0.0081	18	26	24
83	0.0082	6	11	27
84	0.0083	7	16	33
85	0.0084	5	18	18
86	0.0085	5	16	7
87	0.0086	19	28	18
88	0.0087	9	24	24
89	0.0088	10	19	36
90	0.0089	14	19	20
91	0.0090	11	18	7
92	0.0091	19	28	30
93	0.0092	0	18	24
94	0.0093	10	27	35
95	0.0094	7	20	23
96	0.0095	11	14	7
97	0.0096	24	20	27
98	0.0097	11	10	27
99	0.0098	15	30	39
100	0.0099	7	19	20

电流增量数据 [1000Hz, 10点]
采样序号	时间(s)	A相电流(INT)	B相电流(INT)	C相电流(INT)
1	0.000	43	-640	-13
2	0.001	32	-893	6
3	0.002	49	-1236	20
4	0.003	-6	3037	20
5	0.004	79	374	25
6	0.005	19	1565	-11
7	0.006	25	1113	-6
8	0.007	15	265	10
9	0.008	22	-576	2
10	0.009	45	-1635	13
================================================================================

=== 采集时间: 2025-12-05 15:11:05 (增量周期: 10.0ms) ===
振动增量数据 [等效10000Hz, 100点]
时序序号	时间(s)	X振动(INT)	Y振动(INT)	Z振动(INT)
1	0.0000	3	6	-7
2	0.0001	11	11	14
3	0.0002	0	10	22
4	0.0003	5	27	33
5	0.0004	-3	11	20
6	0.0005	3	7	-2
7	0.0006	20	15	18
8	0.0007	3	9	19
9	0.0008	9	24	36
10	0.0009	5	10	16
11	0.0010	-2	6	-2
12	0.0011	9	19	15
13	0.0012	2	13	30
14	0.0013	10	37	39
15	0.0014	16	18	18
16	0.0015	13	13	1
17	0.0016	20	15	18
18	0.0017	0	16	26
19	0.0018	5	27	33
20	0.0019	-3	16	23
21	0.0020	5	11	6
22	0.0021	16	16	20
23	0.0022	5	13	27
24	0.0023	18	22	37
25	0.0024	19	19	16
26	0.0025	13	13	1
27	0.0026	18	19	19
28	0.0027	-4	3	16
29	0.0028	13	20	26
30	0.0029	14	27	22
31	0.0030	13	23	5
32	0.0031	24	27	23
33	0.0032	-6	5	15
34	0.0033	7	23	31
35	0.0034	9	30	22
36	0.0035	9	22	11
37	0.0036	13	18	18
38	0.0037	-2	-2	18
39	0.0038	10	19	28
40	0.0039	13	20	19
41	0.0040	7	15	6
42	0.0041	3	16	19
43	0.0042	-8	1	19
44	0.0043	10	22	33
45	0.0044	5	10	19
46	0.0045	7	5	6
47	0.0046	14	19	22
48	0.0047	-2	3	26
49	0.0048	9	24	31
50	0.0049	3	15	18
51	0.0050	14	23	6
52	0.0051	13	15	16
53	0.0052	9	14	20
54	0.0053	9	24	33
55	0.0054	7	13	13
56	0.0055	10	18	0
57	0.0056	7	13	7
58	0.0057	3	11	18
59	0.0058	2	19	33
60	0.0059	9	18	18
61	0.0060	5	14	2
62	0.0061	9	10	11
63	0.0062	1	13	11
64	0.0063	13	19	31
65	0.0064	7	19	23
66	0.0065	7	18	5
67	0.0066	11	23	15
68	0.0067	-6	6	16
69	0.0068	6	19	39
70	0.0069	6	27	23
71	0.0070	24	28	14
72	0.0071	24	19	22
73	0.0072	9	9	22
74	0.0073	13	30	41
75	0.0074	3	24	23
76	0.0075	9	24	11
77	0.0076	11	18	19
78	0.0077	0	3	15
79	0.0078	9	14	33
80	0.0079	9	19	23
81	0.0080	20	23	9
82	0.0081	18	22	18
83	0.0082	1	2	19
84	0.0083	2	19	36
85	0.0084	6	24	22
86	0.0085	20	27	13
87	0.0086	15	19	22
88	0.0087	10	11	24
89	0.0088	5	13	35
90	0.0089	15	24	24
91	0.0090	10	31	10
92	0.0091	13	28	28
93	0.0092	6	13	19
94	0.0093	11	16	33
95	0.0094	18	13	23
96	0.0095	15	19	15
97	0.0096	27	24	30
98	0.0097	3	10	14
99	0.0098	9	13	22
100	0.0099	3	14	14

电流增量数据 [1000Hz, 10点]
采样序号	时间(s)	A相电流(INT)	B相电流(INT)	C相电流(INT)
1	0.000	34	-764	13
2	0.001	33	-824	3
3	0.002	-12	-1467	14
4	0.003	7	2782	9
5	0.004	-7	323	12
6	0.005	27	607	-2
7	0.006	5	-185	18
8	0.007	24	165	-15
9	0.008	-4	-961	-3
10	0.009	23	-985	-3
================================================================================

=== 采集时间: 2025-12-05 15:11:05 (增量周期: 10.0ms) ===
振动增量数据 [等效10000Hz, 100点]
时序序号	时间(s)	X振动(INT)	Y振动(INT)	Z振动(INT)
1	0.0000	6	16	14
2	0.0001	20	23	22
3	0.0002	-3	14	23
4	0.0003	11	30	26
5	0.0004	7	18	14
6	0.0005	11	15	5
7	0.0006	19	19	23
8	0.0007	5	13	26
9	0.0008	3	27	33
10	0.0009	-2	19	10
11	0.0010	0	9	5
12	0.0011	11	9	13
13	0.0012	5	2	22
14	0.0013	13	30	36
15	0.0014	16	20	20
16	0.0015	5	7	3
17	0.0016	10	16	16
18	0.0017	-11	6	18
19	0.0018	1	30	32
20	0.0019	6	19	19
21	0.0020	5	6	10
22	0.0021	23	18	24
23	0.0022	7	9	23
24	0.0023	6	23	31
25	0.0024	14	22	9
26	0.0025	2	9	1
27	0.0026	18	30	28
28	0.0027	6	11	22
29	0.0028	20	33	40
30	0.0029	24	31	23
31	0.0030	16	11	2
32	0.0031	32	33	22
33	0.0032	3	5	22
34	0.0033	19	27	36
35	0.0034	13	27	24
36	0.0035	9	15	7
37	0.0036	19	24	20
38	0.0037	3	-2	15
39	0.0038	16	23	31
40	0.0039	13	27	26
41	0.0040	13	18	14
42	0.0041	9	22	26
43	0.0042	1	11	23
44	0.0043	9	19	27
45	0.0044	15	28	23
46	0.0045	18	18	11
47	0.0046	18	28	24
48	0.0047	11	13	24
49	0.0048	9	16	30
50	0.0049	9	24	23
51	0.0050	9	13	7
52	0.0051	23	30	27
53	0.0052	-2	13	19
54	0.0053	10	23	28
55	0.0054	10	18	13
56	0.0055	13	19	9
57	0.0056	15	27	28
58	0.0057	-6	9	24
59	0.0058	2	23	30
60	0.0059	9	24	15
61	0.0060	15	20	3
62	0.0061	15	20	18
63	0.0062	5	3	22
64	0.0063	9	23	37
65	0.0064	27	35	22
66	0.0065	14	11	5
67	0.0066	15	20	16
68	0.0067	-2	-3	13
69	0.0068	9	19	28
70	0.0069	27	32	27
71	0.0070	14	9	16
72	0.0071	23	27	24
73	0.0072	7	1	18
74	0.0073	2	19	31
75	0.0074	22	30	19
76	0.0075	3	6	11
77	0.0076	14	23	16
78	0.0077	6	9	22
79	0.0078	2	28	32
80	0.0079	23	30	15
81	0.0080	6	9	0
82	0.0081	19	31	24
83	0.0082	-4	2	19
84	0.0083	2	23	26
85	0.0084	11	18	14
86	0.0085	0	-2	5
87	0.0086	26	33	20
88	0.0087	0	6	16
89	0.0088	5	13	28
90	0.0089	3	13	11
91	0.0090	5	-6	5
92	0.0091	20	33	23
93	0.0092	-2	3	19
94	0.0093	7	16	32
95	0.0094	7	18	16
96	0.0095	10	9	7
97	0.0096	18	33	26
98	0.0097	-3	11	24
99	0.0098	3	23	31
100	0.0099	5	19	20

电流增量数据 [1000Hz, 10点]
采样序号	时间(s)	A相电流(INT)	B相电流(INT)	C相电流(INT)
1	0.000	12	-131	0
2	0.001	9	2955	-20
3	0.002	24	-460	10
4	0.003	52	15	2
5	0.004	22	-1323	6
6	0.005	-8	-463	6
7	0.006	16	446	7
8	0.007	5	254	9
9	0.008	14	651	24
10	0.009	42	-2998	-10
================================================================================

=== 采集时间: 2025-12-05 15:11:05 (增量周期: 10.0ms) ===
振动增量数据 [等效10000Hz, 100点]
时序序号	时间(s)	X振动(INT)	Y振动(INT)	Z振动(INT)
1	0.0000	6	5	6
2	0.0001	16	11	26
3	0.0002	11	15	23
4	0.0003	16	19	28
5	0.0004	6	14	18
6	0.0005	0	7	9
7	0.0006	7	10	24
8	0.0007	0	6	18
9	0.0008	9	16	20
10	0.0009	7	13	13
11	0.0010	6	10	0
12	0.0011	10	18	23
13	0.0012	-4	13	22
14	0.0013	5	26	27
15	0.0014	5	22	11
16	0.0015	10	10	6
17	0.0016	13	15	23
18	0.0017	9	16	30
19	0.0018	11	22	31
20	0.0019	5	14	7
21	0.0020	2	14	6
22	0.0021	5	16	23
23	0.0022	11	18	32
24	0.0023	13	16	28
25	0.0024	18	11	18
26	0.0025	10	13	6
27	0.0026	14	15	22
28	0.0027	1	10	19
29	0.0028	3	14	26
30	0.0029	15	14	20
31	0.0030	11	10	10
32	0.0031	15	24	30
33	0.0032	1	18	20
34	0.0033	9	16	24
35	0.0034	16	19	14
36	0.0035	11	14	5
37	0.0036	5	20	23
38	0.0037	-8	13	22
39	0.0038	2	24	24
40	0.0039	13	23	15
41	0.0040	9	6	1
42	0.0041	15	9	23
43	0.0042	-6	5	20
44	0.0043	7	31	32
45	0.0044	11	19	15
46	0.0045	0	-4	-8
47	0.0046	6	6	16
48	0.0047	-11	-2	23
49	0.0048	9	22	26
50	0.0049	18	18	9
51	0.0050	10	5	-3
52	0.0051	18	14	9
53	0.0052	-4	5	14
54	0.0053	5	23	20
55	0.0054	3	13	7
56	0.0055	-3	10	-3
57	0.0056	9	19	14
58	0.0057	-7	5	16
59	0.0058	11	9	22
60	0.0059	9	10	7
61	0.0060	9	5	-2
62	0.0061	13	24	18
63	0.0062	-6	6	16
64	0.0063	6	19	23
65	0.0064	10	11	14
66	0.0065	16	9	3
67	0.0066	19	31	26
68	0.0067	-2	9	15
69	0.0068	10	20	20
70	0.0069	7	26	22
71	0.0070	10	11	7
72	0.0071	13	30	30
73	0.0072	3	14	24
74	0.0073	7	19	20
75	0.0074	14	23	13
76	0.0075	10	18	6
77	0.0076	15	23	28
78	0.0077	-3	6	18
79	0.0078	-3	14	22
80	0.0079	11	20	10
81	0.0080	11	10	2
82	0.0081	24	15	26
83	0.0082	9	9	19
84	0.0083	5	19	27
85	0.0084	1	20	11
86	0.0085	1	11	2
87	0.0086	11	24	15
88	0.0087	2	16	28
89	0.0088	1	13	27
90	0.0089	14	23	15
91	0.0090	10	14	7
92	0.0091	16	23	26
93	0.0092	0	20	20
94	0.0093	0	16	23
95	0.0094	2	19	10
96	0.0095	9	6	6
97	0.0096	22	31	36
98	0.0097	5	11	28
99	0.0098	10	13	19
100	0.0099	10	19	5

电流增量数据 [1000Hz, 10点]
采样序号	时间(s)	A相电流(INT)	B相电流(INT)	C相电流(INT)
1	0.000	39	-2660	6
2	0.001	9	-616	23
3	0.002	15	-2705	-5
4	0.003	10	90	24
5	0.004	30	-75	-14
6	0.005	45	706	-5
7	0.006	-14	-645	1
8	0.007	14	-901	-7
9	0.008	28	-843	5
10	0.009	-4	-308	28
================================================================================

=== 采集时间: 2025-12-05 15:11:06 (增量周期: 10.0ms) ===
振动增量数据 [等效10000Hz, 100点]
时序序号	时间(s)	X振动(INT)	Y振动(INT)	Z振动(INT)
1	0.0000	9	13	7
2	0.0001	9	26	23
3	0.0002	2	11	16
4	0.0003	7	14	23
5	0.0004	5	14	14
6	0.0005	5	13	6
7	0.0006	13	20	26
8	0.0007	0	7	16
9	0.0008	3	13	22
10	0.0009	10	19	10
11	0.0010	5	9	9
12	0.0011	13	23	27
13	0.0012	1	13	23
14	0.0013	5	19	22
15	0.0014	10	19	19
16	0.0015	7	13	15
17	0.0016	18	26	28
18	0.0017	5	10	23
19	0.0018	2	23	22
20	0.0019	2	18	10
21	0.0020	7	18	10
22	0.0021	13	37	27
23	0.0022	10	20	27
24	0.0023	0	3	23
25	0.0024	3	10	11
26	0.0025	9	9	0
27	0.0026	19	26	22
28	0.0027	11	19	26
29	0.0028	-6	2	22
30	0.0029	0	15	16
31	0.0030	5	13	11
32	0.0031	11	26	26
33	0.0032	13	11	18
34	0.0033	6	0	19
35	0.0034	18	27	19
36	0.0035	13	24	23
37	0.0036	11	28	32
38	0.0037	-2	7	18
39	0.0038	-6	15	23
40	0.0039	15	44	28
41	0.0040	16	16	19
42	0.0041	28	18	36
43	0.0042	15	10	20
44	0.0043	10	22	23
45	0.0044	13	35	19
46	0.0045	1	6	5
47	0.0046	11	14	24
48	0.0047	5	11	31
49	0.0048	14	27	36
50	0.0049	20	37	19
51	0.0050	16	5	1
52	0.0051	19	5	16
53	0.0052	13	16	27
54	0.0053	9	26	35
55	0.0054	15	35	28
56	0.0055	-4	5	10
57	0.0056	22	23	27
58	0.0057	14	30	23
59	0.0058	19	26	30
60	0.0059	23	27	19
61	0.0060	7	10	5
62	0.0061	13	22	26
63	0.0062	-3	5	19
64	0.0063	10	16	27
65	0.0064	15	19	22
66	0.0065	6	14	9
67	0.0066	13	27	26
68	0.0067	-4	14	18
69	0.0068	13	19	24
70	0.0069	13	26	19
71	0.0070	2	16	15
72	0.0071	9	23	27
73	0.0072	7	19	22
74	0.0073	14	18	27
75	0.0074	14	22	20
76	0.0075	10	9	9
77	0.0076	13	24	28
78	0.0077	5	16	16
79	0.0078	7	19	27
80	0.0079	5	13	16
81	0.0080	5	6	5
82	0.0081	14	18	22
83	0.0082	19	14	24
84	0.0083	14	16	27
85	0.0084	5	18	15
86	0.0085	7	18	1
87	0.0086	7	22	14
88	0.0087	2	23	22
89	0.0088	11	18	27
90	0.0089	15	28	20
91	0.0090	23	16	6
92	0.0091	22	24	22
93	0.0092	2	15	18
94	0.0093	-2	13	24
95	0.0094	7	30	22
96	0.0095	5	27	13
97	0.0096	10	18	28
98	0.0097	-4	0	14
99	0.0098	9	10	20
100	0.0099	23	31	18

电流增量数据 [1000Hz, 10点]
采样序号	时间(s)	A相电流(INT)	B相电流(INT)	C相电流(INT)
1	0.000	3	1861	15
2	0.001	32	-30	12
3	0.002	3	2461	11
4	0.003	42	-380	18
5	0.004	60	-178	12
6	0.005	41	-1638	13
7	0.006	18	76	21
8	0.007	7	443	-8
9	0.008	24	82	9
10	0.009	52	-1022	-5
================================================================================

=== 采集时间: 2025-12-05 15:11:06 (增量周期: 10.0ms) ===
振动增量数据 [等效10000Hz, 100点]
时序序号	时间(s)	X振动(INT)	Y振动(INT)	Z振动(INT)
1	0.0000	0	18	2
2	0.0001	9	30	24
3	0.0002	0	13	23
4	0.0003	9	15	27
5	0.0004	11	16	22
6	0.0005	5	9	9
7	0.0006	13	20	23
8	0.0007	0	3	14
9	0.0008	10	18	23
10	0.0009	7	20	19
11	0.0010	5	18	14
12	0.0011	7	23	31
13	0.0012	0	13	24
14	0.0013	7	23	20
15	0.0014	18	23	10
16	0.0015	19	19	2
17	0.0016	14	27	28
18	0.0017	-7	9	28
19	0.0018	-4	19	18
20	0.0019	9	27	6
21	0.0020	9	18	6
22	0.0021	19	26	28
23	0.0022	6	11	27
24	0.0023	13	19	19
25	0.0024	15	16	13
26	0.0025	2	11	2
27	0.0026	9	13	23
28	0.0027	-7	13	26
29	0.0028	6	19	27
30	0.0029	16	27	18
31	0.0030	16	7	5
32	0.0031	16	13	22
33	0.0032	2	5	16
34	0.0033	6	27	23
35	0.0034	11	27	15
36	0.0035	7	10	9
37	0.0036	10	18	32
38	0.0037	5	16	24
39	0.0038	11	31	23
40	0.0039	19	26	9
41	0.0040	15	11	-2
42	0.0041	18	22	24
43	0.0042	2	13	23
44	0.0043	6	24	20
45	0.0044	10	23	14
46	0.0045	1	6	-7
47	0.0046	10	13	16
48	0.0047	1	10	20
49	0.0048	2	15	27
50	0.0049	14	15	11
51	0.0050	2	3	2
52	0.0051	11	11	19
53	0.0052	2	3	18
54	0.0053	5	14	20
55	0.0054	5	15	15
56	0.0055	2	9	1
57	0.0056	9	14	18
58	0.0057	-3	5	13
59	0.0058	2	19	18
60	0.0059	9	16	18
61	0.0060	5	23	13
62	0.0061	14	18	16
63	0.0062	6	2	16
64	0.0063	0	3	15
65	0.0064	2	23	14
66	0.0065	-6	19	0
67	0.0066	5	10	28
68	0.0067	-3	-3	18
69	0.0068	11	13	20
70	0.0069	15	33	20
71	0.0070	10	14	7
72	0.0071	10	11	18
73	0.0072	-8	3	16
74	0.0073	5	15	28
75	0.0074	14	32	23
76	0.0075	5	19	7
77	0.0076	14	13	31
78	0.0077	2	5	14
79	0.0078	10	16	16
80	0.0079	15	33	18
81	0.0080	9	14	2
82	0.0081	2	13	24
83	0.0082	-4	14	19
84	0.0083	3	19	27
85	0.0084	16	22	19
86	0.0085	13	-2	-7
87	0.0086	16	5	16
88	0.0087	6	11	26
89	0.0088	5	24	32
90	0.0089	7	23	16
91	0.0090	2	9	5
92	0.0091	6	10	22
93	0.0092	7	23	23
94	0.0093	16	33	37
95	0.0094	19	28	23
96	0.0095	19	14	7
97	0.0096	11	16	18
98	0.0097	-3	18	23
99	0.0098	0	30	27
100	0.0099	10	28	23

电流增量数据 [1000Hz, 10点]
采样序号	时间(s)	A相电流(INT)	B相电流(INT)	C相电流(INT)
1	0.000	29	-2066	-16
2	0.001	14	-1838	2
3	0.002	7	-1073	-3
4	0.003	1	-798	-13
5	0.004	-4	291	22
6	0.005	5	72	7
7	0.006	1	1071	16
8	0.007	14	-1092	3
9	0.008	-3	-937	4
10	0.009	14	-1030	12
================================================================================

=== 采集时间: 2025-12-05 15:11:06 (增量周期: 10.0ms) ===
振动增量数据 [等效10000Hz, 100点]
时序序号	时间(s)	X振动(INT)	Y振动(INT)	Z振动(INT)
1	0.0000	2	3	1
2	0.0001	20	15	23
3	0.0002	10	19	26
4	0.0003	6	19	30
5	0.0004	22	24	14
6	0.0005	13	9	3
7	0.0006	18	13	26
8	0.0007	1	11	24
9	0.0008	5	19	24
10	0.0009	18	30	20
11	0.0010	10	14	11
12	0.0011	16	19	31
13	0.0012	2	14	28
14	0.0013	3	30	28
15	0.0014	15	36	20
16	0.0015	16	14	6
17	0.0016	20	16	24
18	0.0017	7	7	33
19	0.0018	10	35	33
20	0.0019	16	44	22
21	0.0020	11	15	11
22	0.0021	13	6	27
23	0.0022	-6	3	24
24	0.0023	6	32	32
25	0.0024	27	40	22
26	0.0025	20	5	7
27	0.0026	20	6	19
28	0.0027	7	5	20
29	0.0028	2	35	31
30	0.0029	11	35	16
31	0.0030	3	-3	-3
32	0.0031	11	13	26
33	0.0032	1	18	32
34	0.0033	14	39	28
35	0.0034	24	28	7
36	0.0035	3	-7	-4
37	0.0036	7	20	31
38	0.0037	2	24	30
39	0.0038	11	36	31
40	0.0039	19	20	14
41	0.0040	9	-2	2
42	0.0041	18	27	27
43	0.0042	6	22	24
44	0.0043	16	19	19
45	0.0044	19	20	14
46	0.0045	3	5	7
47	0.0046	18	32	31
48	0.0047	2	13	23
49	0.0048	7	13	14
50	0.0049	11	11	-2
51	0.0050	7	5	6
52	0.0051	15	31	27
53	0.0052	3	26	33
54	0.0053	6	14	22
55	0.0054	9	13	2
56	0.0055	2	7	-4
57	0.0056	11	27	27
58	0.0057	13	22	30
59	0.0058	9	15	27
60	0.0059	16	16	10
61	0.0060	11	9	10
62	0.0061	19	26	33
63	0.0062	3	13	23
64	0.0063	3	24	20
65	0.0064	9	19	14
66	0.0065	15	11	-3
67	0.0066	19	23	24
68	0.0067	5	10	27
69	0.0068	6	22	31
70	0.0069	15	39	13
71	0.0070	9	26	3
72	0.0071	9	19	23
73	0.0072	2	-4	27
74	0.0073	11	22	27
75	0.0074	27	41	30
76	0.0075	13	16	11
77	0.0076	9	7	20
78	0.0077	-6	-7	6
79	0.0078	-3	15	27
80	0.0079	20	36	27
81	0.0080	9	14	13
82	0.0081	11	9	23
83	0.0082	3	-7	16
84	0.0083	3	28	23
85	0.0084	30	37	16
86	0.0085	0	3	5
87	0.0086	7	5	24
88	0.0087	-4	11	30
89	0.0088	3	35	26
90	0.0089	19	33	16
91	0.0090	6	-2	0
92	0.0091	19	22	24
93	0.0092	5	14	23
94	0.0093	5	27	20
95	0.0094	10	11	9
96	0.0095	-3	-10	2
97	0.0096	13	35	36
98	0.0097	2	19	27
99	0.0098	13	22	19
100	0.0099	11	-2	6

电流增量数据 [1000Hz, 10点]
采样序号	时间(s)	A相电流(INT)	B相电流(INT)	C相电流(INT)
1	0.000	-13	-452	0
2	0.001	20	-1025	-14
3	0.002	24	-1801	3
4	0.003	31	160	18
5	0.004	12	563	4
6	0.005	33	176	11
7	0.006	-5	-2600	-10
8	0.007	15	-1191	9
9	0.008	-3	-1043	-7
10	0.009	12	-1806	15
================================================================================

=== 采集时间: 2025-12-05 15:11:07 (增量周期: 10.0ms) ===
振动增量数据 [等效10000Hz, 100点]
时序序号	时间(s)	X振动(INT)	Y振动(INT)	Z振动(INT)
1	0.0000	-2	5	16
2	0.0001	10	5	20
3	0.0002	1	7	11
4	0.0003	5	27	16
5	0.0004	18	27	14
6	0.0005	10	11	11
7	0.0006	1	-2	22
8	0.0007	-12	5	16
9	0.0008	1	30	16
10	0.0009	9	27	13
11	0.0010	10	9	7
12	0.0011	3	0	27
13	0.0012	0	3	19
14	0.0013	0	15	10
15	0.0014	1	22	5
16	0.0015	-2	-2	1
17	0.0016	6	10	24
18	0.0017	0	9	20
19	0.0018	10	14	13
20	0.0019	15	6	6
21	0.0020	1	1	0
22	0.0021	9	18	28
23	0.0022	2	19	22
24	0.0023	2	22	18
25	0.0024	5	16	14
26	0.0025	2	9	6
27	0.0026	13	22	35
28	0.0027	3	22	26
29	0.0028	11	16	16
30	0.0029	13	15	7
31	0.0030	5	11	5
32	0.0031	11	28	30
33	0.0032	1	19	26
34	0.0033	5	14	15
35	0.0034	9	15	6
36	0.0035	15	9	-2
37	0.0036	16	24	32
38	0.0037	6	18	28
39	0.0038	5	18	23
40	0.0039	5	13	10
41	0.0040	9	14	6
42	0.0041	9	13	27
43	0.0042	6	14	31
44	0.0043	9	19	20
45	0.0044	19	26	15
46	0.0045	6	13	5
47	0.0046	14	16	30
48	0.0047	-7	16	22
49	0.0048	7	27	26
50	0.0049	19	28	16
51	0.0050	15	9	7
52	0.0051	10	15	27
53	0.0052	3	11	20
54	0.0053	9	30	9
55	0.0054	20	31	11
56	0.0055	13	15	7
57	0.0056	11	14	26
58	0.0057	-2	10	20
59	0.0058	7	19	16
60	0.0059	22	16	5
61	0.0060	9	10	1
62	0.0061	5	6	26
63	0.0062	-11	13	28
64	0.0063	5	22	23
65	0.0064	13	26	13
66	0.0065	10	9	5
67	0.0066	15	15	27
68	0.0067	10	14	27
69	0.0068	15	26	23
70	0.0069	13	18	14
71	0.0070	5	1	11
72	0.0071	5	13	36
73	0.0072	-2	24	33
74	0.0073	9	15	22
75	0.0074	22	14	6
76	0.0075	6	0	6
77	0.0076	10	14	31
78	0.0077	1	23	27
79	0.0078	5	14	20
80	0.0079	5	15	10
81	0.0080	0	11	2
82	0.0081	13	26	22
83	0.0082	3	24	23
84	0.0083	15	13	20
85	0.0084	16	23	14
86	0.0085	10	15	6
87	0.0086	7	23	33
88	0.0087	-11	16	24
89	0.0088	0	15	22
90	0.0089	9	22	19
91	0.0090	19	10	9
92	0.0091	15	23	33
93	0.0092	7	13	31
94	0.0093	7	19	23
95	0.0094	13	23	15
96	0.0095	13	19	9
97	0.0096	9	16	32
98	0.0097	-4	6	26
99	0.0098	5	19	18
100	0.0099	20	31	16

电流增量数据 [1000Hz, 10点]
采样序号	时间(s)	A相电流(INT)	B相电流(INT)	C相电流(INT)
1	0.000	55	-53	19
2	0.001	29	617	-12
3	0.002	2	-993	-3
4	0.003	-4	-1114	0
5	0.004	31	-1563	-4
6	0.005	15	2399	9
7	0.006	47	4	12
8	0.007	7	168	2
9	0.008	10	964	0
10	0.009	38	220	3
================================================================================

=== 采集时间: 2025-12-05 15:11:07 (增量周期: 10.0ms) ===
振动增量数据 [等效10000Hz, 100点]
时序序号	时间(s)	X振动(INT)	Y振动(INT)	Z振动(INT)
1	0.0000	6	10	10
2	0.0001	9	26	37
3	0.0002	0	9	28
4	0.0003	13	37	27
5	0.0004	15	24	22
6	0.0005	7	13	15
7	0.0006	5	14	26
8	0.0007	3	13	23
9	0.0008	13	31	20
10	0.0009	19	23	26
11	0.0010	9	11	13
12	0.0011	11	19	31
13	0.0012	0	9	22
14	0.0013	10	19	18
15	0.0014	15	19	14
16	0.0015	6	5	14
17	0.0016	18	23	36
18	0.0017	9	19	31
19	0.0018	10	32	28
20	0.0019	11	23	14
21	0.0020	1	3	7
22	0.0021	11	22	28
23	0.0022	11	19	30
24	0.0023	14	26	24
25	0.0024	15	22	22
26	0.0025	2	5	5
27	0.0026	9	23	23
28	0.0027	2	14	16
29	0.0028	5	18	23
30	0.0029	15	19	19
31	0.0030	13	3	6
32	0.0031	18	15	20
33	0.0032	3	3	13
34	0.0033	2	9	11
35	0.0034	13	19	7
36	0.0035	2	10	11
37	0.0036	0	16	30
38	0.0037	1	6	15
39	0.0038	10	18	10
40	0.0039	20	28	14
41	0.0040	15	16	19
42	0.0041	15	16	28
43	0.0042	2	9	23
44	0.0043	2	23	20
45	0.0044	19	37	18
46	0.0045	9	9	13
47	0.0046	18	15	32
48	0.0047	5	6	28
49	0.0048	13	19	18
50	0.0049	22	33	18
51	0.0050	0	9	14
52	0.0051	9	18	36
53	0.0052	1	13	24
54	0.0053	9	22	11
55	0.0054	23	32	18
56	0.0055	11	15	11
57	0.0056	18	19	35
58	0.0057	2	19	27
59	0.0058	11	24	22
60	0.0059	9	23	13
61	0.0060	2	9	11
62	0.0061	14	20	28
63	0.0062	9	14	23
64	0.0063	13	7	19
65	0.0064	16	20	18
66	0.0065	9	9	6
67	0.0066	15	23	31
68	0.0067	3	11	19
69	0.0068	3	16	15
70	0.0069	5	16	14
71	0.0070	0	10	10
72	0.0071	15	24	27
73	0.0072	9	19	26
74	0.0073	10	14	22
75	0.0074	14	27	10
76	0.0075	9	13	10
77	0.0076	14	22	27
78	0.0077	6	13	19
79	0.0078	14	16	13
80	0.0079	18	26	14
81	0.0080	13	27	13
82	0.0081	14	27	26
83	0.0082	-2	5	16
84	0.0083	14	6	14
85	0.0084	11	22	20
86	0.0085	13	28	20
87	0.0086	15	15	28
88	0.0087	-7	1	10
89	0.0088	9	6	15
90	0.0089	6	32	15
91	0.0090	2	18	10
92	0.0091	5	9	28
93	0.0092	-6	-2	20
94	0.0093	11	15	19
95	0.0094	18	32	22
96	0.0095	2	19	13
97	0.0096	0	1	19
98	0.0097	-16	1	16
99	0.0098	2	26	19
100	0.0099	9	32	28

电流增量数据 [1000Hz, 10点]
采样序号	时间(s)	A相电流(INT)	B相电流(INT)	C相电流(INT)
1	0.000	79	-1248	5
2	0.001	0	-986	2
3	0.002	30	51	11
4	0.003	-17	177	-17
5	0.004	23	601	18
6	0.005	6	-3438	4
7	0.006	16	-739	11
8	0.007	14	-1621	-8
9	0.008	7	566	15
10	0.009	5	-703	-13
================================================================================

=== 采集时间: 2025-12-05 15:11:07 (增量周期: 10.0ms) ===
振动增量数据 [等效10000Hz, 100点]
时序序号	时间(s)	X振动(INT)	Y振动(INT)	Z振动(INT)
1	0.0000	7	10	13
2	0.0001	15	14	28
3	0.0002	7	20	28
4	0.0003	14	26	20
5	0.0004	16	23	19
6	0.0005	0	7	1
7	0.0006	5	22	32
8	0.0007	-3	24	28
9	0.0008	10	23	16
10	0.0009	20	16	15
11	0.0010	10	6	6
12	0.0011	19	19	32
13	0.0012	7	24	18
14	0.0013	9	19	9
15	0.0014	15	14	9
16	0.0015	6	10	9
17	0.0016	18	27	39
18	0.0017	5	24	23
19	0.0018	9	9	7
20	0.0019	14	14	7
21	0.0020	10	18	10
22	0.0021	15	27	33
23	0.0022	-2	18	24
24	0.0023	2	7	10
25	0.0024	11	18	5
26	0.0025	10	19	9
27	0.0026	13	27	33
28	0.0027	2	7	19
29	0.0028	9	9	9
30	0.0029	15	22	9
31	0.0030	11	19	16
32	0.0031	11	27	31
33	0.0032	2	10	27
34	0.0033	3	7	9
35	0.0034	15	23	14
36	0.0035	7	18	19
37	0.0036	15	22	35
38	0.0037	-4	2	18
39	0.0038	9	9	6
40	0.0039	13	20	11
41	0.0040	6	15	15
42	0.0041	11	22	40
43	0.0042	2	13	26
44	0.0043	10	24	7
45	0.0044	13	22	10
46	0.0045	1	9	7
47	0.0046	9	20	32
48	0.0047	0	14	24
49	0.0048	2	19	14
50	0.0049	11	18	10
51	0.0050	3	5	5
52	0.0051	9	30	32
53	0.0052	0	13	22
54	0.0053	-3	0	7
55	0.0054	2	11	10
56	0.0055	0	14	7
57	0.0056	10	39	32
58	0.0057	5	9	20
59	0.0058	5	5	3
60	0.0059	13	11	6
61	0.0060	1	19	11
62	0.0061	9	31	36
63	0.0062	-6	9	15
64	0.0063	-3	-2	5
65	0.0064	5	16	5
66	0.0065	9	13	13
67	0.0066	9	22	27
68	0.0067	0	-4	19
69	0.0068	0	-3	3
70	0.0069	9	22	10
71	0.0070	-2	14	10
72	0.0071	11	30	24
73	0.0072	-6	-2	6
74	0.0073	5	3	3
75	0.0074	19	28	16
76	0.0075	13	19	18
77	0.0076	7	28	32
78	0.0077	-3	3	10
79	0.0078	2	15	10
80	0.0079	24	36	16
81	0.0080	9	16	13
82	0.0081	15	19	33
83	0.0082	0	5	19
84	0.0083	2	16	10
85	0.0084	19	31	20
86	0.0085	-2	5	10
87	0.0086	10	10	22
88	0.0087	2	5	16
89	0.0088	9	15	16
90	0.0089	22	23	20
91	0.0090	5	5	13
92	0.0091	14	13	22
93	0.0092	0	13	13
94	0.0093	2	19	11
95	0.0094	6	15	14
96	0.0095	2	9	9
97	0.0096	13	23	27
98	0.0097	7	19	26
99	0.0098	9	18	14
100	0.0099	6	16	14

电流增量数据 [1000Hz, 10点]
采样序号	时间(s)	A相电流(INT)	B相电流(INT)	C相电流(INT)
1	0.000	5	378	15
2	0.001	19	-3334	3
3	0.002	-10	-362	9
4	0.003	2	-2518	-6
5	0.004	5	-112	18
6	0.005	13	-669	-10
7	0.006	30	318	19
8	0.007	-2	-277	6
9	0.008	14	-1105	-10
10	0.009	20	-1174	4
================================================================================

=== 采集时间: 2025-12-05 15:11:08 (增量周期: 10.0ms) ===
振动增量数据 [等效10000Hz, 100点]
时序序号	时间(s)	X振动(INT)	Y振动(INT)	Z振动(INT)
1	0.0000	-2	1	6
2	0.0001	10	23	30
3	0.0002	-2	19	20
4	0.0003	-2	7	0
5	0.0004	16	13	6
6	0.0005	10	7	18
7	0.0006	18	30	43
8	0.0007	3	20	22
9	0.0008	7	15	1
10	0.0009	11	19	7
11	0.0010	10	15	11
12	0.0011	18	31	39
13	0.0012	7	19	27
14	0.0013	3	11	6
15	0.0014	13	19	9
16	0.0015	1	11	7
17	0.0016	10	22	31
18	0.0017	2	11	23
19	0.0018	2	7	0
20	0.0019	16	18	5
21	0.0020	5	11	5
22	0.0021	9	14	36
23	0.0022	1	10	16
24	0.0023	3	16	7
25	0.0024	7	18	3
26	0.0025	3	9	15
27	0.0026	9	15	31
28	0.0027	13	22	28
29	0.0028	6	26	16
30	0.0029	15	15	7
31	0.0030	3	6	10
32	0.0031	7	23	39
33	0.0032	6	26	27
34	0.0033	7	26	14
35	0.0034	13	14	11
36	0.0035	-6	-7	7
37	0.0036	9	19	44
38	0.0037	16	31	33
39	0.0038	7	18	14
40	0.0039	11	13	6
41	0.0040	-6	-8	6
42	0.0041	6	22	39
43	0.0042	14	24	26
44	0.0043	5	9	5
45	0.0044	15	13	9
46	0.0045	-8	-8	2
47	0.0046	0	23	33
48	0.0047	13	32	23
49	0.0048	0	6	9
50	0.0049	13	22	10
51	0.0050	-6	-2	6
52	0.0051	1	31	32
53	0.0052	13	22	31
54	0.0053	7	9	16
55	0.0054	23	26	11
56	0.0055	-2	5	13
57	0.0056	2	24	33
58	0.0057	9	16	20
59	0.0058	5	5	13
60	0.0059	22	28	14
61	0.0060	5	2	6
62	0.0061	5	22	28
63	0.0062	2	31	26
64	0.0063	9	15	16
65	0.0064	18	16	5
66	0.0065	9	1	11
67	0.0066	13	24	31
68	0.0067	6	26	23
69	0.0068	9	22	10
70	0.0069	19	13	7
71	0.0070	11	3	11
72	0.0071	9	16	30
73	0.0072	7	22	22
74	0.0073	6	16	7
75	0.0074	15	14	5
76	0.0075	7	2	5
77	0.0076	13	14	33
78	0.0077	10	16	33
79	0.0078	13	28	23
80	0.0079	28	30	20
81	0.0080	11	13	13
82	0.0081	9	19	36
83	0.0082	2	19	27
84	0.0083	14	27	23
85	0.0084	27	39	27
86	0.0085	9	18	15
87	0.0086	14	11	37
88	0.0087	6	19	31
89	0.0088	15	33	16
90	0.0089	19	32	20
91	0.0090	2	2	15
92	0.0091	3	3	28
93	0.0092	7	14	18
94	0.0093	15	28	22
95	0.0094	19	24	16
96	0.0095	9	5	19
97	0.0096	7	13	33
98	0.0097	2	15	30
99	0.0098	11	31	16
100	0.0099	20	26	15

电流增量数据 [1000Hz, 10点]
采样序号	时间(s)	A相电流(INT)	B相电流(INT)	C相电流(INT)
1	0.000	13	-807	3
2	0.001	39	-1075	5
3	0.002	28	-1129	-2
4	0.003	31	-753	18
5	0.004	34	1894	13
6	0.005	16	-396	7
7	0.006	30	1511	11
8	0.007	-4	-46	-12
9	0.008	9	-133	6
10	0.009	5	-1699	0
================================================================================

=== 采集时间: 2025-12-05 15:11:08 (增量周期: 10.0ms) ===
振动增量数据 [等效10000Hz, 100点]
时序序号	时间(s)	X振动(INT)	Y振动(INT)	Z振动(INT)
1	0.0000	9	-2	14
2	0.0001	11	15	28
3	0.0002	5	20	23
4	0.0003	2	24	13
5	0.0004	15	23	18
6	0.0005	-3	9	11
7	0.0006	6	19	27
8	0.0007	7	22	19
9	0.0008	5	9	7
10	0.0009	18	16	15
11	0.0010	-4	-2	13
12	0.0011	9	18	23
13	0.0012	-3	14	11
14	0.0013	6	6	5
15	0.0014	18	11	11
16	0.0015	0	-7	11
17	0.0016	6	20	24
18	0.0017	-3	9	6
19	0.0018	2	10	5
20	0.0019	14	15	10
21	0.0020	1	6	13
22	0.0021	3	20	24
23	0.0022	-4	15	16
24	0.0023	0	19	5
25	0.0024	15	19	10
26	0.0025	0	6	9
27	0.0026	3	11	30
28	0.0027	0	14	20
29	0.0028	7	11	5
30	0.0029	13	19	15
31	0.0030	-6	-3	10
32	0.0031	5	15	31
33	0.0032	-4	13	19
34	0.0033	2	11	5
35	0.0034	16	15	14
36	0.0035	5	1	14
37	0.0036	10	19	32
38	0.0037	3	9	19
39	0.0038	3	13	6
40	0.0039	18	22	13
41	0.0040	6	10	13
42	0.0041	15	23	37
43	0.0042	6	23	24
44	0.0043	14	27	7
45	0.0044	18	22	16
46	0.0045	0	5	10
47	0.0046	16	23	37
48	0.0047	9	31	31
49	0.0048	10	18	13
50	0.0049	19	13	10
51	0.0050	9	7	14
52	0.0051	16	28	35
53	0.0052	9	22	20
54	0.0053	1	11	10
55	0.0054	9	6	7
56	0.0055	9	5	11
57	0.0056	18	23	35
58	0.0057	10	13	20
59	0.0058	0	2	0
60	0.0059	10	9	9
61	0.0060	0	18	24
62	0.0061	13	33	41
63	0.0062	6	18	19
64	0.0063	0	7	7
65	0.0064	20	23	6
66	0.0065	1	6	14
67	0.0066	16	28	37
68	0.0067	5	18	27
69	0.0068	6	15	13
70	0.0069	20	22	15
71	0.0070	2	-2	9
72	0.0071	11	16	31
73	0.0072	0	16	16
74	0.0073	5	15	6
75	0.0074	18	18	14
76	0.0075	5	3	19
77	0.0076	13	23	40
78	0.0077	3	24	24
79	0.0078	9	15	10
80	0.0079	14	24	13
81	0.0080	6	9	20
82	0.0081	13	27	40
83	0.0082	9	19	28
84	0.0083	11	19	11
85	0.0084	16	28	15
86	0.0085	9	14	18
87	0.0086	5	14	37
88	0.0087	10	22	26
89	0.0088	3	16	13
90	0.0089	15	22	16
91	0.0090	0	0	19
92	0.0091	10	13	28
93	0.0092	11	22	20
94	0.0093	7	19	15
95	0.0094	10	19	13
96	0.0095	0	2	7
97	0.0096	3	13	30
98	0.0097	9	15	31
99	0.0098	9	32	20
100	0.0099	13	31	15

电流增量数据 [1000Hz, 10点]
采样序号	时间(s)	A相电流(INT)	B相电流(INT)	C相电流(INT)
1	0.000	5	-406	6
2	0.001	29	-406	-11
3	0.002	60	566	-8
4	0.003	19	-1116	9
5	0.004	37	-983	14
6	0.005	21	-1048	18
7	0.006	12	-331	19
8	0.007	1	1683	5
9	0.008	14	-172	3
10	0.009	12	1651	3
================================================================================

=== 采集时间: 2025-12-05 15:11:09 (增量周期: 10.0ms) ===
振动增量数据 [等效10000Hz, 100点]
时序序号	时间(s)	X振动(INT)	Y振动(INT)	Z振动(INT)
1	0.0000	-2	14	18
2	0.0001	6	18	30
3	0.0002	9	22	24
4	0.0003	11	15	10
5	0.0004	14	19	14
6	0.0005	10	19	15
7	0.0006	7	10	30
8	0.0007	10	16	20
9	0.0008	6	13	7
10	0.0009	14	22	15
11	0.0010	2	13	13
12	0.0011	9	13	30
13	0.0012	9	9	19
14	0.0013	20	16	7
15	0.0014	18	26	15
16	0.0015	3	14	14
17	0.0016	3	15	31
18	0.0017	2	16	14
19	0.0018	3	9	5
20	0.0019	16	31	22
21	0.0020	9	22	20
22	0.0021	3	20	30
23	0.0022	7	13	19
24	0.0023	11	13	7
25	0.0024	19	27	22
26	0.0025	7	22	22
27	0.0026	3	16	30
28	0.0027	6	9	18
29	0.0028	10	13	6
30	0.0029	14	19	20
31	0.0030	5	15	16
32	0.0031	6	19	24
33	0.0032	7	9	13
34	0.0033	10	14	10
35	0.0034	16	19	18
36	0.0035	3	16	14
37	0.0036	11	7	27
38	0.0037	7	16	16
39	0.0038	15	30	13
40	0.0039	16	26	23
41	0.0040	5	13	16
42	0.0041	6	13	27
43	0.0042	6	30	19
44	0.0043	15	28	13
45	0.0044	22	28	24
46	0.0045	10	9	19
47	0.0046	10	22	32
48	0.0047	0	20	22
49	0.0048	15	26	6
50	0.0049	15	16	13
51	0.0050	3	3	14
52	0.0051	7	19	31
53	0.0052	3	24	22
54	0.0053	11	5	2
55	0.0054	9	3	3
56	0.0055	0	2	6
57	0.0056	-3	19	24
58	0.0057	-3	13	14
59	0.0058	0	7	-2
60	0.0059	13	10	9
61	0.0060	3	6	15
62	0.0061	3	26	30
63	0.0062	2	19	16
64	0.0063	3	14	3
65	0.0064	14	9	18
66	0.0065	1	16	19
67	0.0066	6	24	33
68	0.0067	5	16	16
69	0.0068	7	14	10
70	0.0069	11	13	15
71	0.0070	11	18	22
72	0.0071	13	15	30
73	0.0072	11	10	24
74	0.0073	3	13	10
75	0.0074	5	16	15
76	0.0075	2	19	20
77	0.0076	5	24	33
78	0.0077	2	9	18
79	0.0078	5	-3	5
80	0.0079	10	-2	18
81	0.0080	5	15	20
82	0.0081	16	33	33
83	0.0082	7	19	19
84	0.0083	6	-3	-3
85	0.0084	15	6	13
86	0.0085	5	14	22
87	0.0086	20	31	37
88	0.0087	5	15	19
89	0.0088	11	6	0
90	0.0089	13	7	16
91	0.0090	3	22	23
92	0.0091	18	28	33
93	0.0092	0	13	16
94	0.0093	9	11	7
95	0.0094	13	18	15
96	0.0095	5	19	18
97	0.0096	10	19	36
98	0.0097	3	13	22
99	0.0098	14	24	7
100	0.0099	9	16	16

电流增量数据 [1000Hz, 10点]
采样序号	时间(s)	A相电流(INT)	B相电流(INT)	C相电流(INT)
1	0.000	6	-182	9
2	0.001	-2	-1845	-5
3	0.002	61	-2200	6
4	0.003	-7	-1058	-3
5	0.004	5	-2615	0
6	0.005	39	649	2
7	0.006	22	-7	4
8	0.007	23	528	23
9	0.008	15	-1195	19
10	0.009	4	-1048	-12
================================================================================

=== 采集时间: 2025-12-05 15:11:09 (增量周期: 10.0ms) ===
振动增量数据 [等效10000Hz, 100点]
时序序号	时间(s)	X振动(INT)	Y振动(INT)	Z振动(INT)
1	0.0000	-3	10	16
2	0.0001	0	14	23
3	0.0002	0	13	10
4	0.0003	5	3	0
5	0.0004	9	9	18
6	0.0005	-6	14	20
7	0.0006	2	33	32
8	0.0007	-2	13	22
9	0.0008	7	7	0
10	0.0009	11	18	13
11	0.0010	-3	13	22
12	0.0011	0	23	39
13	0.0012	9	20	23
14	0.0013	14	13	1
15	0.0014	20	11	11
16	0.0015	-7	0	20
17	0.0016	7	27	27
18	0.0017	9	13	18
19	0.0018	18	7	0
20	0.0019	9	10	10
21	0.0020	1	11	13
22	0.0021	14	24	31
23	0.0022	14	14	20
24	0.0023	20	11	0
25	0.0024	15	11	13
26	0.0025	5	24	19
27	0.0026	9	32	30
28	0.0027	6	23	19
29	0.0028	10	14	-4
30	0.0029	13	16	19
31	0.0030	9	30	26
32	0.0031	15	31	36
33	0.0032	10	11	7
34	0.0033	6	-7	0
35	0.0034	10	6	7
36	0.0035	9	28	24
37	0.0036	10	26	35
38	0.0037	-3	-3	11
39	0.0038	3	-6	-4
40	0.0039	15	22	15
41	0.0040	6	19	22
42	0.0041	10	24	36
43	0.0042	-3	2	14
44	0.0043	6	10	3
45	0.0044	22	30	26
46	0.0045	9	20	27
47	0.0046	9	27	37
48	0.0047	1	13	16
49	0.0048	7	18	6
50	0.0049	16	23	19
51	0.0050	0	5	20
52	0.0051	6	19	39
53	0.0052	6	15	16
54	0.0053	2	3	-2
55	0.0054	5	9	9
56	0.0055	-6	2	19
57	0.0056	7	32	36
58	0.0057	13	26	30
59	0.0058	14	14	7
60	0.0059	20	18	16
61	0.0060	-2	6	23
62	0.0061	7	30	41
63	0.0062	7	31	27
64	0.0063	7	16	6
65	0.0064	15	18	6
66	0.0065	9	6	20
67	0.0066	14	27	37
68	0.0067	14	31	30
69	0.0068	6	14	-4
70	0.0069	13	5	-4
71	0.0070	-6	-4	6
72	0.0071	7	26	37
73	0.0072	18	33	39
74	0.0073	9	14	10
75	0.0074	15	0	0
76	0.0075	-10	-6	3
77	0.0076	2	30	35
78	0.0077	10	32	28
79	0.0078	13	15	10
80	0.0079	14	7	14
81	0.0080	-6	6	13
82	0.0081	5	33	37
83	0.0082	16	33	20
84	0.0083	16	16	9
85	0.0084	27	20	28
86	0.0085	1	5	22
87	0.0086	15	41	43
88	0.0087	15	33	27
89	0.0088	16	16	9
90	0.0089	26	23	19
91	0.0090	2	6	18
92	0.0091	16	27	36
93	0.0092	14	19	22
94	0.0093	13	10	10
95	0.0094	20	27	19
96	0.0095	2	5	20
97	0.0096	11	18	32
98	0.0097	13	23	27
99	0.0098	15	22	15
100	0.0099	20	33	23

电流增量数据 [1000Hz, 10点]
采样序号	时间(s)	A相电流(INT)	B相电流(INT)	C相电流(INT)
1	0.000	11	925	11
2	0.001	18	-1266	6
3	0.002	7	-1194	-4
4	0.003	22	-1262	6
5	0.004	-3	1128	19
6	0.005	12	822	11
7	0.006	-8	39	5
8	0.007	-2	988	18
9	0.008	33	-1054	-14
10	0.009	40	-881	3
================================================================================

=== 采集时间: 2025-12-05 15:11:09 (增量周期: 10.0ms) ===
振动增量数据 [等效10000Hz, 100点]
时序序号	时间(s)	X振动(INT)	Y振动(INT)	Z振动(INT)
1	0.0000	6	23	22
2	0.0001	6	27	28
3	0.0002	9	18	16
4	0.0003	10	13	3
5	0.0004	19	28	23
6	0.0005	6	9	24
7	0.0006	10	15	27
8	0.0007	3	19	14
9	0.0008	7	3	0
10	0.0009	18	18	19
11	0.0010	1	6	19
12	0.0011	2	11	31
13	0.0012	7	7	16
14	0.0013	11	7	2
15	0.0014	20	18	20
16	0.0015	5	7	23
17	0.0016	-2	13	28
18	0.0017	7	15	11
19	0.0018	2	9	5
20	0.0019	19	16	22
21	0.0020	3	16	23
22	0.0021	5	22	30
23	0.0022	3	20	15
24	0.0023	6	10	0
25	0.0024	11	19	22
26	0.0025	0	20	31
27	0.0026	2	27	31
28	0.0027	10	18	13
29	0.0028	14	9	7
30	0.0029	22	26	27
31	0.0030	0	16	30
32	0.0031	2	19	33
33	0.0032	5	16	9
34	0.0033	14	10	2
35	0.0034	14	19	20
36	0.0035	7	11	37
37	0.0036	2	15	32
38	0.0037	9	11	15
39	0.0038	2	3	-12
40	0.0039	13	19	18
41	0.0040	0	14	24
42	0.0041	14	27	32
43	0.0042	13	20	19
44	0.0043	3	3	2
45	0.0044	9	19	13
46	0.0045	3	24	23
47	0.0046	11	28	30
48	0.0047	20	23	20
49	0.0048	5	1	2
50	0.0049	14	19	20
51	0.0050	-2	20	20
52	0.0051	6	30	31
53	0.0052	5	2	15
54	0.0053	9	7	2
55	0.0054	20	31	27
56	0.0055	7	27	31
57	0.0056	10	30	33
58	0.0057	9	19	18
59	0.0058	10	6	9
60	0.0059	19	31	28
61	0.0060	7	26	30
62	0.0061	13	30	39
63	0.0062	11	16	24
64	0.0063	15	10	6
65	0.0064	27	32	20
66	0.0065	2	13	30
67	0.0066	5	19	35
68	0.0067	9	19	22
69	0.0068	15	15	14
70	0.0069	22	18	22
71	0.0070	13	11	27
72	0.0071	10	19	36
73	0.0072	13	26	22
74	0.0073	11	10	7
75	0.0074	15	19	20
76	0.0075	0	7	20
77	0.0076	1	30	31
78	0.0077	9	30	23
79	0.0078	9	15	10
80	0.0079	20	15	19
81	0.0080	1	3	14
82	0.0081	3	27	33
83	0.0082	9	37	26
84	0.0083	10	10	5
85	0.0084	23	13	20
86	0.0085	0	-10	13
87	0.0086	2	24	36
88	0.0087	9	30	24
89	0.0088	11	13	7
90	0.0089	27	9	20
91	0.0090	5	1	22
92	0.0091	7	27	37
93	0.0092	9	11	20
94	0.0093	10	9	3
95	0.0094	28	19	27
96	0.0095	5	11	23
97	0.0096	15	31	32
98	0.0097	1	16	13
99	0.0098	2	6	1
100	0.0099	18	24	22

电流增量数据 [1000Hz, 10点]
采样序号	时间(s)	A相电流(INT)	B相电流(INT)	C相电流(INT)
1	0.000	7	-1434	20
2	0.001	21	1738	12
3	0.002	4	257	1
4	0.003	63	-113	6
5	0.004	0	410	4
6	0.005	-6	444	13
7	0.006	23	-1060	-5
8	0.007	-4	-2125	9
9	0.008	6	-140	18
10	0.009	6	570	-12
================================================================================

=== 采集时间: 2025-12-05 15:11:10 (增量周期: 10.0ms) ===
振动增量数据 [等效10000Hz, 100点]
时序序号	时间(s)	X振动(INT)	Y振动(INT)	Z振动(INT)
1	0.0000	9	11	28
2	0.0001	23	27	33
3	0.0002	20	24	19
4	0.0003	9	15	10
5	0.0004	15	19	26
6	0.0005	3	6	22
7	0.0006	13	27	27
8	0.0007	13	23	23
9	0.0008	14	13	5
10	0.0009	11	19	20
11	0.0010	9	18	26
12	0.0011	18	26	26
13	0.0012	16	19	20
14	0.0013	2	10	9
15	0.0014	16	30	28
16	0.0015	11	18	20
17	0.0016	14	28	30
18	0.0017	13	22	20
19	0.0018	1	13	7
20	0.0019	20	35	33
21	0.0020	11	18	23
22	0.0021	20	31	30
23	0.0022	9	9	16
24	0.0023	1	2	6
25	0.0024	19	23	24
26	0.0025	14	26	26
27	0.0026	15	16	27
28	0.0027	10	11	13
29	0.0028	6	6	6
30	0.0029	13	26	27
31	0.0030	9	11	19
32	0.0031	11	16	20
33	0.0032	10	13	18
34	0.0033	15	18	5
35	0.0034	19	37	28
36	0.0035	1	18	22
37	0.0036	1	11	22
38	0.0037	5	24	16
39	0.0038	13	23	13
40	0.0039	16	23	22
41	0.0040	7	5	22
42	0.0041	2	0	24
43	0.0042	15	22	16
44	0.0043	15	22	7
45	0.0044	10	13	20
46	0.0045	-7	-11	18
47	0.0046	3	3	19
48	0.0047	14	31	15
49	0.0048	10	15	5
50	0.0049	18	7	19
51	0.0050	-2	-2	19
52	0.0051	6	19	24
53	0.0052	13	23	18
54	0.0053	5	10	2
55	0.0054	7	9	22
56	0.0055	-6	-2	18
57	0.0056	14	14	26
58	0.0057	18	22	16
59	0.0058	14	9	11
60	0.0059	11	15	22
61	0.0060	-2	9	23
62	0.0061	5	20	28
63	0.0062	13	19	16
64	0.0063	13	16	11
65	0.0064	14	24	18
66	0.0065	9	13	23
67	0.0066	14	33	30
68	0.0067	16	23	15
69	0.0068	3	23	1
70	0.0069	11	19	20
71	0.0070	2	19	16
72	0.0071	13	22	31
73	0.0072	19	20	26
74	0.0073	15	19	22
75	0.0074	14	19	16
76	0.0075	-4	10	13
77	0.0076	3	14	20
78	0.0077	9	18	15
79	0.0078	13	18	16
80	0.0079	18	26	40
81	0.0080	-7	6	23
82	0.0081	9	7	15
83	0.0082	5	11	3
84	0.0083	11	15	1
85	0.0084	18	30	28
86	0.0085	-2	13	27
87	0.0086	-3	6	32
88	0.0087	3	15	14
89	0.0088	13	23	3
90	0.0089	19	28	22
91	0.0090	10	6	20
92	0.0091	0	5	24
93	0.0092	5	18	14
94	0.0093	1	18	2
95	0.0094	10	19	20
96	0.0095	-6	2	10
97	0.0096	-6	14	22
98	0.0097	9	15	15
99	0.0098	14	15	6
100	0.0099	22	14	24

电流增量数据 [1000Hz, 10点]
采样序号	时间(s)	A相电流(INT)	B相电流(INT)	C相电流(INT)
1	0.000	20	-1207	-10
2	0.001	4	-1963	-6
3	0.002	4	-70	18
4	0.003	9	382	1
5	0.004	5	213	5
6	0.005	29	-3448	3
7	0.006	27	-1064	-21
8	0.007	0	-1479	-22
9	0.008	-13	-1567	9
10	0.009	-3	-1134	6
================================================================================

=== 采集时间: 2025-12-05 15:11:10 (增量周期: 10.0ms) ===
振动增量数据 [等效10000Hz, 100点]
时序序号	时间(s)	X振动(INT)	Y振动(INT)	Z振动(INT)
1	0.0000	7	19	26
2	0.0001	13	26	24
3	0.0002	3	14	11
4	0.0003	3	14	2
5	0.0004	14	27	26
6	0.0005	0	10	20
7	0.0006	2	13	20
8	0.0007	14	14	5
9	0.0008	9	7	3
10	0.0009	22	18	23
11	0.0010	3	7	23
12	0.0011	6	19	31
13	0.0012	11	20	14
14	0.0013	9	19	3
15	0.0014	18	26	36
16	0.0015	1	11	28
17	0.0016	14	30	32
18	0.0017	23	23	20
19	0.0018	14	18	3
20	0.0019	23	30	31
21	0.0020	-4	13	27
22	0.0021	7	28	32
23	0.0022	16	32	20
24	0.0023	18	16	13
25	0.0024	23	28	39
26	0.0025	6	13	33
27	0.0026	15	28	30
28	0.0027	11	22	11
29	0.0028	14	9	2
30	0.0029	14	15	31
31	0.0030	0	14	37
32	0.0031	13	30	35
33	0.0032	13	23	14
34	0.0033	10	0	-3
35	0.0034	11	10	15
36	0.0035	2	7	23
37	0.0036	11	32	33
38	0.0037	13	24	19
39	0.0038	2	5	0
40	0.0039	6	10	19
41	0.0040	3	18	28
42	0.0041	16	37	36
43	0.0042	20	20	18
44	0.0043	6	1	1
45	0.0044	16	14	28
46	0.0045	2	24	32
47	0.0046	5	32	33
48	0.0047	10	19	20
49	0.0048	1	3	3
50	0.0049	19	20	28
51	0.0050	6	19	31
52	0.0051	15	18	28
53	0.0052	9	9	10
54	0.0053	2	2	2
55	0.0054	16	23	26
56	0.0055	3	13	23
57	0.0056	9	18	27
58	0.0057	11	14	15
59	0.0058	6	13	2
60	0.0059	15	27	20
61	0.0060	11	9	22
62	0.0061	11	28	32
63	0.0062	13	24	16
64	0.0063	7	7	0
65	0.0064	13	9	16
66	0.0065	9	6	19
67	0.0066	15	27	32
68	0.0067	20	24	31
69	0.0068	15	9	5
70	0.0069	19	18	20
71	0.0070	2	9	19
72	0.0071	1	19	28
73	0.0072	9	28	15
74	0.0073	2	14	10
75	0.0074	20	18	27
76	0.0075	11	9	20
77	0.0076	10	18	28
78	0.0077	7	31	24
79	0.0078	10	28	9
80	0.0079	19	19	14
81	0.0080	-3	-8	11
82	0.0081	5	3	18
83	0.0082	11	30	26
84	0.0083	15	27	16
85	0.0084	22	14	16
86	0.0085	0	-16	3
87	0.0086	0	5	20
88	0.0087	2	30	20
89	0.0088	11	23	16
90	0.0089	13	3	16
91	0.0090	-3	-8	19
92	0.0091	9	18	28
93	0.0092	15	33	23
94	0.0093	14	27	7
95	0.0094	3	0	10
96	0.0095	-2	7	24
97	0.0096	7	27	31
98	0.0097	19	47	31
99	0.0098	23	19	13
100	0.0099	10	1	15

电流增量数据 [1000Hz, 10点]
采样序号	时间(s)	A相电流(INT)	B相电流(INT)	C相电流(INT)
1	0.000	23	-600	9
2	0.001	31	-331	-10
3	0.002	41	-1351	-8
4	0.003	28	-1623	15
5	0.004	5	0	-22
6	0.005	15	334	6
7	0.006	21	400	-4
8	0.007	25	-3563	-7
9	0.008	-33	-955	-16
10	0.009	21	-1617	-7
================================================================================

=== 采集时间: 2025-12-05 15:11:10 (增量周期: 10.0ms) ===
振动增量数据 [等效10000Hz, 100点]
时序序号	时间(s)	X振动(INT)	Y振动(INT)	Z振动(INT)
1	0.0000	5	18	27
2	0.0001	5	16	22
3	0.0002	14	15	11
4	0.0003	15	11	7
5	0.0004	9	18	27
6	0.0005	5	16	27
7	0.0006	0	9	23
8	0.0007	5	14	1
9	0.0008	11	3	3
10	0.0009	10	13	26
11	0.0010	5	10	30
12	0.0011	3	13	23
13	0.0012	14	26	13
14	0.0013	7	15	0
15	0.0014	6	18	27
16	0.0015	-4	9	26
17	0.0016	5	16	20
18	0.0017	20	31	14
19	0.0018	11	9	6
20	0.0019	9	20	32
21	0.0020	0	31	39
22	0.0021	9	30	24
23	0.0022	24	26	14
24	0.0023	9	6	9
25	0.0024	13	10	35
26	0.0025	9	26	36
27	0.0026	15	23	33
28	0.0027	20	14	10
29	0.0028	9	-2	0
30	0.0029	5	13	24
31	0.0030	-3	22	28
32	0.0031	11	23	31
33	0.0032	16	14	15
34	0.0033	19	7	6
35	0.0034	20	19	28
36	0.0035	7	31	35
37	0.0036	10	22	23
38	0.0037	14	20	10
39	0.0038	5	14	13
40	0.0039	15	28	37
41	0.0040	10	35	40
42	0.0041	14	23	28
43	0.0042	20	19	16
44	0.0043	11	9	3
45	0.0044	16	22	31
46	0.0045	9	19	27
47	0.0046	3	15	30
48	0.0047	11	15	19
49	0.0048	10	7	5
50	0.0049	15	26	24
51	0.0050	3	13	20
52	0.0051	13	7	19
53	0.0052	18	16	13
54	0.0053	14	18	7
55	0.0054	19	27	31
56	0.0055	-2	18	20
57	0.0056	3	15	16
58	0.0057	13	19	11
59	0.0058	15	19	11
60	0.0059	19	30	37
61	0.0060	3	1	22
62	0.0061	5	19	20
63	0.0062	11	24	13
64	0.0063	-2	9	6
65	0.0064	9	10	26
66	0.0065	-2	13	20
67	0.0066	16	27	19
68	0.0067	20	20	23
69	0.0068	11	18	19
70	0.0069	15	19	22
71	0.0070	-7	16	16
72	0.0071	6	19	18
73	0.0072	11	15	14
74	0.0073	14	16	20
75	0.0074	23	28	43
76	0.0075	2	14	23
77	0.0076	7	19	14
78	0.0077	9	9	3
79	0.0078	2	3	6
80	0.0079	23	30	37
81	0.0080	9	18	35
82	0.0081	10	27	32
83	0.0082	15	6	9
84	0.0083	2	7	-6
85	0.0084	22	31	23
86	0.0085	-2	13	24
87	0.0086	5	24	31
88	0.0087	11	15	16
89	0.0088	5	22	5
90	0.0089	23	33	33
91	0.0090	9	15	22
92	0.0091	15	18	16
93	0.0092	15	16	13
94	0.0093	3	7	2
95	0.0094	18	35	28
96	0.0095	-4	1	20
97	0.0096	6	23	15
98	0.0097	11	19	9
99	0.0098	15	19	7
100	0.0099	19	22	23

电流增量数据 [1000Hz, 10点]
采样序号	时间(s)	A相电流(INT)	B相电流(INT)	C相电流(INT)
1	0.000	24	213	6
2	0.001	-3	-919	-8
3	0.002	16	-306	-3
4	0.003	22	-1443	-12
5	0.004	37	-1374	-2
6	0.005	11	-120	-3
7	0.006	-26	400	3
8	0.007	-4	526	4
9	0.008	2	-3668	-6
10	0.009	-39	-742	6
================================================================================

=== 采集时间: 2025-12-05 15:11:11 (增量周期: 10.0ms) ===
振动增量数据 [等效10000Hz, 100点]
时序序号	时间(s)	X振动(INT)	Y振动(INT)	Z振动(INT)
1	0.0000	7	-2	11
2	0.0001	9	13	14
3	0.0002	16	40	24
4	0.0003	13	19	11
5	0.0004	9	6	15
6	0.0005	-6	-2	13
7	0.0006	3	19	24
8	0.0007	26	50	26
9	0.0008	18	23	14
10	0.0009	14	1	19
11	0.0010	-4	1	15
12	0.0011	3	33	27
13	0.0012	14	41	20
14	0.0013	11	14	13
15	0.0014	19	3	28
16	0.0015	1	2	19
17	0.0016	13	30	23
18	0.0017	10	30	18
19	0.0018	14	11	6
20	0.0019	20	9	23
21	0.0020	3	0	22
22	0.0021	13	19	22
23	0.0022	10	19	16
24	0.0023	6	13	7
25	0.0024	14	23	26
26	0.0025	2	6	16
27	0.0026	2	10	16
28	0.0027	6	26	22
29	0.0028	7	26	11
30	0.0029	15	26	30
31	0.0030	-3	6	11
32	0.0031	-3	6	11
33	0.0032	6	20	16
34	0.0033	13	30	18
35	0.0034	19	30	31
36	0.0035	0	1	20
37	0.0036	-2	-3	9
38	0.0037	5	10	19
39	0.0038	16	28	20
40	0.0039	27	26	36
41	0.0040	2	5	18
42	0.0041	7	0	16
43	0.0042	2	19	13
44	0.0043	14	23	19
45	0.0044	15	22	28
46	0.0045	3	2	22
47	0.0046	14	14	14
48	0.0047	9	19	15
49	0.0048	14	32	20
50	0.0049	16	22	32
51	0.0050	2	11	20
52	0.0051	5	22	19
53	0.0052	5	19	13
54	0.0053	15	24	14
55	0.0054	13	13	27
56	0.0055	7	7	22
57	0.0056	9	15	19
58	0.0057	7	19	10
59	0.0058	5	10	6
60	0.0059	5	5	23
61	0.0060	5	7	27
62	0.0061	10	24	30
63	0.0062	19	32	23
64	0.0063	9	19	13
65	0.0064	14	15	27
66	0.0065	0	3	16
67	0.0066	9	22	22
68	0.0067	14	24	13
69	0.0068	5	3	6
70	0.0069	11	6	16
71	0.0070	-7	1	9
72	0.0071	11	9	13
73	0.0072	7	11	9
74	0.0073	5	11	6
75	0.0074	7	13	30
76	0.0075	-2	6	20
77	0.0076	3	18	16
78	0.0077	11	18	9
79	0.0078	9	15	13
80	0.0079	14	23	37
81	0.0080	6	16	26
82	0.0081	1	22	19
83	0.0082	3	16	14
84	0.0083	2	16	6
85	0.0084	15	26	26
86	0.0085	9	9	28
87	0.0086	10	14	27
88	0.0087	6	13	14
89	0.0088	6	11	5
90	0.0089	11	20	20
91	0.0090	0	7	15
92	0.0091	3	18	11
93	0.0092	6	13	18
94	0.0093	3	16	11
95	0.0094	16	24	30
96	0.0095	0	5	15
97	0.0096	10	7	7
98	0.0097	9	14	9
99	0.0098	3	18	7
100	0.0099	10	24	35

电流增量数据 [1000Hz, 10点]
采样序号	时间(s)	A相电流(INT)	B相电流(INT)	C相电流(INT)
1	0.000	12	-7	-7
2	0.001	-3	154	0
3	0.002	-12	563	-6
4	0.003	43	-3487	-11
5	0.004	73	-461	4
6	0.005	-4	-1910	-20
7	0.006	33	-538	7
8	0.007	42	-832	-4
9	0.008	4	27	11
10	0.009	21	-286	-8
================================================================================

=== 采集时间: 2025-12-05 15:11:11 (增量周期: 10.0ms) ===
振动增量数据 [等效10000Hz, 100点]
时序序号	时间(s)	X振动(INT)	Y振动(INT)	Z振动(INT)
1	0.0000	9	13	26
2	0.0001	9	23	18
3	0.0002	19	28	15
4	0.0003	1	15	9
5	0.0004	13	16	32
6	0.0005	2	14	26
7	0.0006	11	19	24
8	0.0007	24	37	26
9	0.0008	10	23	10
10	0.0009	13	11	20
11	0.0010	1	5	19
12	0.0011	15	13	16
13	0.0012	15	22	18
14	0.0013	13	15	14
15	0.0014	20	13	22
16	0.0015	2	9	16
17	0.0016	11	18	23
18	0.0017	6	24	11
19	0.0018	10	14	5
20	0.0019	10	3	22
21	0.0020	6	11	31
22	0.0021	22	26	24
23	0.0022	19	27	14
24	0.0023	9	10	-2
25	0.0024	9	9	22
26	0.0025	-4	19	27
27	0.0026	13	30	28
28	0.0027	13	27	19
29	0.0028	14	9	7
30	0.0029	15	10	27
31	0.0030	6	13	19
32	0.0031	6	20	18
33	0.0032	15	18	13
34	0.0033	10	14	6
35	0.0034	11	16	33
36	0.0035	0	9	27
37	0.0036	7	13	15
38	0.0037	22	22	15
39	0.0038	14	11	10
40	0.0039	14	9	27
41	0.0040	1	11	20
42	0.0041	1	14	26
43	0.0042	10	24	22
44	0.0043	2	18	14
45	0.0044	7	10	20
46	0.0045	0	3	11
47	0.0046	7	16	18
48	0.0047	19	30	22
49	0.0048	6	18	14
50	0.0049	5	14	20
51	0.0050	-6	6	16
52	0.0051	2	24	18
53	0.0052	11	27	11
54	0.0053	15	11	14
55	0.0054	13	10	26
56	0.0055	0	13	23
57	0.0056	6	22	24
58	0.0057	9	27	18
59	0.0058	2	5	6
60	0.0059	14	15	27
61	0.0060	-7	7	18
62	0.0061	7	9	14
63	0.0062	15	27	20
64	0.0063	19	24	16
65	0.0064	18	23	31
66	0.0065	-6	9	20
67	0.0066	2	15	14
68	0.0067	1	15	14
69	0.0068	14	19	11
70	0.0069	11	13	26
71	0.0070	2	7	19
72	0.0071	9	7	14
73	0.0072	7	19	15
74	0.0073	15	18	6
75	0.0074	10	7	16
76	0.0075	-3	5	16
77	0.0076	7	22	20
78	0.0077	11	26	15
79	0.0078	15	19	14
80	0.0079	10	10	27
81	0.0080	1	15	16
82	0.0081	3	19	16
83	0.0082	3	14	6
84	0.0083	5	11	2
85	0.0084	0	9	31
86	0.0085	5	15	20
87	0.0086	7	13	9
88	0.0087	13	13	7
89	0.0088	-2	3	-2
90	0.0089	1	-2	19
91	0.0090	-6	6	16
92	0.0091	-7	6	14
93	0.0092	11	15	6
94	0.0093	5	6	-2
95	0.0094	11	6	27
96	0.0095	0	3	11
97	0.0096	0	10	11
98	0.0097	10	23	10
99	0.0098	3	18	13
100	0.0099	13	22	33

电流增量数据 [1000Hz, 10点]
采样序号	时间(s)	A相电流(INT)	B相电流(INT)	C相电流(INT)
1	0.000	27	120	6
2	0.001	-11	148	3
3	0.002	13	622	7
4	0.003	16	-3428	-13
5	0.004	14	-480	-7
6	0.005	2	-2280	-30
7	0.006	-7	-178	-6
8	0.007	16	-738	1
9	0.008	-33	19	12
10	0.009	16	-479	0
================================================================================

=== 采集时间: 2025-12-05 15:11:12 (增量周期: 10.0ms) ===
振动增量数据 [等效10000Hz, 100点]
时序序号	时间(s)	X振动(INT)	Y振动(INT)	Z振动(INT)
1	0.0000	6	14	26
2	0.0001	9	20	19
3	0.0002	18	23	18
4	0.0003	10	11	14
5	0.0004	15	19	36
6	0.0005	11	13	24
7	0.0006	6	11	16
8	0.0007	15	27	20
9	0.0008	2	16	14
10	0.0009	15	30	37
11	0.0010	3	13	20
12	0.0011	9	9	7
13	0.0012	20	23	16
14	0.0013	9	18	16
15	0.0014	19	28	40
16	0.0015	1	19	28
17	0.0016	2	15	15
18	0.0017	14	23	14
19	0.0018	5	9	11
20	0.0019	14	16	32
21	0.0020	0	16	26
22	0.0021	14	9	18
23	0.0022	22	13	7
24	0.0023	13	10	10
25	0.0024	7	23	28
26	0.0025	3	19	20
27	0.0026	2	7	11
28	0.0027	16	7	11
29	0.0028	15	15	16
30	0.0029	23	33	31
31	0.0030	6	24	24
32	0.0031	9	13	16
33	0.0032	11	20	10
34	0.0033	9	16	11
35	0.0034	9	31	36
36	0.0035	3	19	32
37	0.0036	5	19	14
38	0.0037	16	19	9
39	0.0038	14	7	6
40	0.0039	11	18	33
41	0.0040	3	16	27
42	0.0041	2	20	19
43	0.0042	14	20	20
44	0.0043	3	7	14
45	0.0044	13	10	32
46	0.0045	0	18	22
47	0.0046	9	19	18
48	0.0047	16	18	11
49	0.0048	10	5	10
50	0.0049	11	15	37
51	0.0050	5	16	28
52	0.0051	7	15	16
53	0.0052	14	19	15
54	0.0053	3	6	7
55	0.0054	7	15	28
56	0.0055	0	9	13
57	0.0056	5	13	15
58	0.0057	13	20	13
59	0.0058	7	13	9
60	0.0059	7	22	28
61	0.0060	1	13	20
62	0.0061	1	15	13
63	0.0062	9	13	3
64	0.0063	9	15	13
65	0.0064	13	28	37
66	0.0065	3	23	24
67	0.0066	5	19	11
68	0.0067	3	19	10
69	0.0068	-2	-7	5
70	0.0069	14	19	31
71	0.0070	11	31	32
72	0.0071	13	22	22
73	0.0072	14	19	13
74	0.0073	9	-2	5
75	0.0074	7	19	26
76	0.0075	6	24	28
77	0.0076	5	16	16
78	0.0077	6	15	15
79	0.0078	15	9	9
80	0.0079	10	22	31
81	0.0080	9	24	26
82	0.0081	1	3	6
83	0.0082	7	10	0
84	0.0083	0	3	9
85	0.0084	1	24	37
86	0.0085	9	30	23
87	0.0086	0	5	11
88	0.0087	15	16	5
89	0.0088	11	11	0
90	0.0089	11	14	28
91	0.0090	2	13	19
92	0.0091	-3	6	10
93	0.0092	14	28	7
94	0.0093	3	11	6
95	0.0094	14	14	22
96	0.0095	9	16	19
97	0.0096	1	1	6
98	0.0097	15	26	10
99	0.0098	-3	-3	1
100	0.0099	7	9	26

电流增量数据 [1000Hz, 10点]
采样序号	时间(s)	A相电流(INT)	B相电流(INT)	C相电流(INT)
1	0.000	-16	-769	3
2	0.001	7	334	-2
3	0.002	22	82	-12
4	0.003	18	393	-4
5	0.004	-5	-3446	-26
6	0.005	-24	-364	-16
7	0.006	22	-2600	-26
8	0.007	-7	-197	-11
9	0.008	-19	-770	-8
10	0.009	19	118	-4
================================================================================

=== 采集时间: 2025-12-05 15:11:12 (增量周期: 10.0ms) ===
振动增量数据 [等效10000Hz, 100点]
时序序号	时间(s)	X振动(INT)	Y振动(INT)	Z振动(INT)
1	0.0000	-7	19	16
2	0.0001	15	22	11
3	0.0002	23	15	10
4	0.0003	7	10	13
5	0.0004	10	33	37
6	0.0005	-4	24	27
7	0.0006	11	22	10
8	0.0007	20	16	11
9	0.0008	-4	2	7
10	0.0009	7	20	27
11	0.0010	-3	22	23
12	0.0011	14	10	14
13	0.0012	23	10	11
14	0.0013	3	3	10
15	0.0014	9	28	30
16	0.0015	5	13	22
17	0.0016	10	13	14
18	0.0017	16	6	11
19	0.0018	11	15	18
20	0.0019	11	33	31
21	0.0020	5	14	18
22	0.0021	9	16	9
23	0.0022	19	20	14
24	0.0023	6	26	22
25	0.0024	22	50	40
26	0.0025	1	19	27
27	0.0026	3	9	7
28	0.0027	20	10	5
29	0.0028	5	22	10
30	0.0029	19	35	36
31	0.0030	2	10	20
32	0.0031	3	6	7
33	0.0032	11	9	7
34	0.0033	9	15	14
35	0.0034	15	39	33
36	0.0035	-3	3	16
37	0.0036	6	11	2
38	0.0037	15	9	16
39	0.0038	11	14	18
40	0.0039	11	30	41
41	0.0040	-11	14	22
42	0.0041	-2	14	2
43	0.0042	13	15	9
44	0.0043	9	10	19
45	0.0044	16	27	35
46	0.0045	1	13	26
47	0.0046	2	15	9
48	0.0047	9	14	2
49	0.0048	0	10	6
50	0.0049	2	24	33
51	0.0050	2	13	18
52	0.0051	9	13	16
53	0.0052	16	16	16
54	0.0053	14	26	20
55	0.0054	11	30	35
56	0.0055	3	13	20
57	0.0056	1	13	2
58	0.0057	20	20	13
59	0.0058	13	16	16
60	0.0059	19	28	43
61	0.0060	5	15	27
62	0.0061	14	14	10
63	0.0062	24	22	16
64	0.0063	14	16	16
65	0.0064	15	28	37
66	0.0065	2	14	23
67	0.0066	3	7	14
68	0.0067	18	19	14
69	0.0068	10	15	15
70	0.0069	19	24	31
71	0.0070	3	2	20
72	0.0071	-4	6	6
73	0.0072	9	22	15
74	0.0073	-2	19	13
75	0.0074	9	26	32
76	0.0075	-2	6	18
77	0.0076	7	19	9
78	0.0077	16	24	14
79	0.0078	10	13	10
80	0.0079	11	13	26
81	0.0080	-8	6	19
82	0.0081	1	19	11
83	0.0082	10	22	14
84	0.0083	9	5	10
85	0.0084	11	6	22
86	0.0085	-3	3	20
87	0.0086	-6	13	5
88	0.0087	10	15	5
89	0.0088	5	0	7
90	0.0089	7	3	33
91	0.0090	0	6	23
92	0.0091	1	16	11
93	0.0092	9	15	9
94	0.0093	6	6	11
95	0.0094	13	16	33
96	0.0095	3	16	22
97	0.0096	5	19	19
98	0.0097	14	24	14
99	0.0098	6	13	14
100	0.0099	13	23	37

电流增量数据 [1000Hz, 10点]
采样序号	时间(s)	A相电流(INT)	B相电流(INT)	C相电流(INT)
1	0.000	0	396	-15
2	0.001	13	259	-10
3	0.002	24	657	-8
4	0.003	-21	-3214	-16
5	0.004	19	-287	-5
6	0.005	-21	-2819	-21
7	0.006	16	-210	6
8	0.007	-4	-638	-4
9	0.008	-4	289	-10
10	0.009	24	-397	-6
================================================================================

=== 采集时间: 2025-12-05 15:11:12 (增量周期: 10.0ms) ===
振动增量数据 [等效10000Hz, 100点]
时序序号	时间(s)	X振动(INT)	Y振动(INT)	Z振动(INT)
1	0.0000	0	7	18
2	0.0001	15	30	18
3	0.0002	23	19	20
4	0.0003	0	3	13
5	0.0004	2	13	24
6	0.0005	-6	20	20
7	0.0006	11	39	19
8	0.0007	19	16	22
9	0.0008	6	-2	15
10	0.0009	13	11	28
11	0.0010	3	23	27
12	0.0011	9	33	14
13	0.0012	14	2	10
14	0.0013	0	0	6
15	0.0014	7	19	31
16	0.0015	2	23	26
17	0.0016	13	27	7
18	0.0017	14	-2	10
19	0.0018	9	5	6
20	0.0019	18	19	31
21	0.0020	6	22	24
22	0.0021	9	19	13
23	0.0022	1	6	7
24	0.0023	9	14	20
25	0.0024	11	27	32
26	0.0025	6	19	22
27	0.0026	3	15	10
28	0.0027	13	19	14
29	0.0028	9	22	22
30	0.0029	18	23	41
31	0.0030	2	15	20
32	0.0031	-2	14	2
33	0.0032	10	16	14
34	0.0033	6	15	13
35	0.0034	11	15	32
36	0.0035	6	10	26
37	0.0036	9	15	7
38	0.0037	15	20	7
39	0.0038	16	16	14
40	0.0039	7	19	41
41	0.0040	6	11	22
42	0.0041	10	27	10
43	0.0042	23	20	15
44	0.0043	11	10	13
45	0.0044	11	24	36
46	0.0045	14	31	28
47	0.0046	16	31	14
48	0.0047	23	30	20
49	0.0048	5	6	16
50	0.0049	10	15	35
51	0.0050	16	30	31
52	0.0051	22	41	18
53	0.0052	31	37	19
54	0.0053	6	7	20
55	0.0054	13	13	31
56	0.0055	11	26	30
57	0.0056	23	37	18
58	0.0057	24	24	24
59	0.0058	6	-3	15
60	0.0059	18	23	36
61	0.0060	9	26	32
62	0.0061	20	40	24
63	0.0062	20	31	26
64	0.0063	5	9	10
65	0.0064	14	19	28
66	0.0065	13	26	23
67	0.0066	24	32	18
68	0.0067	26	23	16
69	0.0068	7	0	11
70	0.0069	10	19	32
71	0.0070	3	15	18
72	0.0071	15	23	10
73	0.0072	11	14	10
74	0.0073	2	1	6
75	0.0074	11	9	28
76	0.0075	10	18	24
77	0.0076	13	26	14
78	0.0077	14	19	14
79	0.0078	-2	1	3
80	0.0079	10	23	27
81	0.0080	7	19	23
82	0.0081	10	23	15
83	0.0082	14	22	16
84	0.0083	1	11	11
85	0.0084	10	16	24
86	0.0085	2	18	23
87	0.0086	9	19	11
88	0.0087	16	24	15
89	0.0088	13	11	14
90	0.0089	11	13	30
91	0.0090	1	13	28
92	0.0091	9	11	14
93	0.0092	15	18	14
94	0.0093	3	5	6
95	0.0094	10	16	35
96	0.0095	6	14	31
97	0.0096	10	15	10
98	0.0097	19	26	14
99	0.0098	0	5	14
100	0.0099	2	20	30

电流增量数据 [1000Hz, 10点]
采样序号	时间(s)	A相电流(INT)	B相电流(INT)	C相电流(INT)
1	0.000	-16	2196	-15
2	0.001	-8	-113	-7
3	0.002	3	1531	13
4	0.003	-2	-865	-12
5	0.004	-17	-215	-20
6	0.005	0	-1285	-29
7	0.006	19	-602	2
8	0.007	-6	393	-16
9	0.008	-24	440	-5
10	0.009	-17	616	-19
================================================================================

=== 采集时间: 2025-12-05 15:11:13 (增量周期: 10.0ms) ===
振动增量数据 [等效10000Hz, 100点]
时序序号	时间(s)	X振动(INT)	Y振动(INT)	Z振动(INT)
1	0.0000	2	13	22
2	0.0001	7	15	2
3	0.0002	19	22	15
4	0.0003	2	6	13
5	0.0004	9	19	33
6	0.0005	3	19	16
7	0.0006	15	9	10
8	0.0007	16	18	15
9	0.0008	7	10	20
10	0.0009	9	27	37
11	0.0010	3	14	20
12	0.0011	15	18	5
13	0.0012	20	26	19
14	0.0013	9	11	26
15	0.0014	11	33	41
16	0.0015	15	30	20
17	0.0016	11	15	6
18	0.0017	20	18	16
19	0.0018	3	3	14
20	0.0019	15	43	46
21	0.0020	13	39	32
22	0.0021	11	14	7
23	0.0022	15	3	11
24	0.0023	9	3	19
25	0.0024	9	37	44
26	0.0025	24	40	35
27	0.0026	7	2	5
28	0.0027	16	6	14
29	0.0028	0	3	18
30	0.0029	9	40	40
31	0.0030	13	26	24
32	0.0031	2	-4	3
33	0.0032	20	13	19
34	0.0033	10	13	23
35	0.0034	16	43	36
36	0.0035	13	16	19
37	0.0036	-3	-8	-4
38	0.0037	15	26	15
39	0.0038	5	24	27
40	0.0039	14	37	40
41	0.0040	13	14	20
42	0.0041	3	5	1
43	0.0042	15	24	14
44	0.0043	3	18	16
45	0.0044	15	30	32
46	0.0045	5	13	22
47	0.0046	5	3	13
48	0.0047	18	31	20
49	0.0048	5	6	13
50	0.0049	15	15	28
51	0.0050	2	6	16
52	0.0051	3	16	6
53	0.0052	19	31	18
54	0.0053	5	14	16
55	0.0054	9	15	32
56	0.0055	2	13	20
57	0.0056	10	19	10
58	0.0057	16	23	15
59	0.0058	9	7	22
60	0.0059	5	10	27
61	0.0060	6	16	22
62	0.0061	7	22	10
63	0.0062	19	22	16
64	0.0063	2	9	18
65	0.0064	13	18	37
66	0.0065	9	13	16
67	0.0066	9	15	5
68	0.0067	10	19	20
69	0.0068	-7	3	19
70	0.0069	9	27	33
71	0.0070	14	26	23
72	0.0071	9	20	10
73	0.0072	14	16	14
74	0.0073	1	3	14
75	0.0074	10	33	37
76	0.0075	9	27	26
77	0.0076	5	27	11
78	0.0077	13	10	13
79	0.0078	1	5	13
80	0.0079	19	31	43
81	0.0080	9	22	23
82	0.0081	5	13	7
83	0.0082	11	7	14
84	0.0083	1	2	15
85	0.0084	22	37	40
86	0.0085	7	19	22
87	0.0086	0	5	10
88	0.0087	13	11	9
89	0.0088	5	7	16
90	0.0089	19	33	37
91	0.0090	9	14	27
92	0.0091	10	14	13
93	0.0092	22	28	16
94	0.0093	11	20	16
95	0.0094	15	24	31
96	0.0095	0	2	14
97	0.0096	11	20	10
98	0.0097	28	41	19
99	0.0098	13	10	20
100	0.0099	15	11	31

电流增量数据 [1000Hz, 10点]
采样序号	时间(s)	A相电流(INT)	B相电流(INT)	C相电流(INT)
1	0.000	5	-816	-24
2	0.001	7	-298	-6
3	0.002	14	-1545	-14
4	0.003	-49	-409	-5
5	0.004	31	199	-19
6	0.005	18	141	-5
7	0.006	5	528	-16
8	0.007	19	-2807	-14
9	0.008	-40	-707	-5
10	0.009	-6	-2797	-31
================================================================================

=== 采集时间: 2025-12-05 15:11:13 (增量周期: 10.0ms) ===
振动增量数据 [等效10000Hz, 100点]
时序序号	时间(s)	X振动(INT)	Y振动(INT)	Z振动(INT)
1	0.0000	5	16	22
2	0.0001	7	10	10
3	0.0002	19	14	11
4	0.0003	10	16	9
5	0.0004	5	19	23
6	0.0005	5	16	20
7	0.0006	10	18	10
8	0.0007	15	18	16
9	0.0008	10	13	15
10	0.0009	0	13	26
11	0.0010	5	14	19
12	0.0011	14	19	11
13	0.0012	18	18	15
14	0.0013	5	18	23
15	0.0014	-3	18	31
16	0.0015	2	20	18
17	0.0016	13	15	7
18	0.0017	23	26	18
19	0.0018	5	15	23
20	0.0019	1	18	27
21	0.0020	6	18	10
22	0.0021	10	18	-3
23	0.0022	26	27	16
24	0.0023	11	7	23
25	0.0024	7	15	33
26	0.0025	9	14	15
27	0.0026	5	13	2
28	0.0027	15	20	20
29	0.0028	3	10	22
30	0.0029	14	23	39
31	0.0030	10	22	23
32	0.0031	9	16	13
33	0.0032	19	27	22
34	0.0033	0	10	13
35	0.0034	15	27	36
36	0.0035	16	26	24
37	0.0036	16	22	20
38	0.0037	20	23	19
39	0.0038	2	9	15
40	0.0039	9	31	37
41	0.0040	14	23	20
42	0.0041	10	14	9
43	0.0042	18	13	22
44	0.0043	10	14	28
45	0.0044	14	32	35
46	0.0045	9	19	22
47	0.0046	6	5	1
48	0.0047	20	14	22
49	0.0048	7	13	22
50	0.0049	15	32	43
51	0.0050	3	11	23
52	0.0051	6	6	5
53	0.0052	15	26	20
54	0.0053	7	16	24
55	0.0054	11	27	36
56	0.0055	7	13	27
57	0.0056	7	13	10
58	0.0057	18	31	23
59	0.0058	5	19	23
60	0.0059	10	23	31
61	0.0060	1	6	14
62	0.0061	10	15	2
63	0.0062	22	28	26
64	0.0063	9	10	23
65	0.0064	11	22	36
66	0.0065	1	16	20
67	0.0066	11	19	9
68	0.0067	26	28	19
69	0.0068	7	9	20
70	0.0069	7	19	40
71	0.0070	0	20	24
72	0.0071	9	22	2
73	0.0072	22	22	15
74	0.0073	5	9	22
75	0.0074	10	27	33
76	0.0075	11	19	19
77	0.0076	14	15	7
78	0.0077	19	6	6
79	0.0078	5	2	11
80	0.0079	-2	16	32
81	0.0080	1	19	16
82	0.0081	9	13	-3
83	0.0082	18	14	14
84	0.0083	5	6	16
85	0.0084	14	30	31
86	0.0085	9	22	20
87	0.0086	2	11	2
88	0.0087	11	14	18
89	0.0088	2	15	22
90	0.0089	13	41	41
91	0.0090	15	23	27
92	0.0091	1	6	3
93	0.0092	18	11	15
94	0.0093	3	13	24
95	0.0094	22	32	44
96	0.0095	13	16	23
97	0.0096	2	7	5
98	0.0097	14	9	18
99	0.0098	5	13	20
100	0.0099	18	26	33

电流增量数据 [1000Hz, 10点]
采样序号	时间(s)	A相电流(INT)	B相电流(INT)	C相电流(INT)
1	0.000	4	-85	-15
2	0.001	41	1531	-2
3	0.002	16	-946	-14
4	0.003	-28	-37	-19
5	0.004	-5	-1094	-20
6	0.005	-19	-313	-8
7	0.006	-3	334	-20
8	0.007	25	158	-17
9	0.008	-12	296	-25
10	0.009	69	-2938	-15
================================================================================

=== 采集时间: 2025-12-05 15:11:14 (增量周期: 10.0ms) ===
振动增量数据 [等效10000Hz, 100点]
时序序号	时间(s)	X振动(INT)	Y振动(INT)	Z振动(INT)
1	0.0000	11	24	18
2	0.0001	14	31	10
3	0.0002	19	14	23
4	0.0003	3	5	18
5	0.0004	10	22	33
6	0.0005	11	27	20
7	0.0006	14	22	6
8	0.0007	13	13	23
9	0.0008	-2	-8	16
10	0.0009	9	24	33
11	0.0010	15	20	19
12	0.0011	15	16	7
13	0.0012	19	14	15
14	0.0013	7	2	13
15	0.0014	10	26	24
16	0.0015	3	18	22
17	0.0016	2	14	6
18	0.0017	15	15	19
19	0.0018	3	9	13
20	0.0019	11	19	22
21	0.0020	9	15	11
22	0.0021	3	6	2
23	0.0022	20	22	22
24	0.0023	3	9	15
25	0.0024	-3	23	27
26	0.0025	-8	10	10
27	0.0026	0	7	2
28	0.0027	22	26	24
29	0.0028	13	6	22
30	0.0029	6	14	30
31	0.0030	1	5	11
32	0.0031	0	9	1
33	0.0032	13	28	18
34	0.0033	5	3	16
35	0.0034	-2	13	23
36	0.0035	5	13	11
37	0.0036	1	10	0
38	0.0037	19	23	14
39	0.0038	0	-2	10
40	0.0039	0	11	23
41	0.0040	7	23	16
42	0.0041	0	13	6
43	0.0042	15	27	16
44	0.0043	-7	-6	10
45	0.0044	3	18	24
46	0.0045	11	32	16
47	0.0046	10	19	6
48	0.0047	22	19	22
49	0.0048	1	-12	16
50	0.0049	10	15	31
51	0.0050	10	23	16
52	0.0051	10	23	5
53	0.0052	18	23	19
54	0.0053	3	9	7
55	0.0054	6	16	22
56	0.0055	9	18	18
57	0.0056	10	19	7
58	0.0057	19	18	16
59	0.0058	7	1	16
60	0.0059	15	13	28
61	0.0060	10	26	22
62	0.0061	5	22	6
63	0.0062	15	15	23
64	0.0063	-2	3	19
65	0.0064	9	19	28
66	0.0065	0	19	14
67	0.0066	9	15	13
68	0.0067	18	20	20
69	0.0068	14	11	22
70	0.0069	9	23	30
71	0.0070	2	19	16
72	0.0071	-3	15	1
73	0.0072	14	22	14
74	0.0073	10	13	20
75	0.0074	19	31	36
76	0.0075	5	18	23
77	0.0076	6	10	-2
78	0.0077	22	19	13
79	0.0078	14	19	18
80	0.0079	20	33	35
81	0.0080	10	20	23
82	0.0081	3	9	7
83	0.0082	13	15	9
84	0.0083	-2	11	13
85	0.0084	11	14	24
86	0.0085	13	19	22
87	0.0086	18	18	7
88	0.0087	15	14	24
89	0.0088	-4	9	15
90	0.0089	5	19	20
91	0.0090	5	19	14
92	0.0091	13	26	14
93	0.0092	16	22	26
94	0.0093	11	11	22
95	0.0094	7	20	30
96	0.0095	9	18	22
97	0.0096	13	30	3
98	0.0097	13	13	14
99	0.0098	-3	5	16
100	0.0099	5	14	32

电流增量数据 [1000Hz, 10点]
采样序号	时间(s)	A相电流(INT)	B相电流(INT)	C相电流(INT)
1	0.000	6	-2836	-21
2	0.001	-32	112	-3
3	0.002	3	-378	-13
4	0.003	15	643	-24
5	0.004	30	-177	-23
6	0.005	19	-705	-6
7	0.006	-21	-746	-24
8	0.007	-21	-1008	-25
9	0.008	-20	2164	-19
10	0.009	-2	146	0
================================================================================

=== 采集时间: 2025-12-05 15:11:14 (增量周期: 10.0ms) ===
振动增量数据 [等效10000Hz, 100点]
时序序号	时间(s)	X振动(INT)	Y振动(INT)	Z振动(INT)
1	0.0000	7	10	16
2	0.0001	11	6	6
3	0.0002	14	7	9
4	0.0003	2	13	22
5	0.0004	3	24	30
6	0.0005	6	22	18
7	0.0006	9	7	2
8	0.0007	19	18	18
9	0.0008	5	11	16
10	0.0009	9	31	30
11	0.0010	9	26	16
12	0.0011	3	11	0
13	0.0012	11	22	18
14	0.0013	1	9	18
15	0.0014	11	30	30
16	0.0015	9	16	19
17	0.0016	9	6	2
18	0.0017	19	20	19
19	0.0018	9	13	28
20	0.0019	11	24	33
21	0.0020	11	18	18
22	0.0021	10	13	3
23	0.0022	22	23	27
24	0.0023	5	9	24
25	0.0024	9	26	37
26	0.0025	15	16	24
27	0.0026	9	10	7
28	0.0027	15	26	26
29	0.0028	0	15	28
30	0.0029	11	26	30
31	0.0030	14	26	22
32	0.0031	11	23	10
33	0.0032	23	22	20
34	0.0033	9	13	24
35	0.0034	9	27	33
36	0.0035	11	26	20
37	0.0036	13	19	11
38	0.0037	20	19	22
39	0.0038	0	2	20
40	0.0039	14	32	32
41	0.0040	19	24	19
42	0.0041	15	16	10
43	0.0042	26	13	27
44	0.0043	1	5	18
45	0.0044	9	28	33
46	0.0045	9	24	19
47	0.0046	9	2	0
48	0.0047	19	13	15
49	0.0048	5	6	24
50	0.0049	14	28	33
51	0.0050	10	19	14
52	0.0051	3	6	-2
53	0.0052	18	24	18
54	0.0053	3	16	26
55	0.0054	14	31	36
56	0.0055	15	19	18
57	0.0056	7	6	-3
58	0.0057	15	22	20
59	0.0058	0	16	18
60	0.0059	7	23	32
61	0.0060	11	23	13
62	0.0061	9	6	-2
63	0.0062	14	16	15
64	0.0063	7	15	22
65	0.0064	16	23	37
66	0.0065	9	16	15
67	0.0066	7	14	-8
68	0.0067	10	19	11
69	0.0068	5	14	20
70	0.0069	7	20	31
71	0.0070	11	13	23
72	0.0071	11	10	2
73	0.0072	15	19	16
74	0.0073	-3	11	24
75	0.0074	5	14	26
76	0.0075	10	5	11
77	0.0076	10	6	2
78	0.0077	15	15	20
79	0.0078	-3	5	18
80	0.0079	9	14	23
81	0.0080	14	14	10
82	0.0081	15	10	2
83	0.0082	18	13	22
84	0.0083	-7	10	23
85	0.0084	1	27	32
86	0.0085	10	28	13
87	0.0086	15	20	5
88	0.0087	23	14	19
89	0.0088	7	3	23
90	0.0089	15	33	40
91	0.0090	13	30	23
92	0.0091	0	11	0
93	0.0092	10	7	10
94	0.0093	-10	0	19
95	0.0094	15	23	40
96	0.0095	22	26	24
97	0.0096	9	2	5
98	0.0097	13	6	10
99	0.0098	-4	1	13
100	0.0099	2	27	30

电流增量数据 [1000Hz, 10点]
采样序号	时间(s)	A相电流(INT)	B相电流(INT)	C相电流(INT)
1	0.000	-32	1740	-6
2	0.001	-6	-811	-24
3	0.002	6	63	6
4	0.003	0	-1055	-29
5	0.004	-10	-396	-17
6	0.005	16	526	-12
7	0.006	-2	644	-21
8	0.007	23	725	-29
9	0.008	16	-2856	-17
10	0.009	5	-164	-17
================================================================================

=== 采集时间: 2025-12-05 15:11:14 (增量周期: 10.0ms) ===
振动增量数据 [等效10000Hz, 100点]
时序序号	时间(s)	X振动(INT)	Y振动(INT)	Z振动(INT)
1	0.0000	5	24	18
2	0.0001	2	10	3
3	0.0002	14	19	19
4	0.0003	3	3	13
5	0.0004	18	18	23
6	0.0005	7	15	16
7	0.0006	9	7	3
8	0.0007	16	24	19
9	0.0008	3	5	20
10	0.0009	11	22	16
11	0.0010	13	19	16
12	0.0011	7	10	0
13	0.0012	22	13	14
14	0.0013	9	13	18
15	0.0014	9	24	32
16	0.0015	6	24	13
17	0.0016	2	13	0
18	0.0017	13	19	19
19	0.0018	5	10	19
20	0.0019	5	31	28
21	0.0020	18	23	16
22	0.0021	6	13	5
23	0.0022	20	16	27
24	0.0023	-2	9	23
25	0.0024	3	23	26
26	0.0025	10	22	14
27	0.0026	2	5	3
28	0.0027	20	11	18
29	0.0028	2	10	27
30	0.0029	5	19	28
31	0.0030	16	26	16
32	0.0031	7	14	-3
33	0.0032	11	15	23
34	0.0033	-6	13	22
35	0.0034	7	23	27
36	0.0035	14	27	14
37	0.0036	7	9	2
38	0.0037	15	18	19
39	0.0038	-3	10	19
40	0.0039	5	33	30
41	0.0040	7	24	20
42	0.0041	5	9	6
43	0.0042	13	19	20
44	0.0043	-6	9	23
45	0.0044	5	19	23
46	0.0045	9	19	10
47	0.0046	7	-3	-4
48	0.0047	9	14	18
49	0.0048	-7	9	27
50	0.0049	1	23	31
51	0.0050	11	22	13
52	0.0051	6	5	-6
53	0.0052	19	20	14
54	0.0053	2	10	20
55	0.0054	13	22	35
56	0.0055	14	22	19
57	0.0056	5	7	6
58	0.0057	13	19	20
59	0.0058	-4	20	19
60	0.0059	11	35	33
61	0.0060	6	10	13
62	0.0061	15	13	5
63	0.0062	15	13	22
64	0.0063	1	6	24
65	0.0064	1	13	22
66	0.0065	7	18	14
67	0.0066	2	13	6
68	0.0067	15	23	18
69	0.0068	2	9	16
70	0.0069	10	24	28
71	0.0070	9	18	16
72	0.0071	7	16	3
73	0.0072	14	22	19
74	0.0073	2	13	16
75	0.0074	9	27	26
76	0.0075	10	18	14
77	0.0076	9	13	2
78	0.0077	24	31	24
79	0.0078	6	19	31
80	0.0079	13	24	32
81	0.0080	13	22	11
82	0.0081	5	7	3
83	0.0082	22	26	31
84	0.0083	3	13	27
85	0.0084	15	20	35
86	0.0085	7	15	22
87	0.0086	6	14	7
88	0.0087	14	19	24
89	0.0088	6	13	26
90	0.0089	13	23	35
91	0.0090	10	24	27
92	0.0091	18	14	9
93	0.0092	15	16	23
94	0.0093	6	7	26
95	0.0094	9	36	33
96	0.0095	15	31	24
97	0.0096	14	15	5
98	0.0097	19	7	15
99	0.0098	0	5	24
100	0.0099	11	33	37

电流增量数据 [1000Hz, 10点]
采样序号	时间(s)	A相电流(INT)	B相电流(INT)	C相电流(INT)
1	0.000	16	-167	-13
2	0.001	-12	-874	-28
3	0.002	-10	-758	-16
4	0.003	37	-1167	-17
5	0.004	-4	2486	-20
6	0.005	23	-205	-2
7	0.006	-19	1797	-5
8	0.007	11	-805	-20
9	0.008	36	54	-2
10	0.009	-12	-1105	-26
================================================================================

=== 采集时间: 2025-12-05 15:11:15 (增量周期: 10.0ms) ===
振动增量数据 [等效10000Hz, 100点]
时序序号	时间(s)	X振动(INT)	Y振动(INT)	Z振动(INT)
1	0.0000	7	18	9
2	0.0001	9	9	10
3	0.0002	13	22	28
4	0.0003	-3	10	27
5	0.0004	6	16	24
6	0.0005	14	22	10
7	0.0006	7	10	1
8	0.0007	18	23	31
9	0.0008	-2	11	26
10	0.0009	7	22	26
11	0.0010	9	26	13
12	0.0011	3	10	2
13	0.0012	13	23	31
14	0.0013	2	14	26
15	0.0014	11	23	28
16	0.0015	18	23	19
17	0.0016	9	13	6
18	0.0017	9	23	26
19	0.0018	2	7	24
20	0.0019	5	19	23
21	0.0020	16	20	14
22	0.0021	9	11	5
23	0.0022	18	9	26
24	0.0023	-3	7	20
25	0.0024	7	20	23
26	0.0025	9	20	14
27	0.0026	3	3	1
28	0.0027	7	14	23
29	0.0028	0	16	27
30	0.0029	11	16	31
31	0.0030	18	26	19
32	0.0031	6	5	6
33	0.0032	6	24	23
34	0.0033	2	27	27
35	0.0034	3	19	15
36	0.0035	7	6	11
37	0.0036	10	-4	2
38	0.0037	13	23	31
39	0.0038	11	32	27
40	0.0039	15	10	15
41	0.0040	14	7	5
42	0.0041	9	5	2
43	0.0042	10	28	32
44	0.0043	6	19	24
45	0.0044	5	6	16
46	0.0045	14	11	11
47	0.0046	19	19	10
48	0.0047	16	30	26
49	0.0048	6	11	16
50	0.0049	-8	-2	13
51	0.0050	2	23	11
52	0.0051	9	23	9
53	0.0052	14	26	31
54	0.0053	2	10	18
55	0.0054	0	9	19
56	0.0055	14	23	10
57	0.0056	7	13	5
58	0.0057	9	18	31
59	0.0058	-6	6	18
60	0.0059	-6	9	19
61	0.0060	6	16	7
62	0.0061	3	10	1
63	0.0062	11	23	19
64	0.0063	2	19	22
65	0.0064	-3	13	19
66	0.0065	7	19	9
67	0.0066	2	13	-4
68	0.0067	11	24	20
69	0.0068	-4	10	20
70	0.0069	6	11	14
71	0.0070	13	16	1
72	0.0071	-3	2	-4
73	0.0072	10	22	22
74	0.0073	-7	9	16
75	0.0074	6	15	18
76	0.0075	15	15	10
77	0.0076	10	9	-6
78	0.0077	14	22	23
79	0.0078	-3	10	20
80	0.0079	11	23	18
81	0.0080	19	20	14
82	0.0081	9	13	6
83	0.0082	15	23	30
84	0.0083	-4	15	23
85	0.0084	9	28	23
86	0.0085	14	26	7
87	0.0086	9	6	6
88	0.0087	23	15	28
89	0.0088	14	19	31
90	0.0089	19	26	28
91	0.0090	3	15	9
92	0.0091	1	2	-11
93	0.0092	3	16	19
94	0.0093	1	18	27
95	0.0094	15	30	33
96	0.0095	13	14	13
97	0.0096	15	0	-4
98	0.0097	7	5	11
99	0.0098	2	20	23
100	0.0099	0	18	24

电流增量数据 [1000Hz, 10点]
采样序号	时间(s)	A相电流(INT)	B相电流(INT)	C相电流(INT)
1	0.000	-38	881	-16
2	0.001	-28	-2972	-28
3	0.002	5	13	-2
4	0.003	32	-1802	-23
5	0.004	-29	488	2
6	0.005	-20	-321	-15
7	0.006	-7	724	-26
8	0.007	18	180	-22
9	0.008	-4	-652	-10
10	0.009	5	-426	-11
================================================================================

=== 采集时间: 2025-12-05 15:11:15 (增量周期: 10.0ms) ===
振动增量数据 [等效10000Hz, 100点]
时序序号	时间(s)	X振动(INT)	Y振动(INT)	Z振动(INT)
1	0.0000	14	13	20
2	0.0001	11	19	11
3	0.0002	7	18	32
4	0.0003	1	11	20
5	0.0004	0	18	23
6	0.0005	5	11	14
7	0.0006	5	14	2
8	0.0007	7	15	18
9	0.0008	1	9	22
10	0.0009	5	15	20
11	0.0010	11	22	13
12	0.0011	5	13	5
13	0.0012	13	15	24
14	0.0013	-4	13	26
15	0.0014	9	23	20
16	0.0015	13	27	10
17	0.0016	9	13	5
18	0.0017	13	19	28
19	0.0018	2	15	26
20	0.0019	9	19	24
21	0.0020	14	16	15
22	0.0021	9	9	7
23	0.0022	14	16	28
24	0.0023	3	3	18
25	0.0024	10	22	20
26	0.0025	11	16	11
27	0.0026	9	10	10
28	0.0027	11	20	26
29	0.0028	0	6	20
30	0.0029	13	13	22
31	0.0030	19	27	19
32	0.0031	14	16	11
33	0.0032	10	26	30
34	0.0033	-2	9	18
35	0.0034	0	23	11
36	0.0035	22	30	15
37	0.0036	14	15	14
38	0.0037	23	30	39
39	0.0038	5	9	20
40	0.0039	10	19	16
41	0.0040	23	26	10
42	0.0041	14	11	9
43	0.0042	19	23	37
44	0.0043	2	9	27
45	0.0044	5	18	26
46	0.0045	24	19	16
47	0.0046	7	11	3
48	0.0047	20	23	28
49	0.0048	3	2	20
50	0.0049	9	13	23
51	0.0050	19	22	22
52	0.0051	2	19	15
53	0.0052	19	30	30
54	0.0053	7	13	23
55	0.0054	20	23	24
56	0.0055	19	18	18
57	0.0056	14	16	14
58	0.0057	23	36	36
59	0.0058	0	18	35
60	0.0059	9	22	27
61	0.0060	20	33	19
62	0.0061	11	16	3
63	0.0062	24	22	18
64	0.0063	13	16	22
65	0.0064	7	14	27
66	0.0065	18	32	23
67	0.0066	9	20	5
68	0.0067	15	23	24
69	0.0068	0	15	16
70	0.0069	13	20	24
71	0.0070	18	26	18
72	0.0071	15	10	7
73	0.0072	13	19	28
74	0.0073	1	16	27
75	0.0074	9	18	23
76	0.0075	13	19	15
77	0.0076	11	13	3
78	0.0077	15	18	32
79	0.0078	0	13	26
80	0.0079	9	19	20
81	0.0080	16	26	14
82	0.0081	9	10	10
83	0.0082	6	14	31
84	0.0083	-2	11	20
85	0.0084	2	19	23
86	0.0085	15	16	14
87	0.0086	10	11	11
88	0.0087	14	16	31
89	0.0088	1	27	24
90	0.0089	3	16	18
91	0.0090	11	14	6
92	0.0091	5	10	2
93	0.0092	13	14	27
94	0.0093	2	19	30
95	0.0094	14	23	28
96	0.0095	16	14	10
97	0.0096	7	5	1
98	0.0097	10	19	26
99	0.0098	-4	18	24
100	0.0099	6	15	19

电流增量数据 [1000Hz, 10点]
采样序号	时间(s)	A相电流(INT)	B相电流(INT)	C相电流(INT)
1	0.000	-4	3011	-10
2	0.001	-28	108	-24
3	0.002	38	1152	-7
4	0.003	9	-327	-6
5	0.004	2	286	-20
6	0.005	9	-598	-38
7	0.006	-28	-264	-23
8	0.007	-17	761	-22
9	0.008	7	536	-7
10	0.009	-4	1056	-17
================================================================================

=== 采集时间: 2025-12-05 15:11:15 (增量周期: 10.0ms) ===
振动增量数据 [等效10000Hz, 100点]
时序序号	时间(s)	X振动(INT)	Y振动(INT)	Z振动(INT)
1	0.0000	20	26	22
2	0.0001	5	-7	0
3	0.0002	15	6	19
4	0.0003	-6	9	22
5	0.0004	0	30	22
6	0.0005	16	18	15
7	0.0006	1	-8	0
8	0.0007	16	15	31
9	0.0008	3	23	30
10	0.0009	15	33	19
11	0.0010	23	24	11
12	0.0011	0	-2	9
13	0.0012	11	28	41
14	0.0013	9	30	36
15	0.0014	13	36	30
16	0.0015	18	19	16
17	0.0016	3	3	2
18	0.0017	16	30	31
19	0.0018	7	19	31
20	0.0019	15	28	30
21	0.0020	18	22	24
22	0.0021	2	10	13
23	0.0022	16	24	32
24	0.0023	5	13	24
25	0.0024	14	19	23
26	0.0025	15	20	15
27	0.0026	9	6	10
28	0.0027	16	27	33
29	0.0028	9	16	33
30	0.0029	9	22	26
31	0.0030	19	31	16
32	0.0031	9	13	3
33	0.0032	15	23	31
34	0.0033	5	13	27
35	0.0034	6	27	26
36	0.0035	18	31	20
37	0.0036	2	9	2
38	0.0037	15	19	24
39	0.0038	-2	15	23
40	0.0039	7	23	26
41	0.0040	26	31	16
42	0.0041	13	9	10
43	0.0042	19	11	26
44	0.0043	0	13	22
45	0.0044	11	27	19
46	0.0045	24	36	18
47	0.0046	16	11	7
48	0.0047	13	13	28
49	0.0048	1	9	20
50	0.0049	7	19	20
51	0.0050	24	28	16
52	0.0051	13	16	13
53	0.0052	10	14	27
54	0.0053	-7	9	22
55	0.0054	3	18	19
56	0.0055	22	23	7
57	0.0056	7	14	7
58	0.0057	6	16	33
59	0.0058	2	16	22
60	0.0059	11	22	16
61	0.0060	13	19	10
62	0.0061	-2	1	2
63	0.0062	7	16	26
64	0.0063	-6	14	27
65	0.0064	11	30	23
66	0.0065	19	19	14
67	0.0066	2	2	3
68	0.0067	15	16	22
69	0.0068	-3	13	22
70	0.0069	2	18	20
71	0.0070	9	15	10
72	0.0071	3	18	9
73	0.0072	14	31	31
74	0.0073	-2	11	24
75	0.0074	11	14	16
76	0.0075	13	13	11
77	0.0076	13	16	7
78	0.0077	15	30	32
79	0.0078	-3	10	23
80	0.0079	11	10	18
81	0.0080	10	14	14
82	0.0081	9	19	11
83	0.0082	10	19	23
84	0.0083	0	2	18
85	0.0084	9	15	23
86	0.0085	19	24	15
87	0.0086	14	18	13
88	0.0087	10	18	28
89	0.0088	-3	9	18
90	0.0089	2	27	23
91	0.0090	7	19	13
92	0.0091	13	23	14
93	0.0092	9	23	31
94	0.0093	0	2	19
95	0.0094	11	14	13
96	0.0095	15	19	11
97	0.0096	5	7	7
98	0.0097	11	16	30
99	0.0098	-2	2	15
100	0.0099	7	13	14

电流增量数据 [1000Hz, 10点]
采样序号	时间(s)	A相电流(INT)	B相电流(INT)	C相电流(INT)
1	0.000	5	0	-13
2	0.001	57	464	-33
3	0.002	12	-408	-22
4	0.003	-32	-309	-24
5	0.004	6	882	-24
6	0.005	5	833	-26
7	0.006	-25	1343	-22
8	0.007	28	-2914	-31
9	0.008	-5	-169	-10
10	0.009	-8	-937	-25
================================================================================

=== 采集时间: 2025-12-05 15:11:16 (增量周期: 10.0ms) ===
振动增量数据 [等效10000Hz, 100点]
时序序号	时间(s)	X振动(INT)	Y振动(INT)	Z振动(INT)
1	0.0000	9	13	5
2	0.0001	5	16	11
3	0.0002	9	11	30
4	0.0003	3	14	28
5	0.0004	-2	14	7
6	0.0005	13	26	5
7	0.0006	3	13	6
8	0.0007	22	20	33
9	0.0008	3	9	27
10	0.0009	9	16	14
11	0.0010	9	27	16
12	0.0011	2	14	7
13	0.0012	19	24	35
14	0.0013	3	10	26
15	0.0014	15	15	15
16	0.0015	14	23	10
17	0.0016	9	7	13
18	0.0017	13	19	27
19	0.0018	3	11	23
20	0.0019	9	18	11
21	0.0020	18	19	7
22	0.0021	3	6	11
23	0.0022	15	14	31
24	0.0023	3	7	19
25	0.0024	10	16	19
26	0.0025	15	23	18
27	0.0026	10	11	9
28	0.0027	11	20	35
29	0.0028	1	9	23
30	0.0029	15	19	14
31	0.0030	18	28	10
32	0.0031	2	19	16
33	0.0032	13	31	31
34	0.0033	14	26	23
35	0.0034	13	16	14
36	0.0035	15	19	11
37	0.0036	2	14	11
38	0.0037	6	23	31
39	0.0038	1	14	23
40	0.0039	16	14	16
41	0.0040	11	19	13
42	0.0041	2	16	7
43	0.0042	7	15	31
44	0.0043	1	2	20
45	0.0044	19	22	18
46	0.0045	10	20	18
47	0.0046	9	14	11
48	0.0047	9	19	26
49	0.0048	0	11	22
50	0.0049	6	19	27
51	0.0050	20	30	27
52	0.0051	10	24	15
53	0.0052	16	24	33
54	0.0053	-3	15	26
55	0.0054	11	31	18
56	0.0055	15	27	11
57	0.0056	15	19	14
58	0.0057	15	20	39
59	0.0058	-3	19	27
60	0.0059	5	19	23
61	0.0060	26	37	27
62	0.0061	15	26	20
63	0.0062	14	16	33
64	0.0063	1	13	23
65	0.0064	14	27	20
66	0.0065	23	31	20
67	0.0066	11	23	18
68	0.0067	13	19	28
69	0.0068	5	14	24
70	0.0069	9	24	20
71	0.0070	15	19	16
72	0.0071	14	14	6
73	0.0072	11	15	36
74	0.0073	2	10	20
75	0.0074	7	19	15
76	0.0075	14	22	14
77	0.0076	7	11	10
78	0.0077	10	23	28
79	0.0078	1	7	18
80	0.0079	9	18	13
81	0.0080	16	23	24
82	0.0081	14	23	18
83	0.0082	15	28	28
84	0.0083	-6	16	16
85	0.0084	1	16	13
86	0.0085	11	19	18
87	0.0086	14	28	24
88	0.0087	23	40	43
89	0.0088	1	11	22
90	0.0089	6	11	10
91	0.0090	14	9	2
92	0.0091	3	15	16
93	0.0092	16	30	43
94	0.0093	-7	14	27
95	0.0094	6	13	16
96	0.0095	13	11	6
97	0.0096	2	16	10
98	0.0097	23	30	22
99	0.0098	-2	2	16
100	0.0099	2	9	13

电流增量数据 [1000Hz, 10点]
采样序号	时间(s)	A相电流(INT)	B相电流(INT)	C相电流(INT)
1	0.000	3	-724	-24
2	0.001	19	3502	4
3	0.002	40	839	-5
4	0.003	11	1187	-15
5	0.004	5	-547	-7
6	0.005	-38	271	-10
7	0.006	22	-282	-17
8	0.007	6	-484	-11
9	0.008	-16	740	-34
10	0.009	-35	803	-12
================================================================================

=== 采集时间: 2025-12-05 15:11:16 (增量周期: 10.0ms) ===
振动增量数据 [等效10000Hz, 100点]
时序序号	时间(s)	X振动(INT)	Y振动(INT)	Z振动(INT)
1	0.0000	16	27	16
2	0.0001	6	2	10
3	0.0002	11	11	22
4	0.0003	5	16	19
5	0.0004	6	19	15
6	0.0005	20	27	14
7	0.0006	-2	5	9
8	0.0007	15	15	28
9	0.0008	1	18	20
10	0.0009	14	23	15
11	0.0010	16	32	20
12	0.0011	5	7	10
13	0.0012	16	19	24
14	0.0013	9	11	20
15	0.0014	9	18	20
16	0.0015	19	35	23
17	0.0016	3	19	10
18	0.0017	5	14	19
19	0.0018	-2	0	15
20	0.0019	7	26	23
21	0.0020	18	36	28
22	0.0021	13	11	10
23	0.0022	5	10	19
24	0.0023	1	3	9
25	0.0024	2	19	18
26	0.0025	24	39	28
27	0.0026	2	13	11
28	0.0027	1	13	30
29	0.0028	2	-2	16
30	0.0029	7	23	18
31	0.0030	27	40	22
32	0.0031	11	7	14
33	0.0032	11	6	24
34	0.0033	0	1	18
35	0.0034	0	20	20
36	0.0035	24	40	23
37	0.0036	7	11	11
38	0.0037	14	13	28
39	0.0038	0	3	18
40	0.0039	6	18	19
41	0.0040	16	31	18
42	0.0041	0	3	14
43	0.0042	10	15	31
44	0.0043	-4	15	22
45	0.0044	-2	20	16
46	0.0045	19	27	16
47	0.0046	9	2	10
48	0.0047	13	19	27
49	0.0048	-4	14	26
50	0.0049	9	20	11
51	0.0050	23	27	18
52	0.0051	10	10	18
53	0.0052	15	27	40
54	0.0053	2	16	26
55	0.0054	3	11	10
56	0.0055	15	27	18
57	0.0056	15	10	18
58	0.0057	20	32	41
59	0.0058	10	15	27
60	0.0059	5	13	15
61	0.0060	20	27	18
62	0.0061	9	5	18
63	0.0062	19	20	37
64	0.0063	3	16	31
65	0.0064	11	22	15
66	0.0065	18	27	16
67	0.0066	7	14	11
68	0.0067	5	16	30
69	0.0068	2	10	27
70	0.0069	11	16	16
71	0.0070	23	27	20
72	0.0071	14	26	20
73	0.0072	15	33	33
74	0.0073	1	19	23
75	0.0074	-2	7	14
76	0.0075	19	16	13
77	0.0076	5	22	19
78	0.0077	19	33	45
79	0.0078	5	5	22
80	0.0079	5	5	11
81	0.0080	19	19	14
82	0.0081	1	18	7
83	0.0082	13	22	31
84	0.0083	-10	-4	20
85	0.0084	15	20	22
86	0.0085	22	26	23
87	0.0086	5	16	10
88	0.0087	13	18	22
89	0.0088	-7	3	15
90	0.0089	9	30	19
91	0.0090	23	30	23
92	0.0091	10	19	19
93	0.0092	10	19	33
94	0.0093	-3	15	18
95	0.0094	9	33	13
96	0.0095	15	23	13
97	0.0096	9	5	7
98	0.0097	10	19	39
99	0.0098	-2	18	28
100	0.0099	11	36	18

电流增量数据 [1000Hz, 10点]
采样序号	时间(s)	A相电流(INT)	B相电流(INT)	C相电流(INT)
1	0.000	-5	-562	-10
2	0.001	-14	3176	0
3	0.002	13	687	-12
4	0.003	20	1305	-12
5	0.004	3	492	-8
6	0.005	49	-283	-2
7	0.006	7	-864	-20
8	0.007	-3	-850	-23
9	0.008	-8	739	-15
10	0.009	11	984	-25
================================================================================

=== 采集时间: 2025-12-05 15:11:17 (增量周期: 10.0ms) ===
振动增量数据 [等效10000Hz, 100点]
时序序号	时间(s)	X振动(INT)	Y振动(INT)	Z振动(INT)
1	0.0000	15	19	13
2	0.0001	11	14	15
3	0.0002	19	18	36
4	0.0003	14	23	27
5	0.0004	11	23	18
6	0.0005	15	27	16
7	0.0006	5	10	15
8	0.0007	7	24	33
9	0.0008	3	30	27
10	0.0009	13	23	9
11	0.0010	20	24	19
12	0.0011	11	14	19
13	0.0012	15	22	33
14	0.0013	9	24	22
15	0.0014	9	20	15
16	0.0015	11	23	10
17	0.0016	7	13	19
18	0.0017	7	19	40
19	0.0018	9	19	24
20	0.0019	14	27	20
21	0.0020	18	19	20
22	0.0021	13	10	11
23	0.0022	10	26	36
24	0.0023	1	15	32
25	0.0024	5	26	18
26	0.0025	15	24	18
27	0.0026	3	9	13
28	0.0027	20	23	37
29	0.0028	13	31	31
30	0.0029	9	30	19
31	0.0030	9	19	7
32	0.0031	1	3	2
33	0.0032	14	16	24
34	0.0033	7	26	28
35	0.0034	10	23	22
36	0.0035	14	18	14
37	0.0036	2	2	3
38	0.0037	6	16	30
39	0.0038	1	18	20
40	0.0039	9	28	6
41	0.0040	16	16	19
42	0.0041	10	0	13
43	0.0042	7	14	27
44	0.0043	-2	16	19
45	0.0044	2	26	14
46	0.0045	18	26	16
47	0.0046	9	11	16
48	0.0047	7	11	31
49	0.0048	3	16	30
50	0.0049	11	27	14
51	0.0050	15	24	10
52	0.0051	11	13	14
53	0.0052	3	9	31
54	0.0053	5	24	23
55	0.0054	10	30	19
56	0.0055	19	30	18
57	0.0056	3	5	5
58	0.0057	5	14	23
59	0.0058	5	19	22
60	0.0059	9	30	14
61	0.0060	13	31	16
62	0.0061	6	5	0
63	0.0062	13	22	27
64	0.0063	11	13	23
65	0.0064	9	18	11
66	0.0065	16	26	15
67	0.0066	9	16	11
68	0.0067	14	19	31
69	0.0068	13	22	30
70	0.0069	11	16	18
71	0.0070	18	28	16
72	0.0071	5	14	16
73	0.0072	5	11	33
74	0.0073	9	18	26
75	0.0074	2	18	20
76	0.0075	15	27	18
77	0.0076	-3	19	10
78	0.0077	11	6	27
79	0.0078	11	11	19
80	0.0079	6	13	19
81	0.0080	10	35	24
82	0.0081	2	22	9
83	0.0082	9	9	18
84	0.0083	3	7	15
85	0.0084	10	10	16
86	0.0085	15	33	20
87	0.0086	7	16	10
88	0.0087	14	6	24
89	0.0088	3	6	20
90	0.0089	9	22	15
91	0.0090	14	36	19
92	0.0091	6	5	7
93	0.0092	9	1	26
94	0.0093	9	6	22
95	0.0094	15	23	24
96	0.0095	19	36	23
97	0.0096	9	3	1
98	0.0097	0	1	19
99	0.0098	7	7	22
100	0.0099	7	30	26

电流增量数据 [1000Hz, 10点]
采样序号	时间(s)	A相电流(INT)	B相电流(INT)	C相电流(INT)
1	0.000	9	684	-13
2	0.001	34	-159	-17
3	0.002	-3	-995	-35
4	0.003	21	969	-32
5	0.004	11	937	-21
6	0.005	4	1277	-10
7	0.006	18	-2370	-32
8	0.007	56	-37	-5
9	0.008	5	-516	-19
10	0.009	7	-182	0
================================================================================

=== 采集时间: 2025-12-05 15:11:17 (增量周期: 10.0ms) ===
振动增量数据 [等效10000Hz, 100点]
时序序号	时间(s)	X振动(INT)	Y振动(INT)	Z振动(INT)
1	0.0000	15	37	16
2	0.0001	6	-2	13
3	0.0002	14	16	33
4	0.0003	14	11	27
5	0.0004	7	27	16
6	0.0005	13	27	16
7	0.0006	-4	2	6
8	0.0007	9	14	26
9	0.0008	6	22	27
10	0.0009	11	30	19
11	0.0010	26	23	19
12	0.0011	0	2	7
13	0.0012	5	14	27
14	0.0013	2	20	16
15	0.0014	14	24	11
16	0.0015	18	23	16
17	0.0016	1	7	19
18	0.0017	6	18	36
19	0.0018	1	19	22
20	0.0019	10	19	13
21	0.0020	14	13	6
22	0.0021	5	1	10
23	0.0022	6	19	32
24	0.0023	7	18	32
25	0.0024	9	18	19
26	0.0025	18	15	11
27	0.0026	-3	6	5
28	0.0027	7	20	35
29	0.0028	3	23	24
30	0.0029	15	10	10
31	0.0030	14	16	7
32	0.0031	-2	2	7
33	0.0032	9	26	30
34	0.0033	3	19	20
35	0.0034	7	13	9
36	0.0035	16	19	13
37	0.0036	3	13	16
38	0.0037	9	27	37
39	0.0038	3	19	23
40	0.0039	6	20	11
41	0.0040	18	13	20
42	0.0041	14	18	18
43	0.0042	13	22	33
44	0.0043	1	18	26
45	0.0044	6	19	11
46	0.0045	19	22	10
47	0.0046	9	13	11
48	0.0047	7	13	37
49	0.0048	3	13	28
50	0.0049	14	24	11
51	0.0050	16	15	10
52	0.0051	10	5	5
53	0.0052	3	18	24
54	0.0053	-4	19	30
55	0.0054	6	22	10
56	0.0055	27	28	9
57	0.0056	13	14	14
58	0.0057	7	23	26
59	0.0058	9	28	20
60	0.0059	15	19	9
61	0.0060	19	15	13
62	0.0061	2	2	14
63	0.0062	10	27	35
64	0.0063	9	30	28
65	0.0064	5	7	10
66	0.0065	22	27	16
67	0.0066	5	9	16
68	0.0067	15	27	39
69	0.0068	6	11	23
70	0.0069	2	5	6
71	0.0070	19	22	9
72	0.0071	0	11	14
73	0.0072	9	18	33
74	0.0073	13	13	15
75	0.0074	13	11	6
76	0.0075	16	31	19
77	0.0076	-2	14	9
78	0.0077	6	23	27
79	0.0078	6	9	18
80	0.0079	10	6	11
81	0.0080	26	28	19
82	0.0081	3	14	18
83	0.0082	6	19	30
84	0.0083	1	7	16
85	0.0084	0	10	2
86	0.0085	15	30	5
87	0.0086	-2	13	13
88	0.0087	2	9	31
89	0.0088	6	14	18
90	0.0089	10	11	6
91	0.0090	11	13	6
92	0.0091	-7	-3	2
93	0.0092	-4	16	22
94	0.0093	2	10	22
95	0.0094	5	11	10
96	0.0095	18	16	10
97	0.0096	0	7	6
98	0.0097	5	18	31
99	0.0098	5	19	20
100	0.0099	5	10	1

电流增量数据 [1000Hz, 10点]
采样序号	时间(s)	A相电流(INT)	B相电流(INT)	C相电流(INT)
1	0.000	2	992	-12
2	0.001	14	1119	-6
3	0.002	-32	1095	-21
4	0.003	2	-2074	-24
5	0.004	-26	-318	10
6	0.005	-6	-310	-33
7	0.006	-19	-698	-10
8	0.007	1	-1108	-5
9	0.008	1	259	0
10	0.009	-22	1120	-24
================================================================================

=== 采集时间: 2025-12-05 15:11:17 (增量周期: 10.0ms) ===
振动增量数据 [等效10000Hz, 100点]
时序序号	时间(s)	X振动(INT)	Y振动(INT)	Z振动(INT)
1	0.0000	15	16	7
2	0.0001	-2	-12	5
3	0.0002	6	23	27
4	0.0003	7	33	24
5	0.0004	1	19	18
6	0.0005	16	16	14
7	0.0006	5	-4	2
8	0.0007	13	23	26
9	0.0008	5	22	23
10	0.0009	1	7	10
11	0.0010	11	16	11
12	0.0011	-3	5	13
13	0.0012	10	23	39
14	0.0013	11	27	31
15	0.0014	13	19	7
16	0.0015	24	27	18
17	0.0016	5	3	13
18	0.0017	10	19	39
19	0.0018	2	27	27
20	0.0019	7	19	14
21	0.0020	19	24	18
22	0.0021	2	6	10
23	0.0022	10	16	35
24	0.0023	9	28	30
25	0.0024	14	33	20
26	0.0025	19	32	20
27	0.0026	7	6	7
28	0.0027	9	3	28
29	0.0028	14	27	28
30	0.0029	22	37	24
31	0.0030	16	27	20
32	0.0031	9	1	11
33	0.0032	0	10	28
34	0.0033	13	33	32
35	0.0034	15	37	23
36	0.0035	22	31	23
37	0.0036	3	0	11
38	0.0037	6	10	35
39	0.0038	9	31	27
40	0.0039	15	30	18
41	0.0040	19	31	23
42	0.0041	2	2	10
43	0.0042	5	14	27
44	0.0043	5	24	23
45	0.0044	5	16	5
46	0.0045	19	27	14
47	0.0046	0	3	13
48	0.0047	11	11	28
49	0.0048	11	28	22
50	0.0049	7	18	7
51	0.0050	24	23	19
52	0.0051	9	10	15
53	0.0052	7	24	33
54	0.0053	14	27	19
55	0.0054	15	15	14
56	0.0055	22	27	23
57	0.0056	5	19	15
58	0.0057	3	22	31
59	0.0058	2	19	19
60	0.0059	5	10	5
61	0.0060	15	14	16
62	0.0061	10	15	18
63	0.0062	9	22	36
64	0.0063	9	18	26
65	0.0064	9	10	5
66	0.0065	18	23	18
67	0.0066	2	7	19
68	0.0067	13	24	37
69	0.0068	6	19	27
70	0.0069	7	19	7
71	0.0070	15	19	11
72	0.0071	0	2	7
73	0.0072	9	11	33
74	0.0073	6	20	26
75	0.0074	14	37	16
76	0.0075	20	23	14
77	0.0076	-2	-7	3
78	0.0077	6	11	28
79	0.0078	1	26	26
80	0.0079	14	40	15
81	0.0080	19	22	15
82	0.0081	-3	-11	9
83	0.0082	3	13	33
84	0.0083	5	33	30
85	0.0084	9	24	13
86	0.0085	16	11	5
87	0.0086	0	-6	13
88	0.0087	14	26	39
89	0.0088	3	27	30
90	0.0089	9	24	7
91	0.0090	1	2	5
92	0.0091	-4	7	11
93	0.0092	9	30	33
94	0.0093	9	22	31
95	0.0094	19	27	18
96	0.0095	11	7	9
97	0.0096	2	11	11
98	0.0097	6	27	27
99	0.0098	5	18	20
100	0.0099	11	19	7

电流增量数据 [1000Hz, 10点]
采样序号	时间(s)	A相电流(INT)	B相电流(INT)	C相电流(INT)
1	0.000	0	2084	-3
2	0.001	-28	294	-22
3	0.002	38	-88	-12
4	0.003	21	-926	-12
5	0.004	-4	1048	-24
6	0.005	1	947	0
7	0.006	-8	760	-17
8	0.007	24	-1691	-10
9	0.008	7	-735	-24
10	0.009	-24	-256	-24
================================================================================

=== 采集时间: 2025-12-05 15:11:18 (增量周期: 10.0ms) ===
振动增量数据 [等效10000Hz, 100点]
时序序号	时间(s)	X振动(INT)	Y振动(INT)	Z振动(INT)
1	0.0000	15	24	14
2	0.0001	2	6	10
3	0.0002	5	16	31
4	0.0003	2	15	16
5	0.0004	6	14	6
6	0.0005	16	19	14
7	0.0006	3	2	15
8	0.0007	3	18	27
9	0.0008	2	15	11
10	0.0009	3	20	-4
11	0.0010	3	19	10
12	0.0011	3	3	15
13	0.0012	7	9	23
14	0.0013	2	11	16
15	0.0014	6	19	1
16	0.0015	14	22	3
17	0.0016	-6	5	10
18	0.0017	0	9	23
19	0.0018	3	19	15
20	0.0019	10	16	1
21	0.0020	15	16	18
22	0.0021	3	3	15
23	0.0022	6	20	28
24	0.0023	9	27	15
25	0.0024	2	11	2
26	0.0025	9	18	13
27	0.0026	0	0	10
28	0.0027	13	27	33
29	0.0028	20	31	28
30	0.0029	18	18	5
31	0.0030	18	15	14
32	0.0031	-3	5	9
33	0.0032	0	22	31
34	0.0033	10	33	18
35	0.0034	9	15	5
36	0.0035	11	7	15
37	0.0036	3	11	16
38	0.0037	11	31	31
39	0.0038	16	24	14
40	0.0039	14	5	-2
41	0.0040	10	15	16
42	0.0041	7	19	24
43	0.0042	2	19	31
44	0.0043	7	20	19
45	0.0044	0	0	-3
46	0.0045	10	22	11
47	0.0046	10	24	23
48	0.0047	11	16	33
49	0.0048	18	18	22
50	0.0049	11	3	9
51	0.0050	13	16	19
52	0.0051	0	13	20
53	0.0052	2	23	35
54	0.0053	9	15	19
55	0.0054	9	16	1
56	0.0055	19	28	20
57	0.0056	-2	13	22
58	0.0057	10	18	33
59	0.0058	7	13	16
60	0.0059	2	18	5
61	0.0060	18	23	14
62	0.0061	-3	9	18
63	0.0062	11	13	31
64	0.0063	6	13	16
65	0.0064	10	18	6
66	0.0065	14	30	16
67	0.0066	-6	7	15
68	0.0067	7	10	32
69	0.0068	15	14	24
70	0.0069	14	19	14
71	0.0070	19	24	23
72	0.0071	6	2	16
73	0.0072	9	23	26
74	0.0073	1	19	15
75	0.0074	9	18	9
76	0.0075	15	22	23
77	0.0076	2	6	16
78	0.0077	15	16	31
79	0.0078	13	16	13
80	0.0079	10	15	5
81	0.0080	13	23	11
82	0.0081	-3	9	20
83	0.0082	7	23	30
84	0.0083	11	15	16
85	0.0084	9	11	6
86	0.0085	19	18	18
87	0.0086	10	14	16
88	0.0087	22	18	26
89	0.0088	9	11	19
90	0.0089	-2	11	6
91	0.0090	10	27	20
92	0.0091	-2	14	16
93	0.0092	16	19	33
94	0.0093	18	11	27
95	0.0094	15	20	16
96	0.0095	31	36	26
97	0.0096	2	14	19
98	0.0097	11	20	30
99	0.0098	3	14	14
100	0.0099	13	31	15

电流增量数据 [1000Hz, 10点]
采样序号	时间(s)	A相电流(INT)	B相电流(INT)	C相电流(INT)
1	0.000	54	550	-8
2	0.001	54	1834	-13
3	0.002	-3	50	1
4	0.003	-10	-283	-3
5	0.004	9	204	-7
6	0.005	7	1966	-7
7	0.006	6	1904	-15
8	0.007	-5	971	-23
9	0.008	11	2386	0
10	0.009	49	-666	-4
================================================================================

=== 采集时间: 2025-12-05 15:11:18 (增量周期: 10.0ms) ===
振动增量数据 [等效10000Hz, 100点]
时序序号	时间(s)	X振动(INT)	Y振动(INT)	Z振动(INT)
1	0.0000	14	6	11
2	0.0001	5	5	16
3	0.0002	10	23	33
4	0.0003	9	32	24
5	0.0004	15	16	10
6	0.0005	10	5	13
7	0.0006	13	19	19
8	0.0007	7	31	43
9	0.0008	11	33	31
10	0.0009	13	14	1
11	0.0010	13	2	15
12	0.0011	10	19	20
13	0.0012	9	27	40
14	0.0013	19	28	26
15	0.0014	10	9	6
16	0.0015	13	13	24
17	0.0016	3	16	16
18	0.0017	2	27	33
19	0.0018	14	27	16
20	0.0019	13	14	7
21	0.0020	20	16	27
22	0.0021	11	22	27
23	0.0022	6	32	36
24	0.0023	7	35	26
25	0.0024	6	14	9
26	0.0025	19	22	27
27	0.0026	9	15	27
28	0.0027	18	30	43
29	0.0028	14	30	31
30	0.0029	13	13	6
31	0.0030	18	15	20
32	0.0031	1	14	24
33	0.0032	11	24	36
34	0.0033	15	31	27
35	0.0034	13	14	7
36	0.0035	15	19	18
37	0.0036	5	13	20
38	0.0037	6	28	30
39	0.0038	14	15	15
40	0.0039	9	13	3
41	0.0040	19	23	20
42	0.0041	5	18	20
43	0.0042	10	22	28
44	0.0043	13	20	9
45	0.0044	11	16	1
46	0.0045	27	22	24
47	0.0046	9	18	22
48	0.0047	10	20	24
49	0.0048	10	23	11
50	0.0049	9	18	0
51	0.0050	20	14	16
52	0.0051	2	6	27
53	0.0052	14	23	41
54	0.0053	6	27	22
55	0.0054	9	18	-4
56	0.0055	15	9	6
57	0.0056	-8	-2	23
58	0.0057	20	30	40
59	0.0058	11	26	26
60	0.0059	7	7	2
61	0.0060	19	10	19
62	0.0061	0	0	19
63	0.0062	2	27	35
64	0.0063	10	33	18
65	0.0064	3	7	-3
66	0.0065	15	15	19
67	0.0066	2	2	23
68	0.0067	10	27	33
69	0.0068	10	23	23
70	0.0069	2	1	1
71	0.0070	18	19	22
72	0.0071	0	9	23
73	0.0072	10	23	33
74	0.0073	9	19	19
75	0.0074	3	9	7
76	0.0075	18	24	18
77	0.0076	6	13	18
78	0.0077	9	23	28
79	0.0078	5	23	22
80	0.0079	10	15	7
81	0.0080	20	24	20
82	0.0081	1	6	18
83	0.0082	10	18	24
84	0.0083	3	20	13
85	0.0084	7	15	7
86	0.0085	11	16	13
87	0.0086	2	11	18
88	0.0087	9	19	27
89	0.0088	7	18	18
90	0.0089	11	14	7
91	0.0090	19	16	15
92	0.0091	0	5	16
93	0.0092	3	22	31
94	0.0093	5	22	20
95	0.0094	9	20	6
96	0.0095	19	18	20
97	0.0096	3	3	23
98	0.0097	11	23	33
99	0.0098	13	32	22
100	0.0099	13	26	10

电流增量数据 [1000Hz, 10点]
采样序号	时间(s)	A相电流(INT)	B相电流(INT)	C相电流(INT)
1	0.000	47	-31	-11
2	0.001	23	333	-15
3	0.002	32	-793	-20
4	0.003	-5	862	-3
5	0.004	18	652	-3
6	0.005	5	984	-21
7	0.006	11	-471	-6
8	0.007	15	-1410	-25
9	0.008	-8	-284	-28
10	0.009	-22	-1677	-2
================================================================================

=== 采集时间: 2025-12-05 15:11:18 (增量周期: 10.0ms) ===
振动增量数据 [等效10000Hz, 100点]
时序序号	时间(s)	X振动(INT)	Y振动(INT)	Z振动(INT)
1	0.0000	20	28	26
2	0.0001	2	11	16
3	0.0002	2	19	26
4	0.0003	3	10	14
5	0.0004	1	13	3
6	0.0005	16	31	23
7	0.0006	6	9	26
8	0.0007	7	13	27
9	0.0008	19	19	14
10	0.0009	9	22	0
11	0.0010	16	23	23
12	0.0011	-3	5	14
13	0.0012	2	13	30
14	0.0013	7	30	20
15	0.0014	11	18	7
16	0.0015	19	30	23
17	0.0016	5	3	20
18	0.0017	10	16	23
19	0.0018	19	23	18
20	0.0019	10	18	9
21	0.0020	10	23	18
22	0.0021	-2	9	24
23	0.0022	5	14	28
24	0.0023	18	28	22
25	0.0024	13	15	7
26	0.0025	14	14	19
27	0.0026	5	7	22
28	0.0027	7	23	28
29	0.0028	11	22	16
30	0.0029	2	6	7
31	0.0030	11	19	19
32	0.0031	3	9	16
33	0.0032	11	22	24
34	0.0033	15	15	11
35	0.0034	3	10	1
36	0.0035	19	22	27
37	0.0036	6	9	23
38	0.0037	14	19	30
39	0.0038	10	20	22
40	0.0039	9	18	13
41	0.0040	23	31	31
42	0.0041	7	19	23
43	0.0042	15	22	31
44	0.0043	11	19	22
45	0.0044	15	20	15
46	0.0045	23	32	33
47	0.0046	7	9	23
48	0.0047	10	18	30
49	0.0048	13	22	20
50	0.0049	11	23	16
51	0.0050	15	19	22
52	0.0051	9	13	26
53	0.0052	9	31	40
54	0.0053	14	31	28
55	0.0054	11	19	10
56	0.0055	19	16	23
57	0.0056	14	15	22
58	0.0057	18	33	40
59	0.0058	19	35	24
60	0.0059	6	16	-2
61	0.0060	18	31	28
62	0.0061	0	14	16
63	0.0062	9	14	31
64	0.0063	15	27	26
65	0.0064	10	16	13
66	0.0065	27	35	26
67	0.0066	9	3	11
68	0.0067	3	11	20
69	0.0068	0	24	22
70	0.0069	-2	16	10
71	0.0070	13	30	23
72	0.0071	0	1	14
73	0.0072	7	13	28
74	0.0073	15	31	20
75	0.0074	18	23	11
76	0.0075	19	27	20
77	0.0076	-6	0	10
78	0.0077	-4	10	26
79	0.0078	9	35	27
80	0.0079	16	27	18
81	0.0080	24	23	27
82	0.0081	6	0	9
83	0.0082	5	10	26
84	0.0083	10	32	15
85	0.0084	13	22	16
86	0.0085	9	19	23
87	0.0086	2	-2	20
88	0.0087	3	16	23
89	0.0088	11	27	18
90	0.0089	9	16	10
91	0.0090	14	16	15
92	0.0091	2	7	13
93	0.0092	7	22	32
94	0.0093	9	26	23
95	0.0094	9	14	7
96	0.0095	11	10	15
97	0.0096	2	10	13
98	0.0097	5	24	31
99	0.0098	10	28	23
100	0.0099	9	6	1

电流增量数据 [1000Hz, 10点]
采样序号	时间(s)	A相电流(INT)	B相电流(INT)	C相电流(INT)
1	0.000	25	3104	-8
2	0.001	-4	548	-6
3	0.002	5	2862	1
4	0.003	2	-123	-28
5	0.004	34	267	-2
6	0.005	48	-663	-22
7	0.006	-7	1019	-3
8	0.007	12	1086	-8
9	0.008	18	1084	-12
10	0.009	4	175	-17
================================================================================

=== 采集时间: 2025-12-05 15:11:19 (增量周期: 10.0ms) ===
振动增量数据 [等效10000Hz, 100点]
时序序号	时间(s)	X振动(INT)	Y振动(INT)	Z振动(INT)
1	0.0000	20	18	13
2	0.0001	-8	-7	11
3	0.0002	6	30	23
4	0.0003	9	31	16
5	0.0004	2	18	10
6	0.0005	18	18	23
7	0.0006	0	3	10
8	0.0007	13	24	22
9	0.0008	10	19	9
10	0.0009	9	11	2
11	0.0010	10	14	15
12	0.0011	-14	-2	23
13	0.0012	2	24	24
14	0.0013	10	19	15
15	0.0014	15	10	6
16	0.0015	14	9	10
17	0.0016	-3	1	16
18	0.0017	1	16	22
19	0.0018	7	23	16
20	0.0019	3	13	6
21	0.0020	7	14	16
22	0.0021	-4	-7	6
23	0.0022	7	18	16
24	0.0023	18	24	18
25	0.0024	1	9	2
26	0.0025	13	18	18
27	0.0026	-11	-6	9
28	0.0027	1	20	20
29	0.0028	13	27	20
30	0.0029	2	9	2
31	0.0030	20	11	16
32	0.0031	-3	-6	11
33	0.0032	7	19	27
34	0.0033	7	30	18
35	0.0034	-2	10	1
36	0.0035	11	9	19
37	0.0036	0	-2	14
38	0.0037	3	24	31
39	0.0038	18	26	23
40	0.0039	6	14	5
41	0.0040	23	20	19
42	0.0041	0	2	23
43	0.0042	2	20	30
44	0.0043	3	27	22
45	0.0044	10	14	6
46	0.0045	19	10	22
47	0.0046	7	11	26
48	0.0047	10	23	28
49	0.0048	10	31	15
50	0.0049	13	18	7
51	0.0050	15	19	14
52	0.0051	-8	3	20
53	0.0052	-6	18	27
54	0.0053	6	27	19
55	0.0054	20	16	10
56	0.0055	31	23	27
57	0.0056	-4	0	16
58	0.0057	2	24	27
59	0.0058	-2	19	18
60	0.0059	5	19	9
61	0.0060	15	22	28
62	0.0061	0	13	22
63	0.0062	-3	7	22
64	0.0063	11	24	16
65	0.0064	11	22	0
66	0.0065	20	19	22
67	0.0066	9	10	18
68	0.0067	6	14	28
69	0.0068	10	27	20
70	0.0069	5	13	0
71	0.0070	10	11	16
72	0.0071	2	13	20
73	0.0072	13	23	36
74	0.0073	19	28	18
75	0.0074	13	10	3
76	0.0075	15	23	24
77	0.0076	2	19	24
78	0.0077	5	27	32
79	0.0078	14	24	18
80	0.0079	18	6	2
81	0.0080	16	15	26
82	0.0081	9	22	26
83	0.0082	9	27	30
84	0.0083	11	19	13
85	0.0084	2	2	0
86	0.0085	9	15	19
87	0.0086	2	19	26
88	0.0087	9	24	22
89	0.0088	15	19	10
90	0.0089	10	2	2
91	0.0090	9	16	20
92	0.0091	0	13	16
93	0.0092	2	24	26
94	0.0093	5	22	16
95	0.0094	6	9	5
96	0.0095	13	13	20
97	0.0096	2	9	23
98	0.0097	10	24	32
99	0.0098	19	39	32
100	0.0099	9	9	10

电流增量数据 [1000Hz, 10点]
采样序号	时间(s)	A相电流(INT)	B相电流(INT)	C相电流(INT)
1	0.000	-16	274	5
2	0.001	51	1639	-7
3	0.002	-11	550	-12
4	0.003	1	-67	-14
5	0.004	-4	-13	-2
6	0.005	-23	-59	-13
7	0.006	-35	3225	-15
8	0.007	21	674	-10
9	0.008	6	2987	-12
10	0.009	7	4	-4
================================================================================

=== 采集时间: 2025-12-05 15:11:19 (增量周期: 10.0ms) ===
振动增量数据 [等效10000Hz, 100点]
时序序号	时间(s)	X振动(INT)	Y振动(INT)	Z振动(INT)
1	0.0000	22	30	37
2	0.0001	10	26	31
3	0.0002	10	13	26
4	0.0003	15	18	14
5	0.0004	16	19	10
6	0.0005	15	23	28
7	0.0006	6	15	31
8	0.0007	9	11	22
9	0.0008	19	20	13
10	0.0009	13	15	7
11	0.0010	22	19	32
12	0.0011	7	19	23
13	0.0012	11	16	20
14	0.0013	19	20	14
15	0.0014	14	13	6
16	0.0015	19	23	23
17	0.0016	5	19	20
18	0.0017	14	23	23
19	0.0018	20	26	11
20	0.0019	20	15	2
21	0.0020	14	19	24
22	0.0021	7	18	22
23	0.0022	9	24	26
24	0.0023	10	16	11
25	0.0024	6	6	6
26	0.0025	14	9	28
27	0.0026	13	24	31
28	0.0027	15	24	28
29	0.0028	9	10	6
30	0.0029	6	5	-4
31	0.0030	6	16	28
32	0.0031	9	24	33
33	0.0032	14	24	28
34	0.0033	13	9	16
35	0.0034	9	5	2
36	0.0035	10	13	18
37	0.0036	7	30	24
38	0.0037	5	23	24
39	0.0038	0	10	13
40	0.0039	10	7	7
41	0.0040	5	18	16
42	0.0041	5	28	28
43	0.0042	7	19	23
44	0.0043	13	10	6
45	0.0044	14	13	0
46	0.0045	11	14	33
47	0.0046	-2	16	30
48	0.0047	3	15	20
49	0.0048	5	14	11
50	0.0049	7	14	1
51	0.0050	11	7	18
52	0.0051	0	14	16
53	0.0052	11	33	32
54	0.0053	18	30	18
55	0.0054	7	5	0
56	0.0055	10	19	27
57	0.0056	0	11	30
58	0.0057	14	35	27
59	0.0058	15	20	19
60	0.0059	6	3	2
61	0.0060	13	14	24
62	0.0061	3	16	27
63	0.0062	10	30	28
64	0.0063	6	22	16
65	0.0064	2	9	-3
66	0.0065	13	15	16
67	0.0066	5	9	20
68	0.0067	5	20	27
69	0.0068	14	24	19
70	0.0069	10	16	5
71	0.0070	7	14	10
72	0.0071	-2	10	16
73	0.0072	1	18	22
74	0.0073	15	27	18
75	0.0074	13	13	2
76	0.0075	16	13	24
77	0.0076	-3	10	24
78	0.0077	10	18	18
79	0.0078	10	23	10
80	0.0079	7	16	6
81	0.0080	16	16	28
82	0.0081	-7	3	20
83	0.0082	14	19	27
84	0.0083	22	28	16
85	0.0084	18	23	6
86	0.0085	23	30	23
87	0.0086	-7	-2	16
88	0.0087	7	19	27
89	0.0088	10	26	18
90	0.0089	-2	9	2
91	0.0090	20	18	23
92	0.0091	-4	-6	11
93	0.0092	16	24	22
94	0.0093	16	20	11
95	0.0094	-4	11	0
96	0.0095	2	14	18
97	0.0096	-15	2	15
98	0.0097	2	28	27
99	0.0098	14	24	16
100	0.0099	5	7	-3

电流增量数据 [1000Hz, 10点]
采样序号	时间(s)	A相电流(INT)	B相电流(INT)	C相电流(INT)
1	0.000	5	-405	-24
2	0.001	45	387	-8
3	0.002	16	1293	-17
4	0.003	9	1051	-11
5	0.004	-4	1850	-14
6	0.005	29	-2179	-6
7	0.006	6	159	-10
8	0.007	15	-827	-24
9	0.008	-10	962	4
10	0.009	15	389	3
================================================================================

=== 采集时间: 2025-12-05 15:11:20 (增量周期: 10.0ms) ===
振动增量数据 [等效10000Hz, 100点]
时序序号	时间(s)	X振动(INT)	Y振动(INT)	Z振动(INT)
1	0.0000	16	20	20
2	0.0001	-4	10	19
3	0.0002	11	14	24
4	0.0003	19	27	18
5	0.0004	14	20	11
6	0.0005	14	16	24
7	0.0006	-2	11	22
8	0.0007	-2	19	20
9	0.0008	11	24	18
10	0.0009	16	18	9
11	0.0010	16	16	24
12	0.0011	3	16	27
13	0.0012	5	13	15
14	0.0013	15	23	13
15	0.0014	7	14	2
16	0.0015	11	18	32
17	0.0016	-10	3	24
18	0.0017	7	13	18
19	0.0018	19	24	7
20	0.0019	14	15	5
21	0.0020	20	27	27
22	0.0021	-3	13	24
23	0.0022	0	19	26
24	0.0023	10	19	9
25	0.0024	1	14	5
26	0.0025	19	19	28
27	0.0026	1	3	22
28	0.0027	18	20	24
29	0.0028	20	18	14
30	0.0029	0	6	7
31	0.0030	3	15	23
32	0.0031	-14	11	26
33	0.0032	13	32	26
34	0.0033	19	13	18
35	0.0034	18	7	10
36	0.0035	19	16	30
37	0.0036	-2	7	23
38	0.0037	10	26	16
39	0.0038	6	16	13
40	0.0039	7	14	11
41	0.0040	15	19	33
42	0.0041	7	22	26
43	0.0042	13	18	20
44	0.0043	10	1	2
45	0.0044	13	7	1
46	0.0045	10	20	26
47	0.0046	3	14	23
48	0.0047	5	16	19
49	0.0048	9	9	11
50	0.0049	11	9	0
51	0.0050	19	23	22
52	0.0051	6	13	26
53	0.0052	6	16	19
54	0.0053	13	13	16
55	0.0054	6	13	14
56	0.0055	15	27	33
57	0.0056	1	10	24
58	0.0057	7	13	13
59	0.0058	15	9	13
60	0.0059	11	13	11
61	0.0060	31	27	27
62	0.0061	3	16	24
63	0.0062	9	18	32
64	0.0063	10	37	19
65	0.0064	3	18	10
66	0.0065	18	23	28
67	0.0066	10	9	26
68	0.0067	14	26	31
69	0.0068	23	31	16
70	0.0069	15	14	-2
71	0.0070	23	19	22
72	0.0071	2	11	26
73	0.0072	-2	23	28
74	0.0073	11	26	20
75	0.0074	19	15	9
76	0.0075	27	23	24
77	0.0076	14	16	28
78	0.0077	6	23	24
79	0.0078	16	28	13
80	0.0079	5	6	11
81	0.0080	10	19	36
82	0.0081	1	19	28
83	0.0082	16	31	28
84	0.0083	27	23	14
85	0.0084	9	2	3
86	0.0085	18	23	31
87	0.0086	-2	14	22
88	0.0087	5	23	23
89	0.0088	10	28	18
90	0.0089	2	6	7
91	0.0090	20	20	32
92	0.0091	7	19	23
93	0.0092	19	23	16
94	0.0093	15	16	11
95	0.0094	-2	-2	0
96	0.0095	9	24	23
97	0.0096	2	15	27
98	0.0097	7	24	22
99	0.0098	11	22	13
100	0.0099	10	7	3

电流增量数据 [1000Hz, 10点]
采样序号	时间(s)	A相电流(INT)	B相电流(INT)	C相电流(INT)
1	0.000	12	-228	9
2	0.001	4	-295	-25
3	0.002	-17	3701	3
4	0.003	14	906	-13
5	0.004	21	1453	-14
6	0.005	-19	904	-11
7	0.006	-24	930	-15
8	0.007	-22	-10	-23
9	0.008	5	-340	-2
10	0.009	-4	1215	-34
================================================================================

=== 采集时间: 2025-12-05 15:11:20 (增量周期: 10.0ms) ===
振动增量数据 [等效10000Hz, 100点]
时序序号	时间(s)	X振动(INT)	Y振动(INT)	Z振动(INT)
1	0.0000	11	6	15
2	0.0001	2	11	15
3	0.0002	13	27	18
4	0.0003	19	30	15
5	0.0004	6	9	6
6	0.0005	14	10	22
7	0.0006	0	18	19
8	0.0007	5	30	18
9	0.0008	15	27	9
10	0.0009	9	3	7
11	0.0010	18	18	24
12	0.0011	5	9	13
13	0.0012	6	15	15
14	0.0013	14	26	15
15	0.0014	9	20	2
16	0.0015	19	23	23
17	0.0016	0	5	14
18	0.0017	6	7	18
19	0.0018	20	20	22
20	0.0019	23	30	15
21	0.0020	26	27	31
22	0.0021	-6	3	13
23	0.0022	-6	9	13
24	0.0023	2	16	19
25	0.0024	15	27	22
26	0.0025	22	26	36
27	0.0026	0	2	14
28	0.0027	13	7	13
29	0.0028	7	22	13
30	0.0029	15	22	10
31	0.0030	5	16	22
32	0.0031	-19	2	22
33	0.0032	1	16	16
34	0.0033	10	26	19
35	0.0034	22	30	18
36	0.0035	13	9	23
37	0.0036	2	13	18
38	0.0037	1	18	6
39	0.0038	9	20	15
40	0.0039	6	15	11
41	0.0040	9	14	30
42	0.0041	-3	22	27
43	0.0042	6	22	18
44	0.0043	19	19	11
45	0.0044	13	14	3
46	0.0045	13	11	33
47	0.0046	5	18	30
48	0.0047	2	32	24
49	0.0048	11	19	15
50	0.0049	5	2	6
51	0.0050	18	9	22
52	0.0051	10	23	27
53	0.0052	6	23	22
54	0.0053	10	15	5
55	0.0054	0	1	-4
56	0.0055	3	10	32
57	0.0056	0	26	26
58	0.0057	5	30	13
59	0.0058	9	7	-2
60	0.0059	-2	-15	-2
61	0.0060	15	15	22
62	0.0061	5	24	26
63	0.0062	3	27	23
64	0.0063	5	1	3
65	0.0064	5	-3	-14
66	0.0065	11	16	22
67	0.0066	6	18	27
68	0.0067	9	22	11
69	0.0068	14	11	5
70	0.0069	13	6	6
71	0.0070	11	24	23
72	0.0071	-6	14	20
73	0.0072	-4	5	19
74	0.0073	2	9	5
75	0.0074	5	-4	-4
76	0.0075	20	23	27
77	0.0076	7	27	23
78	0.0077	9	18	18
79	0.0078	7	9	7
80	0.0079	-3	-4	-2
81	0.0080	9	27	32
82	0.0081	5	26	24
83	0.0082	7	16	16
84	0.0083	20	14	15
85	0.0084	15	9	7
86	0.0085	14	28	32
87	0.0086	-3	20	24
88	0.0087	-2	13	16
89	0.0088	15	24	16
90	0.0089	9	10	15
91	0.0090	18	19	36
92	0.0091	9	14	20
93	0.0092	6	16	14
94	0.0093	7	14	6
95	0.0094	2	2	2
96	0.0095	5	19	28
97	0.0096	0	19	26
98	0.0097	5	22	18
99	0.0098	19	22	9
100	0.0099	9	2	0

电流增量数据 [1000Hz, 10点]
采样序号	时间(s)	A相电流(INT)	B相电流(INT)	C相电流(INT)
1	0.000	25	1463	-11
2	0.001	24	-1840	-32
3	0.002	-6	-51	1
4	0.003	21	123	-22
5	0.004	16	-421	-8
6	0.005	9	397	-12
7	0.006	-24	1096	6
8	0.007	4	1801	3
9	0.008	5	45	-6
10	0.009	36	-120	-5
================================================================================

=== 采集时间: 2025-12-05 15:11:20 (增量周期: 10.0ms) ===
振动增量数据 [等效10000Hz, 100点]
时序序号	时间(s)	X振动(INT)	Y振动(INT)	Z振动(INT)
1	0.0000	19	28	33
2	0.0001	6	19	22
3	0.0002	9	14	18
4	0.0003	23	30	23
5	0.0004	7	22	20
6	0.0005	14	30	39
7	0.0006	7	19	23
8	0.0007	10	14	14
9	0.0008	19	30	14
10	0.0009	14	10	18
11	0.0010	15	20	32
12	0.0011	13	23	30
13	0.0012	7	30	16
14	0.0013	13	31	9
15	0.0014	2	6	10
16	0.0015	13	15	33
17	0.0016	16	19	26
18	0.0017	15	18	18
19	0.0018	15	26	14
20	0.0019	1	2	3
21	0.0020	13	18	28
22	0.0021	5	22	20
23	0.0022	5	23	22
24	0.0023	9	22	11
25	0.0024	-2	6	7
26	0.0025	10	23	37
27	0.0026	10	22	24
28	0.0027	10	19	18
29	0.0028	10	20	14
30	0.0029	-4	11	11
31	0.0030	10	26	39
32	0.0031	2	16	26
33	0.0032	6	7	13
34	0.0033	18	24	19
35	0.0034	6	19	11
36	0.0035	19	24	27
37	0.0036	7	6	19
38	0.0037	0	0	19
39	0.0038	9	36	15
40	0.0039	6	23	16
41	0.0040	13	15	32
42	0.0041	13	2	16
43	0.0042	13	13	15
44	0.0043	20	37	14
45	0.0044	15	19	9
46	0.0045	5	6	23
47	0.0046	-2	5	19
48	0.0047	3	19	16
49	0.0048	23	44	20
50	0.0049	9	7	6
51	0.0050	18	15	26
52	0.0051	1	6	19
53	0.0052	14	24	20
54	0.0053	15	32	16
55	0.0054	6	11	6
56	0.0055	14	10	24
57	0.0056	0	2	20
58	0.0057	11	23	18
59	0.0058	19	37	24
60	0.0059	3	14	9
61	0.0060	9	11	27
62	0.0061	0	3	26
63	0.0062	16	30	26
64	0.0063	18	33	18
65	0.0064	5	7	10
66	0.0065	5	3	26
67	0.0066	2	3	23
68	0.0067	14	33	22
69	0.0068	10	28	23
70	0.0069	3	6	10
71	0.0070	5	10	27
72	0.0071	0	5	15
73	0.0072	5	19	15
74	0.0073	14	16	16
75	0.0074	5	9	14
76	0.0075	13	13	31
77	0.0076	2	15	28
78	0.0077	9	18	19
79	0.0078	10	22	13
80	0.0079	11	19	15
81	0.0080	19	15	33
82	0.0081	9	6	24
83	0.0082	13	14	26
84	0.0083	14	26	22
85	0.0084	10	23	11
86	0.0085	11	28	27
87	0.0086	5	-2	16
88	0.0087	5	6	26
89	0.0088	20	30	35
90	0.0089	14	16	19
91	0.0090	14	20	24
92	0.0091	1	-12	7
93	0.0092	-4	-2	6
94	0.0093	14	33	24
95	0.0094	7	26	24
96	0.0095	5	15	32
97	0.0096	2	-7	11
98	0.0097	-6	3	9
99	0.0098	30	39	15
100	0.0099	13	16	13

电流增量数据 [1000Hz, 10点]
采样序号	时间(s)	A相电流(INT)	B相电流(INT)	C相电流(INT)
1	0.000	18	-17	-11
2	0.001	16	-908	-10
3	0.002	9	1332	-21
4	0.003	15	1252	-24
5	0.004	-4	1162	-15
6	0.005	21	-1242	-8
7	0.006	-11	-669	4
8	0.007	5	244	-21
9	0.008	-2	-1081	-19
10	0.009	-12	791	-20
================================================================================

=== 采集时间: 2025-12-05 15:11:21 (增量周期: 10.0ms) ===
振动增量数据 [等效10000Hz, 100点]
时序序号	时间(s)	X振动(INT)	Y振动(INT)	Z振动(INT)
1	0.0000	19	18	35
2	0.0001	5	22	20
3	0.0002	5	23	7
4	0.0003	9	22	15
5	0.0004	9	0	5
6	0.0005	23	24	27
7	0.0006	7	20	26
8	0.0007	10	13	16
9	0.0008	13	16	10
10	0.0009	3	-2	7
11	0.0010	11	18	27
12	0.0011	3	19	24
13	0.0012	1	18	15
14	0.0013	14	16	7
15	0.0014	9	6	10
16	0.0015	15	19	35
17	0.0016	1	22	30
18	0.0017	5	18	19
19	0.0018	5	20	7
20	0.0019	10	15	13
21	0.0020	14	22	36
22	0.0021	7	23	30
23	0.0022	5	16	13
24	0.0023	14	24	6
25	0.0024	11	7	5
26	0.0025	19	15	28
27	0.0026	2	14	31
28	0.0027	3	24	15
29	0.0028	18	26	7
30	0.0029	19	1	-3
31	0.0030	15	7	26
32	0.0031	6	16	22
33	0.0032	5	28	23
34	0.0033	9	27	13
35	0.0034	1	-2	-2
36	0.0035	1	3	20
37	0.0036	3	19	24
38	0.0037	11	26	18
39	0.0038	22	19	9
40	0.0039	5	-7	3
41	0.0040	0	7	26
42	0.0041	-8	24	24
43	0.0042	2	27	19
44	0.0043	14	26	13
45	0.0044	7	-6	3
46	0.0045	9	6	27
47	0.0046	3	18	31
48	0.0047	7	23	15
49	0.0048	14	16	6
50	0.0049	-6	-7	0
51	0.0050	-4	-2	22
52	0.0051	5	22	24
53	0.0052	5	22	23
54	0.0053	14	13	1
55	0.0054	-2	-8	-8
56	0.0055	3	9	23
57	0.0056	-6	22	24
58	0.0057	-2	19	16
59	0.0058	9	16	10
60	0.0059	-6	-6	-2
61	0.0060	11	11	24
62	0.0061	7	13	20
63	0.0062	9	30	24
64	0.0063	14	16	16
65	0.0064	-3	-7	-3
66	0.0065	6	16	19
67	0.0066	6	16	23
68	0.0067	9	37	22
69	0.0068	16	20	14
70	0.0069	9	-4	-2
71	0.0070	11	15	27
72	0.0071	1	19	22
73	0.0072	0	27	15
74	0.0073	11	24	11
75	0.0074	-2	-3	3
76	0.0075	15	18	27
77	0.0076	5	9	23
78	0.0077	2	19	15
79	0.0078	23	35	15
80	0.0079	10	13	9
81	0.0080	20	14	26
82	0.0081	-2	-4	18
83	0.0082	0	14	13
84	0.0083	15	39	16
85	0.0084	15	16	19
86	0.0085	18	7	23
87	0.0086	10	-2	22
88	0.0087	5	19	13
89	0.0088	24	44	19
90	0.0089	5	7	3
91	0.0090	15	10	24
92	0.0091	-2	5	18
93	0.0092	7	30	16
94	0.0093	26	47	18
95	0.0094	7	6	5
96	0.0095	14	11	22
97	0.0096	7	10	19
98	0.0097	10	27	20
99	0.0098	20	41	19
100	0.0099	-2	0	2

电流增量数据 [1000Hz, 10点]
采样序号	时间(s)	A相电流(INT)	B相电流(INT)	C相电流(INT)
1	0.000	4	-1079	-10
2	0.001	4	280	4
3	0.002	19	-1403	-17
4	0.003	9	1054	2
5	0.004	-20	285	-10
6	0.005	11	1906	-3
7	0.006	-5	39	-19
8	0.007	6	-29	-17
9	0.008	-14	267	-2
10	0.009	4	1754	12
================================================================================

=== 采集时间: 2025-12-05 15:11:21 (增量周期: 10.0ms) ===
振动增量数据 [等效10000Hz, 100点]
时序序号	时间(s)	X振动(INT)	Y振动(INT)	Z振动(INT)
1	0.0000	10	19	28
2	0.0001	5	19	22
3	0.0002	7	19	19
4	0.0003	10	16	16
5	0.0004	1	2	3
6	0.0005	7	11	27
7	0.0006	9	16	22
8	0.0007	13	14	11
9	0.0008	19	18	14
10	0.0009	9	5	7
11	0.0010	10	11	22
12	0.0011	1	18	24
13	0.0012	1	22	10
14	0.0013	15	19	13
15	0.0014	9	13	13
16	0.0015	16	16	33
17	0.0016	13	23	23
18	0.0017	13	27	19
19	0.0018	13	23	18
20	0.0019	9	13	10
21	0.0020	11	14	33
22	0.0021	9	23	28
23	0.0022	9	24	20
24	0.0023	20	19	11
25	0.0024	7	2	7
26	0.0025	16	22	37
27	0.0026	9	16	27
28	0.0027	0	16	13
29	0.0028	6	11	13
30	0.0029	-2	3	2
31	0.0030	19	14	23
32	0.0031	18	11	16
33	0.0032	14	19	15
34	0.0033	13	27	19
35	0.0034	-3	13	10
36	0.0035	3	13	26
37	0.0036	2	9	14
38	0.0037	10	19	15
39	0.0038	20	32	24
40	0.0039	10	14	14
41	0.0040	13	6	23
42	0.0041	-3	13	15
43	0.0042	13	24	10
44	0.0043	15	44	19
45	0.0044	7	14	19
46	0.0045	11	10	33
47	0.0046	9	14	19
48	0.0047	15	27	16
49	0.0048	18	32	19
50	0.0049	2	9	13
51	0.0050	13	18	23
52	0.0051	11	23	15
53	0.0052	11	22	13
54	0.0053	19	20	22
55	0.0054	14	16	16
56	0.0055	18	20	33
57	0.0056	1	28	23
58	0.0057	5	23	11
59	0.0058	14	16	7
60	0.0059	15	6	6
61	0.0060	18	19	37
62	0.0061	10	23	28
63	0.0062	10	20	7
64	0.0063	13	9	6
65	0.0064	1	6	5
66	0.0065	9	23	28
67	0.0066	5	24	26
68	0.0067	5	13	11
69	0.0068	13	9	10
70	0.0069	6	1	2
71	0.0070	14	28	31
72	0.0071	5	19	23
73	0.0072	0	18	2
74	0.0073	11	13	11
75	0.0074	2	5	6
76	0.0075	7	16	28
77	0.0076	-7	11	22
78	0.0077	-4	20	13
79	0.0078	15	7	2
80	0.0079	5	-3	-2
81	0.0080	10	3	24
82	0.0081	-7	11	24
83	0.0082	3	27	15
84	0.0083	7	19	10
85	0.0084	1	-10	-2
86	0.0085	10	5	18
87	0.0086	-6	18	23
88	0.0087	7	27	13
89	0.0088	16	22	10
90	0.0089	0	-7	1
91	0.0090	7	15	28
92	0.0091	-6	27	26
93	0.0092	5	31	10
94	0.0093	13	19	6
95	0.0094	2	-3	0
96	0.0095	15	16	35
97	0.0096	1	23	31
98	0.0097	14	24	11
99	0.0098	7	16	5
100	0.0099	-4	-6	-3

电流增量数据 [1000Hz, 10点]
采样序号	时间(s)	A相电流(INT)	B相电流(INT)	C相电流(INT)
1	0.000	9	1303	4
2	0.001	5	1271	-10
3	0.002	-30	966	-15
4	0.003	14	-1548	-19
5	0.004	-25	447	9
6	0.005	1	-1659	-8
7	0.006	-7	725	-5
8	0.007	9	527	-6
9	0.008	-11	1743	-2
10	0.009	18	271	-6
================================================================================

=== 采集时间: 2025-12-05 15:11:22 (增量周期: 10.0ms) ===
振动增量数据 [等效10000Hz, 100点]
时序序号	时间(s)	X振动(INT)	Y振动(INT)	Z振动(INT)
1	0.0000	3	23	33
2	0.0001	6	35	23
3	0.0002	9	24	7
4	0.0003	20	19	6
5	0.0004	9	10	20
6	0.0005	16	27	39
7	0.0006	23	33	22
8	0.0007	14	19	13
9	0.0008	15	13	6
10	0.0009	5	-2	2
11	0.0010	7	23	36
12	0.0011	13	26	32
13	0.0012	9	23	11
14	0.0013	15	9	11
15	0.0014	2	-8	5
16	0.0015	11	14	28
17	0.0016	6	24	26
18	0.0017	3	15	7
19	0.0018	16	14	3
20	0.0019	2	1	16
21	0.0020	13	19	36
22	0.0021	7	28	28
23	0.0022	6	19	6
24	0.0023	14	16	11
25	0.0024	7	13	10
26	0.0025	15	24	36
27	0.0026	6	18	27
28	0.0027	13	13	9
29	0.0028	18	26	13
30	0.0029	3	7	16
31	0.0030	2	26	33
32	0.0031	3	2	22
33	0.0032	14	14	11
34	0.0033	15	19	22
35	0.0034	5	9	16
36	0.0035	6	13	26
37	0.0036	5	5	16
38	0.0037	13	7	10
39	0.0038	15	20	20
40	0.0039	-4	11	11
41	0.0040	1	19	26
42	0.0041	-7	3	10
43	0.0042	7	15	11
44	0.0043	15	30	14
45	0.0044	3	16	15
46	0.0045	5	16	28
47	0.0046	1	14	16
48	0.0047	5	15	3
49	0.0048	9	24	10
50	0.0049	-3	5	11
51	0.0050	0	13	28
52	0.0051	10	9	13
53	0.0052	10	5	0
54	0.0053	6	11	10
55	0.0054	1	3	14
56	0.0055	0	16	26
57	0.0056	1	16	16
58	0.0057	2	5	7
59	0.0058	6	15	11
60	0.0059	3	9	18
61	0.0060	14	24	27
62	0.0061	10	6	11
63	0.0062	5	14	2
64	0.0063	11	24	14
65	0.0064	-6	2	16
66	0.0065	7	22	30
67	0.0066	0	2	16
68	0.0067	15	13	14
69	0.0068	15	26	11
70	0.0069	2	13	16
71	0.0070	11	22	33
72	0.0071	3	11	22
73	0.0072	2	23	10
74	0.0073	11	32	22
75	0.0074	5	13	7
76	0.0075	10	27	33
77	0.0076	3	14	16
78	0.0077	9	13	5
79	0.0078	16	28	10
80	0.0079	-3	14	10
81	0.0080	-2	22	26
82	0.0081	1	14	16
83	0.0082	-2	1	3
84	0.0083	23	22	13
85	0.0084	3	11	19
86	0.0085	10	15	31
87	0.0086	2	7	11
88	0.0087	6	6	2
89	0.0088	9	14	7
90	0.0089	0	14	18
91	0.0090	5	13	28
92	0.0091	-2	13	19
93	0.0092	9	14	7
94	0.0093	23	27	16
95	0.0094	2	5	16
96	0.0095	3	24	33
97	0.0096	2	22	19
98	0.0097	7	18	16
99	0.0098	16	30	24
100	0.0099	3	18	10

电流增量数据 [1000Hz, 10点]
采样序号	时间(s)	A相电流(INT)	B相电流(INT)	C相电流(INT)
1	0.000	-8	-2504	-10
2	0.001	22	396	0
3	0.002	14	-1054	-12
4	0.003	37	879	-5
5	0.004	-10	68	-19
6	0.005	0	1620	3
7	0.006	-7	1063	-6
8	0.007	10	-85	3
9	0.008	-10	-87	3
10	0.009	20	-96	-3
================================================================================

=== 采集时间: 2025-12-05 15:11:22 (增量周期: 10.0ms) ===
振动增量数据 [等效10000Hz, 100点]
时序序号	时间(s)	X振动(INT)	Y振动(INT)	Z振动(INT)
1	0.0000	13	19	30
2	0.0001	11	19	23
3	0.0002	9	24	20
4	0.0003	13	26	30
5	0.0004	2	14	19
6	0.0005	13	11	24
7	0.0006	11	9	19
8	0.0007	10	18	19
9	0.0008	19	30	24
10	0.0009	13	15	20
11	0.0010	14	13	26
12	0.0011	5	9	16
13	0.0012	9	23	10
14	0.0013	20	40	24
15	0.0014	10	11	24
16	0.0015	20	22	37
17	0.0016	13	14	22
18	0.0017	9	30	11
19	0.0018	22	40	28
20	0.0019	2	14	18
21	0.0020	3	13	26
22	0.0021	9	18	27
23	0.0022	13	35	15
24	0.0023	32	39	26
25	0.0024	10	7	14
26	0.0025	7	6	23
27	0.0026	0	9	6
28	0.0027	7	18	9
29	0.0028	22	35	26
30	0.0029	-6	5	18
31	0.0030	7	18	31
32	0.0031	3	9	14
33	0.0032	9	19	9
34	0.0033	20	24	16
35	0.0034	-2	3	15
36	0.0035	9	23	31
37	0.0036	5	22	22
38	0.0037	9	26	16
39	0.0038	15	19	19
40	0.0039	3	9	18
41	0.0040	5	23	32
42	0.0041	10	23	22
43	0.0042	14	23	16
44	0.0043	13	16	20
45	0.0044	0	0	20
46	0.0045	11	28	36
47	0.0046	6	16	23
48	0.0047	7	18	2
49	0.0048	15	18	15
50	0.0049	2	1	15
51	0.0050	11	14	26
52	0.0051	5	14	15
53	0.0052	9	20	10
54	0.0053	24	43	31
55	0.0054	6	19	16
56	0.0055	16	26	23
57	0.0056	9	10	18
58	0.0057	14	19	18
59	0.0058	24	33	27
60	0.0059	15	11	19
61	0.0060	13	23	27
62	0.0061	5	3	13
63	0.0062	7	15	2
64	0.0063	19	28	22
65	0.0064	7	18	22
66	0.0065	9	19	33
67	0.0066	9	9	15
68	0.0067	0	15	0
69	0.0068	18	22	13
70	0.0069	7	7	10
71	0.0070	11	19	28
72	0.0071	7	9	11
73	0.0072	7	16	9
74	0.0073	9	28	16
75	0.0074	3	13	23
76	0.0075	7	19	23
77	0.0076	5	15	20
78	0.0077	2	18	7
79	0.0078	19	23	18
80	0.0079	1	5	22
81	0.0080	15	23	36
82	0.0081	3	14	16
83	0.0082	7	11	6
84	0.0083	19	19	19
85	0.0084	0	1	24
86	0.0085	9	26	37
87	0.0086	6	18	20
88	0.0087	16	16	2
89	0.0088	23	20	16
90	0.0089	1	1	20
91	0.0090	9	31	32
92	0.0091	6	18	14
93	0.0092	6	14	-3
94	0.0093	7	22	11
95	0.0094	-2	10	11
96	0.0095	11	27	32
97	0.0096	7	14	14
98	0.0097	5	7	-4
99	0.0098	13	20	10
100	0.0099	-6	2	10

电流增量数据 [1000Hz, 10点]
采样序号	时间(s)	A相电流(INT)	B相电流(INT)	C相电流(INT)
1	0.000	-15	10	-24
2	0.001	-28	-289	-7
3	0.002	-4	1464	-19
4	0.003	3	1141	7
5	0.004	24	1679	23
6	0.005	6	-2477	-28
7	0.006	7	-92	-12
8	0.007	16	-361	-4
9	0.008	23	401	-2
10	0.009	6	38	-3
================================================================================

=== 采集时间: 2025-12-05 15:11:22 (增量周期: 10.0ms) ===
振动增量数据 [等效10000Hz, 100点]
时序序号	时间(s)	X振动(INT)	Y振动(INT)	Z振动(INT)
1	0.0000	15	19	32
2	0.0001	2	19	14
3	0.0002	9	24	11
4	0.0003	3	18	14
5	0.0004	-2	10	16
6	0.0005	11	24	33
7	0.0006	15	22	27
8	0.0007	13	18	15
9	0.0008	15	19	20
10	0.0009	-6	3	10
11	0.0010	5	22	26
12	0.0011	0	7	16
13	0.0012	1	11	2
14	0.0013	15	23	23
15	0.0014	2	6	16
16	0.0015	15	15	23
17	0.0016	9	11	13
18	0.0017	6	6	0
19	0.0018	11	19	7
20	0.0019	-6	9	16
21	0.0020	6	19	33
22	0.0021	6	20	22
23	0.0022	11	22	14
24	0.0023	14	20	13
25	0.0024	9	16	18
26	0.0025	10	27	28
27	0.0026	9	26	24
28	0.0027	10	18	6
29	0.0028	14	22	23
30	0.0029	0	14	20
31	0.0030	15	26	33
32	0.0031	10	19	18
33	0.0032	13	10	6
34	0.0033	24	19	19
35	0.0034	9	6	19
36	0.0035	11	22	37
37	0.0036	0	11	15
38	0.0037	9	13	3
39	0.0038	19	11	14
40	0.0039	3	6	16
41	0.0040	9	27	27
42	0.0041	3	19	18
43	0.0042	3	20	-2
44	0.0043	15	18	11
45	0.0044	5	19	19
46	0.0045	5	30	36
47	0.0046	10	22	14
48	0.0047	20	19	5
49	0.0048	24	19	14
50	0.0049	5	11	16
51	0.0050	2	31	33
52	0.0051	3	24	19
53	0.0052	19	20	6
54	0.0053	22	6	11
55	0.0054	-2	2	20
56	0.0055	9	19	33
57	0.0056	11	22	26
58	0.0057	19	14	5
59	0.0058	10	11	9
60	0.0059	-10	1	13
61	0.0060	0	13	27
62	0.0061	9	28	11
63	0.0062	13	6	0
64	0.0063	14	10	14
65	0.0064	1	13	23
66	0.0065	6	24	31
67	0.0066	9	19	16
68	0.0067	2	-4	-2
69	0.0068	9	13	20
70	0.0069	3	18	22
71	0.0070	9	23	39
72	0.0071	15	28	20
73	0.0072	11	3	10
74	0.0073	27	27	27
75	0.0074	10	27	23
76	0.0075	6	28	40
77	0.0076	10	26	18
78	0.0077	9	18	10
79	0.0078	28	33	24
80	0.0079	15	26	19
81	0.0080	13	27	36
82	0.0081	15	23	15
83	0.0082	10	16	3
84	0.0083	14	23	18
85	0.0084	5	10	20
86	0.0085	13	19	35
87	0.0086	16	22	24
88	0.0087	11	14	15
89	0.0088	22	14	15
90	0.0089	10	13	22
91	0.0090	6	14	37
92	0.0091	6	24	24
93	0.0092	9	16	11
94	0.0093	23	23	26
95	0.0094	11	16	24
96	0.0095	15	24	41
97	0.0096	13	24	19
98	0.0097	6	11	10
99	0.0098	16	20	19
100	0.0099	5	20	26

电流增量数据 [1000Hz, 10点]
采样序号	时间(s)	A相电流(INT)	B相电流(INT)	C相电流(INT)
1	0.000	14	-115	1
2	0.001	-12	-468	3
3	0.002	28	218	3
4	0.003	-21	2736	2
5	0.004	5	1557	-15
6	0.005	61	1068	-12
7	0.006	42	1673	-2
8	0.007	5	975	18
9	0.008	49	-147	-7
10	0.009	13	-528	2
================================================================================

=== 采集时间: 2025-12-05 15:11:23 (增量周期: 10.0ms) ===
振动增量数据 [等效10000Hz, 100点]
时序序号	时间(s)	X振动(INT)	Y振动(INT)	Z振动(INT)
1	0.0000	5	13	28
2	0.0001	11	24	18
3	0.0002	9	16	7
4	0.0003	18	20	20
5	0.0004	0	1	15
6	0.0005	0	18	27
7	0.0006	10	27	23
8	0.0007	7	18	5
9	0.0008	16	22	23
10	0.0009	-4	-2	18
11	0.0010	7	19	31
12	0.0011	13	30	20
13	0.0012	11	16	5
14	0.0013	14	15	18
15	0.0014	-2	3	16
16	0.0015	11	19	32
17	0.0016	15	24	16
18	0.0017	11	7	6
19	0.0018	10	7	15
20	0.0019	5	2	9
21	0.0020	11	19	24
22	0.0021	13	20	18
23	0.0022	7	11	3
24	0.0023	9	19	14
25	0.0024	-3	15	18
26	0.0025	15	24	28
27	0.0026	10	27	20
28	0.0027	15	19	14
29	0.0028	16	26	22
30	0.0029	9	19	26
31	0.0030	1	14	26
32	0.0031	1	22	16
33	0.0032	13	13	6
34	0.0033	15	35	28
35	0.0034	13	13	26
36	0.0035	9	11	26
37	0.0036	5	13	19
38	0.0037	9	9	5
39	0.0038	19	24	13
40	0.0039	9	18	18
41	0.0040	10	14	30
42	0.0041	7	9	14
43	0.0042	15	16	5
44	0.0043	15	27	15
45	0.0044	9	15	14
46	0.0045	6	13	13
47	0.0046	9	19	14
48	0.0047	7	16	3
49	0.0048	9	16	22
50	0.0049	0	19	16
51	0.0050	-3	5	16
52	0.0051	7	20	6
53	0.0052	15	19	10
54	0.0053	19	22	24
55	0.0054	7	9	13
56	0.0055	5	5	26
57	0.0056	-2	22	18
58	0.0057	6	14	6
59	0.0058	14	13	19
60	0.0059	-4	6	16
61	0.0060	2	13	16
62	0.0061	6	24	7
63	0.0062	11	13	6
64	0.0063	13	18	19
65	0.0064	-4	2	13
66	0.0065	-2	13	23
67	0.0066	5	19	10
68	0.0067	6	7	-2
69	0.0068	13	16	22
70	0.0069	-3	-3	10
71	0.0070	3	19	20
72	0.0071	5	16	14
73	0.0072	-2	5	-2
74	0.0073	9	16	10
75	0.0074	5	9	14
76	0.0075	7	14	30
77	0.0076	7	13	19
78	0.0077	3	20	9
79	0.0078	7	19	16
80	0.0079	-2	10	15
81	0.0080	2	22	32
82	0.0081	-2	20	19
83	0.0082	5	19	7
84	0.0083	13	27	23
85	0.0084	9	7	11
86	0.0085	11	20	31
87	0.0086	3	18	18
88	0.0087	0	16	2
89	0.0088	11	23	14
90	0.0089	3	6	11
91	0.0090	3	7	27
92	0.0091	7	23	20
93	0.0092	10	14	9
94	0.0093	23	16	15
95	0.0094	9	10	14
96	0.0095	1	13	19
97	0.0096	2	23	19
98	0.0097	7	18	10
99	0.0098	16	18	20
100	0.0099	18	11	19

电流增量数据 [1000Hz, 10点]
采样序号	时间(s)	A相电流(INT)	B相电流(INT)	C相电流(INT)
1	0.000	24	-233	-11
2	0.001	27	-1459	10
3	0.002	13	132	4
4	0.003	27	-1871	5
5	0.004	15	617	11
6	0.005	20	49	1
7	0.006	29	1935	18
8	0.007	29	-130	-2
9	0.008	2	-166	-6
10	0.009	22	207	-8
================================================================================

=== 采集时间: 2025-12-05 15:11:23 (增量周期: 10.0ms) ===
振动增量数据 [等效10000Hz, 100点]
时序序号	时间(s)	X振动(INT)	Y振动(INT)	Z振动(INT)
1	0.0000	5	22	20
2	0.0001	7	27	24
3	0.0002	15	26	9
4	0.0003	20	19	23
5	0.0004	-11	-10	16
6	0.0005	10	11	23
7	0.0006	10	23	13
8	0.0007	14	23	1
9	0.0008	18	18	14
10	0.0009	-14	-10	18
11	0.0010	1	16	28
12	0.0011	13	31	22
13	0.0012	13	26	-4
14	0.0013	20	11	16
15	0.0014	0	-2	15
16	0.0015	20	30	31
17	0.0016	15	31	23
18	0.0017	11	23	10
19	0.0018	14	10	18
20	0.0019	-7	9	15
21	0.0020	15	33	30
22	0.0021	14	26	23
23	0.0022	23	19	9
24	0.0023	18	6	19
25	0.0024	-2	6	24
26	0.0025	5	30	26
27	0.0026	5	19	16
28	0.0027	10	14	10
29	0.0028	13	7	20
30	0.0029	7	9	19
31	0.0030	13	23	23
32	0.0031	10	13	13
33	0.0032	15	15	7
34	0.0033	11	14	18
35	0.0034	2	18	27
36	0.0035	0	23	26
37	0.0036	6	15	14
38	0.0037	14	14	6
39	0.0038	18	26	24
40	0.0039	7	26	24
41	0.0040	7	28	30
42	0.0041	11	13	19
43	0.0042	9	14	11
44	0.0043	15	24	28
45	0.0044	1	14	22
46	0.0045	10	19	22
47	0.0046	10	6	10
48	0.0047	13	9	6
49	0.0048	16	19	28
50	0.0049	-6	6	22
51	0.0050	0	9	16
52	0.0051	5	6	9
53	0.0052	5	6	0
54	0.0053	16	23	23
55	0.0054	3	3	16
56	0.0055	2	13	23
57	0.0056	2	14	11
58	0.0057	7	19	2
59	0.0058	15	27	18
60	0.0059	-2	5	19
61	0.0060	10	16	24
62	0.0061	20	19	11
63	0.0062	10	7	-2
64	0.0063	1	13	11
65	0.0064	-2	9	19
66	0.0065	3	16	27
67	0.0066	15	27	22
68	0.0067	7	11	7
69	0.0068	13	14	18
70	0.0069	0	18	22
71	0.0070	0	23	24
72	0.0071	13	30	13
73	0.0072	-2	15	2
74	0.0073	9	26	19
75	0.0074	0	14	20
76	0.0075	2	13	24
77	0.0076	14	26	14
78	0.0077	5	-2	-12
79	0.0078	15	16	15
80	0.0079	-2	3	11
81	0.0080	5	13	27
82	0.0081	3	19	14
83	0.0082	3	5	5
84	0.0083	13	22	19
85	0.0084	2	9	22
86	0.0085	5	10	14
87	0.0086	9	11	10
88	0.0087	10	15	2
89	0.0088	15	32	31
90	0.0089	-6	16	20
91	0.0090	2	11	20
92	0.0091	5	19	11
93	0.0092	10	19	11
94	0.0093	23	33	32
95	0.0094	5	14	24
96	0.0095	3	10	22
97	0.0096	7	15	10
98	0.0097	6	20	11
99	0.0098	13	24	27
100	0.0099	3	15	16

电流增量数据 [1000Hz, 10点]
采样序号	时间(s)	A相电流(INT)	B相电流(INT)	C相电流(INT)
1	0.000	22	1202	10
2	0.001	23	-2554	5
3	0.002	-21	7	-15
4	0.003	19	-1701	-15
5	0.004	4	644	14
6	0.005	5	-86	15
7	0.006	41	1531	13
8	0.007	45	585	10
9	0.008	32	-208	7
10	0.009	5	-114	18
================================================================================

=== 采集时间: 2025-12-05 15:11:24 (增量周期: 10.0ms) ===
振动增量数据 [等效10000Hz, 100点]
时序序号	时间(s)	X振动(INT)	Y振动(INT)	Z振动(INT)
1	0.0000	5	23	26
2	0.0001	10	33	16
3	0.0002	6	13	3
4	0.0003	15	26	27
5	0.0004	9	14	27
6	0.0005	19	22	30
7	0.0006	14	19	18
8	0.0007	10	6	2
9	0.0008	19	19	18
10	0.0009	10	9	7
11	0.0010	5	18	18
12	0.0011	3	20	13
13	0.0012	2	2	5
14	0.0013	14	16	19
15	0.0014	10	6	11
16	0.0015	9	19	18
17	0.0016	14	20	14
18	0.0017	5	14	6
19	0.0018	13	15	22
20	0.0019	-12	0	14
21	0.0020	0	18	22
22	0.0021	9	27	14
23	0.0022	9	15	2
24	0.0023	20	13	19
25	0.0024	5	2	16
26	0.0025	7	20	16
27	0.0026	1	18	10
28	0.0027	5	13	5
29	0.0028	3	9	10
30	0.0029	-3	5	20
31	0.0030	10	15	18
32	0.0031	11	23	10
33	0.0032	6	6	-6
34	0.0033	9	5	16
35	0.0034	-2	6	18
36	0.0035	2	28	27
37	0.0036	10	26	15
38	0.0037	5	14	2
39	0.0038	10	14	18
40	0.0039	2	6	16
41	0.0040	3	23	27
42	0.0041	9	30	15
43	0.0042	0	18	2
44	0.0043	14	22	28
45	0.0044	0	3	22
46	0.0045	9	27	27
47	0.0046	11	26	15
48	0.0047	1	7	0
49	0.0048	15	14	19
50	0.0049	-3	6	20
51	0.0050	5	23	30
52	0.0051	6	20	18
53	0.0052	2	9	-3
54	0.0053	13	10	11
55	0.0054	5	11	22
56	0.0055	11	26	26
57	0.0056	15	23	14
58	0.0057	3	9	2
59	0.0058	6	10	15
60	0.0059	1	18	18
61	0.0060	5	9	22
62	0.0061	13	24	13
63	0.0062	15	15	1
64	0.0063	26	13	16
65	0.0064	6	6	18
66	0.0065	1	19	26
67	0.0066	3	27	9
68	0.0067	0	11	1
69	0.0068	11	14	24
70	0.0069	7	11	23
71	0.0070	16	30	30
72	0.0071	19	33	24
73	0.0072	10	9	2
74	0.0073	9	14	18
75	0.0074	-8	18	22
76	0.0075	3	27	30
77	0.0076	18	31	24
78	0.0077	10	6	2
79	0.0078	15	11	20
80	0.0079	5	13	20
81	0.0080	6	19	18
82	0.0081	9	16	10
83	0.0082	3	1	-2
84	0.0083	9	11	22
85	0.0084	-2	14	22
86	0.0085	14	19	27
87	0.0086	13	15	7
88	0.0087	10	2	-3
89	0.0088	6	11	20
90	0.0089	5	11	22
91	0.0090	3	30	28
92	0.0091	6	20	16
93	0.0092	3	7	5
94	0.0093	11	16	20
95	0.0094	3	16	23
96	0.0095	15	27	30
97	0.0096	15	23	13
98	0.0097	3	9	3
99	0.0098	11	13	26
100	0.0099	-3	18	30

电流增量数据 [1000Hz, 10点]
采样序号	时间(s)	A相电流(INT)	B相电流(INT)	C相电流(INT)
1	0.000	10	306	15
2	0.001	0	-282	-10
3	0.002	42	1017	10
4	0.003	5	1643	0
5	0.004	38	-439	18
6	0.005	-4	-531	12
7	0.006	38	-982	3
8	0.007	5	3665	18
9	0.008	24	459	9
10	0.009	22	1220	22
================================================================================

=== 采集时间: 2025-12-05 15:11:24 (增量周期: 10.0ms) ===
振动增量数据 [等效10000Hz, 100点]
时序序号	时间(s)	X振动(INT)	Y振动(INT)	Z振动(INT)
1	0.0000	9	23	28
2	0.0001	7	19	15
3	0.0002	0	-3	-6
4	0.0003	10	9	22
5	0.0004	-4	3	23
6	0.0005	9	15	20
7	0.0006	14	23	14
8	0.0007	0	0	1
9	0.0008	5	9	13
10	0.0009	-8	13	19
11	0.0010	6	26	20
12	0.0011	13	19	13
13	0.0012	9	7	-3
14	0.0013	5	9	14
15	0.0014	-8	13	18
16	0.0015	2	14	18
17	0.0016	7	22	9
18	0.0017	7	16	2
19	0.0018	7	16	23
20	0.0019	-11	-3	20
21	0.0020	2	15	18
22	0.0021	16	27	16
23	0.0022	14	16	7
24	0.0023	14	13	16
25	0.0024	-10	-7	16
26	0.0025	-2	10	23
27	0.0026	10	30	20
28	0.0027	11	16	7
29	0.0028	14	9	27
30	0.0029	0	-2	18
31	0.0030	14	24	22
32	0.0031	15	30	15
33	0.0032	1	11	2
34	0.0033	2	14	19
35	0.0034	-7	16	20
36	0.0035	11	33	26
37	0.0036	16	23	19
38	0.0037	15	13	9
39	0.0038	16	18	20
40	0.0039	2	22	19
41	0.0040	9	22	15
42	0.0041	7	13	11
43	0.0042	5	14	14
44	0.0043	9	16	28
45	0.0044	10	19	19
46	0.0045	11	13	15
47	0.0046	19	14	10
48	0.0047	18	11	6
49	0.0048	16	19	32
50	0.0049	-2	13	23
51	0.0050	6	20	26
52	0.0051	14	23	19
53	0.0052	10	6	6
54	0.0053	18	15	27
55	0.0054	-2	9	16
56	0.0055	9	16	26
57	0.0056	9	18	19
58	0.0057	7	2	2
59	0.0058	9	14	13
60	0.0059	-3	9	23
61	0.0060	1	15	26
62	0.0061	14	23	7
63	0.0062	10	13	2
64	0.0063	10	19	24
65	0.0064	-3	15	20
66	0.0065	0	26	27
67	0.0066	7	31	15
68	0.0067	15	16	5
69	0.0068	14	23	26
70	0.0069	-3	13	26
71	0.0070	-2	14	27
72	0.0071	13	27	18
73	0.0072	22	20	5
74	0.0073	13	14	22
75	0.0074	-11	-3	19
76	0.0075	0	7	14
77	0.0076	10	19	18
78	0.0077	31	14	11
79	0.0078	19	9	26
80	0.0079	-4	13	18
81	0.0080	-2	14	15
82	0.0081	2	19	11
83	0.0082	16	15	2
84	0.0083	15	9	24
85	0.0084	6	16	27
86	0.0085	20	28	23
87	0.0086	13	30	10
88	0.0087	11	14	2
89	0.0088	2	3	20
90	0.0089	-4	27	23
91	0.0090	11	37	32
92	0.0091	11	23	26
93	0.0092	19	5	6
94	0.0093	20	18	28
95	0.0094	14	26	22
96	0.0095	19	31	30
97	0.0096	18	16	19
98	0.0097	5	1	6
99	0.0098	18	9	37
100	0.0099	3	33	37

电流增量数据 [1000Hz, 10点]
采样序号	时间(s)	A相电流(INT)	B相电流(INT)	C相电流(INT)
1	0.000	-2	863	-13
2	0.001	30	1878	-4
3	0.002	4	104	-14
4	0.003	20	-385	-2
5	0.004	33	-4	13
6	0.005	7	2434	14
7	0.006	45	1415	6
8	0.007	3	908	-2
9	0.008	19	1935	18
10	0.009	-5	360	-5
================================================================================

=== 采集时间: 2025-12-05 15:11:25 (增量周期: 10.0ms) ===
振动增量数据 [等效10000Hz, 100点]
时序序号	时间(s)	X振动(INT)	Y振动(INT)	Z振动(INT)
1	0.0000	5	19	16
2	0.0001	5	24	6
3	0.0002	0	14	3
4	0.0003	14	10	27
5	0.0004	9	13	32
6	0.0005	14	26	26
7	0.0006	15	19	11
8	0.0007	5	5	1
9	0.0008	6	0	19
10	0.0009	0	9	19
11	0.0010	14	26	31
12	0.0011	15	23	23
13	0.0012	11	2	1
14	0.0013	13	2	18
15	0.0014	3	13	22
16	0.0015	20	32	22
17	0.0016	14	24	14
18	0.0017	0	9	9
19	0.0018	-4	6	22
20	0.0019	0	19	24
21	0.0020	13	35	18
22	0.0021	19	18	7
23	0.0022	15	7	3
24	0.0023	10	14	31
25	0.0024	1	19	26
26	0.0025	6	27	19
27	0.0026	7	16	9
28	0.0027	7	9	1
29	0.0028	7	11	23
30	0.0029	11	10	24
31	0.0030	16	23	20
32	0.0031	20	22	19
33	0.0032	15	10	6
34	0.0033	7	15	27
35	0.0034	-2	15	22
36	0.0035	3	19	19
37	0.0036	22	27	22
38	0.0037	19	26	13
39	0.0038	23	20	27
40	0.0039	5	19	24
41	0.0040	11	20	19
42	0.0041	20	30	16
43	0.0042	18	23	13
44	0.0043	13	24	36
45	0.0044	2	15	23
46	0.0045	9	24	20
47	0.0046	15	26	10
48	0.0047	15	16	6
49	0.0048	14	18	23
50	0.0049	-2	7	24
51	0.0050	15	22	20
52	0.0051	16	26	15
53	0.0052	10	16	2
54	0.0053	19	16	19
55	0.0054	3	23	23
56	0.0055	13	37	23
57	0.0056	3	24	19
58	0.0057	7	-6	3
59	0.0058	16	14	23
60	0.0059	5	19	30
61	0.0060	19	36	28
62	0.0061	20	16	5
63	0.0062	-3	-7	0
64	0.0063	9	2	26
65	0.0064	-7	19	28
66	0.0065	7	26	20
67	0.0066	5	9	1
68	0.0067	7	0	0
69	0.0068	16	20	24
70	0.0069	2	19	20
71	0.0070	5	20	15
72	0.0071	-3	5	5
73	0.0072	-4	19	0
74	0.0073	13	30	28
75	0.0074	2	5	20
76	0.0075	10	15	16
77	0.0076	11	11	2
78	0.0077	2	20	1
79	0.0078	7	11	20
80	0.0079	-7	-2	10
81	0.0080	3	20	19
82	0.0081	5	14	19
83	0.0082	11	22	6
84	0.0083	10	1	15
85	0.0084	-2	-12	9
86	0.0085	6	10	7
87	0.0086	10	20	9
88	0.0087	3	9	7
89	0.0088	0	11	23
90	0.0089	-7	3	16
91	0.0090	5	23	16
92	0.0091	13	18	11
93	0.0092	9	14	5
94	0.0093	10	14	23
95	0.0094	-3	9	23
96	0.0095	2	19	19
97	0.0096	10	22	10
98	0.0097	3	15	1
99	0.0098	9	19	30
100	0.0099	9	2	18

电流增量数据 [1000Hz, 10点]
采样序号	时间(s)	A相电流(INT)	B相电流(INT)	C相电流(INT)
1	0.000	25	1003	9
2	0.001	20	806	-2
3	0.002	-11	158	3
4	0.003	56	-1957	1
5	0.004	0	38	9
6	0.005	16	-2008	5
7	0.006	20	534	30
8	0.007	14	144	5
9	0.008	7	1509	-3
10	0.009	12	-123	6
================================================================================

=== 采集时间: 2025-12-05 15:11:25 (增量周期: 10.0ms) ===
振动增量数据 [等效10000Hz, 100点]
时序序号	时间(s)	X振动(INT)	Y振动(INT)	Z振动(INT)
1	0.0000	10	35	27
2	0.0001	13	18	10
3	0.0002	5	6	2
4	0.0003	7	22	24
5	0.0004	9	27	22
6	0.0005	9	26	23
7	0.0006	16	19	11
8	0.0007	2	9	3
9	0.0008	9	20	28
10	0.0009	0	16	22
11	0.0010	9	13	14
12	0.0011	18	13	10
13	0.0012	7	2	5
14	0.0013	10	19	28
15	0.0014	0	11	26
16	0.0015	6	16	19
17	0.0016	20	14	13
18	0.0017	6	5	5
19	0.0018	9	23	31
20	0.0019	2	19	27
21	0.0020	15	24	18
22	0.0021	24	23	11
23	0.0022	9	9	5
24	0.0023	5	19	32
25	0.0024	-3	20	26
26	0.0025	7	35	18
27	0.0026	16	26	11
28	0.0027	3	3	5
29	0.0028	7	11	22
30	0.0029	0	11	28
31	0.0030	13	31	26
32	0.0031	26	33	13
33	0.0032	5	3	0
34	0.0033	-4	6	20
35	0.0034	-11	0	22
36	0.0035	13	23	23
37	0.0036	28	27	15
38	0.0037	3	-2	6
39	0.0038	16	10	20
40	0.0039	-6	10	16
41	0.0040	11	30	22
42	0.0041	18	26	11
43	0.0042	-4	2	9
44	0.0043	16	28	31
45	0.0044	2	19	24
46	0.0045	15	35	22
47	0.0046	26	18	10
48	0.0047	6	13	-2
49	0.0048	15	35	28
50	0.0049	-7	19	19
51	0.0050	5	16	20
52	0.0051	15	22	6
53	0.0052	11	7	2
54	0.0053	14	28	19
55	0.0054	7	18	23
56	0.0055	6	22	15
57	0.0056	18	28	11
58	0.0057	9	10	5
59	0.0058	7	22	31
60	0.0059	0	7	16
61	0.0060	5	23	11
62	0.0061	16	18	10
63	0.0062	3	3	3
64	0.0063	7	11	26
65	0.0064	-7	13	20
66	0.0065	10	16	13
67	0.0066	13	13	7
68	0.0067	2	-7	0
69	0.0068	3	11	18
70	0.0069	-4	13	18
71	0.0070	5	18	14
72	0.0071	11	23	13
73	0.0072	-6	2	-4
74	0.0073	1	14	22
75	0.0074	1	15	19
76	0.0075	13	23	22
77	0.0076	20	30	20
78	0.0077	2	7	7
79	0.0078	9	16	24
80	0.0079	-3	13	19
81	0.0080	5	24	19
82	0.0081	18	27	18
83	0.0082	-3	7	11
84	0.0083	9	7	28
85	0.0084	5	7	11
86	0.0085	9	15	14
87	0.0086	20	23	15
88	0.0087	-2	1	9
89	0.0088	3	13	31
90	0.0089	-7	9	18
91	0.0090	1	18	14
92	0.0091	20	18	9
93	0.0092	10	13	7
94	0.0093	15	26	31
95	0.0094	3	11	16
96	0.0095	-3	16	10
97	0.0096	-3	16	9
98	0.0097	3	16	10
99	0.0098	15	39	37
100	0.0099	10	10	22

电流增量数据 [1000Hz, 10点]
采样序号	时间(s)	A相电流(INT)	B相电流(INT)	C相电流(INT)
1	0.000	-20	1490	9
2	0.001	41	-2679	7
3	0.002	1	-35	13
4	0.003	47	-1145	-2
5	0.004	-2	406	20
6	0.005	16	-22	-6
7	0.006	29	1138	-2
8	0.007	5	432	12
9	0.008	13	-365	-3
10	0.009	30	-283	14
================================================================================

=== 采集时间: 2025-12-05 15:11:25 (增量周期: 10.0ms) ===
振动增量数据 [等效10000Hz, 100点]
时序序号	时间(s)	X振动(INT)	Y振动(INT)	Z振动(INT)
1	0.0000	9	15	15
2	0.0001	5	2	3
3	0.0002	3	1	6
4	0.0003	7	26	32
5	0.0004	7	22	27
6	0.0005	0	10	13
7	0.0006	14	13	3
8	0.0007	11	9	7
9	0.0008	14	31	40
10	0.0009	-2	16	26
11	0.0010	2	13	10
12	0.0011	15	26	10
13	0.0012	13	23	10
14	0.0013	20	32	44
15	0.0014	1	13	22
16	0.0015	9	19	6
17	0.0016	13	26	7
18	0.0017	3	16	11
19	0.0018	10	26	31
20	0.0019	6	7	18
21	0.0020	11	9	7
22	0.0021	14	20	11
23	0.0022	3	14	7
24	0.0023	11	13	28
25	0.0024	5	5	18
26	0.0025	10	15	11
27	0.0026	13	23	15
28	0.0027	3	13	13
29	0.0028	13	23	36
30	0.0029	15	18	27
31	0.0030	19	20	14
32	0.0031	19	22	11
33	0.0032	2	13	19
34	0.0033	7	30	32
35	0.0034	10	24	24
36	0.0035	9	22	15
37	0.0036	10	11	3
38	0.0037	2	7	14
39	0.0038	5	18	35
40	0.0039	13	28	24
41	0.0040	10	16	18
42	0.0041	2	9	6
43	0.0042	-7	-7	2
44	0.0043	0	9	26
45	0.0044	14	9	23
46	0.0045	14	13	13
47	0.0046	14	13	14
48	0.0047	1	2	10
49	0.0048	0	18	28
50	0.0049	2	24	20
51	0.0050	0	7	11
52	0.0051	16	16	15
53	0.0052	13	22	24
54	0.0053	16	37	49
55	0.0054	15	26	28
56	0.0055	10	14	15
57	0.0056	15	28	15
58	0.0057	0	18	11
59	0.0058	10	31	40
60	0.0059	5	16	26
61	0.0060	13	24	18
62	0.0061	22	26	18
63	0.0062	15	14	14
64	0.0063	9	28	40
65	0.0064	5	18	31
66	0.0065	10	27	24
67	0.0066	23	30	18
68	0.0067	10	13	20
69	0.0068	11	23	33
70	0.0069	10	20	30
71	0.0070	15	27	18
72	0.0071	28	22	19
73	0.0072	5	9	14
74	0.0073	10	19	31
75	0.0074	3	19	22
76	0.0075	20	23	19
77	0.0076	22	27	22
78	0.0077	10	6	9
79	0.0078	15	26	30
80	0.0079	2	18	24
81	0.0080	10	28	19
82	0.0081	18	32	15
83	0.0082	0	-2	9
84	0.0083	11	18	28
85	0.0084	7	15	18
86	0.0085	16	31	20
87	0.0086	16	30	24
88	0.0087	2	6	6
89	0.0088	7	19	31
90	0.0089	1	16	23
91	0.0090	11	24	19
92	0.0091	15	31	23
93	0.0092	9	-3	7
94	0.0093	14	14	16
95	0.0094	9	5	18
96	0.0095	9	19	14
97	0.0096	19	28	19
98	0.0097	1	5	13
99	0.0098	5	18	26
100	0.0099	-3	6	14

电流增量数据 [1000Hz, 10点]
采样序号	时间(s)	A相电流(INT)	B相电流(INT)	C相电流(INT)
1	0.000	1	-554	5
2	0.001	2	2702	11
3	0.002	11	946	-11
4	0.003	24	847	3
5	0.004	20	1083	15
6	0.005	18	452	-5
7	0.006	-6	-577	7
8	0.007	39	-981	-11
9	0.008	18	748	19
10	0.009	54	857	7
================================================================================

=== 采集时间: 2025-12-05 15:11:26 (增量周期: 10.0ms) ===
振动增量数据 [等效10000Hz, 100点]
时序序号	时间(s)	X振动(INT)	Y振动(INT)	Z振动(INT)
1	0.0000	14	10	7
2	0.0001	9	9	7
3	0.0002	3	18	16
4	0.0003	19	26	28
5	0.0004	-3	14	16
6	0.0005	6	13	10
7	0.0006	5	14	15
8	0.0007	2	22	16
9	0.0008	16	30	35
10	0.0009	7	18	26
11	0.0010	16	22	7
12	0.0011	7	9	6
13	0.0012	9	19	14
14	0.0013	11	20	37
15	0.0014	3	11	23
16	0.0015	9	20	6
17	0.0016	14	15	7
18	0.0017	13	9	6
19	0.0018	16	10	31
20	0.0019	9	7	23
21	0.0020	2	20	9
22	0.0021	10	16	11
23	0.0022	0	10	2
24	0.0023	5	13	27
25	0.0024	1	16	26
26	0.0025	14	27	13
27	0.0026	15	27	11
28	0.0027	7	11	10
29	0.0028	6	14	28
30	0.0029	6	19	24
31	0.0030	7	23	14
32	0.0031	9	19	11
33	0.0032	-2	10	10
34	0.0033	5	16	31
35	0.0034	5	14	23
36	0.0035	11	26	11
37	0.0036	14	18	15
38	0.0037	3	9	3
39	0.0038	7	16	28
40	0.0039	-3	13	15
41	0.0040	13	15	7
42	0.0041	15	16	13
43	0.0042	2	3	11
44	0.0043	3	19	27
45	0.0044	0	15	18
46	0.0045	2	19	6
47	0.0046	10	20	7
48	0.0047	2	1	3
49	0.0048	9	15	31
50	0.0049	7	15	20
51	0.0050	7	23	14
52	0.0051	9	27	19
53	0.0052	-3	3	1
54	0.0053	3	13	22
55	0.0054	2	13	22
56	0.0055	7	19	15
57	0.0056	16	30	18
58	0.0057	3	6	3
59	0.0058	9	10	18
60	0.0059	-6	2	9
61	0.0060	-2	7	0
62	0.0061	7	19	11
63	0.0062	1	22	22
64	0.0063	3	22	33
65	0.0064	9	13	20
66	0.0065	5	1	1
67	0.0066	18	19	13
68	0.0067	1	13	6
69	0.0068	9	15	26
70	0.0069	0	2	14
71	0.0070	-2	6	9
72	0.0071	9	23	19
73	0.0072	0	9	1
74	0.0073	6	9	19
75	0.0074	5	3	11
76	0.0075	7	9	6
77	0.0076	23	31	19
78	0.0077	3	10	11
79	0.0078	7	13	28
80	0.0079	1	16	26
81	0.0080	3	23	10
82	0.0081	20	28	11
83	0.0082	2	7	3
84	0.0083	15	18	39
85	0.0084	11	27	28
86	0.0085	15	19	16
87	0.0086	19	24	7
88	0.0087	5	7	5
89	0.0088	9	18	33
90	0.0089	6	14	23
91	0.0090	15	22	14
92	0.0091	14	14	10
93	0.0092	9	5	7
94	0.0093	7	18	23
95	0.0094	5	14	16
96	0.0095	11	13	13
97	0.0096	11	14	13
98	0.0097	9	6	14
99	0.0098	11	18	28
100	0.0099	5	15	20

电流增量数据 [1000Hz, 10点]
采样序号	时间(s)	A相电流(INT)	B相电流(INT)	C相电流(INT)
1	0.000	19	-775	-7
2	0.001	31	-1250	-10
3	0.002	3	-242	6
4	0.003	31	-2179	3
5	0.004	32	140	13
6	0.005	65	7	-7
7	0.006	32	1499	12
8	0.007	93	-728	19
9	0.008	5	-698	-15
10	0.009	25	-497	18
================================================================================

=== 采集时间: 2025-12-05 15:11:26 (增量周期: 10.0ms) ===
振动增量数据 [等效10000Hz, 100点]
时序序号	时间(s)	X振动(INT)	Y振动(INT)	Z振动(INT)
1	0.0000	2	15	7
2	0.0001	15	22	9
3	0.0002	2	10	10
4	0.0003	14	31	41
5	0.0004	7	20	28
6	0.0005	6	22	2
7	0.0006	14	18	11
8	0.0007	0	7	16
9	0.0008	14	31	43
10	0.0009	5	24	28
11	0.0010	9	9	5
12	0.0011	18	9	7
13	0.0012	0	3	7
14	0.0013	13	19	31
15	0.0014	1	15	23
16	0.0015	3	13	11
17	0.0016	9	19	11
18	0.0017	-2	5	6
19	0.0018	2	14	20
20	0.0019	9	7	16
21	0.0020	14	23	15
22	0.0021	24	27	16
23	0.0022	1	9	16
24	0.0023	1	23	23
25	0.0024	-3	18	16
26	0.0025	6	24	13
27	0.0026	23	33	22
28	0.0027	1	13	22
29	0.0028	14	18	32
30	0.0029	9	16	18
31	0.0030	11	24	11
32	0.0031	18	30	15
33	0.0032	-3	3	10
34	0.0033	5	13	27
35	0.0034	2	14	20
36	0.0035	11	16	14
37	0.0036	20	22	13
38	0.0037	0	-4	2
39	0.0038	11	16	24
40	0.0039	0	10	15
41	0.0040	3	16	2
42	0.0041	10	20	11
43	0.0042	-2	11	14
44	0.0043	10	27	26
45	0.0044	7	23	13
46	0.0045	5	10	1
47	0.0046	14	20	15
48	0.0047	2	11	13
49	0.0048	5	24	26
50	0.0049	2	11	13
51	0.0050	-2	6	0
52	0.0051	9	14	14
53	0.0052	2	9	15
54	0.0053	9	19	23
55	0.0054	5	9	13
56	0.0055	-2	-2	1
57	0.0056	13	10	11
58	0.0057	2	10	13
59	0.0058	5	13	27
60	0.0059	0	3	9
61	0.0060	9	28	7
62	0.0061	15	23	6
63	0.0062	-8	1	-3
64	0.0063	9	5	23
65	0.0064	1	16	19
66	0.0065	7	20	18
67	0.0066	20	22	11
68	0.0067	2	-3	5
69	0.0068	11	7	27
70	0.0069	2	14	20
71	0.0070	6	19	14
72	0.0071	18	16	14
73	0.0072	0	0	13
74	0.0073	14	19	36
75	0.0074	2	16	23
76	0.0075	9	26	5
77	0.0076	22	18	9
78	0.0077	7	16	10
79	0.0078	14	28	41
80	0.0079	6	23	30
81	0.0080	9	23	15
82	0.0081	15	26	11
83	0.0082	2	10	3
84	0.0083	10	16	23
85	0.0084	0	7	18
86	0.0085	15	22	11
87	0.0086	13	19	14
88	0.0087	0	6	15
89	0.0088	3	13	26
90	0.0089	0	5	13
91	0.0090	13	15	5
92	0.0091	15	11	13
93	0.0092	0	10	13
94	0.0093	9	19	35
95	0.0094	1	13	26
96	0.0095	7	23	6
97	0.0096	13	20	18
98	0.0097	2	11	16
99	0.0098	15	28	36
100	0.0099	10	19	26

电流增量数据 [1000Hz, 10点]
采样序号	时间(s)	A相电流(INT)	B相电流(INT)	C相电流(INT)
1	0.000	54	-2452	3
2	0.001	-5	-74	2
3	0.002	46	-2385	7
4	0.003	4	562	12
5	0.004	2	-64	7
6	0.005	37	1280	25
7	0.006	46	-358	14
8	0.007	12	-641	1
9	0.008	32	-630	6
10	0.009	25	211	14
================================================================================

=== 采集时间: 2025-12-05 15:11:27 (增量周期: 10.0ms) ===
振动增量数据 [等效10000Hz, 100点]
时序序号	时间(s)	X振动(INT)	Y振动(INT)	Z振动(INT)
1	0.0000	9	18	10
2	0.0001	30	31	24
3	0.0002	11	30	24
4	0.0003	13	26	44
5	0.0004	3	15	15
6	0.0005	10	23	7
7	0.0006	22	28	22
8	0.0007	10	20	31
9	0.0008	5	20	39
10	0.0009	1	10	16
11	0.0010	5	7	2
12	0.0011	10	18	13
13	0.0012	-6	10	16
14	0.0013	9	15	31
15	0.0014	10	10	16
16	0.0015	10	3	5
17	0.0016	15	19	16
18	0.0017	-7	10	14
19	0.0018	5	22	27
20	0.0019	7	20	14
21	0.0020	9	9	9
22	0.0021	14	20	22
23	0.0022	5	19	15
24	0.0023	10	36	36
25	0.0024	11	24	22
26	0.0025	5	9	0
27	0.0026	9	7	13
28	0.0027	0	14	31
29	0.0028	19	47	40
30	0.0029	10	23	27
31	0.0030	2	6	2
32	0.0031	9	0	6
33	0.0032	-8	9	20
34	0.0033	22	31	39
35	0.0034	9	11	23
36	0.0035	6	5	1
37	0.0036	19	7	9
38	0.0037	-6	13	18
39	0.0038	18	33	30
40	0.0039	-8	3	9
41	0.0040	-3	9	-3
42	0.0041	15	15	14
43	0.0042	-7	19	16
44	0.0043	22	33	36
45	0.0044	1	13	18
46	0.0045	14	23	6
47	0.0046	16	23	15
48	0.0047	-7	15	13
49	0.0048	6	23	28
50	0.0049	-2	5	19
51	0.0050	1	18	2
52	0.0051	10	22	19
53	0.0052	1	14	19
54	0.0053	10	27	28
55	0.0054	3	19	15
56	0.0055	3	10	6
57	0.0056	13	24	16
58	0.0057	0	14	18
59	0.0058	11	26	31
60	0.0059	-2	16	19
61	0.0060	5	14	7
62	0.0061	13	20	19
63	0.0062	5	16	27
64	0.0063	15	18	32
65	0.0064	5	15	14
66	0.0065	13	13	15
67	0.0066	16	22	16
68	0.0067	6	14	26
69	0.0068	11	19	28
70	0.0069	7	13	18
71	0.0070	11	18	2
72	0.0071	24	26	20
73	0.0072	11	16	22
74	0.0073	11	23	36
75	0.0074	9	15	18
76	0.0075	9	14	7
77	0.0076	20	30	19
78	0.0077	5	15	18
79	0.0078	15	19	27
80	0.0079	7	14	14
81	0.0080	5	13	0
82	0.0081	9	20	13
83	0.0082	-3	-2	6
84	0.0083	10	9	26
85	0.0084	3	9	9
86	0.0085	10	10	5
87	0.0086	14	15	9
88	0.0087	0	-2	11
89	0.0088	2	11	26
90	0.0089	-6	5	9
91	0.0090	0	9	-3
92	0.0091	11	10	5
93	0.0092	7	6	16
94	0.0093	16	28	41
95	0.0094	6	15	16
96	0.0095	5	13	-2
97	0.0096	1	9	3
98	0.0097	1	11	13
99	0.0098	7	31	32
100	0.0099	2	14	27

电流增量数据 [1000Hz, 10点]
采样序号	时间(s)	A相电流(INT)	B相电流(INT)	C相电流(INT)
1	0.000	55	-705	19
2	0.001	9	836	-13
3	0.002	32	742	9
4	0.003	22	1086	2
5	0.004	13	-3218	4
6	0.005	27	-556	-10
7	0.006	36	-1279	9
8	0.007	5	-112	19
9	0.008	22	-358	0
10	0.009	9	745	14
================================================================================

=== 采集时间: 2025-12-05 15:11:27 (增量周期: 10.0ms) ===
振动增量数据 [等效10000Hz, 100点]
时序序号	时间(s)	X振动(INT)	Y振动(INT)	Z振动(INT)
1	0.0000	6	26	0
2	0.0001	10	14	16
3	0.0002	1	3	14
4	0.0003	1	11	31
5	0.0004	6	15	18
6	0.0005	9	9	0
7	0.0006	10	10	14
8	0.0007	0	5	10
9	0.0008	2	14	22
10	0.0009	9	13	15
11	0.0010	2	13	1
12	0.0011	19	15	20
13	0.0012	1	10	16
14	0.0013	10	23	27
15	0.0014	3	22	11
16	0.0015	2	14	1
17	0.0016	15	16	16
18	0.0017	-2	13	16
19	0.0018	9	30	36
20	0.0019	3	24	24
21	0.0020	1	10	2
22	0.0021	18	15	13
23	0.0022	9	9	16
24	0.0023	13	16	35
25	0.0024	5	13	20
26	0.0025	5	6	7
27	0.0026	15	13	15
28	0.0027	7	6	15
29	0.0028	9	18	31
30	0.0029	3	9	18
31	0.0030	6	13	3
32	0.0031	19	18	14
33	0.0032	6	10	24
34	0.0033	7	15	30
35	0.0034	6	15	14
36	0.0035	5	19	6
37	0.0036	11	23	16
38	0.0037	5	9	13
39	0.0038	9	15	28
40	0.0039	9	22	24
41	0.0040	11	35	10
42	0.0041	19	26	13
43	0.0042	-2	-12	9
44	0.0043	9	0	24
45	0.0044	5	23	26
46	0.0045	5	30	22
47	0.0046	22	15	16
48	0.0047	-3	-15	6
49	0.0048	6	7	24
50	0.0049	6	27	22
51	0.0050	-3	7	3
52	0.0051	9	22	9
53	0.0052	-10	-2	5
54	0.0053	6	20	26
55	0.0054	15	31	22
56	0.0055	7	10	14
57	0.0056	20	19	14
58	0.0057	-6	-3	14
59	0.0058	10	23	32
60	0.0059	7	23	20
61	0.0060	7	10	6
62	0.0061	16	14	20
63	0.0062	5	1	23
64	0.0063	15	35	39
65	0.0064	3	23	18
66	0.0065	3	7	3
67	0.0066	11	16	9
68	0.0067	5	13	20
69	0.0068	13	32	39
70	0.0069	10	30	30
71	0.0070	3	13	1
72	0.0071	14	13	5
73	0.0072	-4	7	13
74	0.0073	1	26	33
75	0.0074	2	30	23
76	0.0075	5	13	6
77	0.0076	13	6	13
78	0.0077	6	5	6
79	0.0078	3	18	28
80	0.0079	2	22	23
81	0.0080	5	7	2
82	0.0081	22	15	15
83	0.0082	5	13	23
84	0.0083	9	28	35
85	0.0084	9	26	24
86	0.0085	10	19	10
87	0.0086	26	16	16
88	0.0087	7	13	18
89	0.0088	10	27	45
90	0.0089	11	32	30
91	0.0090	16	26	9
92	0.0091	16	27	18
93	0.0092	-3	9	13
94	0.0093	10	22	35
95	0.0094	16	33	37
96	0.0095	28	30	19
97	0.0096	20	20	22
98	0.0097	7	5	9
99	0.0098	10	22	33
100	0.0099	9	35	32

电流增量数据 [1000Hz, 10点]
采样序号	时间(s)	A相电流(INT)	B相电流(INT)	C相电流(INT)
1	0.000	45	1302	29
2	0.001	24	-669	9
3	0.002	32	-724	4
4	0.003	34	-687	6
5	0.004	16	2117	3
6	0.005	27	519	-5
7	0.006	43	1119	4
8	0.007	-12	893	7
9	0.008	-5	273	11
10	0.009	48	-520	7
================================================================================

=== 采集时间: 2025-12-05 15:11:27 (增量周期: 10.0ms) ===
振动增量数据 [等效10000Hz, 100点]
时序序号	时间(s)	X振动(INT)	Y振动(INT)	Z振动(INT)
1	0.0000	14	13	11
2	0.0001	10	5	11
3	0.0002	2	-4	19
4	0.0003	11	27	31
5	0.0004	19	33	24
6	0.0005	10	9	2
7	0.0006	15	9	19
8	0.0007	2	7	26
9	0.0008	9	41	44
10	0.0009	14	35	28
11	0.0010	2	6	0
12	0.0011	11	19	22
13	0.0012	0	11	19
14	0.0013	14	36	37
15	0.0014	13	22	19
16	0.0015	1	-3	2
17	0.0016	14	27	22
18	0.0017	1	10	18
19	0.0018	15	27	26
20	0.0019	7	18	15
21	0.0020	2	0	3
22	0.0021	15	22	20
23	0.0022	1	10	19
24	0.0023	11	18	31
25	0.0024	15	16	15
26	0.0025	9	7	5
27	0.0026	19	23	24
28	0.0027	0	15	16
29	0.0028	7	22	26
30	0.0029	9	23	18
31	0.0030	14	16	13
32	0.0031	20	28	18
33	0.0032	5	14	24
34	0.0033	5	20	26
35	0.0034	1	16	14
36	0.0035	14	14	5
37	0.0036	15	26	19
38	0.0037	2	7	22
39	0.0038	2	11	28
40	0.0039	10	16	13
41	0.0040	6	14	0
42	0.0041	10	18	18
43	0.0042	-4	-2	19
44	0.0043	1	9	22
45	0.0044	9	16	14
46	0.0045	9	15	6
47	0.0046	18	20	19
48	0.0047	0	5	15
49	0.0048	3	10	23
50	0.0049	10	23	15
51	0.0050	9	27	14
52	0.0051	15	28	33
53	0.0052	2	16	24
54	0.0053	5	19	27
55	0.0054	11	30	15
56	0.0055	19	10	13
57	0.0056	20	23	28
58	0.0057	3	14	28
59	0.0058	2	16	28
60	0.0059	7	16	2
61	0.0060	5	10	-6
62	0.0061	-3	-2	0
63	0.0062	-4	23	19
64	0.0063	20	47	49
65	0.0064	13	24	23
66	0.0065	18	9	-2
67	0.0066	5	3	6
68	0.0067	2	26	24
69	0.0068	9	24	28
70	0.0069	5	5	15
71	0.0070	9	6	3
72	0.0071	6	10	19
73	0.0072	5	24	23
74	0.0073	2	7	28
75	0.0074	5	0	11
76	0.0075	6	10	5
77	0.0076	15	14	22
78	0.0077	2	19	23
79	0.0078	1	13	32
80	0.0079	14	16	18
81	0.0080	9	23	6
82	0.0081	19	19	20
83	0.0082	0	14	16
84	0.0083	3	14	31
85	0.0084	13	19	16
86	0.0085	9	16	6
87	0.0086	13	14	15
88	0.0087	-4	6	10
89	0.0088	0	14	23
90	0.0089	13	15	14
91	0.0090	15	13	2
92	0.0091	16	18	18
93	0.0092	-10	-2	16
94	0.0093	10	15	22
95	0.0094	13	16	11
96	0.0095	11	13	6
97	0.0096	11	13	20
98	0.0097	-8	1	15
99	0.0098	7	22	20
100	0.0099	7	11	10

电流增量数据 [1000Hz, 10点]
采样序号	时间(s)	A相电流(INT)	B相电流(INT)	C相电流(INT)
1	0.000	42	-1553	7
2	0.001	38	324	18
3	0.002	22	446	-5
4	0.003	3	1202	-8
5	0.004	13	-807	5
6	0.005	2	-2040	16
7	0.006	-11	-820	-12
8	0.007	14	-2621	3
9	0.008	31	-48	13
10	0.009	22	192	13
================================================================================

=== 采集时间: 2025-12-05 15:11:28 (增量周期: 10.0ms) ===
振动增量数据 [等效10000Hz, 100点]
时序序号	时间(s)	X振动(INT)	Y振动(INT)	Z振动(INT)
1	0.0000	19	16	3
2	0.0001	22	23	22
3	0.0002	5	10	23
4	0.0003	5	13	27
5	0.0004	10	15	13
6	0.0005	15	19	11
7	0.0006	13	24	23
8	0.0007	2	9	22
9	0.0008	0	16	15
10	0.0009	5	24	10
11	0.0010	6	19	5
12	0.0011	15	16	20
13	0.0012	0	16	23
14	0.0013	0	32	30
15	0.0014	10	31	10
16	0.0015	5	6	-8
17	0.0016	13	3	14
18	0.0017	-6	5	27
19	0.0018	7	33	37
20	0.0019	15	20	14
21	0.0020	2	-3	-8
22	0.0021	14	1	15
23	0.0022	0	13	22
24	0.0023	10	31	33
25	0.0024	9	10	7
26	0.0025	14	1	1
27	0.0026	20	23	27
28	0.0027	5	20	35
29	0.0028	7	31	28
30	0.0029	2	11	2
31	0.0030	-7	2	-4
32	0.0031	15	32	28
33	0.0032	11	31	31
34	0.0033	20	31	31
35	0.0034	10	3	7
36	0.0035	0	6	-4
37	0.0036	13	32	20
38	0.0037	3	19	22
39	0.0038	7	11	28
40	0.0039	2	9	14
41	0.0040	10	7	-2
42	0.0041	15	24	15
43	0.0042	0	7	23
44	0.0043	2	13	19
45	0.0044	3	6	13
46	0.0045	5	11	5
47	0.0046	13	23	23
48	0.0047	-4	10	23
49	0.0048	9	14	27
50	0.0049	6	15	7
51	0.0050	10	19	5
52	0.0051	15	26	28
53	0.0052	0	9	27
54	0.0053	11	27	31
55	0.0054	9	22	16
56	0.0055	14	16	7
57	0.0056	13	24	23
58	0.0057	0	10	16
59	0.0058	9	20	24
60	0.0059	13	19	18
61	0.0060	3	9	1
62	0.0061	11	18	27
63	0.0062	-2	9	24
64	0.0063	13	26	24
65	0.0064	10	23	7
66	0.0065	2	9	-3
67	0.0066	6	7	15
68	0.0067	0	9	16
69	0.0068	10	23	26
70	0.0069	6	23	14
71	0.0070	6	9	-3
72	0.0071	13	6	9
73	0.0072	-2	5	16
74	0.0073	15	27	28
75	0.0074	7	19	18
76	0.0075	-2	5	2
77	0.0076	5	-2	13
78	0.0077	-2	6	13
79	0.0078	10	26	27
80	0.0079	5	7	15
81	0.0080	1	1	1
82	0.0081	7	16	19
83	0.0082	-4	14	16
84	0.0083	14	24	20
85	0.0084	5	11	10
86	0.0085	7	9	1
87	0.0086	13	19	16
88	0.0087	0	18	19
89	0.0088	6	19	19
90	0.0089	9	6	10
91	0.0090	9	22	-3
92	0.0091	19	28	18
93	0.0092	5	13	19
94	0.0093	10	7	28
95	0.0094	7	6	11
96	0.0095	7	16	-2
97	0.0096	15	23	19
98	0.0097	5	1	16
99	0.0098	13	10	24
100	0.0099	7	11	20

电流增量数据 [1000Hz, 10点]
采样序号	时间(s)	A相电流(INT)	B相电流(INT)	C相电流(INT)
1	0.000	22	202	-14
2	0.001	51	226	4
3	0.002	45	-2944	-20
4	0.003	5	-630	-11
5	0.004	6	-2729	14
6	0.005	-25	176	19
7	0.006	33	-86	7
8	0.007	40	1611	10
9	0.008	46	-552	18
10	0.009	-20	-1022	4
================================================================================

=== 采集时间: 2025-12-05 15:11:28 (增量周期: 10.0ms) ===
振动增量数据 [等效10000Hz, 100点]
时序序号	时间(s)	X振动(INT)	Y振动(INT)	Z振动(INT)
1	0.0000	5	7	9
2	0.0001	9	10	19
3	0.0002	1	6	14
4	0.0003	0	7	14
5	0.0004	9	16	14
6	0.0005	10	5	2
7	0.0006	7	11	18
8	0.0007	-2	13	13
9	0.0008	0	20	23
10	0.0009	9	30	18
11	0.0010	14	16	6
12	0.0011	11	5	15
13	0.0012	5	10	19
14	0.0013	5	30	28
15	0.0014	15	36	26
16	0.0015	9	11	6
17	0.0016	14	9	22
18	0.0017	7	9	24
19	0.0018	13	32	33
20	0.0019	19	30	20
21	0.0020	6	-3	-4
22	0.0021	9	-4	11
23	0.0022	-6	6	19
24	0.0023	3	27	27
25	0.0024	15	24	16
26	0.0025	6	5	2
27	0.0026	15	11	20
28	0.0027	7	19	19
29	0.0028	11	24	30
30	0.0029	11	24	18
31	0.0030	6	6	2
32	0.0031	10	16	18
33	0.0032	-3	15	23
34	0.0033	5	24	30
35	0.0034	11	24	13
36	0.0035	9	10	1
37	0.0036	20	18	19
38	0.0037	6	7	20
39	0.0038	15	19	27
40	0.0039	10	16	14
41	0.0040	13	9	-2
42	0.0041	14	16	18
43	0.0042	10	3	19
44	0.0043	10	19	27
45	0.0044	16	22	18
46	0.0045	15	7	5
47	0.0046	23	15	20
48	0.0047	5	7	20
49	0.0048	11	22	28
50	0.0049	19	35	19
51	0.0050	9	16	6
52	0.0051	14	16	28
53	0.0052	-4	11	19
54	0.0053	9	19	24
55	0.0054	16	35	27
56	0.0055	14	31	15
57	0.0056	20	19	24
58	0.0057	-7	-7	18
59	0.0058	2	3	16
60	0.0059	9	27	15
61	0.0060	-7	-4	-14
62	0.0061	6	5	15
63	0.0062	-4	6	20
64	0.0063	14	44	37
65	0.0064	22	33	23
66	0.0065	5	-3	-3
67	0.0066	9	5	14
68	0.0067	-6	1	16
69	0.0068	5	40	24
70	0.0069	13	27	18
71	0.0070	-7	-12	-4
72	0.0071	7	-4	15
73	0.0072	-6	5	20
74	0.0073	14	31	24
75	0.0074	11	16	0
76	0.0075	-2	-20	-15
77	0.0076	3	-2	11
78	0.0077	2	18	28
79	0.0078	10	36	37
80	0.0079	2	14	9
81	0.0080	-3	-7	-17
82	0.0081	5	14	6
83	0.0082	0	20	20
84	0.0083	16	35	37
85	0.0084	13	15	15
86	0.0085	6	3	-2
87	0.0086	9	26	19
88	0.0087	0	19	20
89	0.0088	2	23	28
90	0.0089	15	10	15
91	0.0090	13	7	3
92	0.0091	14	19	27
93	0.0092	3	14	16
94	0.0093	2	15	26
95	0.0094	9	16	15
96	0.0095	10	10	-2
97	0.0096	9	15	20
98	0.0097	-2	6	20
99	0.0098	2	19	28
100	0.0099	14	30	16

电流增量数据 [1000Hz, 10点]
采样序号	时间(s)	A相电流(INT)	B相电流(INT)	C相电流(INT)
1	0.000	1	509	2
2	0.001	16	760	2
3	0.002	21	-3312	-4
4	0.003	-22	-712	2
5	0.004	21	-1324	-11
6	0.005	-10	-759	1
7	0.006	34	-734	18
8	0.007	3	28	11
9	0.008	34	162	6
10	0.009	23	-931	-8
================================================================================

=== 采集时间: 2025-12-05 15:11:28 (增量周期: 10.0ms) ===
振动增量数据 [等效10000Hz, 100点]
时序序号	时间(s)	X振动(INT)	Y振动(INT)	Z振动(INT)
1	0.0000	3	2	-3
2	0.0001	20	27	30
3	0.0002	7	14	23
4	0.0003	5	19	24
5	0.0004	7	22	16
6	0.0005	7	14	5
7	0.0006	13	26	27
8	0.0007	2	13	19
9	0.0008	11	23	27
10	0.0009	18	28	24
11	0.0010	14	18	13
12	0.0011	15	18	31
13	0.0012	0	3	20
14	0.0013	7	15	19
15	0.0014	11	24	14
16	0.0015	9	15	11
17	0.0016	11	18	23
18	0.0017	6	11	20
19	0.0018	13	14	23
20	0.0019	14	27	7
21	0.0020	9	13	-2
22	0.0021	7	14	23
23	0.0022	0	11	20
24	0.0023	9	27	23
25	0.0024	9	30	11
26	0.0025	6	14	7
27	0.0026	7	6	15
28	0.0027	5	16	20
29	0.0028	13	27	20
30	0.0029	13	26	16
31	0.0030	3	10	6
32	0.0031	9	10	27
33	0.0032	0	6	26
34	0.0033	16	23	24
35	0.0034	7	22	13
36	0.0035	13	2	1
37	0.0036	9	10	27
38	0.0037	1	11	28
39	0.0038	18	22	23
40	0.0039	14	15	15
41	0.0040	7	11	6
42	0.0041	10	19	24
43	0.0042	-2	18	23
44	0.0043	5	10	15
45	0.0044	6	13	6
46	0.0045	10	20	5
47	0.0046	14	28	31
48	0.0047	0	11	22
49	0.0048	1	-2	10
50	0.0049	3	9	5
51	0.0050	0	23	5
52	0.0051	14	28	27
53	0.0052	0	3	15
54	0.0053	1	-14	10
55	0.0054	5	6	11
56	0.0055	3	19	7
57	0.0056	10	16	19
58	0.0057	3	-7	7
59	0.0058	2	-7	14
60	0.0059	14	14	20
61	0.0060	5	7	-2
62	0.0061	2	16	26
63	0.0062	-10	0	18
64	0.0063	2	6	10
65	0.0064	9	16	5
66	0.0065	0	0	-6
67	0.0066	2	13	15
68	0.0067	-4	-3	15
69	0.0068	3	19	23
70	0.0069	15	19	10
71	0.0070	-4	2	-7
72	0.0071	10	16	23
73	0.0072	-6	6	19
74	0.0073	10	31	28
75	0.0074	16	33	20
76	0.0075	6	13	7
77	0.0076	14	16	23
78	0.0077	1	13	20
79	0.0078	15	27	32
80	0.0079	18	30	22
81	0.0080	6	2	6
82	0.0081	7	13	22
83	0.0082	-2	7	14
84	0.0083	13	26	24
85	0.0084	20	23	18
86	0.0085	9	5	-2
87	0.0086	13	13	24
88	0.0087	-6	9	26
89	0.0088	6	18	19
90	0.0089	16	19	5
91	0.0090	3	0	3
92	0.0091	11	19	20
93	0.0092	2	18	24
94	0.0093	9	16	20
95	0.0094	11	19	9
96	0.0095	14	19	5
97	0.0096	23	37	23
98	0.0097	7	14	19
99	0.0098	9	15	19
100	0.0099	15	18	15

电流增量数据 [1000Hz, 10点]
采样序号	时间(s)	A相电流(INT)	B相电流(INT)	C相电流(INT)
1	0.000	4	-2209	12
2	0.001	16	-1554	18
3	0.002	38	-983	13
4	0.003	27	-2201	7
5	0.004	1	-451	15
6	0.005	6	-131	6
7	0.006	31	782	19
8	0.007	38	-1097	9
9	0.008	38	-1102	7
10	0.009	-8	-1096	-8
================================================================================

=== 采集时间: 2025-12-05 15:11:29 (增量周期: 10.0ms) ===
振动增量数据 [等效10000Hz, 100点]
时序序号	时间(s)	X振动(INT)	Y振动(INT)	Z振动(INT)
1	0.0000	0	1	-2
2	0.0001	5	13	24
3	0.0002	-12	10	15
4	0.0003	6	18	13
5	0.0004	14	22	14
6	0.0005	6	7	9
7	0.0006	9	15	26
8	0.0007	-2	7	11
9	0.0008	5	22	15
10	0.0009	11	22	18
11	0.0010	10	13	10
12	0.0011	9	32	31
13	0.0012	-6	6	22
14	0.0013	7	22	19
15	0.0014	23	27	18
16	0.0015	22	26	20
17	0.0016	20	19	35
18	0.0017	-2	7	28
19	0.0018	6	15	16
20	0.0019	22	22	6
21	0.0020	15	18	9
22	0.0021	14	19	28
23	0.0022	-6	13	32
24	0.0023	5	22	24
25	0.0024	15	18	7
26	0.0025	15	14	-2
27	0.0026	14	11	24
28	0.0027	1	10	27
29	0.0028	14	24	24
30	0.0029	6	13	2
31	0.0030	2	7	2
32	0.0031	6	16	22
33	0.0032	7	27	28
34	0.0033	15	24	19
35	0.0034	19	10	11
36	0.0035	10	1	2
37	0.0036	9	16	33
38	0.0037	2	27	30
39	0.0038	5	20	23
40	0.0039	10	13	10
41	0.0040	13	2	6
42	0.0041	15	24	36
43	0.0042	6	16	28
44	0.0043	9	16	16
45	0.0044	7	1	3
46	0.0045	2	0	2
47	0.0046	10	22	36
48	0.0047	-2	22	26
49	0.0048	2	14	16
50	0.0049	6	7	2
51	0.0050	7	2	-4
52	0.0051	13	22	23
53	0.0052	-2	16	23
54	0.0053	5	11	13
55	0.0054	10	9	-2
56	0.0055	13	3	-4
57	0.0056	13	16	31
58	0.0057	2	15	26
59	0.0058	0	13	14
60	0.0059	7	9	0
61	0.0060	5	-2	2
62	0.0061	5	19	24
63	0.0062	0	19	26
64	0.0063	3	6	13
65	0.0064	15	5	2
66	0.0065	7	13	-2
67	0.0066	11	24	30
68	0.0067	-6	19	24
69	0.0068	-4	13	14
70	0.0069	6	11	2
71	0.0070	2	3	3
72	0.0071	11	16	27
73	0.0072	-3	19	22
74	0.0073	7	18	16
75	0.0074	15	5	5
76	0.0075	9	-2	-2
77	0.0076	9	22	30
78	0.0077	-7	14	26
79	0.0078	6	16	16
80	0.0079	6	5	7
81	0.0080	9	1	1
82	0.0081	15	18	27
83	0.0082	2	28	24
84	0.0083	11	19	22
85	0.0084	5	9	9
86	0.0085	2	3	6
87	0.0086	9	28	37
88	0.0087	9	30	33
89	0.0088	11	27	23
90	0.0089	11	11	6
91	0.0090	7	6	1
92	0.0091	10	16	30
93	0.0092	5	28	27
94	0.0093	5	24	22
95	0.0094	5	5	11
96	0.0095	3	2	2
97	0.0096	15	16	22
98	0.0097	9	19	23
99	0.0098	2	11	16
100	0.0099	2	6	5

电流增量数据 [1000Hz, 10点]
采样序号	时间(s)	A相电流(INT)	B相电流(INT)	C相电流(INT)
1	0.000	22	-909	5
2	0.001	36	-2719	18
3	0.002	7	-505	2
4	0.003	11	-2989	3
5	0.004	-3	84	4
6	0.005	2	-280	0
7	0.006	42	718	16
8	0.007	4	-1076	18
9	0.008	5	-132	-15
10	0.009	21	-367	19
================================================================================

=== 采集时间: 2025-12-05 15:11:29 (增量周期: 10.0ms) ===
振动增量数据 [等效10000Hz, 100点]
时序序号	时间(s)	X振动(INT)	Y振动(INT)	Z振动(INT)
1	0.0000	-2	3	2
2	0.0001	13	19	24
3	0.0002	5	3	20
4	0.0003	9	13	16
5	0.0004	20	26	9
6	0.0005	2	-2	6
7	0.0006	7	10	27
8	0.0007	-2	6	18
9	0.0008	-4	13	16
10	0.0009	11	19	18
11	0.0010	0	0	6
12	0.0011	16	18	30
13	0.0012	3	13	23
14	0.0013	6	15	11
15	0.0014	16	27	10
16	0.0015	2	6	3
17	0.0016	10	20	28
18	0.0017	-3	15	19
19	0.0018	-2	18	15
20	0.0019	10	19	2
21	0.0020	1	7	2
22	0.0021	13	23	32
23	0.0022	3	19	20
24	0.0023	10	9	20
25	0.0024	11	18	11
26	0.0025	5	7	6
27	0.0026	6	18	27
28	0.0027	3	9	28
29	0.0028	10	14	15
30	0.0029	15	23	11
31	0.0030	11	15	14
32	0.0031	5	14	30
33	0.0032	2	13	22
34	0.0033	5	14	20
35	0.0034	14	24	19
36	0.0035	5	13	10
37	0.0036	7	19	32
38	0.0037	2	9	19
39	0.0038	10	23	18
40	0.0039	14	43	20
41	0.0040	9	14	10
42	0.0041	9	15	28
43	0.0042	2	11	20
44	0.0043	13	19	16
45	0.0044	20	31	14
46	0.0045	11	14	5
47	0.0046	3	11	15
48	0.0047	-2	7	23
49	0.0048	5	19	16
50	0.0049	11	22	16
51	0.0050	11	13	2
52	0.0051	14	2	20
53	0.0052	5	13	19
54	0.0053	13	19	18
55	0.0054	13	20	16
56	0.0055	7	11	2
57	0.0056	0	14	24
58	0.0057	-6	16	27
59	0.0058	10	19	23
60	0.0059	16	23	14
61	0.0060	3	-2	-6
62	0.0061	9	-3	15
63	0.0062	10	19	30
64	0.0063	6	36	31
65	0.0064	7	18	11
66	0.0065	-4	-3	-4
67	0.0066	5	9	19
68	0.0067	3	26	28
69	0.0068	18	33	24
70	0.0069	20	19	14
71	0.0070	5	-2	2
72	0.0071	9	19	33
73	0.0072	-3	18	26
74	0.0073	11	22	19
75	0.0074	15	10	7
76	0.0075	3	5	3
77	0.0076	14	26	36
78	0.0077	5	19	28
79	0.0078	13	16	20
80	0.0079	20	16	16
81	0.0080	13	10	11
82	0.0081	16	28	33
83	0.0082	2	13	28
84	0.0083	13	19	23
85	0.0084	22	26	18
86	0.0085	9	13	3
87	0.0086	13	19	28
88	0.0087	0	13	26
89	0.0088	13	27	19
90	0.0089	27	30	16
91	0.0090	15	16	6
92	0.0091	11	9	31
93	0.0092	-3	11	32
94	0.0093	15	37	33
95	0.0094	19	31	16
96	0.0095	7	10	2
97	0.0096	11	14	24
98	0.0097	9	13	33
99	0.0098	23	40	32
100	0.0099	35	33	27

电流增量数据 [1000Hz, 10点]
采样序号	时间(s)	A相电流(INT)	B相电流(INT)	C相电流(INT)
1	0.000	11	-353	-4
2	0.001	64	-1101	5
3	0.002	-11	-1123	10
4	0.003	37	-1750	11
5	0.004	-12	2558	1
6	0.005	5	-5	-2
7	0.006	5	1262	11
8	0.007	22	-821	6
9	0.008	-5	-146	13
10	0.009	37	-1315	-5
================================================================================

=== 采集时间: 2025-12-05 15:11:30 (增量周期: 10.0ms) ===
振动增量数据 [等效10000Hz, 100点]
时序序号	时间(s)	X振动(INT)	Y振动(INT)	Z振动(INT)
1	0.0000	16	9	13
2	0.0001	14	14	32
3	0.0002	2	6	16
4	0.0003	5	11	7
5	0.0004	11	18	15
6	0.0005	9	11	16
7	0.0006	9	13	31
8	0.0007	6	18	22
9	0.0008	14	23	15
10	0.0009	15	24	18
11	0.0010	7	11	10
12	0.0011	5	5	24
13	0.0012	1	18	20
14	0.0013	7	19	22
15	0.0014	14	16	13
16	0.0015	2	-2	0
17	0.0016	7	6	27
18	0.0017	-3	11	20
19	0.0018	7	19	15
20	0.0019	9	18	10
21	0.0020	-3	1	1
22	0.0021	2	6	24
23	0.0022	-3	15	19
24	0.0023	7	18	13
25	0.0024	10	13	3
26	0.0025	0	-4	-4
27	0.0026	5	7	28
28	0.0027	0	19	24
29	0.0028	5	22	16
30	0.0029	9	13	3
31	0.0030	2	-2	0
32	0.0031	5	11	28
33	0.0032	5	22	23
34	0.0033	9	18	13
35	0.0034	18	18	10
36	0.0035	3	2	2
37	0.0036	11	26	27
38	0.0037	2	22	27
39	0.0038	5	14	16
40	0.0039	14	16	9
41	0.0040	3	0	0
42	0.0041	15	22	28
43	0.0042	2	18	31
44	0.0043	10	16	15
45	0.0044	20	14	7
46	0.0045	2	-2	-6
47	0.0046	2	9	24
48	0.0047	-3	18	20
49	0.0048	6	16	13
50	0.0049	24	24	11
51	0.0050	7	-3	3
52	0.0051	7	3	27
53	0.0052	-3	15	22
54	0.0053	9	24	13
55	0.0054	15	32	14
56	0.0055	-3	1	6
57	0.0056	5	2	27
58	0.0057	-2	18	30
59	0.0058	14	37	31
60	0.0059	18	27	13
61	0.0060	7	3	7
62	0.0061	6	6	23
63	0.0062	-4	13	26
64	0.0063	5	23	18
65	0.0064	16	27	16
66	0.0065	13	9	10
67	0.0066	11	20	32
68	0.0067	0	11	24
69	0.0068	6	19	13
70	0.0069	14	23	14
71	0.0070	2	1	9
72	0.0071	13	24	28
73	0.0072	0	14	19
74	0.0073	5	13	19
75	0.0074	19	18	15
76	0.0075	5	6	6
77	0.0076	13	16	22
78	0.0077	-7	1	18
79	0.0078	7	13	10
80	0.0079	14	19	6
81	0.0080	6	5	6
82	0.0081	10	20	32
83	0.0082	2	15	26
84	0.0083	10	19	16
85	0.0084	16	18	16
86	0.0085	6	11	15
87	0.0086	15	30	31
88	0.0087	5	16	28
89	0.0088	5	19	22
90	0.0089	23	30	16
91	0.0090	10	16	15
92	0.0091	9	15	31
93	0.0092	3	18	26
94	0.0093	6	24	15
95	0.0094	16	20	19
96	0.0095	6	6	9
97	0.0096	13	11	22
98	0.0097	5	13	15
99	0.0098	2	7	10
100	0.0099	13	22	7

电流增量数据 [1000Hz, 10点]
采样序号	时间(s)	A相电流(INT)	B相电流(INT)	C相电流(INT)
1	0.000	4	-1549	12
2	0.001	50	-936	5
3	0.002	16	4	-2
4	0.003	9	560	0
5	0.004	22	-229	18
6	0.005	24	-766	-2
7	0.006	9	-1415	4
8	0.007	14	2512	11
9	0.008	29	-138	1
10	0.009	23	533	-3
================================================================================

=== 采集时间: 2025-12-05 15:11:30 (增量周期: 10.0ms) ===
振动增量数据 [等效10000Hz, 100点]
时序序号	时间(s)	X振动(INT)	Y振动(INT)	Z振动(INT)
1	0.0000	9	-12	3
2	0.0001	10	11	30
3	0.0002	7	23	26
4	0.0003	9	20	13
5	0.0004	16	15	18
6	0.0005	2	3	15
7	0.0006	10	19	40
8	0.0007	2	19	27
9	0.0008	3	14	14
10	0.0009	15	14	16
11	0.0010	18	13	19
12	0.0011	14	23	39
13	0.0012	2	15	23
14	0.0013	-2	9	2
15	0.0014	14	28	16
16	0.0015	14	24	19
17	0.0016	18	24	39
18	0.0017	13	10	24
19	0.0018	9	14	15
20	0.0019	20	24	15
21	0.0020	10	13	19
22	0.0021	10	22	32
23	0.0022	7	20	33
24	0.0023	9	19	22
25	0.0024	24	24	20
26	0.0025	15	18	19
27	0.0026	13	11	36
28	0.0027	15	11	19
29	0.0028	7	18	14
30	0.0029	15	27	19
31	0.0030	-3	6	16
32	0.0031	1	15	36
33	0.0032	-2	16	19
34	0.0033	11	20	10
35	0.0034	22	31	18
36	0.0035	5	9	9
37	0.0036	16	16	31
38	0.0037	3	16	26
39	0.0038	9	26	18
40	0.0039	15	31	7
41	0.0040	0	7	10
42	0.0041	1	20	32
43	0.0042	9	20	23
44	0.0043	11	27	20
45	0.0044	15	26	18
46	0.0045	7	3	6
47	0.0046	9	14	26
48	0.0047	9	10	19
49	0.0048	10	15	19
50	0.0049	19	24	19
51	0.0050	3	9	10
52	0.0051	11	22	28
53	0.0052	5	13	22
54	0.0053	6	16	20
55	0.0054	19	19	10
56	0.0055	11	13	14
57	0.0056	6	22	32
58	0.0057	2	15	20
59	0.0058	6	16	7
60	0.0059	19	27	20
61	0.0060	0	-2	7
62	0.0061	2	19	27
63	0.0062	13	14	15
64	0.0063	2	3	9
65	0.0064	14	16	14
66	0.0065	11	16	11
67	0.0066	7	16	30
68	0.0067	5	13	20
69	0.0068	1	5	9
70	0.0069	19	33	19
71	0.0070	10	19	14
72	0.0071	13	23	33
73	0.0072	9	14	23
74	0.0073	9	7	10
75	0.0074	28	36	16
76	0.0075	10	14	11
77	0.0076	7	14	28
78	0.0077	-4	11	16
79	0.0078	3	9	11
80	0.0079	24	32	11
81	0.0080	9	10	9
82	0.0081	11	10	24
83	0.0082	3	15	14
84	0.0083	13	10	11
85	0.0084	23	28	10
86	0.0085	7	11	16
87	0.0086	3	14	24
88	0.0087	-4	6	19
89	0.0088	2	16	11
90	0.0089	20	31	23
91	0.0090	5	19	16
92	0.0091	14	11	27
93	0.0092	2	7	16
94	0.0093	7	26	20
95	0.0094	20	35	28
96	0.0095	11	10	13
97	0.0096	11	7	19
98	0.0097	1	6	13
99	0.0098	6	16	19
100	0.0099	19	36	23

电流增量数据 [1000Hz, 10点]
采样序号	时间(s)	A相电流(INT)	B相电流(INT)	C相电流(INT)
1	0.000	-7	-955	6
2	0.001	39	-567	-20
3	0.002	-20	-2058	-5
4	0.003	30	55	5
5	0.004	11	451	16
6	0.005	6	-51	11
7	0.006	40	-2188	7
8	0.007	7	-2016	3
9	0.008	2	-1198	1
10	0.009	1	-2722	11
================================================================================

=== 采集时间: 2025-12-05 15:11:30 (增量周期: 10.0ms) ===
振动增量数据 [等效10000Hz, 100点]
时序序号	时间(s)	X振动(INT)	Y振动(INT)	Z振动(INT)
1	0.0000	11	6	16
2	0.0001	20	22	39
3	0.0002	9	20	33
4	0.0003	9	16	16
5	0.0004	19	16	9
6	0.0005	13	10	10
7	0.0006	20	23	33
8	0.0007	14	19	30
9	0.0008	16	22	13
10	0.0009	30	27	14
11	0.0010	7	9	11
12	0.0011	16	26	37
13	0.0012	3	24	26
14	0.0013	11	23	14
15	0.0014	19	26	15
16	0.0015	11	9	10
17	0.0016	16	19	37
18	0.0017	1	15	32
19	0.0018	11	20	16
20	0.0019	23	19	11
21	0.0020	7	2	13
22	0.0021	10	13	33
23	0.0022	1	9	24
24	0.0023	9	20	14
25	0.0024	26	28	20
26	0.0025	2	0	7
27	0.0026	11	6	27
28	0.0027	7	15	23
29	0.0028	20	30	16
30	0.0029	19	22	16
31	0.0030	-4	-12	10
32	0.0031	-3	14	24
33	0.0032	-4	19	27
34	0.0033	15	32	18
35	0.0034	23	24	19
36	0.0035	6	2	18
37	0.0036	6	19	27
38	0.0037	5	15	19
39	0.0038	6	23	13
40	0.0039	9	19	20
41	0.0040	-4	5	20
42	0.0041	11	27	30
43	0.0042	5	11	18
44	0.0043	10	14	10
45	0.0044	14	11	18
46	0.0045	7	7	11
47	0.0046	13	19	26
48	0.0047	-4	2	19
49	0.0048	1	10	14
50	0.0049	13	16	16
51	0.0050	1	16	13
52	0.0051	14	24	31
53	0.0052	2	10	18
54	0.0053	3	13	7
55	0.0054	15	19	18
56	0.0055	13	19	19
57	0.0056	13	27	39
58	0.0057	2	18	20
59	0.0058	-2	13	6
60	0.0059	9	20	15
61	0.0060	5	13	10
62	0.0061	5	19	32
63	0.0062	5	15	23
64	0.0063	9	19	10
65	0.0064	14	16	11
66	0.0065	6	2	7
67	0.0066	9	15	28
68	0.0067	6	26	26
69	0.0068	9	31	18
70	0.0069	14	23	11
71	0.0070	5	1	5
72	0.0071	0	5	23
73	0.0072	9	20	27
74	0.0073	13	32	11
75	0.0074	26	20	9
76	0.0075	5	-4	3
77	0.0076	2	2	26
78	0.0077	-6	22	20
79	0.0078	6	24	11
80	0.0079	14	7	10
81	0.0080	5	-11	7
82	0.0081	13	9	30
83	0.0082	6	26	20
84	0.0083	18	22	7
85	0.0084	7	6	9
86	0.0085	0	0	13
87	0.0086	6	26	32
88	0.0087	-2	23	27
89	0.0088	2	16	13
90	0.0089	11	14	14
91	0.0090	7	9	5
92	0.0091	10	19	31
93	0.0092	2	13	20
94	0.0093	-2	11	7
95	0.0094	3	14	14
96	0.0095	0	7	13
97	0.0096	7	13	20
98	0.0097	-2	3	11
99	0.0098	-3	0	0
100	0.0099	11	16	10

电流增量数据 [1000Hz, 10点]
采样序号	时间(s)	A相电流(INT)	B相电流(INT)	C相电流(INT)
1	0.000	27	-1668	-2
2	0.001	-12	-187	0
3	0.002	13	201	-19
4	0.003	-4	43	18
5	0.004	5	-453	-5
6	0.005	19	-3134	-3
7	0.006	-2	-735	4
8	0.007	27	-3182	3
9	0.008	-8	-273	13
10	0.009	30	-349	12
================================================================================

=== 采集时间: 2025-12-05 15:11:31 (增量周期: 10.0ms) ===
振动增量数据 [等效10000Hz, 100点]
时序序号	时间(s)	X振动(INT)	Y振动(INT)	Z振动(INT)
1	0.0000	2	-4	2
2	0.0001	9	6	24
3	0.0002	1	9	16
4	0.0003	9	18	7
5	0.0004	10	14	14
6	0.0005	-6	-2	10
7	0.0006	5	14	28
8	0.0007	2	16	19
9	0.0008	10	23	2
10	0.0009	16	19	15
11	0.0010	6	-2	11
12	0.0011	10	18	30
13	0.0012	7	26	20
14	0.0013	2	27	5
15	0.0014	10	19	11
16	0.0015	0	3	11
17	0.0016	14	23	37
18	0.0017	7	26	26
19	0.0018	5	19	14
20	0.0019	15	14	10
21	0.0020	3	2	6
22	0.0021	14	16	33
23	0.0022	11	14	27
24	0.0023	9	18	14
25	0.0024	13	11	14
26	0.0025	7	5	11
27	0.0026	13	27	35
28	0.0027	6	19	20
29	0.0028	9	16	13
30	0.0029	9	16	10
31	0.0030	7	10	14
32	0.0031	10	23	32
33	0.0032	7	13	24
34	0.0033	9	20	9
35	0.0034	15	37	18
36	0.0035	1	13	9
37	0.0036	5	13	26
38	0.0037	9	6	16
39	0.0038	7	18	13
40	0.0039	27	45	26
41	0.0040	11	2	9
42	0.0041	3	5	22
43	0.0042	0	6	14
44	0.0043	-8	23	13
45	0.0044	19	30	19
46	0.0045	-3	-11	10
47	0.0046	1	-2	24
48	0.0047	13	19	23
49	0.0048	10	24	6
50	0.0049	19	23	13
51	0.0050	-8	-16	5
52	0.0051	-4	14	32
53	0.0052	5	31	28
54	0.0053	9	36	23
55	0.0054	20	22	14
56	0.0055	-2	-15	5
57	0.0056	6	19	24
58	0.0057	9	28	24
59	0.0058	15	26	20
60	0.0059	14	19	22
61	0.0060	2	2	14
62	0.0061	10	24	33
63	0.0062	10	35	27
64	0.0063	5	9	9
65	0.0064	11	5	10
66	0.0065	2	3	9
67	0.0066	9	23	37
68	0.0067	10	35	39
69	0.0068	9	14	16
70	0.0069	11	10	10
71	0.0070	2	-7	0
72	0.0071	9	16	27
73	0.0072	-2	19	27
74	0.0073	6	15	14
75	0.0074	19	15	16
76	0.0075	5	5	13
77	0.0076	9	18	27
78	0.0077	2	31	22
79	0.0078	11	14	15
80	0.0079	27	24	26
81	0.0080	13	7	14
82	0.0081	13	22	39
83	0.0082	6	26	32
84	0.0083	9	19	15
85	0.0084	19	23	9
86	0.0085	6	13	13
87	0.0086	13	15	35
88	0.0087	11	19	35
89	0.0088	18	28	23
90	0.0089	30	30	20
91	0.0090	0	9	6
92	0.0091	7	9	23
93	0.0092	-6	18	24
94	0.0093	16	31	26
95	0.0094	26	28	23
96	0.0095	11	11	19
97	0.0096	15	10	27
98	0.0097	3	23	23
99	0.0098	23	33	18
100	0.0099	18	24	16

电流增量数据 [1000Hz, 10点]
采样序号	时间(s)	A相电流(INT)	B相电流(INT)	C相电流(INT)
1	0.000	32	-254	1
2	0.001	19	-1118	11
3	0.002	10	-1137	16
4	0.003	33	-1860	3
5	0.004	28	2560	15
6	0.005	-3	-17	7
7	0.006	9	1129	12
8	0.007	5	-1000	-8
9	0.008	29	-245	7
10	0.009	3	-1566	3
================================================================================

=== 采集时间: 2025-12-05 15:11:31 (增量周期: 10.0ms) ===
振动增量数据 [等效10000Hz, 100点]
时序序号	时间(s)	X振动(INT)	Y振动(INT)	Z振动(INT)
1	0.0000	2	-12	7
2	0.0001	6	10	33
3	0.0002	7	26	20
4	0.0003	10	16	5
5	0.0004	15	16	15
6	0.0005	-2	-6	10
7	0.0006	3	14	27
8	0.0007	3	19	16
9	0.0008	9	18	3
10	0.0009	15	16	16
11	0.0010	11	5	14
12	0.0011	9	16	28
13	0.0012	6	18	18
14	0.0013	9	16	7
15	0.0014	14	27	10
16	0.0015	3	3	11
17	0.0016	3	18	33
18	0.0017	9	20	23
19	0.0018	11	23	9
20	0.0019	16	19	19
21	0.0020	5	1	11
22	0.0021	13	15	27
23	0.0022	10	13	24
24	0.0023	9	13	14
25	0.0024	13	16	15
26	0.0025	3	2	16
27	0.0026	3	18	26
28	0.0027	7	19	20
29	0.0028	9	14	2
30	0.0029	15	16	15
31	0.0030	0	3	18
32	0.0031	9	18	30
33	0.0032	5	19	16
34	0.0033	5	13	9
35	0.0034	14	31	24
36	0.0035	2	9	14
37	0.0036	1	9	26
38	0.0037	9	11	18
39	0.0038	6	16	11
40	0.0039	30	41	22
41	0.0040	15	7	16
42	0.0041	9	2	24
43	0.0042	13	19	22
44	0.0043	7	27	18
45	0.0044	24	35	22
46	0.0045	7	0	16
47	0.0046	9	10	36
48	0.0047	23	27	33
49	0.0048	11	24	11
50	0.0049	26	24	10
51	0.0050	1	-2	20
52	0.0051	6	5	30
53	0.0052	0	24	19
54	0.0053	11	32	16
55	0.0054	26	23	16
56	0.0055	9	-4	9
57	0.0056	7	13	31
58	0.0057	9	20	28
59	0.0058	10	30	18
60	0.0059	15	20	14
61	0.0060	2	1	14
62	0.0061	10	15	27
63	0.0062	13	30	33
64	0.0063	11	26	16
65	0.0064	19	19	18
66	0.0065	-3	-3	7
67	0.0066	2	26	28
68	0.0067	9	33	27
69	0.0068	11	20	19
70	0.0069	27	24	22
71	0.0070	9	5	15
72	0.0071	7	16	31
73	0.0072	1	18	11
74	0.0073	1	19	2
75	0.0074	13	16	16
76	0.0075	7	5	15
77	0.0076	7	22	30
78	0.0077	10	22	18
79	0.0078	5	13	2
80	0.0079	24	19	16
81	0.0080	6	6	9
82	0.0081	9	16	33
83	0.0082	2	18	20
84	0.0083	9	19	7
85	0.0084	20	24	16
86	0.0085	1	5	16
87	0.0086	13	19	24
88	0.0087	6	22	19
89	0.0088	13	16	15
90	0.0089	26	27	16
91	0.0090	10	14	19
92	0.0091	-7	13	24
93	0.0092	0	10	18
94	0.0093	-2	13	-2
95	0.0094	23	20	16
96	0.0095	9	7	14
97	0.0096	7	14	31
98	0.0097	6	19	16
99	0.0098	3	14	9
100	0.0099	23	23	19

电流增量数据 [1000Hz, 10点]
采样序号	时间(s)	A相电流(INT)	B相电流(INT)	C相电流(INT)
1	0.000	6	2023	23
2	0.001	25	-141	-6
3	0.002	52	76	-6
4	0.003	22	-141	16
5	0.004	51	-249	-5
6	0.005	54	-1254	-10
7	0.006	10	-1768	12
8	0.007	19	-32	9
9	0.008	-5	307	0
10	0.009	9	223	7
================================================================================

=== 采集时间: 2025-12-05 15:11:32 (增量周期: 10.0ms) ===
振动增量数据 [等效10000Hz, 100点]
时序序号	时间(s)	X振动(INT)	Y振动(INT)	Z振动(INT)
1	0.0000	11	6	18
2	0.0001	13	15	31
3	0.0002	13	23	22
4	0.0003	13	18	15
5	0.0004	16	24	27
6	0.0005	1	13	24
7	0.0006	11	19	31
8	0.0007	9	19	16
9	0.0008	14	13	6
10	0.0009	26	28	27
11	0.0010	3	10	24
12	0.0011	13	24	32
13	0.0012	6	20	14
14	0.0013	13	19	2
15	0.0014	9	23	23
16	0.0015	7	14	19
17	0.0016	9	27	24
18	0.0017	13	26	20
19	0.0018	2	19	7
20	0.0019	16	27	14
21	0.0020	2	5	14
22	0.0021	16	16	27
23	0.0022	14	22	18
24	0.0023	7	18	10
25	0.0024	15	19	22
26	0.0025	-2	6	14
27	0.0026	9	22	26
28	0.0027	9	20	18
29	0.0028	3	14	6
30	0.0029	14	20	16
31	0.0030	7	7	20
32	0.0031	9	19	33
33	0.0032	7	11	23
34	0.0033	7	30	10
35	0.0034	13	26	18
36	0.0035	-2	14	13
37	0.0036	10	9	23
38	0.0037	6	23	19
39	0.0038	10	24	15
40	0.0039	28	32	23
41	0.0040	2	5	7
42	0.0041	11	9	20
43	0.0042	0	16	10
44	0.0043	-2	18	6
45	0.0044	11	22	19
46	0.0045	-4	-8	15
47	0.0046	10	14	32
48	0.0047	10	19	23
49	0.0048	14	22	7
50	0.0049	23	19	15
51	0.0050	3	11	22
52	0.0051	0	-2	26
53	0.0052	-3	10	18
54	0.0053	2	33	14
55	0.0054	13	27	19
56	0.0055	6	5	16
57	0.0056	13	2	27
58	0.0057	13	13	19
59	0.0058	9	24	10
60	0.0059	7	22	13
61	0.0060	-7	9	14
62	0.0061	1	14	32
63	0.0062	10	27	24
64	0.0063	10	24	9
65	0.0064	10	13	7
66	0.0065	5	7	11
67	0.0066	1	22	24
68	0.0067	10	24	23
69	0.0068	9	22	6
70	0.0069	15	22	23
71	0.0070	2	11	16
72	0.0071	10	18	26
73	0.0072	9	19	15
74	0.0073	13	16	5
75	0.0074	20	22	22
76	0.0075	10	10	20
77	0.0076	18	18	27
78	0.0077	9	19	16
79	0.0078	5	13	5
80	0.0079	14	16	11
81	0.0080	9	5	15
82	0.0081	14	18	32
83	0.0082	13	16	22
84	0.0083	3	16	6
85	0.0084	6	18	11
86	0.0085	-2	3	2
87	0.0086	2	11	19
88	0.0087	2	18	23
89	0.0088	14	22	11
90	0.0089	23	23	18
91	0.0090	-2	-4	6
92	0.0091	0	7	16
93	0.0092	-3	10	7
94	0.0093	-2	18	3
95	0.0094	22	23	20
96	0.0095	-2	-4	15
97	0.0096	9	10	23
98	0.0097	3	9	11
99	0.0098	6	19	2
100	0.0099	14	13	7

电流增量数据 [1000Hz, 10点]
采样序号	时间(s)	A相电流(INT)	B相电流(INT)	C相电流(INT)
1	0.000	49	-2187	3
2	0.001	1	-236	6
3	0.002	9	417	-16
4	0.003	74	-3	-8
5	0.004	21	-2398	-11
6	0.005	-4	-1793	10
7	0.006	18	-1240	2
8	0.007	13	-2423	10
9	0.008	9	-716	6
10	0.009	5	-71	-5
================================================================================

=== 采集时间: 2025-12-05 15:11:32 (增量周期: 10.0ms) ===
振动增量数据 [等效10000Hz, 100点]
时序序号	时间(s)	X振动(INT)	Y振动(INT)	Z振动(INT)
1	0.0000	-2	11	27
2	0.0001	13	19	33
3	0.0002	10	18	16
4	0.0003	16	10	0
5	0.0004	19	19	27
6	0.0005	1	14	23
7	0.0006	-3	26	31
8	0.0007	2	15	15
9	0.0008	11	9	3
10	0.0009	18	20	24
11	0.0010	5	15	28
12	0.0011	5	20	28
13	0.0012	10	13	7
14	0.0013	16	18	2
15	0.0014	19	16	18
16	0.0015	1	13	27
17	0.0016	1	28	30
18	0.0017	7	18	18
19	0.0018	18	16	-2
20	0.0019	22	18	15
21	0.0020	2	19	18
22	0.0021	11	27	33
23	0.0022	9	10	10
24	0.0023	15	11	-2
25	0.0024	16	15	23
26	0.0025	2	10	18
27	0.0026	14	27	28
28	0.0027	10	11	13
29	0.0028	11	-4	-4
30	0.0029	19	18	18
31	0.0030	-2	10	23
32	0.0031	11	31	33
33	0.0032	9	20	18
34	0.0033	10	10	-2
35	0.0034	19	13	15
36	0.0035	6	18	20
37	0.0036	15	40	36
38	0.0037	13	20	15
39	0.0038	2	1	-2
40	0.0039	6	5	16
41	0.0040	-4	18	23
42	0.0041	14	31	32
43	0.0042	9	9	11
44	0.0043	10	-7	-7
45	0.0044	16	10	16
46	0.0045	7	9	28
47	0.0046	5	27	31
48	0.0047	0	14	6
49	0.0048	0	0	1
50	0.0049	9	14	18
51	0.0050	9	2	16
52	0.0051	3	19	28
53	0.0052	14	19	20
54	0.0053	14	13	2
55	0.0054	16	18	23
56	0.0055	-3	10	18
57	0.0056	0	18	26
58	0.0057	7	16	14
59	0.0058	11	6	1
60	0.0059	28	18	27
61	0.0060	7	19	30
62	0.0061	6	19	23
63	0.0062	2	22	2
64	0.0063	1	10	1
65	0.0064	18	18	20
66	0.0065	5	15	26
67	0.0066	2	27	39
68	0.0067	1	15	14
69	0.0068	6	9	-8
70	0.0069	15	14	10
71	0.0070	-6	5	16
72	0.0071	11	24	40
73	0.0072	-7	11	18
74	0.0073	5	6	-4
75	0.0074	14	7	13
76	0.0075	-3	3	11
77	0.0076	13	27	28
78	0.0077	-3	13	16
79	0.0078	1	1	3
80	0.0079	10	6	16
81	0.0080	-6	10	15
82	0.0081	6	23	26
83	0.0082	7	16	15
84	0.0083	11	14	-4
85	0.0084	14	5	15
86	0.0085	-3	6	13
87	0.0086	1	19	26
88	0.0087	1	19	11
89	0.0088	2	11	1
90	0.0089	15	19	15
91	0.0090	5	6	14
92	0.0091	11	19	27
93	0.0092	5	11	23
94	0.0093	2	11	-7
95	0.0094	10	15	18
96	0.0095	1	5	15
97	0.0096	7	20	32
98	0.0097	13	15	22
99	0.0098	2	16	5
100	0.0099	9	11	14

电流增量数据 [1000Hz, 10点]
采样序号	时间(s)	A相电流(INT)	B相电流(INT)	C相电流(INT)
1	0.000	-19	262	-4
2	0.001	10	-247	-5
3	0.002	14	-1323	-12
4	0.003	21	-2845	-10
5	0.004	25	-905	-5
6	0.005	18	-2984	-5
7	0.006	-20	-487	7
8	0.007	12	-502	9
9	0.008	45	1526	15
10	0.009	24	-1189	9
================================================================================

=== 采集时间: 2025-12-05 15:11:32 (增量周期: 10.0ms) ===
振动增量数据 [等效10000Hz, 100点]
时序序号	时间(s)	X振动(INT)	Y振动(INT)	Z振动(INT)
1	0.0000	13	19	23
2	0.0001	3	11	23
3	0.0002	6	16	7
4	0.0003	3	9	-3
5	0.0004	16	33	26
6	0.0005	10	26	23
7	0.0006	10	16	27
8	0.0007	7	14	9
9	0.0008	11	9	1
10	0.0009	20	31	31
11	0.0010	14	19	22
12	0.0011	15	23	23
13	0.0012	3	6	16
14	0.0013	2	5	6
15	0.0014	9	26	18
16	0.0015	0	14	20
17	0.0016	9	10	18
18	0.0017	15	13	10
19	0.0018	10	14	10
20	0.0019	16	23	27
21	0.0020	1	15	24
22	0.0021	2	16	15
23	0.0022	9	16	2
24	0.0023	7	14	1
25	0.0024	15	23	31
26	0.0025	11	19	24
27	0.0026	13	13	22
28	0.0027	7	19	9
29	0.0028	3	14	0
30	0.0029	9	19	16
31	0.0030	2	11	26
32	0.0031	3	15	30
33	0.0032	10	26	11
34	0.0033	9	13	5
35	0.0034	7	13	13
36	0.0035	3	7	20
37	0.0036	7	19	26
38	0.0037	13	19	14
39	0.0038	0	9	3
40	0.0039	10	10	16
41	0.0040	2	11	22
42	0.0041	5	16	24
43	0.0042	9	16	14
44	0.0043	1	3	0
45	0.0044	11	13	23
46	0.0045	11	14	19
47	0.0046	15	24	33
48	0.0047	13	20	15
49	0.0048	11	14	0
50	0.0049	19	26	24
51	0.0050	7	15	22
52	0.0051	10	13	31
53	0.0052	10	20	18
54	0.0053	1	18	1
55	0.0054	13	26	28
56	0.0055	7	13	27
57	0.0056	15	16	37
58	0.0057	13	19	20
59	0.0058	6	13	9
60	0.0059	9	23	26
61	0.0060	9	18	23
62	0.0061	15	23	26
63	0.0062	10	16	26
64	0.0063	7	19	15
65	0.0064	14	24	22
66	0.0065	14	22	31
67	0.0066	16	14	23
68	0.0067	16	23	18
69	0.0068	7	24	11
70	0.0069	7	14	27
71	0.0070	1	13	20
72	0.0071	6	14	27
73	0.0072	13	23	14
74	0.0073	13	20	7
75	0.0074	20	14	20
76	0.0075	2	5	20
77	0.0076	5	16	27
78	0.0077	7	19	19
79	0.0078	13	30	13
80	0.0079	6	15	26
81	0.0080	-2	5	16
82	0.0081	11	14	23
83	0.0082	16	28	18
84	0.0083	26	26	10
85	0.0084	19	27	24
86	0.0085	3	2	16
87	0.0086	2	13	22
88	0.0087	11	22	20
89	0.0088	9	31	9
90	0.0089	19	19	22
91	0.0090	3	-6	7
92	0.0091	11	9	22
93	0.0092	15	22	20
94	0.0093	9	26	13
95	0.0094	11	19	19
96	0.0095	-7	-6	14
97	0.0096	7	15	23
98	0.0097	14	31	31
99	0.0098	19	31	18
100	0.0099	13	16	18

电流增量数据 [1000Hz, 10点]
采样序号	时间(s)	A相电流(INT)	B相电流(INT)	C相电流(INT)
1	0.000	-5	-1508	18
2	0.001	6	1891	2
3	0.002	6	-356	3
4	0.003	13	1262	12
5	0.004	-3	-1121	7
6	0.005	24	-297	18
7	0.006	-4	-1815	-15
8	0.007	9	-525	15
9	0.008	15	149	-5
10	0.009	11	40	-3
================================================================================

=== 采集时间: 2025-12-05 15:11:33 (增量周期: 10.0ms) ===
振动增量数据 [等效10000Hz, 100点]
时序序号	时间(s)	X振动(INT)	Y振动(INT)	Z振动(INT)
1	0.0000	6	11	24
2	0.0001	11	14	23
3	0.0002	10	5	9
4	0.0003	5	22	6
5	0.0004	6	19	24
6	0.0005	-4	11	26
7	0.0006	13	16	23
8	0.0007	19	9	16
9	0.0008	22	22	9
10	0.0009	13	19	23
11	0.0010	-6	7	14
12	0.0011	2	19	19
13	0.0012	11	18	19
14	0.0013	20	28	9
15	0.0014	15	15	28
16	0.0015	1	7	19
17	0.0016	5	22	16
18	0.0017	11	19	11
19	0.0018	5	15	2
20	0.0019	14	10	20
21	0.0020	2	9	28
22	0.0021	6	26	28
23	0.0022	19	22	15
24	0.0023	10	10	-6
25	0.0024	10	-2	18
26	0.0025	-4	10	22
27	0.0026	10	31	35
28	0.0027	7	26	20
29	0.0028	10	9	2
30	0.0029	14	16	20
31	0.0030	2	9	18
32	0.0031	13	23	22
33	0.0032	15	13	18
34	0.0033	13	10	6
35	0.0034	20	26	28
36	0.0035	3	15	20
37	0.0036	5	24	20
38	0.0037	6	5	10
39	0.0038	14	11	2
40	0.0039	27	33	30
41	0.0040	11	23	27
42	0.0041	11	18	22
43	0.0042	10	6	10
44	0.0043	7	5	-2
45	0.0044	19	30	26
46	0.0045	-4	13	26
47	0.0046	2	18	26
48	0.0047	7	11	6
49	0.0048	11	13	7
50	0.0049	22	30	27
51	0.0050	1	6	22
52	0.0051	0	18	22
53	0.0052	7	9	7
54	0.0053	-2	9	10
55	0.0054	15	23	28
56	0.0055	-2	6	22
57	0.0056	7	18	24
58	0.0057	9	15	10
59	0.0058	9	13	3
60	0.0059	15	23	22
61	0.0060	3	10	24
62	0.0061	6	18	24
63	0.0062	15	19	15
64	0.0063	14	15	6
65	0.0064	16	23	23
66	0.0065	0	11	18
67	0.0066	1	16	23
68	0.0067	9	22	19
69	0.0068	14	19	7
70	0.0069	13	13	19
71	0.0070	-3	3	11
72	0.0071	0	19	14
73	0.0072	14	28	9
74	0.0073	9	13	2
75	0.0074	14	10	22
76	0.0075	-6	13	18
77	0.0076	5	23	19
78	0.0077	16	30	10
79	0.0078	9	10	2
80	0.0079	19	14	18
81	0.0080	2	7	13
82	0.0081	5	24	23
83	0.0082	9	20	13
84	0.0083	2	10	-2
85	0.0084	5	14	18
86	0.0085	-3	13	20
87	0.0086	2	15	16
88	0.0087	10	13	7
89	0.0088	-4	2	-3
90	0.0089	13	10	14
91	0.0090	-2	13	22
92	0.0091	7	24	20
93	0.0092	2	16	5
94	0.0093	-15	-4	-6
95	0.0094	9	9	15
96	0.0095	-6	10	7
97	0.0096	14	27	23
98	0.0097	11	19	14
99	0.0098	0	6	2
100	0.0099	16	23	23

电流增量数据 [1000Hz, 10点]
采样序号	时间(s)	A相电流(INT)	B相电流(INT)	C相电流(INT)
1	0.000	-11	-158	-12
2	0.001	13	383	-5
3	0.002	4	423	-12
4	0.003	2	-3655	-11
5	0.004	-30	-984	3
6	0.005	5	-1546	-7
7	0.006	19	-787	14
8	0.007	13	-1055	1
9	0.008	-10	-96	-2
10	0.009	12	73	4
================================================================================

=== 采集时间: 2025-12-05 15:11:33 (增量周期: 10.0ms) ===
振动增量数据 [等效10000Hz, 100点]
时序序号	时间(s)	X振动(INT)	Y振动(INT)	Z振动(INT)
1	0.0000	-2	9	20
2	0.0001	5	11	22
3	0.0002	15	24	11
4	0.0003	20	15	10
5	0.0004	20	23	32
6	0.0005	5	13	27
7	0.0006	5	23	24
8	0.0007	10	26	15
9	0.0008	6	3	6
10	0.0009	18	24	31
11	0.0010	5	15	23
12	0.0011	9	26	22
13	0.0012	20	23	22
14	0.0013	10	6	13
15	0.0014	20	22	32
16	0.0015	0	14	23
17	0.0016	3	18	27
18	0.0017	14	27	14
19	0.0018	15	16	14
20	0.0019	18	18	30
21	0.0020	10	14	31
22	0.0021	9	26	27
23	0.0022	18	30	16
24	0.0023	3	2	7
25	0.0024	18	22	28
26	0.0025	2	14	27
27	0.0026	10	20	28
28	0.0027	13	22	13
29	0.0028	3	7	5
30	0.0029	14	23	27
31	0.0030	3	14	20
32	0.0031	6	23	24
33	0.0032	13	22	14
34	0.0033	6	6	2
35	0.0034	16	19	28
36	0.0035	6	14	20
37	0.0036	5	24	22
38	0.0037	3	23	16
39	0.0038	-3	10	-2
40	0.0039	14	24	27
41	0.0040	3	10	26
42	0.0041	14	24	27
43	0.0042	11	24	19
44	0.0043	5	10	-2
45	0.0044	13	15	19
46	0.0045	0	1	19
47	0.0046	-3	11	24
48	0.0047	6	35	26
49	0.0048	7	15	7
50	0.0049	16	16	18
51	0.0050	2	7	19
52	0.0051	6	30	18
53	0.0052	6	13	6
54	0.0053	5	13	5
55	0.0054	10	15	20
56	0.0055	-4	9	24
57	0.0056	9	26	26
58	0.0057	15	19	11
59	0.0058	10	7	2
60	0.0059	23	15	27
61	0.0060	-2	9	28
62	0.0061	5	30	27
63	0.0062	2	18	7
64	0.0063	1	13	6
65	0.0064	19	16	33
66	0.0065	13	11	24
67	0.0066	18	28	30
68	0.0067	9	11	6
69	0.0068	7	6	-3
70	0.0069	6	26	33
71	0.0070	2	14	28
72	0.0071	13	30	22
73	0.0072	11	11	10
74	0.0073	5	-3	0
75	0.0074	18	22	18
76	0.0075	3	11	22
77	0.0076	9	23	22
78	0.0077	11	10	6
79	0.0078	3	10	0
80	0.0079	11	19	28
81	0.0080	5	14	24
82	0.0081	9	23	14
83	0.0082	16	14	7
84	0.0083	7	5	-6
85	0.0084	16	27	23
86	0.0085	5	22	32
87	0.0086	5	28	27
88	0.0087	10	19	16
89	0.0088	3	9	2
90	0.0089	16	23	22
91	0.0090	6	10	28
92	0.0091	20	26	32
93	0.0092	19	28	20
94	0.0093	5	7	6
95	0.0094	9	13	16
96	0.0095	-3	7	22
97	0.0096	14	36	30
98	0.0097	23	30	20
99	0.0098	7	7	1
100	0.0099	16	16	10

电流增量数据 [1000Hz, 10点]
采样序号	时间(s)	A相电流(INT)	B相电流(INT)	C相电流(INT)
1	0.000	-8	-606	7
2	0.001	-16	-1054	-17
3	0.002	21	-1958	-16
4	0.003	-5	-205	15
5	0.004	29	542	-5
6	0.005	50	-46	9
7	0.006	-25	-3024	-16
8	0.007	-49	-1230	7
9	0.008	-6	-1221	-21
10	0.009	43	-2020	-3
================================================================================

=== 采集时间: 2025-12-05 15:11:33 (增量周期: 10.0ms) ===
振动增量数据 [等效10000Hz, 100点]
时序序号	时间(s)	X振动(INT)	Y振动(INT)	Z振动(INT)
1	0.0000	3	-7	23
2	0.0001	10	6	24
3	0.0002	14	33	19
4	0.0003	5	9	5
5	0.0004	10	16	19
6	0.0005	-3	-2	19
7	0.0006	7	16	20
8	0.0007	16	36	14
9	0.0008	9	6	3
10	0.0009	13	16	19
11	0.0010	0	1	16
12	0.0011	5	22	20
13	0.0012	14	35	15
14	0.0013	6	15	10
15	0.0014	11	15	27
16	0.0015	5	3	19
17	0.0016	3	15	20
18	0.0017	22	31	20
19	0.0018	11	13	6
20	0.0019	9	15	23
21	0.0020	-2	3	19
22	0.0021	5	16	22
23	0.0022	15	31	16
24	0.0023	6	14	6
25	0.0024	9	7	19
26	0.0025	3	3	19
27	0.0026	2	20	22
28	0.0027	19	32	15
29	0.0028	10	15	9
30	0.0029	13	15	24
31	0.0030	-2	15	16
32	0.0031	9	23	20
33	0.0032	16	32	19
34	0.0033	15	16	6
35	0.0034	19	26	26
36	0.0035	1	9	19
37	0.0036	14	22	16
38	0.0037	14	35	20
39	0.0038	2	14	14
40	0.0039	9	19	27
41	0.0040	2	7	16
42	0.0041	14	14	14
43	0.0042	16	24	18
44	0.0043	11	13	9
45	0.0044	9	16	24
46	0.0045	-8	3	18
47	0.0046	-6	6	6
48	0.0047	6	18	3
49	0.0048	10	9	3
50	0.0049	10	20	28
51	0.0050	-2	7	14
52	0.0051	9	19	16
53	0.0052	10	23	18
54	0.0053	5	16	1
55	0.0054	5	11	23
56	0.0055	-4	5	16
57	0.0056	6	23	20
58	0.0057	10	26	11
59	0.0058	9	16	0
60	0.0059	3	6	16
61	0.0060	-2	1	20
62	0.0061	0	18	18
63	0.0062	11	24	6
64	0.0063	3	6	-3
65	0.0064	1	-3	11
66	0.0065	-2	2	16
67	0.0066	6	16	20
68	0.0067	10	22	9
69	0.0068	1	9	1
70	0.0069	9	9	16
71	0.0070	-3	2	13
72	0.0071	9	16	15
73	0.0072	15	27	9
74	0.0073	1	5	2
75	0.0074	9	13	23
76	0.0075	-3	7	19
77	0.0076	9	28	18
78	0.0077	13	31	13
79	0.0078	0	6	1
80	0.0079	13	14	20
81	0.0080	6	7	15
82	0.0081	15	18	19
83	0.0082	13	24	22
84	0.0083	2	13	2
85	0.0084	5	30	26
86	0.0085	-2	6	19
87	0.0086	6	7	13
88	0.0087	14	16	14
89	0.0088	7	19	14
90	0.0089	13	30	33
91	0.0090	2	6	19
92	0.0091	2	2	11
93	0.0092	7	11	11
94	0.0093	5	24	11
95	0.0094	15	37	26
96	0.0095	6	9	23
97	0.0096	5	1	16
98	0.0097	15	15	9
99	0.0098	6	27	10
100	0.0099	15	27	27

电流增量数据 [1000Hz, 10点]
采样序号	时间(s)	A相电流(INT)	B相电流(INT)	C相电流(INT)
1	0.000	5	-1403	-6
2	0.001	29	-2680	-13
3	0.002	-10	-871	-6
4	0.003	5	-2869	-17
5	0.004	0	-312	-8
6	0.005	27	-565	3
7	0.006	2	504	-2
8	0.007	30	-1402	-11
9	0.008	27	-1224	9
10	0.009	5	-1279	3
================================================================================

=== 采集时间: 2025-12-05 15:11:34 (增量周期: 10.0ms) ===
振动增量数据 [等效10000Hz, 100点]
时序序号	时间(s)	X振动(INT)	Y振动(INT)	Z振动(INT)
1	0.0000	9	18	24
2	0.0001	9	30	27
3	0.0002	15	20	18
4	0.0003	1	2	0
5	0.0004	6	18	31
6	0.0005	3	19	32
7	0.0006	13	19	16
8	0.0007	16	14	11
9	0.0008	3	6	9
10	0.0009	9	23	31
11	0.0010	0	26	23
12	0.0011	5	20	15
13	0.0012	13	22	11
14	0.0013	9	9	16
15	0.0014	11	30	36
16	0.0015	5	13	26
17	0.0016	5	13	13
18	0.0017	11	22	14
19	0.0018	10	18	15
20	0.0019	13	19	33
21	0.0020	0	9	19
22	0.0021	9	9	13
23	0.0022	10	16	7
24	0.0023	13	10	16
25	0.0024	14	27	30
26	0.0025	6	6	18
27	0.0026	3	11	6
28	0.0027	6	23	14
29	0.0028	6	15	16
30	0.0029	14	33	33
31	0.0030	7	13	22
32	0.0031	6	7	10
33	0.0032	18	18	9
34	0.0033	10	24	10
35	0.0034	19	30	37
36	0.0035	3	9	20
37	0.0036	6	3	11
38	0.0037	14	32	13
39	0.0038	6	26	22
40	0.0039	15	30	41
41	0.0040	10	11	22
42	0.0041	15	10	16
43	0.0042	23	26	20
44	0.0043	9	16	22
45	0.0044	15	33	45
46	0.0045	6	15	28
47	0.0046	10	15	22
48	0.0047	15	31	19
49	0.0048	10	13	9
50	0.0049	15	26	44
51	0.0050	10	19	30
52	0.0051	11	20	30
53	0.0052	22	30	19
54	0.0053	19	16	13
55	0.0054	10	11	27
56	0.0055	9	23	33
57	0.0056	14	32	22
58	0.0057	24	30	18
59	0.0058	13	7	7
60	0.0059	11	10	33
61	0.0060	11	30	23
62	0.0061	13	33	22
63	0.0062	15	24	14
64	0.0063	0	-2	0
65	0.0064	11	9	20
66	0.0065	10	24	22
67	0.0066	14	26	19
68	0.0067	19	19	13
69	0.0068	10	1	0
70	0.0069	13	11	24
71	0.0070	-3	22	23
72	0.0071	3	16	15
73	0.0072	9	16	11
74	0.0073	7	10	9
75	0.0074	19	24	36
76	0.0075	9	19	28
77	0.0076	6	16	14
78	0.0077	14	20	9
79	0.0078	1	9	7
80	0.0079	15	26	35
81	0.0080	2	13	23
82	0.0081	7	16	14
83	0.0082	14	15	14
84	0.0083	6	6	9
85	0.0084	13	19	27
86	0.0085	-2	9	18
87	0.0086	-2	9	13
88	0.0087	10	18	6
89	0.0088	9	18	10
90	0.0089	7	24	27
91	0.0090	2	11	23
92	0.0091	2	10	6
93	0.0092	15	23	9
94	0.0093	3	10	5
95	0.0094	10	28	32
96	0.0095	-3	14	23
97	0.0096	1	14	15
98	0.0097	11	27	14
99	0.0098	-2	6	2
100	0.0099	16	19	28

电流增量数据 [1000Hz, 10点]
采样序号	时间(s)	A相电流(INT)	B相电流(INT)	C相电流(INT)
1	0.000	10	2165	2
2	0.001	30	-365	-7
3	0.002	-4	1472	4
4	0.003	38	-1101	-3
5	0.004	57	-230	-7
6	0.005	32	-1770	-13
7	0.006	20	-475	18
8	0.007	21	219	-15
9	0.008	-7	-59	5
10	0.009	3	-218	4
================================================================================

=== 采集时间: 2025-12-05 15:11:34 (增量周期: 10.0ms) ===
振动增量数据 [等效10000Hz, 100点]
时序序号	时间(s)	X振动(INT)	Y振动(INT)	Z振动(INT)
1	0.0000	3	18	28
2	0.0001	9	26	14
3	0.0002	14	18	16
4	0.0003	5	7	6
5	0.0004	11	9	27
6	0.0005	0	18	23
7	0.0006	11	32	22
8	0.0007	18	24	14
9	0.0008	7	-3	9
10	0.0009	10	3	23
11	0.0010	3	13	20
12	0.0011	10	37	22
13	0.0012	18	28	13
14	0.0013	2	-3	6
15	0.0014	9	5	26
16	0.0015	-2	22	19
17	0.0016	11	39	18
18	0.0017	19	15	10
19	0.0018	9	-3	5
20	0.0019	20	28	33
21	0.0020	7	26	27
22	0.0021	11	33	18
23	0.0022	13	6	6
24	0.0023	-2	-6	1
25	0.0024	16	31	37
26	0.0025	3	22	32
27	0.0026	18	18	19
28	0.0027	18	10	10
29	0.0028	3	5	5
30	0.0029	19	30	31
31	0.0030	6	14	27
32	0.0031	11	11	19
33	0.0032	14	19	22
34	0.0033	6	18	14
35	0.0034	18	36	37
36	0.0035	9	10	23
37	0.0036	7	14	15
38	0.0037	13	23	16
39	0.0038	9	19	13
40	0.0039	13	24	30
41	0.0040	2	13	32
42	0.0041	11	23	23
43	0.0042	16	26	16
44	0.0043	3	9	6
45	0.0044	10	16	33
46	0.0045	3	14	30
47	0.0046	19	22	23
48	0.0047	20	23	18
49	0.0048	10	14	18
50	0.0049	13	20	35
51	0.0050	6	16	28
52	0.0051	13	18	18
53	0.0052	20	22	15
54	0.0053	3	10	16
55	0.0054	14	23	40
56	0.0055	9	18	26
57	0.0056	15	20	15
58	0.0057	23	22	22
59	0.0058	5	11	14
60	0.0059	5	24	32
61	0.0060	6	18	28
62	0.0061	22	35	23
63	0.0062	15	26	16
64	0.0063	0	-6	-3
65	0.0064	13	9	30
66	0.0065	9	23	36
67	0.0066	19	39	31
68	0.0067	20	28	16
69	0.0068	2	-10	-4
70	0.0069	3	2	20
71	0.0070	3	28	30
72	0.0071	16	35	20
73	0.0072	18	20	13
74	0.0073	10	-3	-3
75	0.0074	6	15	27
76	0.0075	5	37	27
77	0.0076	13	19	16
78	0.0077	11	13	3
79	0.0078	5	5	2
80	0.0079	0	13	24
81	0.0080	3	27	24
82	0.0081	7	14	13
83	0.0082	13	18	13
84	0.0083	7	16	10
85	0.0084	9	18	28
86	0.0085	7	16	20
87	0.0086	6	3	10
88	0.0087	20	16	22
89	0.0088	5	16	13
90	0.0089	2	19	30
91	0.0090	-3	7	15
92	0.0091	3	13	14
93	0.0092	24	33	22
94	0.0093	10	20	15
95	0.0094	11	13	28
96	0.0095	1	14	20
97	0.0096	3	20	15
98	0.0097	26	28	18
99	0.0098	11	18	15
100	0.0099	7	15	31

电流增量数据 [1000Hz, 10点]
采样序号	时间(s)	A相电流(INT)	B相电流(INT)	C相电流(INT)
1	0.000	-5	3	1
2	0.001	24	219	9
3	0.002	22	-41	-2
4	0.003	5	262	10
5	0.004	5	-1209	-2
6	0.005	27	-1873	-13
7	0.006	-2	-46	-16
8	0.007	4	454	-6
9	0.008	-12	551	-13
10	0.009	15	-3713	-7
================================================================================

=== 采集时间: 2025-12-05 15:11:35 (增量周期: 10.0ms) ===
振动增量数据 [等效10000Hz, 100点]
时序序号	时间(s)	X振动(INT)	Y振动(INT)	Z振动(INT)
1	0.0000	0	16	24
2	0.0001	5	9	6
3	0.0002	6	5	11
4	0.0003	9	5	7
5	0.0004	13	31	28
6	0.0005	-2	13	14
7	0.0006	1	6	6
8	0.0007	9	16	16
9	0.0008	7	19	20
10	0.0009	14	33	39
11	0.0010	6	9	16
12	0.0011	3	7	0
13	0.0012	19	14	5
14	0.0013	10	19	14
15	0.0014	11	24	37
16	0.0015	1	11	16
17	0.0016	5	16	5
18	0.0017	14	22	6
19	0.0018	7	10	11
20	0.0019	11	22	35
21	0.0020	7	7	20
22	0.0021	7	16	6
23	0.0022	16	16	13
24	0.0023	1	9	18
25	0.0024	7	19	33
26	0.0025	2	19	20
27	0.0026	-2	10	10
28	0.0027	16	19	9
29	0.0028	3	11	10
30	0.0029	15	27	36
31	0.0030	11	11	20
32	0.0031	11	10	5
33	0.0032	16	20	11
34	0.0033	2	10	13
35	0.0034	13	31	31
36	0.0035	7	18	15
37	0.0036	13	20	7
38	0.0037	20	18	14
39	0.0038	3	2	13
40	0.0039	14	35	33
41	0.0040	13	18	24
42	0.0041	-4	18	7
43	0.0042	15	14	5
44	0.0043	-7	-3	7
45	0.0044	19	30	35
46	0.0045	11	23	36
47	0.0046	2	22	14
48	0.0047	23	9	3
49	0.0048	-7	2	6
50	0.0049	16	30	45
51	0.0050	9	10	27
52	0.0051	3	14	13
53	0.0052	19	19	14
54	0.0053	0	9	16
55	0.0054	15	40	33
56	0.0055	2	5	19
57	0.0056	5	9	7
58	0.0057	20	20	14
59	0.0058	-2	13	14
60	0.0059	13	31	32
61	0.0060	5	10	16
62	0.0061	0	7	7
63	0.0062	16	26	13
64	0.0063	6	15	15
65	0.0064	14	16	30
66	0.0065	9	9	18
67	0.0066	6	9	9
68	0.0067	13	23	9
69	0.0068	2	10	10
70	0.0069	11	20	31
71	0.0070	3	13	23
72	0.0071	11	13	10
73	0.0072	16	22	14
74	0.0073	7	13	22
75	0.0074	15	26	39
76	0.0075	14	19	22
77	0.0076	15	16	16
78	0.0077	16	27	16
79	0.0078	10	15	16
80	0.0079	15	30	35
81	0.0080	13	16	23
82	0.0081	19	16	10
83	0.0082	24	30	18
84	0.0083	14	24	11
85	0.0084	18	32	39
86	0.0085	13	19	28
87	0.0086	14	26	19
88	0.0087	23	36	16
89	0.0088	11	9	14
90	0.0089	15	16	28
91	0.0090	13	24	30
92	0.0091	11	22	24
93	0.0092	19	24	18
94	0.0093	3	7	6
95	0.0094	11	22	35
96	0.0095	9	23	27
97	0.0096	14	22	16
98	0.0097	16	22	22
99	0.0098	6	6	14
100	0.0099	14	24	32

电流增量数据 [1000Hz, 10点]
采样序号	时间(s)	A相电流(INT)	B相电流(INT)	C相电流(INT)
1	0.000	28	-988	4
2	0.001	5	-973	-7
3	0.002	23	-1052	-10
4	0.003	-6	962	3
5	0.004	-26	939	-13
6	0.005	7	-59	-20
7	0.006	-32	1265	-15
8	0.007	14	-515	-10
9	0.008	-4	-961	-20
10	0.009	9	-2155	-21
================================================================================

=== 采集时间: 2025-12-05 15:11:35 (增量周期: 10.0ms) ===
振动增量数据 [等效10000Hz, 100点]
时序序号	时间(s)	X振动(INT)	Y振动(INT)	Z振动(INT)
1	0.0000	5	16	22
2	0.0001	6	28	6
3	0.0002	13	19	16
4	0.0003	2	6	10
5	0.0004	10	15	33
6	0.0005	6	19	23
7	0.0006	10	15	11
8	0.0007	26	18	11
9	0.0008	7	6	6
10	0.0009	15	10	30
11	0.0010	1	16	19
12	0.0011	1	16	11
13	0.0012	14	31	10
14	0.0013	9	15	13
15	0.0014	15	20	30
16	0.0015	5	15	20
17	0.0016	10	13	2
18	0.0017	16	31	11
19	0.0018	7	13	19
20	0.0019	9	26	31
21	0.0020	-3	11	14
22	0.0021	6	19	7
23	0.0022	20	27	11
24	0.0023	11	7	15
25	0.0024	15	19	33
26	0.0025	3	9	22
27	0.0026	3	16	10
28	0.0027	11	23	10
29	0.0028	5	16	10
30	0.0029	6	18	35
31	0.0030	5	16	31
32	0.0031	6	19	11
33	0.0032	19	16	14
34	0.0033	2	9	9
35	0.0034	5	14	31
36	0.0035	3	24	22
37	0.0036	7	11	6
38	0.0037	10	13	7
39	0.0038	-8	-3	7
40	0.0039	0	20	26
41	0.0040	1	19	13
42	0.0041	11	15	9
43	0.0042	15	9	7
44	0.0043	0	-2	7
45	0.0044	3	18	27
46	0.0045	-2	14	13
47	0.0046	5	13	5
48	0.0047	14	14	6
49	0.0048	1	6	10
50	0.0049	9	23	35
51	0.0050	1	18	15
52	0.0051	2	9	9
53	0.0052	9	6	6
54	0.0053	0	2	7
55	0.0054	-2	9	26
56	0.0055	-3	14	16
57	0.0056	9	15	9
58	0.0057	15	11	11
59	0.0058	5	-4	7
60	0.0059	3	9	27
61	0.0060	-6	13	19
62	0.0061	1	18	7
63	0.0062	15	13	14
64	0.0063	7	9	9
65	0.0064	10	15	28
66	0.0065	3	18	23
67	0.0066	2	13	10
68	0.0067	14	22	11
69	0.0068	5	7	14
70	0.0069	10	14	28
71	0.0070	5	16	20
72	0.0071	5	18	11
73	0.0072	19	22	18
74	0.0073	6	6	3
75	0.0074	6	9	27
76	0.0075	-2	15	26
77	0.0076	2	27	15
78	0.0077	18	20	18
79	0.0078	6	0	2
80	0.0079	9	-2	24
81	0.0080	-4	14	20
82	0.0081	14	30	18
83	0.0082	20	23	16
84	0.0083	10	-3	10
85	0.0084	2	7	26
86	0.0085	-3	22	27
87	0.0086	5	32	14
88	0.0087	20	13	13
89	0.0088	14	9	15
90	0.0089	15	19	35
91	0.0090	2	32	28
92	0.0091	14	19	3
93	0.0092	14	15	6
94	0.0093	3	6	6
95	0.0094	18	26	37
96	0.0095	10	31	28
97	0.0096	18	23	13
98	0.0097	20	18	9
99	0.0098	3	6	6
100	0.0099	11	27	33

电流增量数据 [1000Hz, 10点]
采样序号	时间(s)	A相电流(INT)	B相电流(INT)	C相电流(INT)
1	0.000	11	-2823	-23
2	0.001	-4	-441	-15
3	0.002	21	-2699	-35
4	0.003	-4	-121	13
5	0.004	13	-402	-13
6	0.005	11	387	-10
7	0.006	29	-1144	4
8	0.007	10	-1177	-11
9	0.008	5	-1001	-7
10	0.009	18	39	-6
================================================================================

=== 采集时间: 2025-12-05 15:11:35 (增量周期: 10.0ms) ===
振动增量数据 [等效10000Hz, 100点]
时序序号	时间(s)	X振动(INT)	Y振动(INT)	Z振动(INT)
1	0.0000	10	33	22
2	0.0001	24	27	10
3	0.0002	18	18	10
4	0.0003	0	3	7
5	0.0004	1	22	30
6	0.0005	0	24	27
7	0.0006	15	26	9
8	0.0007	19	15	18
9	0.0008	7	9	23
10	0.0009	7	20	33
11	0.0010	0	30	26
12	0.0011	10	22	7
13	0.0012	10	10	11
14	0.0013	0	10	16
15	0.0014	5	19	37
16	0.0015	5	20	22
17	0.0016	9	11	5
18	0.0017	14	7	10
19	0.0018	1	15	13
20	0.0019	5	24	32
21	0.0020	-2	18	20
22	0.0021	3	7	5
23	0.0022	16	10	20
24	0.0023	9	16	15
25	0.0024	13	28	24
26	0.0025	-2	9	10
27	0.0026	1	2	2
28	0.0027	15	18	14
29	0.0028	5	22	24
30	0.0029	1	22	36
31	0.0030	0	11	16
32	0.0031	6	6	-2
33	0.0032	23	23	11
34	0.0033	9	18	23
35	0.0034	5	18	36
36	0.0035	1	9	16
37	0.0036	6	19	10
38	0.0037	16	24	22
39	0.0038	13	18	24
40	0.0039	10	14	31
41	0.0040	6	7	18
42	0.0041	13	18	5
43	0.0042	13	19	14
44	0.0043	2	14	19
45	0.0044	6	15	27
46	0.0045	6	22	22
47	0.0046	11	19	7
48	0.0047	15	16	7
49	0.0048	2	6	7
50	0.0049	3	18	28
51	0.0050	13	26	19
52	0.0051	10	18	2
53	0.0052	13	13	16
54	0.0053	-6	9	13
55	0.0054	3	19	31
56	0.0055	9	27	16
57	0.0056	9	11	2
58	0.0057	20	13	20
59	0.0058	7	7	19
60	0.0059	20	33	44
61	0.0060	6	28	26
62	0.0061	15	15	11
63	0.0062	19	20	18
64	0.0063	2	11	14
65	0.0064	15	35	36
66	0.0065	11	20	19
67	0.0066	15	18	10
68	0.0067	22	15	19
69	0.0068	3	9	18
70	0.0069	10	19	32
71	0.0070	6	16	20
72	0.0071	15	23	10
73	0.0072	20	18	18
74	0.0073	14	23	24
75	0.0074	11	24	37
76	0.0075	6	15	24
77	0.0076	13	15	3
78	0.0077	23	22	20
79	0.0078	14	20	28
80	0.0079	15	27	39
81	0.0080	9	19	23
82	0.0081	9	18	6
83	0.0082	22	30	18
84	0.0083	10	20	14
85	0.0084	14	27	36
86	0.0085	9	15	20
87	0.0086	16	20	6
88	0.0087	19	28	22
89	0.0088	5	10	15
90	0.0089	3	16	26
91	0.0090	1	16	13
92	0.0091	7	18	1
93	0.0092	20	23	20
94	0.0093	6	7	22
95	0.0094	13	19	30
96	0.0095	7	14	11
97	0.0096	2	11	-2
98	0.0097	14	14	15
99	0.0098	-4	9	20
100	0.0099	5	22	37

电流增量数据 [1000Hz, 10点]
采样序号	时间(s)	A相电流(INT)	B相电流(INT)	C相电流(INT)
1	0.000	6	-1024	-13
2	0.001	23	-1808	-22
3	0.002	5	2715	-11
4	0.003	12	49	-5
5	0.004	12	698	-16
6	0.005	4	-382	-8
7	0.006	33	-4	-2
8	0.007	-5	-1413	-16
9	0.008	14	-711	-20
10	0.009	-23	141	2
================================================================================

=== 采集时间: 2025-12-05 15:11:36 (增量周期: 10.0ms) ===
振动增量数据 [等效10000Hz, 100点]
时序序号	时间(s)	X振动(INT)	Y振动(INT)	Z振动(INT)
1	0.0000	7	26	23
2	0.0001	3	15	9
3	0.0002	9	23	14
4	0.0003	-3	5	14
5	0.0004	3	20	27
6	0.0005	10	18	20
7	0.0006	9	15	2
8	0.0007	18	15	15
9	0.0008	0	5	11
10	0.0009	3	18	30
11	0.0010	5	26	23
12	0.0011	2	23	5
13	0.0012	11	10	11
14	0.0013	-3	-8	7
15	0.0014	7	7	24
16	0.0015	6	32	22
17	0.0016	11	16	5
18	0.0017	19	13	2
19	0.0018	0	-4	9
20	0.0019	1	18	28
21	0.0020	2	28	18
22	0.0021	14	27	3
23	0.0022	15	3	3
24	0.0023	2	-3	2
25	0.0024	10	22	32
26	0.0025	6	30	16
27	0.0026	9	16	0
28	0.0027	3	9	11
29	0.0028	-7	3	9
30	0.0029	6	26	37
31	0.0030	15	26	28
32	0.0031	19	11	6
33	0.0032	15	6	11
34	0.0033	-3	-3	7
35	0.0034	5	22	28
36	0.0035	3	22	19
37	0.0036	9	11	5
38	0.0037	11	11	16
39	0.0038	5	5	15
40	0.0039	5	18	27
41	0.0040	15	16	14
42	0.0041	10	15	2
43	0.0042	9	9	10
44	0.0043	-3	9	20
45	0.0044	0	24	31
46	0.0045	5	23	23
47	0.0046	6	16	5
48	0.0047	18	14	18
49	0.0048	5	9	15
50	0.0049	6	16	32
51	0.0050	0	19	22
52	0.0051	3	9	5
53	0.0052	5	11	11
54	0.0053	2	9	22
55	0.0054	2	22	32
56	0.0055	13	20	16
57	0.0056	10	13	6
58	0.0057	19	18	20
59	0.0058	1	13	18
60	0.0059	2	26	31
61	0.0060	9	23	14
62	0.0061	10	16	-2
63	0.0062	22	19	11
64	0.0063	6	2	13
65	0.0064	13	26	41
66	0.0065	16	28	27
67	0.0066	18	14	2
68	0.0067	5	7	1
69	0.0068	-7	-4	3
70	0.0069	-3	13	30
71	0.0070	13	33	27
72	0.0071	15	23	15
73	0.0072	14	19	20
74	0.0073	7	3	7
75	0.0074	-8	14	28
76	0.0075	10	33	22
77	0.0076	13	19	2
78	0.0077	10	15	19
79	0.0078	5	9	23
80	0.0079	2	19	32
81	0.0080	11	41	23
82	0.0081	15	18	6
83	0.0082	7	16	10
84	0.0083	7	6	16
85	0.0084	-7	16	28
86	0.0085	10	26	23
87	0.0086	0	2	0
88	0.0087	11	16	11
89	0.0088	3	16	13
90	0.0089	2	19	28
91	0.0090	10	23	18
92	0.0091	-2	-3	5
93	0.0092	15	18	19
94	0.0093	0	19	18
95	0.0094	11	19	31
96	0.0095	5	16	10
97	0.0096	1	-7	2
98	0.0097	14	27	18
99	0.0098	-2	22	24
100	0.0099	5	24	36

电流增量数据 [1000Hz, 10点]
采样序号	时间(s)	A相电流(INT)	B相电流(INT)	C相电流(INT)
1	0.000	4	-1177	-5
2	0.001	-20	362	-8
3	0.002	14	739	-16
4	0.003	-25	-931	0
5	0.004	28	-937	1
6	0.005	-15	-706	-12
7	0.006	-5	2247	-21
8	0.007	16	145	-3
9	0.008	-7	297	-12
10	0.009	4	329	0
================================================================================

=== 采集时间: 2025-12-05 15:11:36 (增量周期: 10.0ms) ===
振动增量数据 [等效10000Hz, 100点]
时序序号	时间(s)	X振动(INT)	Y振动(INT)	Z振动(INT)
1	0.0000	9	16	16
2	0.0001	10	6	1
3	0.0002	22	19	23
4	0.0003	10	27	27
5	0.0004	10	23	24
6	0.0005	6	16	14
7	0.0006	2	5	-2
8	0.0007	7	19	23
9	0.0008	2	22	27
10	0.0009	14	18	30
11	0.0010	14	18	11
12	0.0011	9	0	-6
13	0.0012	18	18	16
14	0.0013	0	23	22
15	0.0014	0	19	36
16	0.0015	-2	16	22
17	0.0016	7	2	1
18	0.0017	18	18	19
19	0.0018	10	18	19
20	0.0019	7	16	28
21	0.0020	5	14	7
22	0.0021	2	5	-3
23	0.0022	6	16	20
24	0.0023	-6	19	26
25	0.0024	-2	24	32
26	0.0025	5	13	9
27	0.0026	13	9	0
28	0.0027	18	18	22
29	0.0028	2	13	19
30	0.0029	-3	13	23
31	0.0030	-3	13	11
32	0.0031	6	11	2
33	0.0032	18	20	18
34	0.0033	5	10	20
35	0.0034	14	18	32
36	0.0035	11	19	14
37	0.0036	13	16	3
38	0.0037	10	15	18
39	0.0038	0	7	23
40	0.0039	10	11	26
41	0.0040	2	16	7
42	0.0041	5	10	-4
43	0.0042	23	22	20
44	0.0043	14	16	28
45	0.0044	11	22	33
46	0.0045	14	19	14
47	0.0046	-4	7	-7
48	0.0047	13	19	9
49	0.0048	-4	9	20
50	0.0049	10	27	36
51	0.0050	15	20	27
52	0.0051	13	14	5
53	0.0052	19	18	16
54	0.0053	3	13	13
55	0.0054	10	26	31
56	0.0055	11	24	26
57	0.0056	9	14	6
58	0.0057	20	26	27
59	0.0058	-4	16	27
60	0.0059	19	35	35
61	0.0060	15	27	16
62	0.0061	13	13	5
63	0.0062	16	14	19
64	0.0063	3	15	22
65	0.0064	9	28	37
66	0.0065	3	19	19
67	0.0066	13	7	5
68	0.0067	15	19	23
69	0.0068	13	16	27
70	0.0069	14	30	39
71	0.0070	11	16	27
72	0.0071	10	10	5
73	0.0072	11	14	16
74	0.0073	10	15	28
75	0.0074	10	31	35
76	0.0075	19	24	30
77	0.0076	7	10	9
78	0.0077	15	26	22
79	0.0078	2	23	20
80	0.0079	13	28	32
81	0.0080	14	19	24
82	0.0081	15	13	3
83	0.0082	20	19	19
84	0.0083	0	16	24
85	0.0084	2	19	30
86	0.0085	5	23	10
87	0.0086	2	10	2
88	0.0087	15	19	26
89	0.0088	7	9	19
90	0.0089	16	22	33
91	0.0090	15	15	19
92	0.0091	13	11	5
93	0.0092	18	22	18
94	0.0093	-4	13	20
95	0.0094	-2	19	35
96	0.0095	2	20	22
97	0.0096	10	23	9
98	0.0097	19	18	18
99	0.0098	5	7	15
100	0.0099	10	16	35

电流增量数据 [1000Hz, 10点]
采样序号	时间(s)	A相电流(INT)	B相电流(INT)	C相电流(INT)
1	0.000	-16	-831	-8
2	0.001	-22	850	-11
3	0.002	-4	1921	-3
4	0.003	23	345	-28
5	0.004	-37	1520	-3
6	0.005	-14	-643	-23
7	0.006	22	-303	-35
8	0.007	-25	-1560	-6
9	0.008	1	388	-20
10	0.009	-10	564	-13
================================================================================

=== 采集时间: 2025-12-05 15:11:37 (增量周期: 10.0ms) ===
振动增量数据 [等效10000Hz, 100点]
时序序号	时间(s)	X振动(INT)	Y振动(INT)	Z振动(INT)
1	0.0000	5	14	6
2	0.0001	2	14	0
3	0.0002	7	18	23
4	0.0003	-6	19	24
5	0.0004	6	27	27
6	0.0005	7	22	15
7	0.0006	11	10	2
8	0.0007	23	19	18
9	0.0008	6	7	26
10	0.0009	5	23	31
11	0.0010	6	19	7
12	0.0011	5	9	-2
13	0.0012	15	24	30
14	0.0013	5	19	28
15	0.0014	5	24	32
16	0.0015	3	6	9
17	0.0016	11	3	0
18	0.0017	15	23	20
19	0.0018	9	23	28
20	0.0019	2	20	20
21	0.0020	1	14	16
22	0.0021	0	7	1
23	0.0022	14	27	19
24	0.0023	5	22	20
25	0.0024	14	15	27
26	0.0025	18	26	20
27	0.0026	13	16	7
28	0.0027	9	15	22
29	0.0028	-7	13	14
30	0.0029	1	20	20
31	0.0030	7	26	16
32	0.0031	14	20	10
33	0.0032	22	18	27
34	0.0033	14	15	16
35	0.0034	10	20	24
36	0.0035	7	22	14
37	0.0036	7	18	-3
38	0.0037	14	13	18
39	0.0038	9	10	16
40	0.0039	13	23	33
41	0.0040	15	33	16
42	0.0041	6	13	-4
43	0.0042	9	16	10
44	0.0043	1	9	16
45	0.0044	3	19	28
46	0.0045	11	26	23
47	0.0046	10	15	11
48	0.0047	14	19	16
49	0.0048	10	11	14
50	0.0049	6	20	31
51	0.0050	6	22	15
52	0.0051	3	13	10
53	0.0052	13	16	27
54	0.0053	3	7	20
55	0.0054	9	20	26
56	0.0055	11	27	18
57	0.0056	6	11	-2
58	0.0057	18	14	19
59	0.0058	-3	9	23
60	0.0059	2	19	35
61	0.0060	9	35	24
62	0.0061	3	11	9
63	0.0062	23	18	23
64	0.0063	10	6	22
65	0.0064	14	15	33
66	0.0065	7	27	20
67	0.0066	3	14	7
68	0.0067	15	15	18
69	0.0068	3	5	15
70	0.0069	1	9	23
71	0.0070	1	14	11
72	0.0071	3	1	-2
73	0.0072	16	15	13
74	0.0073	9	7	14
75	0.0074	-2	19	26
76	0.0075	5	22	11
77	0.0076	-3	7	2
78	0.0077	11	10	18
79	0.0078	2	2	11
80	0.0079	6	22	30
81	0.0080	6	20	19
82	0.0081	7	11	6
83	0.0082	10	14	18
84	0.0083	-4	9	20
85	0.0084	-2	14	32
86	0.0085	10	24	23
87	0.0086	6	6	2
88	0.0087	14	9	20
89	0.0088	-3	-10	7
90	0.0089	10	14	24
91	0.0090	9	27	16
92	0.0091	2	6	-3
93	0.0092	3	13	16
94	0.0093	-11	-3	18
95	0.0094	6	15	30
96	0.0095	20	27	14
97	0.0096	6	9	-2
98	0.0097	15	13	16
99	0.0098	-4	2	19
100	0.0099	10	23	39

电流增量数据 [1000Hz, 10点]
采样序号	时间(s)	A相电流(INT)	B相电流(INT)	C相电流(INT)
1	0.000	11	516	-22
2	0.001	-28	320	-24
3	0.002	-32	366	-14
4	0.003	29	-2827	-10
5	0.004	-7	-403	-17
6	0.005	20	-3128	-5
7	0.006	-29	-249	4
8	0.007	9	-346	-12
9	0.008	-5	784	-19
10	0.009	-32	-410	-21
================================================================================

=== 采集时间: 2025-12-05 15:11:37 (增量周期: 10.0ms) ===
振动增量数据 [等效10000Hz, 100点]
时序序号	时间(s)	X振动(INT)	Y振动(INT)	Z振动(INT)
1	0.0000	16	27	23
2	0.0001	18	15	2
3	0.0002	27	26	24
4	0.0003	11	9	24
5	0.0004	11	15	31
6	0.0005	13	36	27
7	0.0006	7	20	11
8	0.0007	9	24	14
9	0.0008	2	2	16
10	0.0009	13	6	31
11	0.0010	26	32	27
12	0.0011	19	16	13
13	0.0012	16	18	15
14	0.0013	0	-2	7
15	0.0014	1	6	18
16	0.0015	13	37	23
17	0.0016	10	23	14
18	0.0017	15	23	23
19	0.0018	5	-2	16
20	0.0019	10	13	30
21	0.0020	19	44	18
22	0.0021	10	15	3
23	0.0022	1	13	24
24	0.0023	0	5	22
25	0.0024	6	23	28
26	0.0025	18	37	28
27	0.0026	14	11	-3
28	0.0027	16	19	22
29	0.0028	9	13	27
30	0.0029	5	15	27
31	0.0030	11	26	15
32	0.0031	2	9	2
33	0.0032	7	18	26
34	0.0033	1	16	16
35	0.0034	9	10	16
36	0.0035	16	23	11
37	0.0036	13	6	6
38	0.0037	11	24	23
39	0.0038	-3	19	20
40	0.0039	0	13	20
41	0.0040	11	16	13
42	0.0041	13	14	5
43	0.0042	18	31	26
44	0.0043	7	19	23
45	0.0044	1	15	26
46	0.0045	10	26	10
47	0.0046	3	16	3
48	0.0047	15	20	28
49	0.0048	1	13	20
50	0.0049	10	15	22
51	0.0050	13	15	10
52	0.0051	3	9	2
53	0.0052	10	16	26
54	0.0053	-2	11	19
55	0.0054	9	23	28
56	0.0055	11	18	13
57	0.0056	11	10	-2
58	0.0057	22	13	23
59	0.0058	2	10	23
60	0.0059	11	26	23
61	0.0060	15	16	15
62	0.0061	11	19	2
63	0.0062	20	39	24
64	0.0063	0	9	18
65	0.0064	1	7	22
66	0.0065	22	9	10
67	0.0066	14	18	1
68	0.0067	24	36	26
69	0.0068	3	6	22
70	0.0069	-6	9	20
71	0.0070	10	15	16
72	0.0071	-6	19	6
73	0.0072	14	30	23
74	0.0073	6	-2	16
75	0.0074	10	16	31
76	0.0075	26	30	24
77	0.0076	6	14	3
78	0.0077	11	22	19
79	0.0078	-12	-3	15
80	0.0079	0	28	28
81	0.0080	13	33	26
82	0.0081	6	7	11
83	0.0082	22	27	26
84	0.0083	2	3	20
85	0.0084	6	26	23
86	0.0085	13	18	5
87	0.0086	0	-3	-6
88	0.0087	15	22	22
89	0.0088	-2	6	33
90	0.0089	9	26	20
91	0.0090	9	11	0
92	0.0091	3	-8	-8
93	0.0092	13	27	13
94	0.0093	-4	2	15
95	0.0094	3	24	27
96	0.0095	7	16	14
97	0.0096	2	9	3
98	0.0097	19	30	22
99	0.0098	2	9	19
100	0.0099	6	16	19

电流增量数据 [1000Hz, 10点]
采样序号	时间(s)	A相电流(INT)	B相电流(INT)	C相电流(INT)
1	0.000	-46	-641	-29
2	0.001	9	-1162	-19
3	0.002	24	434	-11
4	0.003	15	769	-17
5	0.004	4	1131	-22
6	0.005	3	-2988	-20
7	0.006	-6	-567	-2
8	0.007	20	-2205	-2
9	0.008	3	-429	-11
10	0.009	28	-685	3
================================================================================

=== 采集时间: 2025-12-05 15:11:37 (增量周期: 10.0ms) ===
振动增量数据 [等效10000Hz, 100点]
时序序号	时间(s)	X振动(INT)	Y振动(INT)	Z振动(INT)
1	0.0000	15	14	18
2	0.0001	9	5	1
3	0.0002	23	18	26
4	0.0003	1	27	19
5	0.0004	3	22	22
6	0.0005	3	7	5
7	0.0006	-2	-2	-6
8	0.0007	11	18	23
9	0.0008	7	15	30
10	0.0009	9	19	19
11	0.0010	9	2	3
12	0.0011	3	10	-2
13	0.0012	10	23	26
14	0.0013	-7	14	24
15	0.0014	-4	20	23
16	0.0015	11	13	13
17	0.0016	9	18	6
18	0.0017	24	28	31
19	0.0018	10	19	19
20	0.0019	3	14	16
21	0.0020	6	14	14
22	0.0021	10	18	10
23	0.0022	18	26	30
24	0.0023	2	11	24
25	0.0024	2	18	13
26	0.0025	10	15	7
27	0.0026	24	18	9
28	0.0027	15	19	30
29	0.0028	7	16	24
30	0.0029	7	20	23
31	0.0030	9	22	10
32	0.0031	18	16	7
33	0.0032	13	19	24
34	0.0033	3	11	26
35	0.0034	6	22	19
36	0.0035	16	26	15
37	0.0036	7	10	6
38	0.0037	6	20	26
39	0.0038	1	15	23
40	0.0039	2	18	19
41	0.0040	19	18	11
42	0.0041	10	9	2
43	0.0042	15	11	26
44	0.0043	11	15	27
45	0.0044	15	39	32
46	0.0045	14	39	20
47	0.0046	5	7	7
48	0.0047	13	6	20
49	0.0048	6	7	20
50	0.0049	14	33	30
51	0.0050	27	39	22
52	0.0051	6	5	5
53	0.0052	11	9	24
54	0.0053	-3	9	24
55	0.0054	3	33	31
56	0.0055	14	30	15
57	0.0056	10	5	5
58	0.0057	27	18	31
59	0.0058	18	18	32
60	0.0059	10	31	28
61	0.0060	13	23	18
62	0.0061	0	3	6
63	0.0062	10	18	16
64	0.0063	0	9	28
65	0.0064	14	22	33
66	0.0065	19	23	15
67	0.0066	19	11	0
68	0.0067	24	26	19
69	0.0068	6	13	28
70	0.0069	3	30	26
71	0.0070	3	23	13
72	0.0071	-6	13	5
73	0.0072	20	28	36
74	0.0073	11	18	27
75	0.0074	16	26	23
76	0.0075	13	18	7
77	0.0076	2	6	-3
78	0.0077	5	19	23
79	0.0078	-3	9	20
80	0.0079	9	15	27
81	0.0080	14	14	15
82	0.0081	11	6	3
83	0.0082	19	18	23
84	0.0083	3	9	20
85	0.0084	7	15	22
86	0.0085	15	13	16
87	0.0086	3	6	7
88	0.0087	10	19	28
89	0.0088	0	15	24
90	0.0089	5	20	23
91	0.0090	15	14	11
92	0.0091	11	14	6
93	0.0092	10	15	22
94	0.0093	-4	19	28
95	0.0094	10	27	22
96	0.0095	18	23	15
97	0.0096	6	9	2
98	0.0097	11	13	20
99	0.0098	-3	6	20
100	0.0099	11	23	31

电流增量数据 [1000Hz, 10点]
采样序号	时间(s)	A相电流(INT)	B相电流(INT)	C相电流(INT)
1	0.000	-10	2342	-3
2	0.001	5	801	-13
3	0.002	-11	585	-12
4	0.003	28	1254	-22
5	0.004	-34	-80	-13
6	0.005	-25	-795	-29
7	0.006	-7	-1248	-14
8	0.007	-29	806	-21
9	0.008	40	782	-17
10	0.009	5	746	-30
================================================================================

=== 采集时间: 2025-12-05 15:11:38 (增量周期: 10.0ms) ===
振动增量数据 [等效10000Hz, 100点]
时序序号	时间(s)	X振动(INT)	Y振动(INT)	Z振动(INT)
1	0.0000	16	11	0
2	0.0001	9	9	2
3	0.0002	9	19	23
4	0.0003	-3	23	23
5	0.0004	3	13	10
6	0.0005	15	7	6
7	0.0006	0	5	-6
8	0.0007	11	22	23
9	0.0008	-6	18	27
10	0.0009	13	22	20
11	0.0010	5	19	9
12	0.0011	0	2	2
13	0.0012	5	24	28
14	0.0013	0	13	19
15	0.0014	9	16	19
16	0.0015	15	10	6
17	0.0016	5	0	-3
18	0.0017	18	23	28
19	0.0018	2	26	28
20	0.0019	11	27	19
21	0.0020	1	6	3
22	0.0021	7	-17	-10
23	0.0022	11	16	23
24	0.0023	9	28	23
25	0.0024	13	26	28
26	0.0025	11	9	6
27	0.0026	0	-14	-6
28	0.0027	0	20	23
29	0.0028	-3	28	31
30	0.0029	5	24	22
31	0.0030	18	13	13
32	0.0031	20	10	7
33	0.0032	18	18	28
34	0.0033	0	23	23
35	0.0034	-6	14	14
36	0.0035	2	19	9
37	0.0036	7	15	11
38	0.0037	10	15	31
39	0.0038	7	13	27
40	0.0039	0	9	23
41	0.0040	18	27	9
42	0.0041	5	9	-3
43	0.0042	10	10	22
44	0.0043	-6	5	19
45	0.0044	5	22	26
46	0.0045	20	31	16
47	0.0046	5	5	1
48	0.0047	11	6	23
49	0.0048	0	11	13
50	0.0049	10	23	19
51	0.0050	5	19	0
52	0.0051	-6	-2	-3
53	0.0052	5	15	26
54	0.0053	3	7	22
55	0.0054	10	13	18
56	0.0055	15	13	6
57	0.0056	7	5	1
58	0.0057	14	19	22
59	0.0058	3	13	19
60	0.0059	3	14	16
61	0.0060	7	19	15
62	0.0061	5	18	15
63	0.0062	10	33	32
64	0.0063	10	23	26
65	0.0064	9	18	18
66	0.0065	20	11	13
67	0.0066	5	15	10
68	0.0067	11	32	32
69	0.0068	3	24	31
70	0.0069	6	24	20
71	0.0070	11	11	10
72	0.0071	5	5	2
73	0.0072	11	22	31
74	0.0073	14	27	31
75	0.0074	15	13	22
76	0.0075	10	20	9
77	0.0076	-2	0	2
78	0.0077	2	13	23
79	0.0078	15	19	24
80	0.0079	11	16	22
81	0.0080	18	19	10
82	0.0081	9	11	-3
83	0.0082	7	24	30
84	0.0083	5	22	27
85	0.0084	5	18	24
86	0.0085	9	19	11
87	0.0086	15	16	3
88	0.0087	15	31	32
89	0.0088	15	20	27
90	0.0089	9	13	22
91	0.0090	23	39	18
92	0.0091	9	23	10
93	0.0092	14	23	31
94	0.0093	6	6	20
95	0.0094	5	2	24
96	0.0095	30	33	24
97	0.0096	19	28	22
98	0.0097	18	19	32
99	0.0098	-4	5	19
100	0.0099	0	5	22

电流增量数据 [1000Hz, 10点]
采样序号	时间(s)	A相电流(INT)	B相电流(INT)	C相电流(INT)
1	0.000	-14	1314	-3
2	0.001	-24	-495	-26
3	0.002	-14	-454	-31
4	0.003	9	-338	-20
5	0.004	25	1146	-23
6	0.005	37	1905	-6
7	0.006	5	940	-24
8	0.007	-14	2115	-8
9	0.008	2	-263	-10
10	0.009	-15	-202	-21
================================================================================

=== 采集时间: 2025-12-05 15:11:38 (增量周期: 10.0ms) ===
振动增量数据 [等效10000Hz, 100点]
时序序号	时间(s)	X振动(INT)	Y振动(INT)	Z振动(INT)
1	0.0000	5	15	14
2	0.0001	7	22	11
3	0.0002	15	19	26
4	0.0003	6	-6	13
5	0.0004	7	2	11
6	0.0005	14	27	15
7	0.0006	7	27	13
8	0.0007	14	22	36
9	0.0008	-3	5	19
10	0.0009	10	20	24
11	0.0010	26	41	26
12	0.0011	22	28	11
13	0.0012	15	14	33
14	0.0013	0	7	23
15	0.0014	10	31	27
16	0.0015	15	40	31
17	0.0016	10	26	19
18	0.0017	10	13	27
19	0.0018	2	6	18
20	0.0019	13	22	20
21	0.0020	28	24	20
22	0.0021	15	15	14
23	0.0022	10	10	28
24	0.0023	-4	13	23
25	0.0024	5	18	11
26	0.0025	14	26	15
27	0.0026	15	9	11
28	0.0027	15	13	28
29	0.0028	11	20	24
30	0.0029	16	23	22
31	0.0030	19	28	18
32	0.0031	0	9	11
33	0.0032	9	22	28
34	0.0033	3	24	28
35	0.0034	10	28	20
36	0.0035	24	26	19
37	0.0036	14	7	6
38	0.0037	22	19	37
39	0.0038	-2	13	20
40	0.0039	0	15	15
41	0.0040	5	16	13
42	0.0041	7	3	7
43	0.0042	19	27	31
44	0.0043	7	11	28
45	0.0044	6	9	18
46	0.0045	14	19	10
47	0.0046	10	10	2
48	0.0047	16	23	27
49	0.0048	0	10	24
50	0.0049	5	19	19
51	0.0050	13	24	13
52	0.0051	15	19	7
53	0.0052	19	28	33
54	0.0053	3	9	22
55	0.0054	3	18	18
56	0.0055	7	26	13
57	0.0056	14	20	14
58	0.0057	14	19	28
59	0.0058	9	13	28
60	0.0059	10	19	18
61	0.0060	13	3	2
62	0.0061	-6	5	-4
63	0.0062	24	41	32
64	0.0063	6	22	23
65	0.0064	2	14	16
66	0.0065	7	7	11
67	0.0066	-8	10	2
68	0.0067	16	40	31
69	0.0068	0	14	18
70	0.0069	11	19	16
71	0.0070	16	16	14
72	0.0071	7	13	11
73	0.0072	22	28	32
74	0.0073	-6	-4	26
75	0.0074	7	23	16
76	0.0075	13	26	18
77	0.0076	10	13	10
78	0.0077	20	16	27
79	0.0078	1	-2	18
80	0.0079	15	27	16
81	0.0080	10	30	13
82	0.0081	10	13	6
83	0.0082	6	16	19
84	0.0083	0	7	28
85	0.0084	9	37	20
86	0.0085	19	33	13
87	0.0086	11	16	1
88	0.0087	9	10	22
89	0.0088	3	13	23
90	0.0089	13	37	24
91	0.0090	14	30	11
92	0.0091	7	6	7
93	0.0092	13	7	18
94	0.0093	-2	6	18
95	0.0094	10	31	19
96	0.0095	14	24	18
97	0.0096	3	1	5
98	0.0097	13	11	23
99	0.0098	5	13	16
100	0.0099	11	22	26

电流增量数据 [1000Hz, 10点]
采样序号	时间(s)	A相电流(INT)	B相电流(INT)	C相电流(INT)
1	0.000	-14	-620	-13
2	0.001	-6	41	-10
3	0.002	-7	-1040	-28
4	0.003	29	594	1
5	0.004	0	855	3
6	0.005	-19	829	-37
7	0.006	-19	60	-29
8	0.007	-5	-1862	2
9	0.008	19	-975	11
10	0.009	-16	-2863	-22
================================================================================

=== 采集时间: 2025-12-05 15:11:38 (增量周期: 10.0ms) ===
振动增量数据 [等效10000Hz, 100点]
时序序号	时间(s)	X振动(INT)	Y振动(INT)	Z振动(INT)
1	0.0000	30	32	28
2	0.0001	6	7	11
3	0.0002	13	16	27
4	0.0003	-3	6	22
5	0.0004	15	30	27
6	0.0005	16	24	16
7	0.0006	13	6	14
8	0.0007	19	18	32
9	0.0008	18	24	35
10	0.0009	19	32	26
11	0.0010	14	24	15
12	0.0011	-3	13	5
13	0.0012	9	33	31
14	0.0013	9	26	31
15	0.0014	23	33	27
16	0.0015	22	18	16
17	0.0016	13	16	3
18	0.0017	14	26	27
19	0.0018	3	15	14
20	0.0019	7	13	16
21	0.0020	15	9	13
22	0.0021	13	13	3
23	0.0022	15	31	32
24	0.0023	9	11	24
25	0.0024	5	5	2
26	0.0025	20	18	10
27	0.0026	9	18	5
28	0.0027	18	24	33
29	0.0028	-3	9	24
30	0.0029	2	9	15
31	0.0030	16	31	10
32	0.0031	15	24	14
33	0.0032	14	19	32
34	0.0033	2	9	23
35	0.0034	2	15	14
36	0.0035	15	27	11
37	0.0036	14	24	9
38	0.0037	13	16	28
39	0.0038	-6	5	22
40	0.0039	5	22	19
41	0.0040	26	26	16
42	0.0041	7	11	9
43	0.0042	10	14	30
44	0.0043	-4	7	24
45	0.0044	9	16	18
46	0.0045	23	23	14
47	0.0046	7	6	6
48	0.0047	10	15	26
49	0.0048	0	13	19
50	0.0049	3	22	16
51	0.0050	16	20	14
52	0.0051	3	6	-2
53	0.0052	11	15	31
54	0.0053	-3	13	20
55	0.0054	11	15	11
56	0.0055	20	15	13
57	0.0056	15	16	14
58	0.0057	18	30	33
59	0.0058	5	18	19
60	0.0059	5	13	7
61	0.0060	9	16	14
62	0.0061	1	14	15
63	0.0062	15	26	33
64	0.0063	10	19	19
65	0.0064	7	10	11
66	0.0065	15	15	5
67	0.0066	-3	16	7
68	0.0067	10	26	30
69	0.0068	-7	10	23
70	0.0069	1	9	10
71	0.0070	9	13	6
72	0.0071	15	14	6
73	0.0072	16	23	27
74	0.0073	5	11	20
75	0.0074	5	9	9
76	0.0075	10	9	7
77	0.0076	9	15	7
78	0.0077	15	27	33
79	0.0078	3	9	26
80	0.0079	6	9	16
81	0.0080	20	26	13
82	0.0081	6	16	9
83	0.0082	14	24	36
84	0.0083	0	16	27
85	0.0084	3	13	18
86	0.0085	20	23	14
87	0.0086	7	10	15
88	0.0087	16	23	32
89	0.0088	2	13	19
90	0.0089	1	6	5
91	0.0090	9	10	3
92	0.0091	2	1	5
93	0.0092	9	19	31
94	0.0093	-6	5	20
95	0.0094	5	9	9
96	0.0095	15	6	-6
97	0.0096	11	-6	-6
98	0.0097	11	16	28
99	0.0098	-6	11	24
100	0.0099	-3	23	11

电流增量数据 [1000Hz, 10点]
采样序号	时间(s)	A相电流(INT)	B相电流(INT)	C相电流(INT)
1	0.000	31	-576	-20
2	0.001	20	60	-14
3	0.002	11	911	3
4	0.003	-3	936	-17
5	0.004	9	1501	-11
6	0.005	19	-2684	-21
7	0.006	21	91	-20
8	0.007	2	-1679	-24
9	0.008	-44	419	-15
10	0.009	30	-283	-6
================================================================================

=== 采集时间: 2025-12-05 15:11:39 (增量周期: 10.0ms) ===
振动增量数据 [等效10000Hz, 100点]
时序序号	时间(s)	X振动(INT)	Y振动(INT)	Z振动(INT)
1	0.0000	22	33	14
2	0.0001	-3	-2	9
3	0.0002	9	10	28
4	0.0003	0	24	20
5	0.0004	5	14	13
6	0.0005	19	24	10
7	0.0006	2	-12	5
8	0.0007	7	9	24
9	0.0008	-2	23	20
10	0.0009	1	26	20
11	0.0010	19	37	15
12	0.0011	3	-11	3
13	0.0012	11	11	28
14	0.0013	3	15	24
15	0.0014	5	26	15
16	0.0015	18	33	11
17	0.0016	3	1	10
18	0.0017	13	19	35
19	0.0018	5	28	28
20	0.0019	9	32	16
21	0.0020	15	24	10
22	0.0021	9	1	6
23	0.0022	15	16	24
24	0.0023	15	19	27
25	0.0024	6	18	15
26	0.0025	16	24	11
27	0.0026	-2	3	0
28	0.0027	6	18	28
29	0.0028	2	15	19
30	0.0029	9	13	11
31	0.0030	22	26	11
32	0.0031	10	6	14
33	0.0032	15	26	40
34	0.0033	2	16	23
35	0.0034	-2	18	11
36	0.0035	10	22	13
37	0.0036	2	10	11
38	0.0037	18	30	39
39	0.0038	10	23	32
40	0.0039	6	19	9
41	0.0040	13	24	9
42	0.0041	-2	-2	1
43	0.0042	11	7	31
44	0.0043	-3	20	33
45	0.0044	7	20	23
46	0.0045	11	16	7
47	0.0046	13	1	-2
48	0.0047	7	6	26
49	0.0048	7	6	23
50	0.0049	16	23	18
51	0.0050	18	40	20
52	0.0051	10	23	18
53	0.0052	16	20	33
54	0.0053	3	7	22
55	0.0054	3	14	16
56	0.0055	14	31	6
57	0.0056	5	2	7
58	0.0057	5	16	32
59	0.0058	-6	6	19
60	0.0059	6	19	14
61	0.0060	18	22	16
62	0.0061	5	-11	1
63	0.0062	13	14	23
64	0.0063	1	6	23
65	0.0064	3	18	13
66	0.0065	13	31	11
67	0.0066	-4	-7	7
68	0.0067	5	16	26
69	0.0068	1	15	27
70	0.0069	14	31	18
71	0.0070	28	32	18
72	0.0071	7	5	9
73	0.0072	22	24	36
74	0.0073	2	23	31
75	0.0074	11	33	22
76	0.0075	20	31	18
77	0.0076	3	-3	3
78	0.0077	18	26	33
79	0.0078	10	23	26
80	0.0079	18	27	23
81	0.0080	24	27	15
82	0.0081	5	-2	7
83	0.0082	10	19	26
84	0.0083	3	19	35
85	0.0084	10	31	27
86	0.0085	18	26	16
87	0.0086	10	2	6
88	0.0087	15	18	31
89	0.0088	5	23	33
90	0.0089	13	31	24
91	0.0090	14	37	19
92	0.0091	3	6	10
93	0.0092	11	26	31
94	0.0093	10	19	24
95	0.0094	10	20	19
96	0.0095	28	37	15
97	0.0096	10	14	6
98	0.0097	10	20	26
99	0.0098	2	15	16
100	0.0099	7	14	18

电流增量数据 [1000Hz, 10点]
采样序号	时间(s)	A相电流(INT)	B相电流(INT)	C相电流(INT)
1	0.000	2	-331	-19
2	0.001	58	-384	-4
3	0.002	6	-614	-28
4	0.003	-17	2961	-10
5	0.004	3	515	-17
6	0.005	5	1007	4
7	0.006	5	468	-14
8	0.007	-15	704	-28
9	0.008	13	-428	-34
10	0.009	-3	-867	-17
================================================================================

=== 采集时间: 2025-12-05 15:11:39 (增量周期: 10.0ms) ===
振动增量数据 [等效10000Hz, 100点]
时序序号	时间(s)	X振动(INT)	Y振动(INT)	Z振动(INT)
1	0.0000	16	24	16
2	0.0001	9	10	15
3	0.0002	11	14	26
4	0.0003	-2	0	13
5	0.0004	-3	9	3
6	0.0005	16	19	9
7	0.0006	-2	7	3
8	0.0007	5	5	22
9	0.0008	6	11	26
10	0.0009	10	19	20
11	0.0010	19	31	16
12	0.0011	5	6	2
13	0.0012	-4	9	13
14	0.0013	-7	11	16
15	0.0014	7	32	14
16	0.0015	15	30	19
17	0.0016	1	-3	6
18	0.0017	5	10	24
19	0.0018	0	16	15
20	0.0019	6	26	10
21	0.0020	10	15	3
22	0.0021	-2	-12	0
23	0.0022	2	9	28
24	0.0023	-2	23	30
25	0.0024	2	16	10
26	0.0025	13	7	2
27	0.0026	1	-10	-4
28	0.0027	7	11	32
29	0.0028	-2	18	23
30	0.0029	2	23	14
31	0.0030	7	15	14
32	0.0031	6	6	2
33	0.0032	10	22	26
34	0.0033	1	18	24
35	0.0034	7	20	19
36	0.0035	14	23	18
37	0.0036	11	15	6
38	0.0037	11	24	28
39	0.0038	0	13	27
40	0.0039	2	19	15
41	0.0040	19	31	23
42	0.0041	13	11	13
43	0.0042	9	2	18
44	0.0043	3	13	19
45	0.0044	2	19	19
46	0.0045	24	28	16
47	0.0046	14	9	7
48	0.0047	5	0	22
49	0.0048	-4	6	18
50	0.0049	1	22	18
51	0.0050	23	35	19
52	0.0051	10	7	7
53	0.0052	2	9	27
54	0.0053	-4	15	18
55	0.0054	0	30	15
56	0.0055	18	40	24
57	0.0056	7	6	10
58	0.0057	18	18	27
59	0.0058	9	23	22
60	0.0059	9	23	18
61	0.0060	15	32	13
62	0.0061	2	9	5
63	0.0062	3	7	24
64	0.0063	-2	11	18
65	0.0064	5	16	5
66	0.0065	19	33	11
67	0.0066	6	5	13
68	0.0067	10	18	31
69	0.0068	9	23	19
70	0.0069	2	19	15
71	0.0070	13	26	9
72	0.0071	0	6	6
73	0.0072	6	11	33
74	0.0073	13	16	22
75	0.0074	20	18	16
76	0.0075	16	16	9
77	0.0076	9	2	7
78	0.0077	5	15	27
79	0.0078	9	23	26
80	0.0079	9	14	14
81	0.0080	18	19	14
82	0.0081	6	3	9
83	0.0082	15	27	28
84	0.0083	14	26	26
85	0.0084	6	16	10
86	0.0085	13	16	6
87	0.0086	0	14	7
88	0.0087	13	30	36
89	0.0088	9	27	27
90	0.0089	10	15	11
91	0.0090	22	19	5
92	0.0091	6	5	6
93	0.0092	20	26	33
94	0.0093	5	20	28
95	0.0094	5	14	16
96	0.0095	15	26	18
97	0.0096	11	6	2
98	0.0097	20	19	35
99	0.0098	9	10	23
100	0.0099	15	11	15

电流增量数据 [1000Hz, 10点]
采样序号	时间(s)	A相电流(INT)	B相电流(INT)	C相电流(INT)
1	0.000	28	429	-14
2	0.001	-31	1719	-4
3	0.002	24	-256	-14
4	0.003	40	-339	-5
5	0.004	59	-121	3
6	0.005	22	1767	3
7	0.006	50	1530	-5
8	0.007	-40	908	-7
9	0.008	-7	2225	-5
10	0.009	-14	252	-20
================================================================================

=== 采集时间: 2025-12-05 15:11:40 (增量周期: 10.0ms) ===
振动增量数据 [等效10000Hz, 100点]
时序序号	时间(s)	X振动(INT)	Y振动(INT)	Z振动(INT)
1	0.0000	14	19	15
2	0.0001	6	11	16
3	0.0002	18	30	33
4	0.0003	5	11	13
5	0.0004	7	13	1
6	0.0005	9	22	14
7	0.0006	0	18	20
8	0.0007	13	30	36
9	0.0008	9	14	19
10	0.0009	10	11	9
11	0.0010	18	26	27
12	0.0011	1	14	19
13	0.0012	6	22	28
14	0.0013	5	9	13
15	0.0014	-3	3	6
16	0.0015	11	19	27
17	0.0016	3	13	23
18	0.0017	11	19	27
19	0.0018	13	9	14
20	0.0019	2	14	9
21	0.0020	16	28	16
22	0.0021	-2	18	14
23	0.0022	9	18	33
24	0.0023	7	16	14
25	0.0024	15	20	5
26	0.0025	19	33	18
27	0.0026	3	14	16
28	0.0027	14	23	24
29	0.0028	6	11	16
30	0.0029	7	13	9
31	0.0030	14	30	20
32	0.0031	6	14	16
33	0.0032	15	15	23
34	0.0033	9	14	19
35	0.0034	9	11	9
36	0.0035	16	23	20
37	0.0036	7	15	18
38	0.0037	13	11	31
39	0.0038	2	9	16
40	0.0039	6	9	9
41	0.0040	14	19	11
42	0.0041	3	1	16
43	0.0042	15	13	27
44	0.0043	10	19	22
45	0.0044	9	26	16
46	0.0045	18	23	22
47	0.0046	1	10	11
48	0.0047	11	24	32
49	0.0048	5	18	22
50	0.0049	14	32	24
51	0.0050	18	26	20
52	0.0051	9	18	16
53	0.0052	20	20	36
54	0.0053	11	19	30
55	0.0054	7	27	14
56	0.0055	20	28	18
57	0.0056	9	16	13
58	0.0057	15	22	31
59	0.0058	5	22	27
60	0.0059	7	30	15
61	0.0060	18	30	19
62	0.0061	2	9	15
63	0.0062	7	13	26
64	0.0063	3	13	23
65	0.0064	16	22	16
66	0.0065	23	22	19
67	0.0066	9	3	18
68	0.0067	11	19	36
69	0.0068	0	16	18
70	0.0069	5	18	10
71	0.0070	15	16	18
72	0.0071	6	5	11
73	0.0072	18	26	32
74	0.0073	10	16	23
75	0.0074	15	23	9
76	0.0075	14	20	14
77	0.0076	3	9	14
78	0.0077	5	20	30
79	0.0078	6	19	26
80	0.0079	9	30	10
81	0.0080	26	30	18
82	0.0081	13	13	9
83	0.0082	19	13	28
84	0.0083	9	14	20
85	0.0084	10	36	23
86	0.0085	19	35	24
87	0.0086	2	1	10
88	0.0087	10	6	18
89	0.0088	3	-2	14
90	0.0089	11	27	18
91	0.0090	20	24	27
92	0.0091	2	3	10
93	0.0092	10	10	19
94	0.0093	-7	6	15
95	0.0094	3	23	10
96	0.0095	15	24	11
97	0.0096	-2	5	7
98	0.0097	11	11	27
99	0.0098	-7	16	20
100	0.0099	9	27	13

电流增量数据 [1000Hz, 10点]
采样序号	时间(s)	A相电流(INT)	B相电流(INT)	C相电流(INT)
1	0.000	-12	328	-11
2	0.001	-3	2928	-30
3	0.002	13	282	-16
4	0.003	5	2700	-17
5	0.004	10	-227	-23
6	0.005	21	104	-11
7	0.006	-5	-770	-25
8	0.007	19	1018	-2
9	0.008	-37	714	-14
10	0.009	1	930	-10
================================================================================

=== 采集时间: 2025-12-05 15:11:40 (增量周期: 10.0ms) ===
振动增量数据 [等效10000Hz, 100点]
时序序号	时间(s)	X振动(INT)	Y振动(INT)	Z振动(INT)
1	0.0000	11	24	20
2	0.0001	7	9	14
3	0.0002	9	20	30
4	0.0003	7	19	19
5	0.0004	6	15	10
6	0.0005	16	22	18
7	0.0006	5	0	14
8	0.0007	6	18	24
9	0.0008	10	16	15
10	0.0009	11	27	7
11	0.0010	26	31	32
12	0.0011	9	16	19
13	0.0012	9	19	32
14	0.0013	6	20	15
15	0.0014	10	24	7
16	0.0015	15	33	26
17	0.0016	10	15	24
18	0.0017	18	19	35
19	0.0018	9	23	23
20	0.0019	2	22	14
21	0.0020	9	30	18
22	0.0021	1	10	16
23	0.0022	7	14	32
24	0.0023	13	16	28
25	0.0024	11	20	13
26	0.0025	18	28	16
27	0.0026	3	6	19
28	0.0027	9	16	27
29	0.0028	5	19	19
30	0.0029	-3	11	13
31	0.0030	13	27	23
32	0.0031	6	11	18
33	0.0032	22	24	31
34	0.0033	10	16	18
35	0.0034	5	18	7
36	0.0035	18	33	20
37	0.0036	0	10	23
38	0.0037	9	28	40
39	0.0038	5	31	22
40	0.0039	7	22	7
41	0.0040	23	30	22
42	0.0041	6	6	23
43	0.0042	9	22	32
44	0.0043	2	23	24
45	0.0044	5	23	11
46	0.0045	15	19	14
47	0.0046	6	0	7
48	0.0047	6	14	31
49	0.0048	0	13	22
50	0.0049	7	18	2
51	0.0050	19	19	11
52	0.0051	0	0	14
53	0.0052	-2	18	24
54	0.0053	2	19	16
55	0.0054	7	23	7
56	0.0055	15	16	14
57	0.0056	5	9	16
58	0.0057	10	27	31
59	0.0058	9	28	20
60	0.0059	14	27	13
61	0.0060	15	7	3
62	0.0061	-2	6	16
63	0.0062	-2	13	27
64	0.0063	6	23	16
65	0.0064	2	18	7
66	0.0065	15	16	15
67	0.0066	2	9	11
68	0.0067	7	22	31
69	0.0068	2	19	16
70	0.0069	-2	16	5
71	0.0070	13	22	18
72	0.0071	3	6	11
73	0.0072	7	18	35
74	0.0073	10	18	23
75	0.0074	9	22	14
76	0.0075	18	23	16
77	0.0076	5	6	14
78	0.0077	7	11	30
79	0.0078	2	9	27
80	0.0079	5	19	16
81	0.0080	19	27	24
82	0.0081	6	6	11
83	0.0082	9	10	27
84	0.0083	2	19	22
85	0.0084	2	19	16
86	0.0085	14	27	14
87	0.0086	3	1	15
88	0.0087	2	13	20
89	0.0088	9	24	22
90	0.0089	7	27	11
91	0.0090	11	22	11
92	0.0091	2	3	9
93	0.0092	-2	5	22
94	0.0093	2	19	23
95	0.0094	5	26	13
96	0.0095	16	30	19
97	0.0096	10	-2	11
98	0.0097	6	2	23
99	0.0098	3	23	23
100	0.0099	6	26	13

电流增量数据 [1000Hz, 10点]
采样序号	时间(s)	A相电流(INT)	B相电流(INT)	C相电流(INT)
1	0.000	27	186	-31
2	0.001	30	745	-23
3	0.002	-10	-217	-17
4	0.003	5	31	2
5	0.004	-19	1267	-7
6	0.005	2	1131	-6
7	0.006	0	1870	-17
8	0.007	21	-2462	-29
9	0.008	12	214	-8
10	0.009	12	-1109	-16
================================================================================

=== 采集时间: 2025-12-05 15:11:40 (增量周期: 10.0ms) ===
振动增量数据 [等效10000Hz, 100点]
时序序号	时间(s)	X振动(INT)	Y振动(INT)	Z振动(INT)
1	0.0000	11	22	15
2	0.0001	0	1	13
3	0.0002	13	14	28
4	0.0003	13	16	20
5	0.0004	11	14	5
6	0.0005	20	35	16
7	0.0006	-4	11	18
8	0.0007	2	16	30
9	0.0008	5	15	14
10	0.0009	7	18	3
11	0.0010	20	30	23
12	0.0011	3	10	19
13	0.0012	5	7	24
14	0.0013	6	16	10
15	0.0014	-4	14	0
16	0.0015	11	31	11
17	0.0016	-6	-3	11
18	0.0017	0	-3	27
19	0.0018	3	3	16
20	0.0019	13	9	0
21	0.0020	15	26	10
22	0.0021	-11	-4	7
23	0.0022	-3	3	20
24	0.0023	5	13	10
25	0.0024	10	18	10
26	0.0025	15	26	26
27	0.0026	-2	2	13
28	0.0027	5	16	18
29	0.0028	9	22	14
30	0.0029	13	22	10
31	0.0030	10	24	14
32	0.0031	-12	6	16
33	0.0032	2	14	28
34	0.0033	7	16	18
35	0.0034	11	13	5
36	0.0035	16	19	18
37	0.0036	-4	-7	6
38	0.0037	2	13	19
39	0.0038	-2	13	16
40	0.0039	1	7	6
41	0.0040	9	14	19
42	0.0041	-2	-3	9
43	0.0042	7	13	23
44	0.0043	10	19	16
45	0.0044	7	15	6
46	0.0045	18	19	19
47	0.0046	1	7	13
48	0.0047	7	28	28
49	0.0048	-2	22	16
50	0.0049	7	22	6
51	0.0050	16	18	16
52	0.0051	10	9	23
53	0.0052	10	22	33
54	0.0053	9	10	13
55	0.0054	11	6	-7
56	0.0055	7	16	10
57	0.0056	3	14	16
58	0.0057	1	20	33
59	0.0058	3	15	16
60	0.0059	5	9	2
61	0.0060	10	24	9
62	0.0061	13	22	18
63	0.0062	2	15	31
64	0.0063	10	23	20
65	0.0064	7	7	2
66	0.0065	11	26	15
67	0.0066	2	18	19
68	0.0067	-3	19	36
69	0.0068	10	22	22
70	0.0069	2	14	3
71	0.0070	23	19	20
72	0.0071	3	6	19
73	0.0072	9	14	33
74	0.0073	5	19	18
75	0.0074	-3	10	0
76	0.0075	20	19	14
77	0.0076	1	9	14
78	0.0077	6	13	35
79	0.0078	7	31	19
80	0.0079	5	9	-2
81	0.0080	7	22	13
82	0.0081	-6	7	10
83	0.0082	2	22	28
84	0.0083	9	23	15
85	0.0084	11	13	5
86	0.0085	14	20	20
87	0.0086	2	13	16
88	0.0087	-2	23	23
89	0.0088	2	16	14
90	0.0089	6	9	7
91	0.0090	13	19	16
92	0.0091	10	10	22
93	0.0092	10	18	30
94	0.0093	5	13	10
95	0.0094	6	10	1
96	0.0095	3	16	14
97	0.0096	3	11	23
98	0.0097	1	23	32
99	0.0098	10	16	22
100	0.0099	13	14	5

电流增量数据 [1000Hz, 10点]
采样序号	时间(s)	A相电流(INT)	B相电流(INT)	C相电流(INT)
1	0.000	1	-815	-11
2	0.001	29	93	-2
3	0.002	-5	1074	15
4	0.003	-11	1735	-14
5	0.004	-23	79	-14
6	0.005	-2	-361	-10
7	0.006	39	-260	-5
8	0.007	7	3054	3
9	0.008	23	633	-26
10	0.009	5	999	6
================================================================================

=== 采集时间: 2025-12-05 15:11:41 (增量周期: 10.0ms) ===
振动增量数据 [等效10000Hz, 100点]
时序序号	时间(s)	X振动(INT)	Y振动(INT)	Z振动(INT)
1	0.0000	20	13	16
2	0.0001	-4	-7	10
3	0.0002	5	28	30
4	0.0003	2	28	19
5	0.0004	7	7	3
6	0.0005	18	13	18
7	0.0006	-2	-6	15
8	0.0007	7	28	30
9	0.0008	3	18	18
10	0.0009	2	6	-4
11	0.0010	18	13	6
12	0.0011	2	6	19
13	0.0012	6	32	32
14	0.0013	3	18	20
15	0.0014	1	6	-3
16	0.0015	18	11	9
17	0.0016	6	14	19
18	0.0017	13	27	33
19	0.0018	11	23	16
20	0.0019	5	11	7
21	0.0020	16	19	20
22	0.0021	2	14	19
23	0.0022	7	22	33
24	0.0023	7	16	18
25	0.0024	13	6	7
26	0.0025	23	14	15
27	0.0026	9	7	19
28	0.0027	9	23	28
29	0.0028	2	14	16
30	0.0029	1	5	3
31	0.0030	10	22	7
32	0.0031	1	10	10
33	0.0032	9	23	27
34	0.0033	14	19	15
35	0.0034	15	9	-3
36	0.0035	14	19	11
37	0.0036	-6	9	20
38	0.0037	1	30	32
39	0.0038	9	30	15
40	0.0039	9	16	-2
41	0.0040	18	19	13
42	0.0041	10	-3	15
43	0.0042	14	31	39
44	0.0043	20	37	28
45	0.0044	9	24	7
46	0.0045	15	20	19
47	0.0046	2	-7	7
48	0.0047	5	19	40
49	0.0048	32	41	33
50	0.0049	16	19	9
51	0.0050	31	32	31
52	0.0051	6	3	24
53	0.0052	15	26	33
54	0.0053	14	28	24
55	0.0054	9	23	13
56	0.0055	26	19	20
57	0.0056	1	-4	22
58	0.0057	11	20	37
59	0.0058	22	40	30
60	0.0059	15	22	13
61	0.0060	19	5	14
62	0.0061	-2	-11	16
63	0.0062	13	27	30
64	0.0063	15	40	27
65	0.0064	11	18	11
66	0.0065	18	15	19
67	0.0066	-4	-2	15
68	0.0067	11	33	36
69	0.0068	10	35	19
70	0.0069	2	14	7
71	0.0070	13	16	19
72	0.0071	-2	0	23
73	0.0072	15	31	36
74	0.0073	11	26	18
75	0.0074	3	14	9
76	0.0075	10	14	18
77	0.0076	-4	0	15
78	0.0077	10	20	33
79	0.0078	10	19	23
80	0.0079	3	13	5
81	0.0080	16	15	19
82	0.0081	5	7	10
83	0.0082	9	20	33
84	0.0083	11	18	20
85	0.0084	5	14	7
86	0.0085	14	20	22
87	0.0086	3	14	18
88	0.0087	3	16	31
89	0.0088	5	15	16
90	0.0089	9	18	6
91	0.0090	19	31	19
92	0.0091	1	13	20
93	0.0092	-2	19	23
94	0.0093	3	18	18
95	0.0094	11	23	13
96	0.0095	20	33	23
97	0.0096	1	6	24
98	0.0097	1	1	20
99	0.0098	7	10	10
100	0.0099	3	24	9

电流增量数据 [1000Hz, 10点]
采样序号	时间(s)	A相电流(INT)	B相电流(INT)	C相电流(INT)
1	0.000	28	1591	6
2	0.001	10	2478	-3
3	0.002	0	842	-24
4	0.003	14	2653	-24
5	0.004	-19	109	-2
6	0.005	10	222	-8
7	0.006	28	-783	-21
8	0.007	3	1079	-12
9	0.008	-22	967	-25
10	0.009	-19	987	-23
================================================================================

=== 采集时间: 2025-12-05 15:11:41 (增量周期: 10.0ms) ===
振动增量数据 [等效10000Hz, 100点]
时序序号	时间(s)	X振动(INT)	Y振动(INT)	Z振动(INT)
1	0.0000	18	23	28
2	0.0001	10	19	32
3	0.0002	10	28	35
4	0.0003	9	13	16
5	0.0004	13	13	7
6	0.0005	30	30	32
7	0.0006	13	24	27
8	0.0007	9	19	27
9	0.0008	5	22	23
10	0.0009	5	22	13
11	0.0010	16	37	28
12	0.0011	9	19	27
13	0.0012	14	15	31
14	0.0013	13	19	16
15	0.0014	16	13	6
16	0.0015	16	18	23
17	0.0016	0	9	23
18	0.0017	6	19	24
19	0.0018	7	16	16
20	0.0019	6	14	10
21	0.0020	15	22	27
22	0.0021	1	13	22
23	0.0022	13	19	31
24	0.0023	16	23	13
25	0.0024	11	19	5
26	0.0025	7	19	28
27	0.0026	-3	16	23
28	0.0027	6	31	27
29	0.0028	13	27	16
30	0.0029	9	7	1
31	0.0030	14	13	18
32	0.0031	-3	13	28
33	0.0032	19	35	32
34	0.0033	7	23	13
35	0.0034	0	6	-8
36	0.0035	5	-2	10
37	0.0036	-3	5	20
38	0.0037	30	37	32
39	0.0038	19	26	16
40	0.0039	14	13	2
41	0.0040	10	9	10
42	0.0041	-6	6	16
43	0.0042	15	39	33
44	0.0043	6	16	19
45	0.0044	11	19	7
46	0.0045	18	18	19
47	0.0046	1	18	24
48	0.0047	14	32	31
49	0.0048	2	13	10
50	0.0049	9	19	0
51	0.0050	5	13	15
52	0.0051	0	9	20
53	0.0052	13	33	33
54	0.0053	13	22	22
55	0.0054	9	15	3
56	0.0055	13	24	19
57	0.0056	-2	16	19
58	0.0057	7	26	30
59	0.0058	1	15	18
60	0.0059	3	9	6
61	0.0060	14	27	27
62	0.0061	5	13	22
63	0.0062	11	24	28
64	0.0063	11	16	18
65	0.0064	5	15	1
66	0.0065	14	19	24
67	0.0066	-6	6	23
68	0.0067	6	18	30
69	0.0068	14	24	14
70	0.0069	14	9	0
71	0.0070	20	15	19
72	0.0071	-2	9	11
73	0.0072	2	20	24
74	0.0073	1	30	19
75	0.0074	6	18	9
76	0.0075	15	26	20
77	0.0076	2	2	24
78	0.0077	11	20	28
79	0.0078	14	26	16
80	0.0079	10	19	15
81	0.0080	7	19	20
82	0.0081	-2	14	22
83	0.0082	1	19	31
84	0.0083	10	24	23
85	0.0084	20	24	10
86	0.0085	18	18	26
87	0.0086	2	-3	20
88	0.0087	6	11	19
89	0.0088	10	23	15
90	0.0089	9	23	10
91	0.0090	15	26	28
92	0.0091	-6	2	23
93	0.0092	7	10	23
94	0.0093	13	7	10
95	0.0094	9	15	3
96	0.0095	19	22	14
97	0.0096	-2	5	11
98	0.0097	3	10	20
99	0.0098	-3	13	15
100	0.0099	-2	16	-4

电流增量数据 [1000Hz, 10点]
采样序号	时间(s)	A相电流(INT)	B相电流(INT)	C相电流(INT)
1	0.000	-3	581	-15
2	0.001	-2	-414	-32
3	0.002	14	604	9
4	0.003	9	1321	-15
5	0.004	14	1193	-12
6	0.005	-3	787	-28
7	0.006	24	-1987	-13
8	0.007	32	182	-14
9	0.008	5	-2137	-25
10	0.009	-28	777	-23
================================================================================

=== 采集时间: 2025-12-05 15:11:42 (增量周期: 10.0ms) ===
振动增量数据 [等效10000Hz, 100点]
时序序号	时间(s)	X振动(INT)	Y振动(INT)	Z振动(INT)
1	0.0000	14	7	14
2	0.0001	5	13	27
3	0.0002	13	35	36
4	0.0003	13	27	20
5	0.0004	3	0	10
6	0.0005	11	9	20
7	0.0006	2	1	16
8	0.0007	10	28	24
9	0.0008	14	23	13
10	0.0009	9	14	6
11	0.0010	14	14	28
12	0.0011	-10	2	18
13	0.0012	-4	18	24
14	0.0013	1	26	19
15	0.0014	11	24	13
16	0.0015	26	23	24
17	0.0016	2	-4	19
18	0.0017	5	10	22
19	0.0018	5	27	10
20	0.0019	3	23	9
21	0.0020	10	19	28
22	0.0021	-8	-8	15
23	0.0022	6	14	26
24	0.0023	15	27	24
25	0.0024	13	18	15
26	0.0025	11	9	20
27	0.0026	-7	-15	6
28	0.0027	6	14	19
29	0.0028	10	31	26
30	0.0029	14	24	15
31	0.0030	7	15	20
32	0.0031	1	-2	18
33	0.0032	1	18	23
34	0.0033	20	36	18
35	0.0034	5	15	10
36	0.0035	11	13	23
37	0.0036	-2	6	19
38	0.0037	6	27	27
39	0.0038	19	31	13
40	0.0039	5	9	-2
41	0.0040	10	11	15
42	0.0041	-7	-2	13
43	0.0042	3	16	24
44	0.0043	11	16	20
45	0.0044	5	1	-4
46	0.0045	22	16	18
47	0.0046	-2	-2	18
48	0.0047	11	16	26
49	0.0048	18	28	19
50	0.0049	9	11	9
51	0.0050	14	22	24
52	0.0051	0	11	31
53	0.0052	7	24	37
54	0.0053	11	27	23
55	0.0054	14	19	3
56	0.0055	18	18	23
57	0.0056	2	13	22
58	0.0057	6	30	26
59	0.0058	10	19	16
60	0.0059	14	23	3
61	0.0060	9	14	19
62	0.0061	-6	9	20
63	0.0062	6	9	30
64	0.0063	13	15	15
65	0.0064	16	26	13
66	0.0065	15	24	27
67	0.0066	-2	10	23
68	0.0067	2	16	20
69	0.0068	2	23	18
70	0.0069	5	23	11
71	0.0070	20	31	28
72	0.0071	-4	6	16
73	0.0072	9	13	18
74	0.0073	15	20	11
75	0.0074	11	26	6
76	0.0075	11	28	24
77	0.0076	-8	-2	13
78	0.0077	-6	11	22
79	0.0078	9	10	18
80	0.0079	11	15	5
81	0.0080	15	11	15
82	0.0081	-11	-8	3
83	0.0082	-6	9	15
84	0.0083	-2	20	19
85	0.0084	7	20	11
86	0.0085	14	26	31
87	0.0086	-6	2	15
88	0.0087	2	14	20
89	0.0088	15	26	15
90	0.0089	15	20	10
91	0.0090	13	19	27
92	0.0091	-10	3	16
93	0.0092	-6	18	15
94	0.0093	5	23	14
95	0.0094	13	13	10
96	0.0095	19	15	22
97	0.0096	2	6	16
98	0.0097	2	13	11
99	0.0098	-3	15	6
100	0.0099	1	6	-4

电流增量数据 [1000Hz, 10点]
采样序号	时间(s)	A相电流(INT)	B相电流(INT)	C相电流(INT)
1	0.000	18	-342	-11
2	0.001	29	1423	-5
3	0.002	12	1340	10
4	0.003	-25	1866	-2
5	0.004	12	-2430	-11
6	0.005	-6	-80	5
7	0.006	7	-504	-28
8	0.007	10	480	-16
9	0.008	4	245	-19
10	0.009	-20	1243	1
================================================================================

=== 采集时间: 2025-12-05 15:11:42 (增量周期: 10.0ms) ===
振动增量数据 [等效10000Hz, 100点]
时序序号	时间(s)	X振动(INT)	Y振动(INT)	Z振动(INT)
1	0.0000	2	9	20
2	0.0001	0	5	11
3	0.0002	7	23	22
4	0.0003	14	30	15
5	0.0004	9	15	3
6	0.0005	11	10	16
7	0.0006	-6	7	22
8	0.0007	-3	10	26
9	0.0008	3	23	10
10	0.0009	6	18	-3
11	0.0010	3	6	11
12	0.0011	2	1	15
13	0.0012	9	15	18
14	0.0013	11	19	15
15	0.0014	-2	5	-3
16	0.0015	3	7	10
17	0.0016	-11	0	13
18	0.0017	0	13	23
19	0.0018	13	19	16
20	0.0019	6	7	2
21	0.0020	10	11	15
22	0.0021	-12	2	16
23	0.0022	2	23	30
24	0.0023	5	30	14
25	0.0024	7	10	5
26	0.0025	5	10	24
27	0.0026	-3	9	19
28	0.0027	9	24	23
29	0.0028	11	23	22
30	0.0029	7	19	7
31	0.0030	6	23	16
32	0.0031	-8	-3	13
33	0.0032	-4	7	19
34	0.0033	7	13	15
35	0.0034	13	18	-3
36	0.0035	15	16	22
37	0.0036	-2	2	15
38	0.0037	3	9	16
39	0.0038	5	23	14
40	0.0039	1	19	9
41	0.0040	3	10	22
42	0.0041	-4	1	16
43	0.0042	10	13	19
44	0.0043	15	23	18
45	0.0044	16	23	15
46	0.0045	14	19	18
47	0.0046	-6	5	13
48	0.0047	-3	20	27
49	0.0048	9	28	24
50	0.0049	11	24	16
51	0.0050	18	22	30
52	0.0051	-2	3	19
53	0.0052	10	20	23
54	0.0053	9	19	16
55	0.0054	10	13	7
56	0.0055	11	16	28
57	0.0056	-6	10	22
58	0.0057	1	22	22
59	0.0058	11	13	9
60	0.0059	13	5	0
61	0.0060	11	15	19
62	0.0061	-7	1	20
63	0.0062	5	24	27
64	0.0063	10	32	20
65	0.0064	3	14	7
66	0.0065	11	10	19
67	0.0066	-2	5	19
68	0.0067	5	14	23
69	0.0068	13	19	14
70	0.0069	9	14	7
71	0.0070	14	9	22
72	0.0071	-6	6	22
73	0.0072	-2	13	26
74	0.0073	5	20	6
75	0.0074	14	22	9
76	0.0075	11	13	27
77	0.0076	9	3	20
78	0.0077	7	15	22
79	0.0078	9	28	24
80	0.0079	3	19	10
81	0.0080	7	16	20
82	0.0081	-6	14	16
83	0.0082	6	13	22
84	0.0083	19	15	23
85	0.0084	19	19	14
86	0.0085	19	19	26
87	0.0086	-10	9	9
88	0.0087	0	3	13
89	0.0088	-2	7	6
90	0.0089	18	16	16
91	0.0090	16	27	33
92	0.0091	2	13	27
93	0.0092	14	16	18
94	0.0093	10	13	15
95	0.0094	18	24	7
96	0.0095	16	24	31
97	0.0096	-3	16	23
98	0.0097	15	24	30
99	0.0098	11	31	23
100	0.0099	27	31	15

电流增量数据 [1000Hz, 10点]
采样序号	时间(s)	A相电流(INT)	B相电流(INT)	C相电流(INT)
1	0.000	16	926	-15
2	0.001	-5	2105	-14
3	0.002	-5	88	-25
4	0.003	24	-489	-13
5	0.004	18	150	2
6	0.005	5	2649	-2
7	0.006	-32	1382	-17
8	0.007	25	1301	3
9	0.008	-4	1966	-33
10	0.009	11	773	-5
================================================================================

=== 采集时间: 2025-12-05 15:11:42 (增量周期: 10.0ms) ===
振动增量数据 [等效10000Hz, 100点]
时序序号	时间(s)	X振动(INT)	Y振动(INT)	Z振动(INT)
1	0.0000	3	16	18
2	0.0001	-3	13	19
3	0.0002	10	18	18
4	0.0003	19	16	1
5	0.0004	9	0	0
6	0.0005	0	13	27
7	0.0006	-11	23	20
8	0.0007	-3	20	6
9	0.0008	13	14	-3
10	0.0009	-2	-15	-10
11	0.0010	20	16	33
12	0.0011	5	24	31
13	0.0012	10	22	19
14	0.0013	9	15	0
15	0.0014	-7	-8	-10
16	0.0015	5	14	22
17	0.0016	1	18	28
18	0.0017	10	19	31
19	0.0018	11	15	16
20	0.0019	6	-3	1
21	0.0020	14	14	24
22	0.0021	7	19	19
23	0.0022	2	22	23
24	0.0023	6	14	11
25	0.0024	1	9	-3
26	0.0025	11	32	32
27	0.0026	11	24	27
28	0.0027	15	19	19
29	0.0028	14	23	9
30	0.0029	6	7	-6
31	0.0030	7	27	27
32	0.0031	0	18	31
33	0.0032	5	6	19
34	0.0033	13	19	11
35	0.0034	5	14	3
36	0.0035	9	22	24
37	0.0036	7	11	24
38	0.0037	0	-8	15
39	0.0038	13	11	16
40	0.0039	-4	13	6
41	0.0040	10	18	24
42	0.0041	1	2	20
43	0.0042	3	-2	20
44	0.0043	15	30	19
45	0.0044	2	19	9
46	0.0045	13	22	28
47	0.0046	-2	3	16
48	0.0047	6	10	23
49	0.0048	19	33	22
50	0.0049	7	19	6
51	0.0050	11	19	23
52	0.0051	0	6	15
53	0.0052	5	11	20
54	0.0053	14	24	13
55	0.0054	10	14	6
56	0.0055	3	11	20
57	0.0056	-6	-7	11
58	0.0057	5	7	11
59	0.0058	15	14	11
60	0.0059	6	3	6
61	0.0060	14	22	28
62	0.0061	3	26	27
63	0.0062	11	28	23
64	0.0063	19	22	11
65	0.0064	0	-2	7
66	0.0065	13	9	28
67	0.0066	5	9	20
68	0.0067	9	14	18
69	0.0068	15	19	10
70	0.0069	-2	5	2
71	0.0070	9	16	27
72	0.0071	-6	7	16
73	0.0072	0	19	22
74	0.0073	13	19	11
75	0.0074	2	2	2
76	0.0075	23	36	32
77	0.0076	-2	14	27
78	0.0077	3	16	16
79	0.0078	2	7	6
80	0.0079	-4	13	0
81	0.0080	13	33	32
82	0.0081	10	13	31
83	0.0082	19	13	16
84	0.0083	22	10	7
85	0.0084	5	9	6
86	0.0085	19	35	33
87	0.0086	-4	5	20
88	0.0087	7	13	27
89	0.0088	20	18	23
90	0.0089	15	19	23
91	0.0090	24	33	31
92	0.0091	1	2	13
93	0.0092	13	14	18
94	0.0093	14	19	19
95	0.0094	15	27	11
96	0.0095	18	32	40
97	0.0096	-8	6	24
98	0.0097	13	16	18
99	0.0098	15	27	15
100	0.0099	20	26	13

电流增量数据 [1000Hz, 10点]
采样序号	时间(s)	A相电流(INT)	B相电流(INT)	C相电流(INT)
1	0.000	66	1823	3
2	0.001	-14	1	-23
3	0.002	25	-213	-8
4	0.003	5	282	2
5	0.004	-17	1245	1
6	0.005	32	3027	-16
7	0.006	18	855	-3
8	0.007	-44	3003	6
9	0.008	11	257	-2
10	0.009	6	625	-20
================================================================================

=== 采集时间: 2025-12-05 15:11:43 (增量周期: 10.0ms) ===
振动增量数据 [等效10000Hz, 100点]
时序序号	时间(s)	X振动(INT)	Y振动(INT)	Z振动(INT)
1	0.0000	13	19	30
2	0.0001	5	22	26
3	0.0002	11	16	19
4	0.0003	18	22	13
5	0.0004	2	2	6
6	0.0005	5	19	31
7	0.0006	1	24	20
8	0.0007	3	19	18
9	0.0008	13	15	10
10	0.0009	5	1	-6
11	0.0010	5	14	23
12	0.0011	-2	30	26
13	0.0012	2	24	16
14	0.0013	6	10	7
15	0.0014	1	-6	0
16	0.0015	9	11	26
17	0.0016	7	19	26
18	0.0017	15	18	10
19	0.0018	9	11	6
20	0.0019	-3	-2	2
21	0.0020	0	15	24
22	0.0021	-10	15	16
23	0.0022	2	3	11
24	0.0023	3	6	7
25	0.0024	15	15	9
26	0.0025	13	18	23
27	0.0026	0	3	15
28	0.0027	-3	6	5
29	0.0028	-6	18	7
30	0.0029	0	23	6
31	0.0030	10	16	28
32	0.0031	1	2	20
33	0.0032	10	9	11
34	0.0033	18	20	6
35	0.0034	7	20	2
36	0.0035	7	15	28
37	0.0036	-6	-2	13
38	0.0037	0	11	15
39	0.0038	10	22	14
40	0.0039	9	15	7
41	0.0040	15	15	27
42	0.0041	3	-7	16
43	0.0042	9	10	6
44	0.0043	18	23	14
45	0.0044	2	19	9
46	0.0045	11	16	33
47	0.0046	-3	5	19
48	0.0047	10	11	13
49	0.0048	15	23	6
50	0.0049	10	19	6
51	0.0050	19	16	28
52	0.0051	-2	9	27
53	0.0052	9	18	19
54	0.0053	9	9	2
55	0.0054	10	-2	6
56	0.0055	11	16	32
57	0.0056	0	3	27
58	0.0057	5	16	18
59	0.0058	7	10	7
60	0.0059	10	10	6
61	0.0060	11	23	27
62	0.0061	-2	7	22
63	0.0062	2	19	16
64	0.0063	13	30	18
65	0.0064	3	13	2
66	0.0065	20	26	30
67	0.0066	-7	9	26
68	0.0067	0	16	24
69	0.0068	26	32	20
70	0.0069	9	6	1
71	0.0070	6	13	27
72	0.0071	-7	9	20
73	0.0072	-4	11	19
74	0.0073	19	16	13
75	0.0074	16	-2	2
76	0.0075	10	13	27
77	0.0076	6	16	23
78	0.0077	-2	13	18
79	0.0078	11	23	11
80	0.0079	2	-8	-4
81	0.0080	6	19	31
82	0.0081	9	31	33
83	0.0082	11	26	18
84	0.0083	26	27	2
85	0.0084	6	-4	3
86	0.0085	7	22	27
87	0.0086	9	36	31
88	0.0087	3	24	28
89	0.0088	13	13	7
90	0.0089	7	-8	-2
91	0.0090	9	24	24
92	0.0091	14	30	40
93	0.0092	5	18	19
94	0.0093	13	13	9
95	0.0094	-2	-14	0
96	0.0095	10	18	26
97	0.0096	6	32	31
98	0.0097	9	19	19
99	0.0098	18	15	10
100	0.0099	2	-11	2

电流增量数据 [1000Hz, 10点]
采样序号	时间(s)	A相电流(INT)	B相电流(INT)	C相电流(INT)
1	0.000	14	1002	0
2	0.001	32	190	-13
3	0.002	10	1440	14
4	0.003	29	599	-19
5	0.004	5	-192	-19
6	0.005	1	-240	-8
7	0.006	9	12	-15
8	0.007	3	3507	1
9	0.008	5	624	11
10	0.009	11	2808	1
================================================================================

=== 采集时间: 2025-12-05 15:11:43 (增量周期: 10.0ms) ===
振动增量数据 [等效10000Hz, 100点]
时序序号	时间(s)	X振动(INT)	Y振动(INT)	Z振动(INT)
1	0.0000	14	14	27
2	0.0001	-2	1	11
3	0.0002	2	11	11
4	0.0003	9	19	16
5	0.0004	9	13	9
6	0.0005	13	19	30
7	0.0006	-3	3	16
8	0.0007	-2	10	16
9	0.0008	13	27	14
10	0.0009	9	13	7
11	0.0010	16	18	31
12	0.0011	5	7	23
13	0.0012	3	26	20
14	0.0013	16	33	16
15	0.0014	0	19	14
16	0.0015	13	16	24
17	0.0016	3	3	23
18	0.0017	15	27	27
19	0.0018	33	31	22
20	0.0019	11	18	11
21	0.0020	9	13	26
22	0.0021	-11	-2	11
23	0.0022	3	23	19
24	0.0023	19	26	14
25	0.0024	9	5	9
26	0.0025	18	19	28
27	0.0026	0	2	23
28	0.0027	10	23	16
29	0.0028	24	19	10
30	0.0029	-6	-7	-4
31	0.0030	14	22	31
32	0.0031	-8	13	27
33	0.0032	7	33	23
34	0.0033	23	28	16
35	0.0034	7	-3	5
36	0.0035	20	27	23
37	0.0036	-4	9	22
38	0.0037	0	20	14
39	0.0038	10	6	16
40	0.0039	-4	-6	1
41	0.0040	18	30	28
42	0.0041	3	7	23
43	0.0042	11	19	14
44	0.0043	13	10	1
45	0.0044	3	-12	6
46	0.0045	11	18	28
47	0.0046	-3	10	23
48	0.0047	5	24	16
49	0.0048	11	5	10
50	0.0049	6	-4	5
51	0.0050	11	27	30
52	0.0051	1	18	22
53	0.0052	7	20	18
54	0.0053	13	14	11
55	0.0054	10	11	19
56	0.0055	18	27	28
57	0.0056	2	10	26
58	0.0057	2	11	11
59	0.0058	7	16	11
60	0.0059	1	9	11
61	0.0060	11	22	28
62	0.0061	5	15	24
63	0.0062	1	19	16
64	0.0063	9	14	18
65	0.0064	3	14	10
66	0.0065	19	23	31
67	0.0066	5	9	26
68	0.0067	5	15	16
69	0.0068	13	22	11
70	0.0069	0	14	5
71	0.0070	9	23	33
72	0.0071	3	18	26
73	0.0072	10	26	19
74	0.0073	20	20	16
75	0.0074	10	13	7
76	0.0075	23	15	28
77	0.0076	6	11	22
78	0.0077	10	19	24
79	0.0078	15	27	22
80	0.0079	-2	3	10
81	0.0080	13	13	28
82	0.0081	-3	6	23
83	0.0082	19	30	26
84	0.0083	28	33	20
85	0.0084	10	10	16
86	0.0085	6	14	27
87	0.0086	-6	14	24
88	0.0087	2	35	24
89	0.0088	15	32	24
90	0.0089	15	13	19
91	0.0090	20	16	35
92	0.0091	13	13	27
93	0.0092	14	27	18
94	0.0093	15	27	19
95	0.0094	5	6	2
96	0.0095	9	16	31
97	0.0096	6	11	26
98	0.0097	13	22	24
99	0.0098	26	22	13
100	0.0099	5	1	3

电流增量数据 [1000Hz, 10点]
采样序号	时间(s)	A相电流(INT)	B相电流(INT)	C相电流(INT)
1	0.000	2	153	5
2	0.001	15	-370	2
3	0.002	-2	-257	-31
4	0.003	3	3818	-20
5	0.004	6	721	-14
6	0.005	4	1427	-12
7	0.006	36	1026	-29
8	0.007	9	1016	-23
9	0.008	20	139	-13
10	0.009	-8	-102	5
================================================================================

=== 采集时间: 2025-12-05 15:11:43 (增量周期: 10.0ms) ===
振动增量数据 [等效10000Hz, 100点]
时序序号	时间(s)	X振动(INT)	Y振动(INT)	Z振动(INT)
1	0.0000	14	19	32
2	0.0001	-2	18	27
3	0.0002	5	11	15
4	0.0003	11	14	0
5	0.0004	9	10	10
6	0.0005	7	27	32
7	0.0006	1	18	30
8	0.0007	7	11	7
9	0.0008	16	13	6
10	0.0009	10	11	10
11	0.0010	7	30	41
12	0.0011	-2	14	27
13	0.0012	5	13	5
14	0.0013	19	19	5
15	0.0014	1	11	11
16	0.0015	11	22	36
17	0.0016	-2	13	23
18	0.0017	10	16	11
19	0.0018	24	22	11
20	0.0019	13	9	9
21	0.0020	15	11	31
22	0.0021	-6	7	20
23	0.0022	11	23	15
24	0.0023	14	24	13
25	0.0024	3	2	7
26	0.0025	11	13	24
27	0.0026	7	14	26
28	0.0027	18	30	14
29	0.0028	24	27	15
30	0.0029	1	1	2
31	0.0030	9	16	26
32	0.0031	1	28	26
33	0.0032	10	31	22
34	0.0033	15	20	14
35	0.0034	7	0	6
36	0.0035	13	20	28
37	0.0036	5	27	27
38	0.0037	6	20	15
39	0.0038	13	13	7
40	0.0039	0	1	16
41	0.0040	7	19	32
42	0.0041	2	19	23
43	0.0042	3	18	13
44	0.0043	16	7	7
45	0.0044	7	2	9
46	0.0045	15	24	32
47	0.0046	2	18	22
48	0.0047	7	13	14
49	0.0048	15	16	11
50	0.0049	1	14	14
51	0.0050	18	26	32
52	0.0051	5	16	16
53	0.0052	0	13	15
54	0.0053	10	16	13
55	0.0054	3	15	9
56	0.0055	9	24	31
57	0.0056	-6	7	18
58	0.0057	0	9	10
59	0.0058	14	19	13
60	0.0059	3	9	13
61	0.0060	10	11	30
62	0.0061	7	10	19
63	0.0062	2	16	14
64	0.0063	10	26	14
65	0.0064	1	13	6
66	0.0065	14	19	28
67	0.0066	9	11	15
68	0.0067	9	13	6
69	0.0068	9	30	16
70	0.0069	9	23	18
71	0.0070	13	14	19
72	0.0071	0	-3	10
73	0.0072	-7	-4	2
74	0.0073	6	23	10
75	0.0074	6	20	14
76	0.0075	15	7	31
77	0.0076	-2	-2	14
78	0.0077	-3	2	0
79	0.0078	7	24	14
80	0.0079	7	13	7
81	0.0080	14	9	27
82	0.0081	-3	-2	22
83	0.0082	2	9	18
84	0.0083	10	28	7
85	0.0084	11	16	6
86	0.0085	5	13	32
87	0.0086	2	10	22
88	0.0087	9	23	18
89	0.0088	15	33	20
90	0.0089	5	9	14
91	0.0090	5	11	30
92	0.0091	5	11	18
93	0.0092	2	18	10
94	0.0093	22	28	18
95	0.0094	5	3	11
96	0.0095	5	13	33
97	0.0096	2	13	22
98	0.0097	5	15	13
99	0.0098	20	20	7
100	0.0099	1	-2	6

电流增量数据 [1000Hz, 10点]
采样序号	时间(s)	A相电流(INT)	B相电流(INT)	C相电流(INT)
1	0.000	-26	1078	-10
2	0.001	31	-1255	-20
3	0.002	-10	-820	14
4	0.003	19	194	-12
5	0.004	31	-1124	-5
6	0.005	3	855	-16
7	0.006	5	1066	-5
8	0.007	3	2077	-3
9	0.008	54	169	-11
10	0.009	23	-863	2
================================================================================

=== 采集时间: 2025-12-05 15:11:44 (增量周期: 10.0ms) ===
振动增量数据 [等效10000Hz, 100点]
时序序号	时间(s)	X振动(INT)	Y振动(INT)	Z振动(INT)
1	0.0000	10	26	26
2	0.0001	-4	2	10
3	0.0002	2	9	5
4	0.0003	5	9	7
5	0.0004	7	15	11
6	0.0005	15	15	24
7	0.0006	5	-4	7
8	0.0007	1	1	-3
9	0.0008	9	23	13
10	0.0009	-3	15	13
11	0.0010	7	18	28
12	0.0011	0	-2	10
13	0.0012	9	11	10
14	0.0013	19	37	23
15	0.0014	10	19	16
16	0.0015	13	13	24
17	0.0016	0	-2	11
18	0.0017	3	19	11
19	0.0018	18	43	31
20	0.0019	5	22	20
21	0.0020	15	7	35
22	0.0021	0	0	10
23	0.0022	10	14	9
24	0.0023	16	33	18
25	0.0024	7	5	14
26	0.0025	10	13	33
27	0.0026	-2	6	26
28	0.0027	2	14	9
29	0.0028	13	19	15
30	0.0029	5	5	6
31	0.0030	14	15	30
32	0.0031	5	13	20
33	0.0032	6	15	10
34	0.0033	14	22	14
35	0.0034	5	7	19
36	0.0035	3	16	31
37	0.0036	11	20	19
38	0.0037	9	13	9
39	0.0038	18	23	18
40	0.0039	7	10	14
41	0.0040	11	20	30
42	0.0041	0	14	20
43	0.0042	3	19	13
44	0.0043	13	26	18
45	0.0044	5	6	15
46	0.0045	13	18	36
47	0.0046	7	11	28
48	0.0047	3	10	13
49	0.0048	15	18	15
50	0.0049	-2	3	2
51	0.0050	1	14	33
52	0.0051	2	27	20
53	0.0052	10	19	11
54	0.0053	13	24	11
55	0.0054	-4	-4	9
56	0.0055	2	14	35
57	0.0056	15	27	27
58	0.0057	22	20	13
59	0.0058	11	9	13
60	0.0059	0	-3	10
61	0.0060	-3	16	32
62	0.0061	7	27	27
63	0.0062	13	18	11
64	0.0063	7	2	11
65	0.0064	11	6	7
66	0.0065	5	16	31
67	0.0066	15	33	27
68	0.0067	5	5	6
69	0.0068	1	2	2
70	0.0069	5	9	6
71	0.0070	1	23	33
72	0.0071	6	30	28
73	0.0072	9	6	11
74	0.0073	10	19	15
75	0.0074	7	13	16
76	0.0075	2	19	32
77	0.0076	3	16	20
78	0.0077	0	2	13
79	0.0078	15	20	13
80	0.0079	9	19	19
81	0.0080	9	10	33
82	0.0081	5	13	19
83	0.0082	1	1	9
84	0.0083	15	20	16
85	0.0084	6	15	6
86	0.0085	11	16	32
87	0.0086	5	13	23
88	0.0087	13	11	18
89	0.0088	23	33	20
90	0.0089	1	19	13
91	0.0090	7	14	23
92	0.0091	0	16	16
93	0.0092	10	19	22
94	0.0093	32	35	27
95	0.0094	16	20	19
96	0.0095	11	10	27
97	0.0096	1	11	16
98	0.0097	9	19	13
99	0.0098	11	31	24
100	0.0099	7	15	23

电流增量数据 [1000Hz, 10点]
采样序号	时间(s)	A相电流(INT)	B相电流(INT)	C相电流(INT)
1	0.000	11	1852	-19
2	0.001	5	33	-16
3	0.002	27	-175	-23
4	0.003	4	223	1
5	0.004	11	1382	21
6	0.005	11	2688	-16
7	0.006	45	954	-3
8	0.007	1	2992	16
9	0.008	38	280	0
10	0.009	21	410	-21
================================================================================

=== 采集时间: 2025-12-05 15:11:44 (增量周期: 10.0ms) ===
振动增量数据 [等效10000Hz, 100点]
时序序号	时间(s)	X振动(INT)	Y振动(INT)	Z振动(INT)
1	0.0000	2	18	28
2	0.0001	3	19	24
3	0.0002	10	26	23
4	0.0003	16	23	24
5	0.0004	9	3	9
6	0.0005	7	13	30
7	0.0006	3	24	26
8	0.0007	6	18	7
9	0.0008	13	16	13
10	0.0009	5	1	15
11	0.0010	0	14	32
12	0.0011	1	16	20
13	0.0012	5	11	3
14	0.0013	18	13	14
15	0.0014	5	0	10
16	0.0015	9	16	28
17	0.0016	2	15	14
18	0.0017	5	11	6
19	0.0018	10	16	16
20	0.0019	7	15	16
21	0.0020	10	24	28
22	0.0021	5	13	16
23	0.0022	3	7	10
24	0.0023	19	26	15
25	0.0024	5	18	18
26	0.0025	3	22	32
27	0.0026	1	16	22
28	0.0027	2	14	7
29	0.0028	18	24	20
30	0.0029	3	7	16
31	0.0030	14	16	32
32	0.0031	0	9	13
33	0.0032	5	9	7
34	0.0033	5	23	18
35	0.0034	-2	9	16
36	0.0035	5	18	24
37	0.0036	5	14	20
38	0.0037	15	20	6
39	0.0038	30	32	23
40	0.0039	9	11	18
41	0.0040	18	27	33
42	0.0041	7	28	20
43	0.0042	11	28	16
44	0.0043	20	33	23
45	0.0044	2	13	16
46	0.0045	15	18	36
47	0.0046	13	33	28
48	0.0047	19	30	16
49	0.0048	15	20	19
50	0.0049	2	-2	14
51	0.0050	13	16	31
52	0.0051	11	31	31
53	0.0052	24	24	15
54	0.0053	19	7	20
55	0.0054	9	5	23
56	0.0055	10	26	24
57	0.0056	10	30	28
58	0.0057	13	10	6
59	0.0058	18	6	18
60	0.0059	14	19	22
61	0.0060	10	20	33
62	0.0061	2	22	27
63	0.0062	14	30	16
64	0.0063	19	18	23
65	0.0064	3	1	19
66	0.0065	6	13	37
67	0.0066	6	18	22
68	0.0067	11	19	9
69	0.0068	15	11	15
70	0.0069	7	-3	9
71	0.0070	5	14	31
72	0.0071	2	16	31
73	0.0072	3	23	18
74	0.0073	11	16	7
75	0.0074	1	-2	9
76	0.0075	9	19	32
77	0.0076	14	28	27
78	0.0077	16	33	16
79	0.0078	23	18	18
80	0.0079	1	6	6
81	0.0080	5	24	24
82	0.0081	5	27	19
83	0.0082	7	19	15
84	0.0083	15	10	10
85	0.0084	6	6	11
86	0.0085	10	19	27
87	0.0086	3	13	22
88	0.0087	11	11	9
89	0.0088	15	9	7
90	0.0089	5	6	10
91	0.0090	5	16	33
92	0.0091	-2	19	23
93	0.0092	7	7	5
94	0.0093	15	13	10
95	0.0094	9	5	15
96	0.0095	7	24	37
97	0.0096	2	19	32
98	0.0097	13	14	9
99	0.0098	20	19	15
100	0.0099	3	13	16

电流增量数据 [1000Hz, 10点]
采样序号	时间(s)	A相电流(INT)	B相电流(INT)	C相电流(INT)
1	0.000	-10	3592	-20
2	0.001	21	432	2
3	0.002	5	2706	-14
4	0.003	14	160	-23
5	0.004	20	648	2
6	0.005	6	-273	-13
7	0.006	-11	749	4
8	0.007	3	1369	-3
9	0.008	21	1296	5
10	0.009	-19	1559	-26
================================================================================

=== 采集时间: 2025-12-05 15:11:45 (增量周期: 10.0ms) ===
振动增量数据 [等效10000Hz, 100点]
时序序号	时间(s)	X振动(INT)	Y振动(INT)	Z振动(INT)
1	0.0000	5	24	26
2	0.0001	5	14	18
3	0.0002	6	7	10
4	0.0003	15	23	18
5	0.0004	7	15	20
6	0.0005	10	23	35
7	0.0006	9	14	23
8	0.0007	6	9	6
9	0.0008	15	20	18
10	0.0009	5	18	26
11	0.0010	5	19	35
12	0.0011	6	9	18
13	0.0012	1	7	3
14	0.0013	18	16	16
15	0.0014	1	15	16
16	0.0015	10	15	33
17	0.0016	0	13	16
18	0.0017	2	3	1
19	0.0018	15	24	16
20	0.0019	2	19	22
21	0.0020	1	22	33
22	0.0021	3	10	13
23	0.0022	6	13	5
24	0.0023	14	27	19
25	0.0024	6	20	27
26	0.0025	14	26	33
27	0.0026	2	13	16
28	0.0027	7	6	7
29	0.0028	16	23	22
30	0.0029	5	18	23
31	0.0030	11	23	33
32	0.0031	1	5	18
33	0.0032	14	11	7
34	0.0033	16	23	20
35	0.0034	7	15	26
36	0.0035	14	22	37
37	0.0036	7	9	19
38	0.0037	9	11	3
39	0.0038	19	22	20
40	0.0039	9	19	18
41	0.0040	10	24	27
42	0.0041	6	10	13
43	0.0042	2	15	1
44	0.0043	11	24	15
45	0.0044	0	13	10
46	0.0045	14	19	33
47	0.0046	9	18	16
48	0.0047	2	11	6
49	0.0048	3	18	16
50	0.0049	-3	-4	7
51	0.0050	6	22	31
52	0.0051	3	22	13
53	0.0052	2	1	-8
54	0.0053	10	5	10
55	0.0054	2	13	18
56	0.0055	3	32	36
57	0.0056	3	19	20
58	0.0057	2	3	10
59	0.0058	-2	7	7
60	0.0059	3	10	3
61	0.0060	2	19	26
62	0.0061	7	16	19
63	0.0062	5	9	7
64	0.0063	7	11	10
65	0.0064	-6	-3	6
66	0.0065	1	16	22
67	0.0066	2	23	15
68	0.0067	1	3	0
69	0.0068	13	15	7
70	0.0069	0	-2	6
71	0.0070	5	18	32
72	0.0071	11	32	26
73	0.0072	5	11	2
74	0.0073	9	15	9
75	0.0074	1	9	10
76	0.0075	9	30	35
77	0.0076	11	31	27
78	0.0077	5	11	7
79	0.0078	6	6	14
80	0.0079	-3	7	5
81	0.0080	9	30	40
82	0.0081	9	31	28
83	0.0082	10	6	6
84	0.0083	15	14	11
85	0.0084	3	6	13
86	0.0085	6	26	30
87	0.0086	6	19	15
88	0.0087	5	6	5
89	0.0088	9	9	13
90	0.0089	0	13	13
91	0.0090	5	23	28
92	0.0091	1	24	19
93	0.0092	9	10	6
94	0.0093	20	16	10
95	0.0094	2	14	15
96	0.0095	2	24	33
97	0.0096	7	27	19
98	0.0097	13	20	6
99	0.0098	20	24	22
100	0.0099	-2	13	22

电流增量数据 [1000Hz, 10点]
采样序号	时间(s)	A相电流(INT)	B相电流(INT)	C相电流(INT)
1	0.000	7	-2244	-20
2	0.001	-19	-59	12
3	0.002	27	-248	-6
4	0.003	-14	112	22
5	0.004	11	315	4
6	0.005	2	1143	-12
7	0.006	-6	1638	3
8	0.007	6	128	11
9	0.008	-16	-446	11
10	0.009	12	-410	-13
================================================================================

=== 采集时间: 2025-12-05 15:11:45 (增量周期: 10.0ms) ===
振动增量数据 [等效10000Hz, 100点]
时序序号	时间(s)	X振动(INT)	Y振动(INT)	Z振动(INT)
1	0.0000	11	31	37
2	0.0001	10	31	20
3	0.0002	6	14	7
4	0.0003	18	14	19
5	0.0004	1	7	22
6	0.0005	16	26	35
7	0.0006	10	19	23
8	0.0007	3	7	6
9	0.0008	14	13	16
10	0.0009	-2	2	20
11	0.0010	10	22	30
12	0.0011	3	14	20
13	0.0012	9	11	9
14	0.0013	14	16	15
15	0.0014	0	2	15
16	0.0015	11	19	30
17	0.0016	9	14	11
18	0.0017	7	16	10
19	0.0018	7	19	15
20	0.0019	7	9	16
21	0.0020	9	26	24
22	0.0021	13	16	19
23	0.0022	10	19	9
24	0.0023	15	19	23
25	0.0024	7	3	13
26	0.0025	9	14	28
27	0.0026	3	14	24
28	0.0027	3	22	15
29	0.0028	14	27	26
30	0.0029	9	0	18
31	0.0030	15	15	27
32	0.0031	9	15	22
33	0.0032	9	19	6
34	0.0033	10	20	14
35	0.0034	-3	-6	7
36	0.0035	11	16	28
37	0.0036	-2	14	19
38	0.0037	9	23	9
39	0.0038	13	11	9
40	0.0039	-7	-8	2
41	0.0040	5	13	22
42	0.0041	10	27	16
43	0.0042	14	30	16
44	0.0043	14	15	19
45	0.0044	-6	0	5
46	0.0045	-7	7	13
47	0.0046	5	27	13
48	0.0047	13	31	5
49	0.0048	18	16	20
50	0.0049	1	-3	19
51	0.0050	0	19	23
52	0.0051	3	22	22
53	0.0052	3	13	-3
54	0.0053	10	15	14
55	0.0054	-11	-7	14
56	0.0055	5	20	31
57	0.0056	5	23	13
58	0.0057	5	13	0
59	0.0058	5	9	18
60	0.0059	-10	-4	15
61	0.0060	11	26	31
62	0.0061	9	16	13
63	0.0062	7	10	-3
64	0.0063	10	6	16
65	0.0064	-8	3	16
66	0.0065	14	19	32
67	0.0066	6	15	15
68	0.0067	5	7	0
69	0.0068	13	18	14
70	0.0069	2	10	18
71	0.0070	15	27	33
72	0.0071	10	18	19
73	0.0072	9	9	10
74	0.0073	14	28	16
75	0.0074	-2	16	15
76	0.0075	9	32	28
77	0.0076	13	7	23
78	0.0077	13	14	10
79	0.0078	14	27	27
80	0.0079	-3	18	18
81	0.0080	6	23	23
82	0.0081	14	6	10
83	0.0082	11	6	13
84	0.0083	18	22	23
85	0.0084	2	11	26
86	0.0085	0	14	20
87	0.0086	9	1	9
88	0.0087	1	7	-3
89	0.0088	30	27	15
90	0.0089	-3	6	13
91	0.0090	10	13	33
92	0.0091	9	15	15
93	0.0092	3	30	6
94	0.0093	24	36	11
95	0.0094	-4	13	15
96	0.0095	14	32	37
97	0.0096	13	16	22
98	0.0097	16	22	7
99	0.0098	15	18	16
100	0.0099	-4	1	11

电流增量数据 [1000Hz, 10点]
采样序号	时间(s)	A相电流(INT)	B相电流(INT)	C相电流(INT)
1	0.000	43	-944	-4
2	0.001	6	-6	-4
3	0.002	16	-1329	-15
4	0.003	40	754	0
5	0.004	5	886	-2
6	0.005	4	2049	0
7	0.006	-3	140	-10
8	0.007	55	-482	-2
9	0.008	2	85	3
10	0.009	22	2817	10
================================================================================

=== 采集时间: 2025-12-05 15:11:45 (增量周期: 10.0ms) ===
振动增量数据 [等效10000Hz, 100点]
时序序号	时间(s)	X振动(INT)	Y振动(INT)	Z振动(INT)
1	0.0000	1	20	23
2	0.0001	0	18	13
3	0.0002	9	14	1
4	0.0003	9	6	11
5	0.0004	-3	-2	19
6	0.0005	5	16	23
7	0.0006	6	22	13
8	0.0007	5	6	-3
9	0.0008	9	5	13
10	0.0009	-10	1	10
11	0.0010	3	19	26
12	0.0011	2	22	18
13	0.0012	7	7	2
14	0.0013	15	11	15
15	0.0014	0	5	13
16	0.0015	13	27	33
17	0.0016	13	30	20
18	0.0017	7	14	6
19	0.0018	11	9	15
20	0.0019	-4	1	13
21	0.0020	1	24	33
22	0.0021	15	27	22
23	0.0022	16	11	9
24	0.0023	15	5	19
25	0.0024	-7	0	7
26	0.0025	9	23	23
27	0.0026	10	24	19
28	0.0027	15	13	2
29	0.0028	9	5	10
30	0.0029	-2	3	16
31	0.0030	1	18	27
32	0.0031	9	16	13
33	0.0032	13	14	-4
34	0.0033	13	7	13
35	0.0034	7	10	22
36	0.0035	6	19	32
37	0.0036	2	18	22
38	0.0037	-2	20	5
39	0.0038	14	22	16
40	0.0039	1	18	20
41	0.0040	9	18	31
42	0.0041	11	19	22
43	0.0042	11	18	11
44	0.0043	19	27	23
45	0.0044	5	10	23
46	0.0045	10	15	24
47	0.0046	2	16	19
48	0.0047	15	15	6
49	0.0048	20	18	28
50	0.0049	0	5	16
51	0.0050	5	20	28
52	0.0051	11	19	18
53	0.0052	15	23	7
54	0.0053	15	27	23
55	0.0054	2	11	19
56	0.0055	3	13	28
57	0.0056	10	19	16
58	0.0057	16	23	5
59	0.0058	18	16	22
60	0.0059	0	-2	18
61	0.0060	2	9	24
62	0.0061	9	18	16
63	0.0062	18	16	6
64	0.0063	15	10	18
65	0.0064	0	1	16
66	0.0065	6	16	28
67	0.0066	10	19	14
68	0.0067	11	14	6
69	0.0068	10	10	13
70	0.0069	0	9	22
71	0.0070	3	28	32
72	0.0071	11	23	18
73	0.0072	11	7	2
74	0.0073	11	7	16
75	0.0074	0	13	22
76	0.0075	7	37	36
77	0.0076	7	18	23
78	0.0077	1	-7	-7
79	0.0078	5	3	13
80	0.0079	-6	13	20
81	0.0080	10	23	33
82	0.0081	15	16	20
83	0.0082	13	-2	2
84	0.0083	15	15	15
85	0.0084	1	15	18
86	0.0085	3	19	26
87	0.0086	13	16	19
88	0.0087	18	15	15
89	0.0088	19	30	35
90	0.0089	14	27	26
91	0.0090	3	13	33
92	0.0091	7	10	14
93	0.0092	13	19	15
94	0.0093	24	35	32
95	0.0094	13	22	31
96	0.0095	9	16	40
97	0.0096	6	10	18
98	0.0097	7	19	6
99	0.0098	15	24	19
100	0.0099	9	16	24

电流增量数据 [1000Hz, 10点]
采样序号	时间(s)	A相电流(INT)	B相电流(INT)	C相电流(INT)
1	0.000	18	1761	7
2	0.001	5	68	-3
3	0.002	-4	-197	7
4	0.003	10	86	21
5	0.004	11	1072	18
6	0.005	32	2710	-5
7	0.006	29	848	-3
8	0.007	-24	2736	9
9	0.008	34	-3	2
10	0.009	-12	423	-11
================================================================================

=== 采集时间: 2025-12-05 15:11:46 (增量周期: 10.0ms) ===
振动增量数据 [等效10000Hz, 100点]
时序序号	时间(s)	X振动(INT)	Y振动(INT)	Z振动(INT)
1	0.0000	3	2	24
2	0.0001	14	7	9
3	0.0002	7	14	6
4	0.0003	15	31	22
5	0.0004	5	11	19
6	0.0005	9	10	24
7	0.0006	15	13	18
8	0.0007	19	24	10
9	0.0008	22	37	22
10	0.0009	-6	3	18
11	0.0010	1	5	23
12	0.0011	13	22	22
13	0.0012	13	24	11
14	0.0013	20	26	26
15	0.0014	3	3	18
16	0.0015	5	14	24
17	0.0016	10	24	14
18	0.0017	3	13	10
19	0.0018	16	18	16
20	0.0019	-2	9	20
21	0.0020	5	16	30
22	0.0021	10	20	16
23	0.0022	11	13	9
24	0.0023	9	6	16
25	0.0024	-3	1	19
26	0.0025	3	19	27
27	0.0026	13	30	20
28	0.0027	11	3	2
29	0.0028	11	9	20
30	0.0029	-2	5	19
31	0.0030	-2	26	24
32	0.0031	14	26	23
33	0.0032	11	10	13
34	0.0033	19	13	24
35	0.0034	2	13	24
36	0.0035	5	28	30
37	0.0036	6	19	14
38	0.0037	1	2	2
39	0.0038	18	14	19
40	0.0039	3	16	20
41	0.0040	3	19	27
42	0.0041	3	13	14
43	0.0042	5	-2	-2
44	0.0043	18	15	19
45	0.0044	3	10	16
46	0.0045	1	13	23
47	0.0046	5	9	11
48	0.0047	-4	2	-3
49	0.0048	14	19	18
50	0.0049	-2	11	16
51	0.0050	5	15	19
52	0.0051	3	10	10
53	0.0052	3	10	0
54	0.0053	14	15	19
55	0.0054	1	13	11
56	0.0055	0	15	24
57	0.0056	-2	26	16
58	0.0057	1	22	3
59	0.0058	7	16	15
60	0.0059	-3	-10	10
61	0.0060	-3	2	22
62	0.0061	11	13	10
63	0.0062	-11	11	2
64	0.0063	23	39	26
65	0.0064	-8	-2	11
66	0.0065	3	11	20
67	0.0066	3	20	15
68	0.0067	2	14	3
69	0.0068	19	33	20
70	0.0069	-8	-17	13
71	0.0070	7	16	24
72	0.0071	5	27	9
73	0.0072	9	13	3
74	0.0073	18	13	26
75	0.0074	-7	-17	14
76	0.0075	3	31	31
77	0.0076	6	31	20
78	0.0077	6	3	-7
79	0.0078	15	6	19
80	0.0079	1	-11	23
81	0.0080	15	39	41
82	0.0081	13	35	20
83	0.0082	2	-2	0
84	0.0083	10	14	14
85	0.0084	2	9	23
86	0.0085	15	44	41
87	0.0086	18	30	19
88	0.0087	10	-4	-7
89	0.0088	14	11	11
90	0.0089	9	19	26
91	0.0090	11	39	31
92	0.0091	14	22	14
93	0.0092	-2	-8	-7
94	0.0093	15	14	19
95	0.0094	3	16	22
96	0.0095	11	27	36
97	0.0096	13	16	13
98	0.0097	2	-12	-4
99	0.0098	15	18	16
100	0.0099	1	11	22

电流增量数据 [1000Hz, 10点]
采样序号	时间(s)	A相电流(INT)	B相电流(INT)	C相电流(INT)
1	0.000	16	-2224	16
2	0.001	-6	388	-2
3	0.002	28	-1618	-3
4	0.003	14	868	3
5	0.004	-6	88	-7
6	0.005	7	1239	16
7	0.006	50	436	6
8	0.007	40	-4	6
9	0.008	-4	22	7
10	0.009	6	84	-2
================================================================================

=== 采集时间: 2025-12-05 15:11:46 (增量周期: 10.0ms) ===
振动增量数据 [等效10000Hz, 100点]
时序序号	时间(s)	X振动(INT)	Y振动(INT)	Z振动(INT)
1	0.0000	10	23	24
2	0.0001	9	22	15
3	0.0002	13	11	0
4	0.0003	22	26	22
5	0.0004	14	26	32
6	0.0005	14	22	27
7	0.0006	13	19	10
8	0.0007	0	2	3
9	0.0008	13	19	20
10	0.0009	11	19	22
11	0.0010	10	18	23
12	0.0011	2	3	6
13	0.0012	-2	-6	2
14	0.0013	10	22	22
15	0.0014	0	9	13
16	0.0015	1	19	18
17	0.0016	7	11	6
18	0.0017	5	6	0
19	0.0018	15	18	26
20	0.0019	-3	11	20
21	0.0020	0	18	18
22	0.0021	2	22	7
23	0.0022	0	10	2
24	0.0023	16	15	24
25	0.0024	6	11	23
26	0.0025	5	14	23
27	0.0026	-2	16	7
28	0.0027	2	13	0
29	0.0028	3	16	16
30	0.0029	2	6	20
31	0.0030	3	13	18
32	0.0031	10	19	9
33	0.0032	1	1	-4
34	0.0033	0	9	18
35	0.0034	-3	1	10
36	0.0035	3	14	14
37	0.0036	9	15	9
38	0.0037	-2	5	0
39	0.0038	9	13	14
40	0.0039	0	5	9
41	0.0040	3	23	19
42	0.0041	15	23	15
43	0.0042	-2	9	2
44	0.0043	13	15	23
45	0.0044	-2	10	22
46	0.0045	9	24	31
47	0.0046	14	23	16
48	0.0047	2	13	0
49	0.0048	10	13	22
50	0.0049	0	13	23
51	0.0050	3	18	22
52	0.0051	7	15	11
53	0.0052	-2	7	1
54	0.0053	16	30	28
55	0.0054	0	11	20
56	0.0055	5	19	28
57	0.0056	2	19	16
58	0.0057	3	14	7
59	0.0058	19	30	28
60	0.0059	9	6	22
61	0.0060	2	16	26
62	0.0061	3	22	20
63	0.0062	6	11	10
64	0.0063	20	19	20
65	0.0064	9	7	20
66	0.0065	3	13	24
67	0.0066	6	22	19
68	0.0067	2	13	1
69	0.0068	19	18	23
70	0.0069	11	2	20
71	0.0070	6	16	27
72	0.0071	20	35	19
73	0.0072	13	16	1
74	0.0073	15	15	22
75	0.0074	-2	1	14
76	0.0075	3	19	18
77	0.0076	13	35	15
78	0.0077	5	19	5
79	0.0078	13	13	20
80	0.0079	1	-6	13
81	0.0080	5	6	19
82	0.0081	15	31	14
83	0.0082	5	22	11
84	0.0083	14	9	22
85	0.0084	-3	-8	14
86	0.0085	5	13	31
87	0.0086	7	31	19
88	0.0087	10	15	3
89	0.0088	15	7	19
90	0.0089	3	-7	19
91	0.0090	15	19	33
92	0.0091	11	31	28
93	0.0092	7	16	11
94	0.0093	0	13	13
95	0.0094	-6	3	16
96	0.0095	9	22	32
97	0.0096	15	35	26
98	0.0097	15	14	7
99	0.0098	14	13	19
100	0.0099	2	6	18

电流增量数据 [1000Hz, 10点]
采样序号	时间(s)	A相电流(INT)	B相电流(INT)	C相电流(INT)
1	0.000	10	-116	1
2	0.001	24	42	10
3	0.002	5	1017	18
4	0.003	-3	1788	-14
5	0.004	14	-38	7
6	0.005	27	-435	18
7	0.006	-4	-496	-12
8	0.007	24	3669	18
9	0.008	48	629	4
10	0.009	47	1531	9
================================================================================

=== 采集时间: 2025-12-05 15:11:47 (增量周期: 10.0ms) ===
振动增量数据 [等效10000Hz, 100点]
时序序号	时间(s)	X振动(INT)	Y振动(INT)	Z振动(INT)
1	0.0000	3	23	16
2	0.0001	7	14	14
3	0.0002	3	9	3
4	0.0003	11	19	30
5	0.0004	2	22	24
6	0.0005	11	30	28
7	0.0006	11	9	11
8	0.0007	7	2	-3
9	0.0008	19	23	28
10	0.0009	2	19	27
11	0.0010	11	16	23
12	0.0011	9	10	6
13	0.0012	5	2	-4
14	0.0013	15	18	24
15	0.0014	6	15	26
16	0.0015	9	22	22
17	0.0016	14	9	6
18	0.0017	7	1	-2
19	0.0018	13	22	23
20	0.0019	2	20	30
21	0.0020	2	27	20
22	0.0021	7	6	6
23	0.0022	9	9	-7
24	0.0023	14	18	24
25	0.0024	1	24	35
26	0.0025	5	23	28
27	0.0026	9	19	6
28	0.0027	5	-2	-2
29	0.0028	11	14	22
30	0.0029	-7	3	27
31	0.0030	2	27	30
32	0.0031	14	11	6
33	0.0032	11	-8	-3
34	0.0033	14	9	28
35	0.0034	-2	13	28
36	0.0035	11	35	27
37	0.0036	10	10	10
38	0.0037	7	-4	-4
39	0.0038	9	13	27
40	0.0039	2	14	27
41	0.0040	13	33	23
42	0.0041	14	16	10
43	0.0042	-3	0	-2
44	0.0043	9	18	26
45	0.0044	2	16	28
46	0.0045	14	36	28
47	0.0046	18	16	15
48	0.0047	3	6	2
49	0.0048	15	19	24
50	0.0049	-4	13	24
51	0.0050	15	31	27
52	0.0051	10	16	11
53	0.0052	7	5	2
54	0.0053	9	18	24
55	0.0054	3	10	30
56	0.0055	7	19	16
57	0.0056	9	9	7
58	0.0057	5	-2	1
59	0.0058	11	14	26
60	0.0059	1	9	26
61	0.0060	15	16	19
62	0.0061	13	7	9
63	0.0062	6	5	2
64	0.0063	15	23	31
65	0.0064	3	14	23
66	0.0065	10	14	14
67	0.0066	9	5	11
68	0.0067	1	5	2
69	0.0068	14	22	27
70	0.0069	0	13	20
71	0.0070	3	14	18
72	0.0071	10	14	9
73	0.0072	9	10	5
74	0.0073	24	24	35
75	0.0074	9	19	35
76	0.0075	14	30	28
77	0.0076	15	28	19
78	0.0077	11	13	6
79	0.0078	20	11	33
80	0.0079	11	24	43
81	0.0080	22	30	40
82	0.0081	20	27	13
83	0.0082	6	5	-6
84	0.0083	13	5	23
85	0.0084	2	9	28
86	0.0085	27	37	40
87	0.0086	16	26	22
88	0.0087	15	9	9
89	0.0088	2	-6	16
90	0.0089	0	15	22
91	0.0090	23	30	27
92	0.0091	10	18	19
93	0.0092	11	15	9
94	0.0093	10	11	24
95	0.0094	0	15	23
96	0.0095	15	30	26
97	0.0096	11	16	15
98	0.0097	11	18	5
99	0.0098	7	13	26
100	0.0099	-4	18	22

电流增量数据 [1000Hz, 10点]
采样序号	时间(s)	A相电流(INT)	B相电流(INT)	C相电流(INT)
1	0.000	21	-278	20
2	0.001	13	-523	4
3	0.002	38	36	18
4	0.003	-13	2715	31
5	0.004	28	1675	6
6	0.005	21	1074	9
7	0.006	7	2032	6
8	0.007	-8	541	9
9	0.008	40	-311	7
10	0.009	41	-1063	7
================================================================================

=== 采集时间: 2025-12-05 15:11:47 (增量周期: 10.0ms) ===
振动增量数据 [等效10000Hz, 100点]
时序序号	时间(s)	X振动(INT)	Y振动(INT)	Z振动(INT)
1	0.0000	5	13	11
2	0.0001	11	13	2
3	0.0002	10	13	2
4	0.0003	18	24	31
5	0.0004	-4	13	24
6	0.0005	3	22	22
7	0.0006	9	18	6
8	0.0007	2	5	1
9	0.0008	15	31	37
10	0.0009	5	18	27
11	0.0010	2	27	16
12	0.0011	11	10	9
13	0.0012	6	0	7
14	0.0013	23	31	39
15	0.0014	10	23	24
16	0.0015	9	13	11
17	0.0016	5	3	1
18	0.0017	-6	-8	-3
19	0.0018	14	35	33
20	0.0019	11	22	36
21	0.0020	11	18	19
22	0.0021	15	7	3
23	0.0022	0	2	0
24	0.0023	10	23	26
25	0.0024	7	18	23
26	0.0025	6	14	22
27	0.0026	11	20	11
28	0.0027	-2	7	7
29	0.0028	11	27	28
30	0.0029	2	10	19
31	0.0030	7	16	19
32	0.0031	16	20	13
33	0.0032	0	0	2
34	0.0033	10	20	31
35	0.0034	-2	11	28
36	0.0035	5	16	26
37	0.0036	9	23	11
38	0.0037	-4	2	0
39	0.0038	11	24	26
40	0.0039	3	5	22
41	0.0040	11	22	27
42	0.0041	14	22	9
43	0.0042	-2	3	0
44	0.0043	5	18	19
45	0.0044	-2	10	23
46	0.0045	7	19	23
47	0.0046	10	19	15
48	0.0047	-2	3	2
49	0.0048	15	24	16
50	0.0049	2	9	22
51	0.0050	11	22	33
52	0.0051	23	30	23
53	0.0052	7	14	9
54	0.0053	13	24	28
55	0.0054	-3	15	20
56	0.0055	7	19	20
57	0.0056	18	31	19
58	0.0057	13	11	10
59	0.0058	9	11	22
60	0.0059	1	7	22
61	0.0060	14	28	23
62	0.0061	20	26	6
63	0.0062	3	6	5
64	0.0063	11	15	20
65	0.0064	1	19	18
66	0.0065	9	40	23
67	0.0066	20	19	9
68	0.0067	0	-3	0
69	0.0068	10	13	24
70	0.0069	-2	18	19
71	0.0070	14	33	24
72	0.0071	24	23	16
73	0.0072	-4	-14	1
74	0.0073	11	11	28
75	0.0074	-8	13	26
76	0.0075	10	26	24
77	0.0076	27	22	15
78	0.0077	6	-2	2
79	0.0078	24	26	32
80	0.0079	9	14	24
81	0.0080	11	27	28
82	0.0081	20	26	13
83	0.0082	0	9	6
84	0.0083	18	33	33
85	0.0084	5	14	30
86	0.0085	15	27	24
87	0.0086	20	26	16
88	0.0087	9	14	9
89	0.0088	20	33	28
90	0.0089	3	10	28
91	0.0090	14	31	30
92	0.0091	20	26	18
93	0.0092	19	13	14
94	0.0093	18	22	28
95	0.0094	1	-2	23
96	0.0095	6	16	19
97	0.0096	14	27	16
98	0.0097	9	10	11
99	0.0098	15	26	31
100	0.0099	3	-2	23

电流增量数据 [1000Hz, 10点]
采样序号	时间(s)	A相电流(INT)	B相电流(INT)	C相电流(INT)
1	0.000	54	-120	-5
2	0.001	30	-429	3
3	0.002	32	-217	20
4	0.003	55	1038	14
5	0.004	21	2464	18
6	0.005	4	862	11
7	0.006	30	2450	-6
8	0.007	12	-167	-6
9	0.008	6	182	-8
10	0.009	31	-722	-6
================================================================================

=== 采集时间: 2025-12-05 15:11:47 (增量周期: 10.0ms) ===
振动增量数据 [等效10000Hz, 100点]
时序序号	时间(s)	X振动(INT)	Y振动(INT)	Z振动(INT)
1	0.0000	5	7	13
2	0.0001	18	11	6
3	0.0002	10	9	7
4	0.0003	13	26	28
5	0.0004	-2	13	27
6	0.0005	9	16	18
7	0.0006	13	22	16
8	0.0007	3	9	10
9	0.0008	14	20	26
10	0.0009	6	20	23
11	0.0010	9	14	18
12	0.0011	15	22	9
13	0.0012	5	6	1
14	0.0013	9	20	35
15	0.0014	2	16	23
16	0.0015	10	15	11
17	0.0016	15	9	5
18	0.0017	9	0	1
19	0.0018	14	19	35
20	0.0019	7	18	27
21	0.0020	5	16	13
22	0.0021	11	14	9
23	0.0022	-2	5	6
24	0.0023	13	23	33
25	0.0024	5	23	31
26	0.0025	11	15	15
27	0.0026	18	15	10
28	0.0027	9	7	10
29	0.0028	13	18	30
30	0.0029	5	33	31
31	0.0030	5	24	19
32	0.0031	3	6	3
33	0.0032	7	1	3
34	0.0033	9	10	28
35	0.0034	5	23	30
36	0.0035	19	22	14
37	0.0036	10	6	2
38	0.0037	2	-6	1
39	0.0038	6	18	27
40	0.0039	-4	16	26
41	0.0040	10	7	7
42	0.0041	9	7	7
43	0.0042	13	15	9
44	0.0043	15	19	28
45	0.0044	1	13	18
46	0.0045	9	10	6
47	0.0046	6	19	13
48	0.0047	10	27	18
49	0.0048	15	19	37
50	0.0049	10	11	28
51	0.0050	13	16	13
52	0.0051	16	27	14
53	0.0052	13	30	18
54	0.0053	19	15	33
55	0.0054	3	11	26
56	0.0055	14	26	27
57	0.0056	16	33	23
58	0.0057	16	30	10
59	0.0058	20	13	27
60	0.0059	11	9	19
61	0.0060	13	26	30
62	0.0061	19	24	20
63	0.0062	14	14	10
64	0.0063	19	26	33
65	0.0064	11	28	32
66	0.0065	19	18	24
67	0.0066	15	22	13
68	0.0067	7	13	9
69	0.0068	10	18	32
70	0.0069	9	24	30
71	0.0070	11	20	18
72	0.0071	19	23	11
73	0.0072	10	9	1
74	0.0073	9	23	32
75	0.0074	7	19	22
76	0.0075	14	19	22
77	0.0076	22	30	13
78	0.0077	-2	7	2
79	0.0078	9	16	23
80	0.0079	-3	15	22
81	0.0080	13	24	14
82	0.0081	15	33	19
83	0.0082	7	1	6
84	0.0083	9	10	22
85	0.0084	10	23	26
86	0.0085	18	28	24
87	0.0086	18	24	13
88	0.0087	2	-2	0
89	0.0088	1	1	19
90	0.0089	1	18	28
91	0.0090	15	27	26
92	0.0091	14	23	13
93	0.0092	10	6	-2
94	0.0093	7	6	23
95	0.0094	0	19	20
96	0.0095	10	16	15
97	0.0096	9	10	2
98	0.0097	10	13	10
99	0.0098	3	14	31
100	0.0099	7	23	24

电流增量数据 [1000Hz, 10点]
采样序号	时间(s)	A相电流(INT)	B相电流(INT)	C相电流(INT)
1	0.000	-10	-676	12
2	0.001	7	3002	16
3	0.002	-6	-60	-3
4	0.003	28	1977	1
5	0.004	5	-156	15
6	0.005	11	262	1
7	0.006	-35	-555	-14
8	0.007	27	826	13
9	0.008	31	1035	2
10	0.009	40	702	3
================================================================================

=== 采集时间: 2025-12-05 15:11:48 (增量周期: 10.0ms) ===
振动增量数据 [等效10000Hz, 100点]
时序序号	时间(s)	X振动(INT)	Y振动(INT)	Z振动(INT)
1	0.0000	2	23	6
2	0.0001	15	18	7
3	0.0002	0	2	-4
4	0.0003	13	27	27
5	0.0004	0	13	22
6	0.0005	6	14	10
7	0.0006	10	13	5
8	0.0007	5	-2	0
9	0.0008	10	30	32
10	0.0009	-6	9	22
11	0.0010	-2	13	11
12	0.0011	3	7	6
13	0.0012	2	2	6
14	0.0013	16	28	36
15	0.0014	3	13	22
16	0.0015	3	7	7
17	0.0016	18	13	2
18	0.0017	3	6	6
19	0.0018	10	26	35
20	0.0019	-4	13	20
21	0.0020	-3	13	10
22	0.0021	11	23	7
23	0.0022	3	6	5
24	0.0023	13	27	33
25	0.0024	7	15	26
26	0.0025	9	14	13
27	0.0026	16	23	16
28	0.0027	2	7	11
29	0.0028	10	23	27
30	0.0029	5	15	24
31	0.0030	6	16	19
32	0.0031	10	19	13
33	0.0032	1	10	18
34	0.0033	5	16	31
35	0.0034	3	13	22
36	0.0035	7	19	16
37	0.0036	15	16	16
38	0.0037	0	5	3
39	0.0038	6	11	28
40	0.0039	-6	3	15
41	0.0040	9	19	13
42	0.0041	19	26	19
43	0.0042	0	2	7
44	0.0043	10	19	27
45	0.0044	2	15	16
46	0.0045	7	22	9
47	0.0046	13	22	7
48	0.0047	3	-3	2
49	0.0048	9	23	33
50	0.0049	14	26	23
51	0.0050	7	19	11
52	0.0051	9	7	1
53	0.0052	-6	-2	2
54	0.0053	7	27	32
55	0.0054	9	16	32
56	0.0055	9	28	13
57	0.0056	16	14	3
58	0.0057	-4	2	6
59	0.0058	14	26	31
60	0.0059	1	24	31
61	0.0060	7	23	19
62	0.0061	11	13	10
63	0.0062	5	13	11
64	0.0063	15	19	28
65	0.0064	10	16	27
66	0.0065	11	16	15
67	0.0066	10	13	2
68	0.0067	5	5	7
69	0.0068	11	19	32
70	0.0069	0	9	33
71	0.0070	7	23	16
72	0.0071	13	19	6
73	0.0072	1	7	0
74	0.0073	15	15	26
75	0.0074	-3	10	14
76	0.0075	13	23	19
77	0.0076	15	22	11
78	0.0077	5	9	6
79	0.0078	9	26	26
80	0.0079	-4	19	22
81	0.0080	11	23	14
82	0.0081	26	28	16
83	0.0082	13	14	10
84	0.0083	18	26	37
85	0.0084	5	16	26
86	0.0085	9	22	16
87	0.0086	19	19	11
88	0.0087	1	6	10
89	0.0088	10	15	36
90	0.0089	2	13	24
91	0.0090	11	24	28
92	0.0091	26	22	22
93	0.0092	13	13	10
94	0.0093	10	18	36
95	0.0094	3	11	23
96	0.0095	16	26	20
97	0.0096	20	33	19
98	0.0097	10	18	15
99	0.0098	13	16	23
100	0.0099	7	22	23

电流增量数据 [1000Hz, 10点]
采样序号	时间(s)	A相电流(INT)	B相电流(INT)	C相电流(INT)
1	0.000	27	1394	12
2	0.001	29	-371	0
3	0.002	14	-555	3
4	0.003	64	-730	16
5	0.004	43	3222	24
6	0.005	-3	427	-6
7	0.006	36	1120	19
8	0.007	22	739	-13
9	0.008	24	605	15
10	0.009	6	120	-5
================================================================================

=== 采集时间: 2025-12-05 15:11:48 (增量周期: 10.0ms) ===
振动增量数据 [等效10000Hz, 100点]
时序序号	时间(s)	X振动(INT)	Y振动(INT)	Z振动(INT)
1	0.0000	-2	16	7
2	0.0001	10	14	7
3	0.0002	7	7	11
4	0.0003	9	20	33
5	0.0004	10	16	23
6	0.0005	9	18	9
7	0.0006	22	16	7
8	0.0007	1	-2	0
9	0.0008	9	10	24
10	0.0009	-3	11	22
11	0.0010	3	15	11
12	0.0011	23	24	14
13	0.0012	10	9	13
14	0.0013	15	19	31
15	0.0014	6	15	22
16	0.0015	9	19	14
17	0.0016	24	32	20
18	0.0017	9	13	13
19	0.0018	15	23	31
20	0.0019	3	11	23
21	0.0020	16	39	22
22	0.0021	31	41	22
23	0.0022	10	7	7
24	0.0023	15	11	31
25	0.0024	5	13	23
26	0.0025	20	40	27
27	0.0026	24	41	22
28	0.0027	13	1	9
29	0.0028	9	6	28
30	0.0029	7	19	27
31	0.0030	9	30	19
32	0.0031	19	20	10
33	0.0032	10	-10	2
34	0.0033	18	18	31
35	0.0034	15	28	35
36	0.0035	5	30	19
37	0.0036	20	10	5
38	0.0037	-4	-10	-4
39	0.0038	9	28	37
40	0.0039	11	35	36
41	0.0040	10	24	20
42	0.0041	20	16	10
43	0.0042	2	1	0
44	0.0043	15	36	33
45	0.0044	5	31	28
46	0.0045	9	13	19
47	0.0046	19	18	14
48	0.0047	6	6	16
49	0.0048	14	33	36
50	0.0049	7	16	26
51	0.0050	9	10	9
52	0.0051	13	16	14
53	0.0052	0	2	10
54	0.0053	9	19	31
55	0.0054	0	9	26
56	0.0055	3	11	10
57	0.0056	15	14	7
58	0.0057	7	3	1
59	0.0058	2	14	28
60	0.0059	-7	24	24
61	0.0060	2	15	9
62	0.0061	10	19	16
63	0.0062	2	10	19
64	0.0063	9	18	28
65	0.0064	10	10	22
66	0.0065	13	13	14
67	0.0066	14	26	11
68	0.0067	-4	9	7
69	0.0068	10	18	23
70	0.0069	0	7	20
71	0.0070	2	19	18
72	0.0071	13	28	15
73	0.0072	5	13	6
74	0.0073	14	19	24
75	0.0074	-2	9	16
76	0.0075	3	16	13
77	0.0076	5	24	19
78	0.0077	3	16	18
79	0.0078	20	33	39
80	0.0079	3	11	16
81	0.0080	5	11	2
82	0.0081	11	16	19
83	0.0082	5	6	16
84	0.0083	30	33	37
85	0.0084	1	9	24
86	0.0085	7	5	11
87	0.0086	11	23	7
88	0.0087	3	11	11
89	0.0088	20	27	27
90	0.0089	-3	-3	14
91	0.0090	2	14	10
92	0.0091	26	30	14
93	0.0092	3	22	20
94	0.0093	19	23	28
95	0.0094	3	2	13
96	0.0095	14	24	15
97	0.0096	11	33	15
98	0.0097	13	20	18
99	0.0098	7	13	24
100	0.0099	1	2	19

电流增量数据 [1000Hz, 10点]
采样序号	时间(s)	A相电流(INT)	B相电流(INT)	C相电流(INT)
1	0.000	5	2052	10
2	0.001	54	-145	-4
3	0.002	10	-128	-19
4	0.003	51	-1320	18
5	0.004	0	862	5
6	0.005	39	1025	21
7	0.006	59	827	11
8	0.007	76	-1952	18
9	0.008	4	-831	-4
10	0.009	19	-577	7
================================================================================

=== 采集时间: 2025-12-05 15:11:48 (增量周期: 10.0ms) ===
振动增量数据 [等效10000Hz, 100点]
时序序号	时间(s)	X振动(INT)	Y振动(INT)	Z振动(INT)
1	0.0000	10	30	11
2	0.0001	19	19	16
3	0.0002	7	2	5
4	0.0003	0	3	26
5	0.0004	0	20	20
6	0.0005	7	28	9
7	0.0006	13	19	5
8	0.0007	6	3	2
9	0.0008	9	7	28
10	0.0009	14	32	30
11	0.0010	15	28	13
12	0.0011	11	13	2
13	0.0012	5	7	13
14	0.0013	5	18	31
15	0.0014	14	33	32
16	0.0015	14	30	14
17	0.0016	19	11	11
18	0.0017	0	9	14
19	0.0018	7	20	32
20	0.0019	7	31	26
21	0.0020	10	24	16
22	0.0021	15	11	13
23	0.0022	6	3	10
24	0.0023	10	15	31
25	0.0024	5	19	16
26	0.0025	3	9	10
27	0.0026	5	9	7
28	0.0027	-3	-3	7
29	0.0028	3	15	27
30	0.0029	2	10	7
31	0.0030	5	13	-3
32	0.0031	18	14	10
33	0.0032	7	0	6
34	0.0033	6	16	27
35	0.0034	-4	9	16
36	0.0035	-4	15	3
37	0.0036	9	15	10
38	0.0037	5	9	3
39	0.0038	9	13	27
40	0.0039	5	6	20
41	0.0040	11	13	7
42	0.0041	15	23	16
43	0.0042	1	6	11
44	0.0043	7	9	19
45	0.0044	2	3	15
46	0.0045	3	13	13
47	0.0046	19	20	20
48	0.0047	-3	2	6
49	0.0048	9	13	28
50	0.0049	2	11	14
51	0.0050	9	16	9
52	0.0051	16	24	11
53	0.0052	-7	-8	9
54	0.0053	3	7	28
55	0.0054	1	14	20
56	0.0055	6	26	9
57	0.0056	13	16	7
58	0.0057	-2	-3	2
59	0.0058	13	23	27
60	0.0059	1	19	20
61	0.0060	10	9	7
62	0.0061	15	19	14
63	0.0062	5	11	13
64	0.0063	7	16	32
65	0.0064	2	10	19
66	0.0065	6	16	11
67	0.0066	14	18	10
68	0.0067	5	9	3
69	0.0068	5	11	33
70	0.0069	3	16	26
71	0.0070	9	16	7
72	0.0071	11	22	13
73	0.0072	-6	6	5
74	0.0073	3	14	23
75	0.0074	9	18	23
76	0.0075	7	19	10
77	0.0076	9	13	13
78	0.0077	5	13	10
79	0.0078	6	16	28
80	0.0079	9	22	19
81	0.0080	9	9	7
82	0.0081	18	15	13
83	0.0082	1	7	13
84	0.0083	11	23	33
85	0.0084	6	16	23
86	0.0085	5	16	7
87	0.0086	11	11	15
88	0.0087	2	9	10
89	0.0088	13	24	36
90	0.0089	5	19	24
91	0.0090	10	13	7
92	0.0091	10	10	10
93	0.0092	5	18	15
94	0.0093	11	40	31
95	0.0094	0	18	16
96	0.0095	0	1	-2
97	0.0096	13	6	9
98	0.0097	-2	20	18
99	0.0098	18	48	36
100	0.0099	1	13	16

电流增量数据 [1000Hz, 10点]
采样序号	时间(s)	A相电流(INT)	B相电流(INT)	C相电流(INT)
1	0.000	24	-478	3
2	0.001	70	-2666	10
3	0.002	38	186	21
4	0.003	50	329	-2
5	0.004	29	1528	18
6	0.005	29	-421	20
7	0.006	9	-674	10
8	0.007	12	-513	11
9	0.008	52	705	27
10	0.009	30	2130	9
================================================================================

=== 采集时间: 2025-12-05 15:11:49 (增量周期: 10.0ms) ===
振动增量数据 [等效10000Hz, 100点]
时序序号	时间(s)	X振动(INT)	Y振动(INT)	Z振动(INT)
1	0.0000	-3	11	1
2	0.0001	6	18	7
3	0.0002	3	6	3
4	0.0003	14	19	32
5	0.0004	13	19	24
6	0.0005	10	11	2
7	0.0006	13	14	6
8	0.0007	-6	5	5
9	0.0008	10	20	28
10	0.0009	6	22	23
11	0.0010	13	18	10
12	0.0011	18	13	18
13	0.0012	9	7	3
14	0.0013	15	15	19
15	0.0014	9	20	19
16	0.0015	20	15	9
17	0.0016	18	18	5
18	0.0017	0	-2	13
19	0.0018	0	3	22
20	0.0019	-2	19	14
21	0.0020	13	14	3
22	0.0021	15	14	7
23	0.0022	5	0	7
24	0.0023	3	16	30
25	0.0024	5	23	15
26	0.0025	0	10	-2
27	0.0026	9	14	5
28	0.0027	-3	2	3
29	0.0028	5	15	27
30	0.0029	15	26	23
31	0.0030	10	11	9
32	0.0031	19	9	9
33	0.0032	-3	-3	0
34	0.0033	-2	13	26
35	0.0034	11	22	19
36	0.0035	7	14	7
37	0.0036	15	10	16
38	0.0037	-2	3	6
39	0.0038	9	14	28
40	0.0039	9	30	20
41	0.0040	9	13	0
42	0.0041	18	19	13
43	0.0042	3	10	19
44	0.0043	14	23	39
45	0.0044	14	30	24
46	0.0045	7	14	13
47	0.0046	5	22	7
48	0.0047	-3	13	11
49	0.0048	5	19	33
50	0.0049	0	19	26
51	0.0050	15	13	6
52	0.0051	14	19	14
53	0.0052	9	6	14
54	0.0053	13	14	26
55	0.0054	-3	9	10
56	0.0055	-2	13	5
57	0.0056	7	26	13
58	0.0057	5	7	15
59	0.0058	13	18	35
60	0.0059	6	10	23
61	0.0060	11	7	2
62	0.0061	18	16	11
63	0.0062	3	18	20
64	0.0063	16	30	30
65	0.0064	5	10	13
66	0.0065	2	6	0
67	0.0066	7	15	11
68	0.0067	-3	19	16
69	0.0068	10	22	33
70	0.0069	7	6	16
71	0.0070	18	11	7
72	0.0071	15	24	20
73	0.0072	5	16	10
74	0.0073	6	16	22
75	0.0074	-3	6	11
76	0.0075	3	18	18
77	0.0076	15	26	19
78	0.0077	11	19	18
79	0.0078	10	18	28
80	0.0079	0	2	13
81	0.0080	9	27	10
82	0.0081	16	23	16
83	0.0082	11	13	13
84	0.0083	7	13	31
85	0.0084	-3	13	22
86	0.0085	10	26	11
87	0.0086	15	22	11
88	0.0087	2	2	11
89	0.0088	5	15	28
90	0.0089	0	14	19
91	0.0090	11	22	7
92	0.0091	11	10	14
93	0.0092	0	-3	6
94	0.0093	0	9	26
95	0.0094	1	11	15
96	0.0095	9	19	7
97	0.0096	16	19	13
98	0.0097	3	5	13
99	0.0098	9	18	32
100	0.0099	2	19	20

电流增量数据 [1000Hz, 10点]
采样序号	时间(s)	A相电流(INT)	B相电流(INT)	C相电流(INT)
1	0.000	45	-344	16
2	0.001	22	531	-11
3	0.002	-3	140	-3
4	0.003	23	-546	12
5	0.004	32	-516	15
6	0.005	38	-1042	21
7	0.006	36	2761	16
8	0.007	49	91	22
9	0.008	21	2124	37
10	0.009	24	-414	2
================================================================================

=== 采集时间: 2025-12-05 15:11:49 (增量周期: 10.0ms) ===
振动增量数据 [等效10000Hz, 100点]
时序序号	时间(s)	X振动(INT)	Y振动(INT)	Z振动(INT)
1	0.0000	6	9	2
2	0.0001	19	18	10
3	0.0002	9	11	10
4	0.0003	20	27	35
5	0.0004	2	18	23
6	0.0005	2	3	9
7	0.0006	15	19	16
8	0.0007	1	6	10
9	0.0008	14	23	24
10	0.0009	9	6	14
11	0.0010	15	7	6
12	0.0011	30	30	20
13	0.0012	2	16	16
14	0.0013	5	16	23
15	0.0014	-4	6	3
16	0.0015	5	15	-2
17	0.0016	22	27	23
18	0.0017	10	14	20
19	0.0018	10	18	31
20	0.0019	3	10	3
21	0.0020	5	19	-2
22	0.0021	10	27	15
23	0.0022	2	14	27
24	0.0023	9	16	32
25	0.0024	5	18	23
26	0.0025	5	14	5
27	0.0026	16	23	16
28	0.0027	-7	2	15
29	0.0028	9	18	33
30	0.0029	2	19	19
31	0.0030	3	14	14
32	0.0031	13	18	26
33	0.0032	0	3	19
34	0.0033	10	27	33
35	0.0034	3	16	16
36	0.0035	3	7	2
37	0.0036	7	13	11
38	0.0037	-3	5	18
39	0.0038	9	24	32
40	0.0039	5	23	19
41	0.0040	2	13	-2
42	0.0041	11	9	7
43	0.0042	0	6	10
44	0.0043	5	23	31
45	0.0044	5	23	20
46	0.0045	6	16	3
47	0.0046	15	10	11
48	0.0047	1	9	10
49	0.0048	14	23	27
50	0.0049	5	19	19
51	0.0050	14	10	7
52	0.0051	15	7	6
53	0.0052	6	2	16
54	0.0053	5	22	32
55	0.0054	2	14	18
56	0.0055	9	16	1
57	0.0056	15	6	11
58	0.0057	6	1	9
59	0.0058	10	26	39
60	0.0059	11	20	24
61	0.0060	0	5	1
62	0.0061	9	20	11
63	0.0062	-3	1	20
64	0.0063	10	14	33
65	0.0064	5	11	16
66	0.0065	1	13	6
67	0.0066	15	23	14
68	0.0067	3	5	7
69	0.0068	9	20	35
70	0.0069	9	14	22
71	0.0070	13	18	13
72	0.0071	27	37	28
73	0.0072	7	2	15
74	0.0073	11	16	28
75	0.0074	7	16	23
76	0.0075	9	22	10
77	0.0076	23	35	23
78	0.0077	5	13	22
79	0.0078	9	18	37
80	0.0079	9	13	19
81	0.0080	11	18	6
82	0.0081	22	33	18
83	0.0082	7	7	11
84	0.0083	9	10	32
85	0.0084	15	24	27
86	0.0085	13	27	18
87	0.0086	16	24	16
88	0.0087	-3	2	14
89	0.0088	14	22	30
90	0.0089	22	26	28
91	0.0090	23	28	20
92	0.0091	24	33	23
93	0.0092	-4	5	16
94	0.0093	1	19	31
95	0.0094	5	23	22
96	0.0095	15	30	22
97	0.0096	23	23	28
98	0.0097	11	3	18
99	0.0098	19	16	30
100	0.0099	9	19	20

电流增量数据 [1000Hz, 10点]
采样序号	时间(s)	A相电流(INT)	B相电流(INT)	C相电流(INT)
1	0.000	72	-830	2
2	0.001	6	-816	3
3	0.002	18	-1124	13
4	0.003	15	2966	30
5	0.004	33	416	18
6	0.005	42	747	18
7	0.006	12	354	12
8	0.007	12	504	10
9	0.008	37	-701	10
10	0.009	33	-1028	6
================================================================================

=== 采集时间: 2025-12-05 15:11:50 (增量周期: 10.0ms) ===
振动增量数据 [等效10000Hz, 100点]
时序序号	时间(s)	X振动(INT)	Y振动(INT)	Z振动(INT)
1	0.0000	15	11	7
2	0.0001	20	26	23
3	0.0002	2	14	27
4	0.0003	7	28	33
5	0.0004	10	16	19
6	0.0005	11	11	9
7	0.0006	28	26	26
8	0.0007	11	13	23
9	0.0008	13	26	33
10	0.0009	3	27	19
11	0.0010	7	16	2
12	0.0011	16	18	11
13	0.0012	6	7	19
14	0.0013	13	26	36
15	0.0014	11	28	22
16	0.0015	15	10	2
17	0.0016	19	16	19
18	0.0017	0	6	22
19	0.0018	-2	27	36
20	0.0019	1	18	18
21	0.0020	2	5	-6
22	0.0021	19	14	20
23	0.0022	9	16	24
24	0.0023	20	27	35
25	0.0024	5	22	19
26	0.0025	1	0	-4
27	0.0026	7	15	14
28	0.0027	2	18	26
29	0.0028	13	26	44
30	0.0029	11	22	23
31	0.0030	9	3	0
32	0.0031	14	19	13
33	0.0032	3	11	14
34	0.0033	10	23	30
35	0.0034	9	33	23
36	0.0035	7	13	6
37	0.0036	16	18	19
38	0.0037	2	6	19
39	0.0038	11	18	28
40	0.0039	16	23	11
41	0.0040	5	11	0
42	0.0041	10	15	14
43	0.0042	2	14	26
44	0.0043	9	14	31
45	0.0044	13	23	14
46	0.0045	5	13	5
47	0.0046	15	14	13
48	0.0047	7	11	18
49	0.0048	14	23	31
50	0.0049	9	20	19
51	0.0050	2	16	3
52	0.0051	9	19	15
53	0.0052	1	9	10
54	0.0053	15	15	27
55	0.0054	19	26	19
56	0.0055	15	18	6
57	0.0056	15	22	19
58	0.0057	-4	7	7
59	0.0058	2	19	23
60	0.0059	6	19	18
61	0.0060	0	15	-4
62	0.0061	14	13	14
63	0.0062	7	3	20
64	0.0063	16	36	43
65	0.0064	23	27	20
66	0.0065	0	10	-2
67	0.0066	7	11	7
68	0.0067	-8	-4	9
69	0.0068	13	31	35
70	0.0069	26	30	28
71	0.0070	2	11	6
72	0.0071	23	13	13
73	0.0072	-4	-2	16
74	0.0073	15	33	33
75	0.0074	14	26	15
76	0.0075	-6	7	1
77	0.0076	14	9	15
78	0.0077	-8	2	24
79	0.0078	16	35	39
80	0.0079	22	19	18
81	0.0080	7	10	1
82	0.0081	22	19	15
83	0.0082	-3	2	19
84	0.0083	10	32	32
85	0.0084	2	5	16
86	0.0085	1	11	3
87	0.0086	18	32	19
88	0.0087	0	7	18
89	0.0088	14	24	27
90	0.0089	5	1	14
91	0.0090	5	10	3
92	0.0091	10	27	16
93	0.0092	-3	-3	10
94	0.0093	5	19	19
95	0.0094	7	11	18
96	0.0095	2	9	3
97	0.0096	14	28	16
98	0.0097	-10	1	7
99	0.0098	1	11	18
100	0.0099	2	6	10

电流增量数据 [1000Hz, 10点]
采样序号	时间(s)	A相电流(INT)	B相电流(INT)	C相电流(INT)
1	0.000	18	-269	3
2	0.001	31	-1417	23
3	0.002	3	338	9
4	0.003	3	474	-11
5	0.004	4	183	16
6	0.005	-20	-1909	-3
7	0.006	30	-1523	21
8	0.007	5	-920	11
9	0.008	38	-2337	-7
10	0.009	20	-192	9
================================================================================

=== 采集时间: 2025-12-05 15:11:50 (增量周期: 10.0ms) ===
振动增量数据 [等效10000Hz, 100点]
时序序号	时间(s)	X振动(INT)	Y振动(INT)	Z振动(INT)
1	0.0000	6	1	-2
2	0.0001	5	16	19
3	0.0002	-11	13	18
4	0.0003	-6	11	22
5	0.0004	0	7	0
6	0.0005	10	3	-6
7	0.0006	15	13	14
8	0.0007	6	3	14
9	0.0008	-2	11	26
10	0.0009	-2	14	6
11	0.0010	-2	6	-7
12	0.0011	13	19	16
13	0.0012	3	6	19
14	0.0013	6	20	31
15	0.0014	9	22	18
16	0.0015	10	6	-4
17	0.0016	19	15	15
18	0.0017	10	6	15
19	0.0018	6	24	39
20	0.0019	7	20	26
21	0.0020	5	9	5
22	0.0021	11	9	9
23	0.0022	3	3	16
24	0.0023	9	19	27
25	0.0024	15	23	18
26	0.0025	10	7	-4
27	0.0026	16	9	16
28	0.0027	-3	10	24
29	0.0028	7	31	31
30	0.0029	7	23	11
31	0.0030	9	6	-4
32	0.0031	18	18	16
33	0.0032	6	15	24
34	0.0033	15	30	31
35	0.0034	3	24	14
36	0.0035	6	11	-3
37	0.0036	13	19	10
38	0.0037	9	7	26
39	0.0038	18	22	27
40	0.0039	10	20	15
41	0.0040	6	7	3
42	0.0041	13	15	14
43	0.0042	3	5	15
44	0.0043	9	19	27
45	0.0044	10	16	16
46	0.0045	3	16	5
47	0.0046	16	15	18
48	0.0047	5	9	18
49	0.0048	6	26	35
50	0.0049	9	20	19
51	0.0050	6	9	3
52	0.0051	6	13	15
53	0.0052	-6	1	16
54	0.0053	3	18	30
55	0.0054	10	19	16
56	0.0055	11	15	6
57	0.0056	19	15	20
58	0.0057	3	3	14
59	0.0058	6	23	30
60	0.0059	3	26	22
61	0.0060	0	16	5
62	0.0061	13	15	15
63	0.0062	5	6	14
64	0.0063	10	20	31
65	0.0064	13	23	20
66	0.0065	9	20	10
67	0.0066	20	28	16
68	0.0067	0	0	13
69	0.0068	9	15	20
70	0.0069	13	26	27
71	0.0070	10	27	14
72	0.0071	24	27	23
73	0.0072	-2	-3	10
74	0.0073	11	7	20
75	0.0074	9	24	18
76	0.0075	7	23	11
77	0.0076	11	20	16
78	0.0077	-3	-15	11
79	0.0078	10	11	20
80	0.0079	10	23	20
81	0.0080	13	27	3
82	0.0081	10	16	7
83	0.0082	-12	-12	10
84	0.0083	0	15	27
85	0.0084	10	31	26
86	0.0085	13	32	14
87	0.0086	24	22	23
88	0.0087	0	-8	9
89	0.0088	14	18	30
90	0.0089	11	26	23
91	0.0090	14	28	13
92	0.0091	18	27	26
93	0.0092	-2	6	24
94	0.0093	11	26	36
95	0.0094	15	23	23
96	0.0095	15	20	11
97	0.0096	19	23	23
98	0.0097	2	6	19
99	0.0098	7	24	32
100	0.0099	7	22	31

电流增量数据 [1000Hz, 10点]
采样序号	时间(s)	A相电流(INT)	B相电流(INT)	C相电流(INT)
1	0.000	45	868	15
2	0.001	0	-887	20
3	0.002	-2	-1020	-17
4	0.003	-12	-925	4
5	0.004	63	-240	32
6	0.005	-4	1814	15
7	0.006	45	280	9
8	0.007	24	2015	20
9	0.008	43	-892	13
10	0.009	10	-151	19
================================================================================

=== 采集时间: 2025-12-05 15:11:50 (增量周期: 10.0ms) ===
振动增量数据 [等效10000Hz, 100点]
时序序号	时间(s)	X振动(INT)	Y振动(INT)	Z振动(INT)
1	0.0000	7	9	-4
2	0.0001	15	22	22
3	0.0002	5	14	30
4	0.0003	11	26	33
5	0.0004	7	23	11
6	0.0005	6	13	-7
7	0.0006	20	26	11
8	0.0007	9	14	19
9	0.0008	16	23	30
10	0.0009	11	15	10
11	0.0010	10	13	2
12	0.0011	2	23	16
13	0.0012	-7	10	14
14	0.0013	7	24	27
15	0.0014	13	13	20
16	0.0015	15	9	1
17	0.0016	22	24	18
18	0.0017	1	14	19
19	0.0018	3	22	26
20	0.0019	5	19	14
21	0.0020	2	11	1
22	0.0021	7	22	27
23	0.0022	-2	9	26
24	0.0023	7	19	28
25	0.0024	18	23	20
26	0.0025	11	6	-2
27	0.0026	7	9	19
28	0.0027	-16	6	16
29	0.0028	-4	15	19
30	0.0029	15	23	16
31	0.0030	9	11	7
32	0.0031	14	20	20
33	0.0032	-3	11	16
34	0.0033	5	19	22
35	0.0034	19	28	9
36	0.0035	2	-2	6
37	0.0036	2	14	27
38	0.0037	-10	19	32
39	0.0038	2	26	26
40	0.0039	22	19	10
41	0.0040	9	-2	-2
42	0.0041	10	13	19
43	0.0042	2	23	20
44	0.0043	-6	13	16
45	0.0044	10	11	7
46	0.0045	0	-8	-6
47	0.0046	13	24	23
48	0.0047	2	22	19
49	0.0048	1	14	19
50	0.0049	6	9	6
51	0.0050	2	1	0
52	0.0051	16	39	28
53	0.0052	2	23	26
54	0.0053	0	15	19
55	0.0054	10	2	-3
56	0.0055	6	2	1
57	0.0056	23	35	31
58	0.0057	11	24	23
59	0.0058	6	18	26
60	0.0059	9	15	18
61	0.0060	10	5	6
62	0.0061	20	27	28
63	0.0062	3	20	27
64	0.0063	10	23	33
65	0.0064	14	18	15
66	0.0065	15	13	7
67	0.0066	23	31	28
68	0.0067	2	19	28
69	0.0068	2	20	33
70	0.0069	14	14	18
71	0.0070	15	7	3
72	0.0071	23	18	26
73	0.0072	9	19	27
74	0.0073	10	18	31
75	0.0074	13	16	9
76	0.0075	9	16	2
77	0.0076	14	23	27
78	0.0077	-2	16	28
79	0.0078	10	15	23
80	0.0079	15	18	10
81	0.0080	16	6	3
82	0.0081	22	31	28
83	0.0082	-4	19	28
84	0.0083	-3	18	24
85	0.0084	3	18	11
86	0.0085	3	2	1
87	0.0086	26	27	28
88	0.0087	10	23	30
89	0.0088	16	26	33
90	0.0089	15	18	2
91	0.0090	5	-2	-6
92	0.0091	9	13	23
93	0.0092	5	26	30
94	0.0093	10	28	37
95	0.0094	11	15	18
96	0.0095	9	-4	-7
97	0.0096	19	27	23
98	0.0097	13	23	24
99	0.0098	15	27	26
100	0.0099	11	19	16

电流增量数据 [1000Hz, 10点]
采样序号	时间(s)	A相电流(INT)	B相电流(INT)	C相电流(INT)
1	0.000	39	-918	-2
2	0.001	33	-1408	18
3	0.002	5	2514	1
4	0.003	23	-244	1
5	0.004	-8	901	19
6	0.005	31	-654	7
7	0.006	32	-118	9
8	0.007	4	-1199	1
9	0.008	5	-247	6
10	0.009	-13	482	-10
================================================================================

=== 采集时间: 2025-12-05 15:11:51 (增量周期: 10.0ms) ===
振动增量数据 [等效10000Hz, 100点]
时序序号	时间(s)	X振动(INT)	Y振动(INT)	Z振动(INT)
1	0.0000	15	11	1
2	0.0001	16	9	20
3	0.0002	5	2	11
4	0.0003	0	22	14
5	0.0004	0	15	7
6	0.0005	6	13	-3
7	0.0006	22	13	23
8	0.0007	9	11	19
9	0.0008	7	15	19
10	0.0009	9	16	7
11	0.0010	9	9	-2
12	0.0011	15	11	18
13	0.0012	3	10	20
14	0.0013	6	15	22
15	0.0014	9	22	13
16	0.0015	3	6	0
17	0.0016	15	14	18
18	0.0017	10	14	16
19	0.0018	13	28	26
20	0.0019	10	23	13
21	0.0020	6	5	-4
22	0.0021	13	11	19
23	0.0022	0	11	18
24	0.0023	9	24	20
25	0.0024	6	19	15
26	0.0025	2	2	-3
27	0.0026	14	16	22
28	0.0027	1	18	26
29	0.0028	11	20	23
30	0.0029	6	15	7
31	0.0030	9	2	1
32	0.0031	11	6	16
33	0.0032	9	13	28
34	0.0033	6	27	27
35	0.0034	0	20	11
36	0.0035	-2	5	-8
37	0.0036	10	5	13
38	0.0037	0	6	22
39	0.0038	9	27	41
40	0.0039	11	28	18
41	0.0040	9	9	-10
42	0.0041	16	7	10
43	0.0042	-7	-2	15
44	0.0043	6	23	33
45	0.0044	9	30	19
46	0.0045	6	6	3
47	0.0046	11	6	13
48	0.0047	-3	2	14
49	0.0048	14	33	23
50	0.0049	22	23	13
51	0.0050	10	10	-2
52	0.0051	6	2	16
53	0.0052	-11	9	20
54	0.0053	9	33	32
55	0.0054	16	30	19
56	0.0055	16	9	2
57	0.0056	14	6	19
58	0.0057	0	7	19
59	0.0058	11	33	30
60	0.0059	13	24	22
61	0.0060	5	16	13
62	0.0061	6	5	22
63	0.0062	1	10	15
64	0.0063	3	16	22
65	0.0064	13	26	18
66	0.0065	9	7	0
67	0.0066	14	11	22
68	0.0067	3	9	23
69	0.0068	5	19	26
70	0.0069	13	30	19
71	0.0070	3	14	1
72	0.0071	10	9	15
73	0.0072	-2	3	20
74	0.0073	3	13	27
75	0.0074	13	28	15
76	0.0075	6	14	2
77	0.0076	10	5	19
78	0.0077	0	2	16
79	0.0078	9	26	23
80	0.0079	13	30	19
81	0.0080	11	15	2
82	0.0081	18	13	20
83	0.0082	-2	9	18
84	0.0083	10	20	31
85	0.0084	10	31	23
86	0.0085	6	16	3
87	0.0086	18	14	22
88	0.0087	10	7	19
89	0.0088	15	24	30
90	0.0089	18	30	28
91	0.0090	16	28	10
92	0.0091	16	16	23
93	0.0092	1	5	19
94	0.0093	5	19	27
95	0.0094	14	33	26
96	0.0095	23	35	14
97	0.0096	23	19	22
98	0.0097	14	3	23
99	0.0098	9	14	26
100	0.0099	13	33	20

电流增量数据 [1000Hz, 10点]
采样序号	时间(s)	A相电流(INT)	B相电流(INT)	C相电流(INT)
1	0.000	-5	752	25
2	0.001	24	-680	0
3	0.002	36	-852	13
4	0.003	2	-1394	-7
5	0.004	27	2364	7
6	0.005	33	146	-15
7	0.006	43	314	2
8	0.007	10	95	9
9	0.008	37	4	-7
10	0.009	16	-1027	-3
================================================================================

=== 采集时间: 2025-12-05 15:11:51 (增量周期: 10.0ms) ===
振动增量数据 [等效10000Hz, 100点]
时序序号	时间(s)	X振动(INT)	Y振动(INT)	Z振动(INT)
1	0.0000	18	14	6
2	0.0001	24	18	27
3	0.0002	0	10	23
4	0.0003	13	22	19
5	0.0004	2	15	15
6	0.0005	3	18	7
7	0.0006	15	22	28
8	0.0007	6	10	23
9	0.0008	13	20	16
10	0.0009	10	14	7
11	0.0010	2	13	10
12	0.0011	5	15	22
13	0.0012	-2	14	18
14	0.0013	3	28	14
15	0.0014	9	13	7
16	0.0015	15	16	3
17	0.0016	16	13	20
18	0.0017	6	10	23
19	0.0018	11	24	14
20	0.0019	5	11	3
21	0.0020	10	16	5
22	0.0021	10	13	27
23	0.0022	3	18	26
24	0.0023	9	24	19
25	0.0024	10	15	9
26	0.0025	10	16	9
27	0.0026	14	14	30
28	0.0027	9	16	26
29	0.0028	7	23	23
30	0.0029	9	9	13
31	0.0030	6	15	2
32	0.0031	10	18	23
33	0.0032	3	10	20
34	0.0033	18	23	26
35	0.0034	10	27	16
36	0.0035	6	7	-3
37	0.0036	10	11	19
38	0.0037	0	1	15
39	0.0038	6	11	18
40	0.0039	13	19	6
41	0.0040	3	6	3
42	0.0041	5	13	16
43	0.0042	-2	13	23
44	0.0043	3	20	20
45	0.0044	10	19	5
46	0.0045	-3	-2	-8
47	0.0046	6	3	19
48	0.0047	3	6	18
49	0.0048	5	24	23
50	0.0049	3	14	5
51	0.0050	10	13	2
52	0.0051	1	24	23
53	0.0052	1	26	19
54	0.0053	6	1	6
55	0.0054	5	2	10
56	0.0055	13	13	9
57	0.0056	11	19	23
58	0.0057	5	14	11
59	0.0058	-3	-4	10
60	0.0059	-2	14	9
61	0.0060	7	24	6
62	0.0061	7	14	27
63	0.0062	9	11	19
64	0.0063	2	-2	14
65	0.0064	13	23	13
66	0.0065	2	14	0
67	0.0066	9	7	23
68	0.0067	2	13	18
69	0.0068	0	9	24
70	0.0069	13	27	11
71	0.0070	1	6	0
72	0.0071	14	10	26
73	0.0072	2	14	18
74	0.0073	9	15	16
75	0.0074	14	27	14
76	0.0075	-2	7	2
77	0.0076	6	13	24
78	0.0077	0	15	23
79	0.0078	5	16	22
80	0.0079	11	24	13
81	0.0080	10	9	7
82	0.0081	10	14	28
83	0.0082	7	16	23
84	0.0083	7	19	22
85	0.0084	11	27	11
86	0.0085	10	15	6
87	0.0086	9	11	22
88	0.0087	-2	9	18
89	0.0088	7	14	19
90	0.0089	15	30	19
91	0.0090	13	15	5
92	0.0091	11	15	22
93	0.0092	1	6	11
94	0.0093	3	13	19
95	0.0094	11	28	19
96	0.0095	11	15	5
97	0.0096	16	14	22
98	0.0097	1	-2	19
99	0.0098	0	20	26
100	0.0099	11	31	18

电流增量数据 [1000Hz, 10点]
采样序号	时间(s)	A相电流(INT)	B相电流(INT)	C相电流(INT)
1	0.000	38	-2043	-6
2	0.001	34	-914	-8
3	0.002	-10	-2696	18
4	0.003	16	-23	9
5	0.004	37	-127	5
6	0.005	9	1037	-4
7	0.006	36	-822	16
8	0.007	19	-966	-12
9	0.008	0	-1026	3
10	0.009	46	1182	21
================================================================================

=== 采集时间: 2025-12-05 15:11:52 (增量周期: 10.0ms) ===
振动增量数据 [等效10000Hz, 100点]
时序序号	时间(s)	X振动(INT)	Y振动(INT)	Z振动(INT)
1	0.0000	7	7	5
2	0.0001	9	18	24
3	0.0002	0	6	28
4	0.0003	0	22	11
5	0.0004	6	18	7
6	0.0005	0	7	-3
7	0.0006	10	16	22
8	0.0007	2	10	22
9	0.0008	3	14	22
10	0.0009	16	18	10
11	0.0010	0	9	-3
12	0.0011	10	20	27
13	0.0012	-4	11	23
14	0.0013	1	13	16
15	0.0014	15	15	2
16	0.0015	3	9	10
17	0.0016	9	19	33
18	0.0017	2	16	22
19	0.0018	9	14	15
20	0.0019	13	10	7
21	0.0020	0	6	6
22	0.0021	9	31	33
23	0.0022	0	13	26
24	0.0023	11	14	14
25	0.0024	18	15	6
26	0.0025	3	10	9
27	0.0026	9	32	33
28	0.0027	0	15	22
29	0.0028	7	9	9
30	0.0029	16	10	10
31	0.0030	10	18	11
32	0.0031	14	35	39
33	0.0032	2	15	26
34	0.0033	10	9	11
35	0.0034	9	7	1
36	0.0035	0	9	1
37	0.0036	6	28	32
38	0.0037	-2	15	26
39	0.0038	18	15	16
40	0.0039	13	13	13
41	0.0040	5	11	3
42	0.0041	13	30	26
43	0.0042	-2	11	18
44	0.0043	11	15	14
45	0.0044	15	14	11
46	0.0045	2	9	5
47	0.0046	14	24	27
48	0.0047	-3	15	16
49	0.0048	9	22	7
50	0.0049	9	10	9
51	0.0050	11	14	11
52	0.0051	14	26	31
53	0.0052	3	16	26
54	0.0053	5	9	5
55	0.0054	6	7	5
56	0.0055	7	7	1
57	0.0056	16	26	28
58	0.0057	3	14	27
59	0.0058	2	14	19
60	0.0059	7	10	11
61	0.0060	7	3	5
62	0.0061	10	18	24
63	0.0062	-8	11	30
64	0.0063	0	22	15
65	0.0064	13	16	7
66	0.0065	6	6	5
67	0.0066	14	16	37
68	0.0067	2	23	35
69	0.0068	13	28	30
70	0.0069	18	19	14
71	0.0070	6	-2	6
72	0.0071	13	19	33
73	0.0072	2	13	28
74	0.0073	7	27	22
75	0.0074	18	19	16
76	0.0075	7	9	9
77	0.0076	16	31	37
78	0.0077	2	18	28
79	0.0078	9	18	16
80	0.0079	18	19	14
81	0.0080	10	7	7
82	0.0081	15	33	41
83	0.0082	0	23	33
84	0.0083	9	22	15
85	0.0084	11	9	-2
86	0.0085	10	5	7
87	0.0086	14	40	41
88	0.0087	9	26	36
89	0.0088	13	31	18
90	0.0089	19	5	0
91	0.0090	10	-2	-6
92	0.0091	15	31	36
93	0.0092	2	24	39
94	0.0093	1	23	28
95	0.0094	18	9	2
96	0.0095	5	2	-4
97	0.0096	18	31	39
98	0.0097	11	19	27
99	0.0098	14	23	19
100	0.0099	15	14	10

电流增量数据 [1000Hz, 10点]
采样序号	时间(s)	A相电流(INT)	B相电流(INT)	C相电流(INT)
1	0.000	10	-1199	-10
2	0.001	-8	-1254	10
3	0.002	31	-569	21
4	0.003	6	2049	-6
5	0.004	40	-164	11
6	0.005	-19	2104	31
7	0.006	52	-595	18
8	0.007	56	-281	7
9	0.008	20	-1685	-6
10	0.009	12	-134	6
================================================================================

=== 采集时间: 2025-12-05 15:11:52 (增量周期: 10.0ms) ===
振动增量数据 [等效10000Hz, 100点]
时序序号	时间(s)	X振动(INT)	Y振动(INT)	Z振动(INT)
1	0.0000	6	11	10
2	0.0001	10	14	24
3	0.0002	3	9	23
4	0.0003	7	18	20
5	0.0004	11	13	11
6	0.0005	3	10	10
7	0.0006	6	16	24
8	0.0007	6	9	18
9	0.0008	13	16	9
10	0.0009	13	15	10
11	0.0010	2	13	7
12	0.0011	14	22	28
13	0.0012	9	14	13
14	0.0013	9	13	2
15	0.0014	15	16	10
16	0.0015	5	13	11
17	0.0016	11	31	33
18	0.0017	0	6	18
19	0.0018	6	10	9
20	0.0019	13	13	14
21	0.0020	15	16	15
22	0.0021	24	41	39
23	0.0022	5	14	28
24	0.0023	11	9	16
25	0.0024	11	9	11
26	0.0025	3	16	15
27	0.0026	15	33	39
28	0.0027	3	14	23
29	0.0028	10	9	13
30	0.0029	18	22	16
31	0.0030	9	19	16
32	0.0031	14	32	33
33	0.0032	1	9	19
34	0.0033	5	16	20
35	0.0034	15	23	16
36	0.0035	10	22	16
37	0.0036	10	22	28
38	0.0037	1	10	20
39	0.0038	6	18	14
40	0.0039	24	36	22
41	0.0040	9	13	15
42	0.0041	18	27	41
43	0.0042	3	7	20
44	0.0043	6	18	10
45	0.0044	19	22	15
46	0.0045	3	5	7
47	0.0046	19	16	31
48	0.0047	5	13	27
49	0.0048	7	14	19
50	0.0049	15	22	7
51	0.0050	13	24	16
52	0.0051	9	15	27
53	0.0052	-2	5	14
54	0.0053	0	14	13
55	0.0054	11	27	18
56	0.0055	-2	9	5
57	0.0056	14	14	22
58	0.0057	-2	6	20
59	0.0058	9	15	16
60	0.0059	20	23	15
61	0.0060	9	9	5
62	0.0061	14	5	22
63	0.0062	3	7	20
64	0.0063	6	22	22
65	0.0064	11	27	11
66	0.0065	0	10	7
67	0.0066	10	18	31
68	0.0067	7	14	22
69	0.0068	11	26	19
70	0.0069	15	23	16
71	0.0070	6	9	7
72	0.0071	13	15	15
73	0.0072	0	20	22
74	0.0073	3	27	16
75	0.0074	11	14	7
76	0.0075	0	3	10
77	0.0076	18	22	26
78	0.0077	1	9	14
79	0.0078	10	23	9
80	0.0079	18	10	3
81	0.0080	1	-3	6
82	0.0081	27	30	35
83	0.0082	-4	14	20
84	0.0083	9	24	18
85	0.0084	16	26	16
86	0.0085	6	19	9
87	0.0086	32	30	33
88	0.0087	-2	-2	20
89	0.0088	9	23	22
90	0.0089	15	32	20
91	0.0090	5	22	15
92	0.0091	19	22	27
93	0.0092	-7	-11	7
94	0.0093	9	26	13
95	0.0094	23	30	23
96	0.0095	9	16	10
97	0.0096	15	11	20
98	0.0097	-12	-20	10
99	0.0098	7	30	13
100	0.0099	14	41	18

电流增量数据 [1000Hz, 10点]
采样序号	时间(s)	A相电流(INT)	B相电流(INT)	C相电流(INT)
1	0.000	46	660	13
2	0.001	48	-569	0
3	0.002	11	-53	18
4	0.003	48	-1088	9
5	0.004	4	-950	9
6	0.005	5	144	-3
7	0.006	28	311	0
8	0.007	15	662	5
9	0.008	58	-2803	5
10	0.009	18	-433	4
================================================================================

=== 采集时间: 2025-12-05 15:11:52 (增量周期: 10.0ms) ===
振动增量数据 [等效10000Hz, 100点]
时序序号	时间(s)	X振动(INT)	Y振动(INT)	Z振动(INT)
1	0.0000	3	7	10
2	0.0001	9	20	30
3	0.0002	2	11	19
4	0.0003	10	15	15
5	0.0004	22	26	13
6	0.0005	13	2	10
7	0.0006	10	22	31
8	0.0007	3	22	24
9	0.0008	10	23	10
10	0.0009	20	27	11
11	0.0010	7	3	7
12	0.0011	7	11	22
13	0.0012	7	19	23
14	0.0013	1	15	7
15	0.0014	19	16	6
16	0.0015	5	1	2
17	0.0016	7	14	27
18	0.0017	1	15	13
19	0.0018	3	10	10
20	0.0019	15	16	10
21	0.0020	3	3	2
22	0.0021	15	19	23
23	0.0022	-3	7	15
24	0.0023	5	7	9
25	0.0024	14	15	11
26	0.0025	1	7	13
27	0.0026	6	15	28
28	0.0027	-3	10	7
29	0.0028	3	5	3
30	0.0029	9	10	7
31	0.0030	7	10	15
32	0.0031	1	19	31
33	0.0032	-7	1	15
34	0.0033	-6	3	0
35	0.0034	5	11	5
36	0.0035	1	9	3
37	0.0036	11	14	30
38	0.0037	2	6	13
39	0.0038	3	7	2
40	0.0039	11	23	10
41	0.0040	2	13	5
42	0.0041	6	19	27
43	0.0042	3	11	27
44	0.0043	5	10	15
45	0.0044	14	23	16
46	0.0045	14	13	10
47	0.0046	14	14	31
48	0.0047	3	9	23
49	0.0048	2	13	14
50	0.0049	15	26	11
51	0.0050	3	9	7
52	0.0051	10	13	32
53	0.0052	7	9	19
54	0.0053	9	11	10
55	0.0054	15	15	11
56	0.0055	3	7	7
57	0.0056	10	15	24
58	0.0057	0	18	26
59	0.0058	5	13	14
60	0.0059	14	19	9
61	0.0060	13	13	9
62	0.0061	9	13	23
63	0.0062	6	0	18
64	0.0063	9	20	14
65	0.0064	15	28	14
66	0.0065	0	10	13
67	0.0066	2	19	30
68	0.0067	-3	13	22
69	0.0068	6	20	10
70	0.0069	19	28	15
71	0.0070	7	7	9
72	0.0071	16	23	35
73	0.0072	2	20	26
74	0.0073	10	11	15
75	0.0074	14	23	15
76	0.0075	0	2	7
77	0.0076	7	20	32
78	0.0077	9	24	28
79	0.0078	9	11	10
80	0.0079	14	11	3
81	0.0080	5	-3	11
82	0.0081	7	23	37
83	0.0082	10	28	26
84	0.0083	6	11	6
85	0.0084	9	6	6
86	0.0085	5	5	6
87	0.0086	3	35	37
88	0.0087	9	28	27
89	0.0088	10	1	5
90	0.0089	20	13	6
91	0.0090	16	18	15
92	0.0091	15	36	33
93	0.0092	9	23	16
94	0.0093	2	-2	7
95	0.0094	10	19	10
96	0.0095	14	23	19
97	0.0096	13	27	33
98	0.0097	5	15	30
99	0.0098	1	-4	10
100	0.0099	13	23	10

电流增量数据 [1000Hz, 10点]
采样序号	时间(s)	A相电流(INT)	B相电流(INT)	C相电流(INT)
1	0.000	2	-2042	0
2	0.001	5	-526	-7
3	0.002	49	276	-2
4	0.003	23	694	22
5	0.004	7	-1172	-12
6	0.005	11	-1026	6
7	0.006	30	-1352	7
8	0.007	5	1835	5
9	0.008	27	138	-8
10	0.009	31	342	16
================================================================================

=== 采集时间: 2025-12-05 15:11:53 (增量周期: 10.0ms) ===
振动增量数据 [等效10000Hz, 100点]
时序序号	时间(s)	X振动(INT)	Y振动(INT)	Z振动(INT)
1	0.0000	11	14	9
2	0.0001	11	27	33
3	0.0002	5	16	24
4	0.0003	7	10	10
5	0.0004	15	22	14
6	0.0005	7	14	16
7	0.0006	13	22	30
8	0.0007	9	20	15
9	0.0008	9	6	11
10	0.0009	15	15	18
11	0.0010	11	19	10
12	0.0011	1	15	28
13	0.0012	2	13	24
14	0.0013	-6	6	7
15	0.0014	19	26	3
16	0.0015	10	18	15
17	0.0016	3	13	28
18	0.0017	3	14	16
19	0.0018	0	15	1
20	0.0019	15	24	10
21	0.0020	5	13	15
22	0.0021	14	26	28
23	0.0022	0	15	16
24	0.0023	6	18	14
25	0.0024	18	19	9
26	0.0025	3	5	5
27	0.0026	7	18	33
28	0.0027	5	24	26
29	0.0028	14	27	7
30	0.0029	20	18	11
31	0.0030	7	-10	5
32	0.0031	3	15	30
33	0.0032	5	37	28
34	0.0033	14	26	9
35	0.0034	13	6	10
36	0.0035	0	-6	6
37	0.0036	1	19	30
38	0.0037	0	31	24
39	0.0038	1	10	5
40	0.0039	14	6	5
41	0.0040	9	9	7
42	0.0041	6	24	33
43	0.0042	-2	24	14
44	0.0043	-4	6	-4
45	0.0044	5	3	3
46	0.0045	2	13	13
47	0.0046	10	32	32
48	0.0047	5	18	18
49	0.0048	0	7	5
50	0.0049	3	0	5
51	0.0050	3	2	6
52	0.0051	3	-2	23
53	0.0052	0	13	19
54	0.0053	7	26	14
55	0.0054	2	13	11
56	0.0055	-7	1	0
57	0.0056	3	13	30
58	0.0057	5	20	22
59	0.0058	7	19	10
60	0.0059	7	13	6
61	0.0060	-3	-7	3
62	0.0061	5	19	30
63	0.0062	3	14	19
64	0.0063	2	14	7
65	0.0064	7	3	11
66	0.0065	-6	3	6
67	0.0066	15	22	32
68	0.0067	3	28	26
69	0.0068	6	6	9
70	0.0069	7	7	6
71	0.0070	5	7	0
72	0.0071	7	19	27
73	0.0072	0	19	26
74	0.0073	-2	9	9
75	0.0074	6	16	10
76	0.0075	6	9	7
77	0.0076	14	18	36
78	0.0077	7	19	31
79	0.0078	5	14	10
80	0.0079	18	15	2
81	0.0080	6	14	7
82	0.0081	13	6	28
83	0.0082	0	13	27
84	0.0083	13	31	23
85	0.0084	14	22	9
86	0.0085	0	10	5
87	0.0086	7	3	19
88	0.0087	-2	-2	18
89	0.0088	14	22	23
90	0.0089	26	28	22
91	0.0090	-7	7	3
92	0.0091	13	13	20
93	0.0092	-14	2	11
94	0.0093	18	32	15
95	0.0094	20	30	10
96	0.0095	0	1	11
97	0.0096	19	18	31
98	0.0097	-4	13	26
99	0.0098	15	35	15
100	0.0099	6	18	11

电流增量数据 [1000Hz, 10点]
采样序号	时间(s)	A相电流(INT)	B相电流(INT)	C相电流(INT)
1	0.000	23	-2688	19
2	0.001	24	-887	-7
3	0.002	57	-2526	5
4	0.003	21	-287	18
5	0.004	37	-203	9
6	0.005	23	705	23
7	0.006	43	-1182	1
8	0.007	31	-1063	-2
9	0.008	28	-1273	9
10	0.009	-16	716	29
================================================================================

=== 采集时间: 2025-12-05 15:11:53 (增量周期: 10.0ms) ===
振动增量数据 [等效10000Hz, 100点]
时序序号	时间(s)	X振动(INT)	Y振动(INT)	Z振动(INT)
1	0.0000	14	20	19
2	0.0001	3	23	31
3	0.0002	2	13	13
4	0.0003	10	1	-3
5	0.0004	15	18	16
6	0.0005	24	14	20
7	0.0006	10	19	33
8	0.0007	2	13	13
9	0.0008	2	9	1
10	0.0009	6	24	11
11	0.0010	13	19	15
12	0.0011	-3	13	31
13	0.0012	6	18	23
14	0.0013	5	11	10
15	0.0014	16	30	15
16	0.0015	15	22	14
17	0.0016	0	13	23
18	0.0017	3	23	11
19	0.0018	-3	9	3
20	0.0019	18	23	15
21	0.0020	10	13	11
22	0.0021	10	14	33
23	0.0022	13	30	20
24	0.0023	11	11	6
25	0.0024	28	18	14
26	0.0025	3	3	14
27	0.0026	5	13	39
28	0.0027	0	33	27
29	0.0028	2	20	13
30	0.0029	19	26	13
31	0.0030	7	1	15
32	0.0031	13	14	35
33	0.0032	6	32	24
34	0.0033	7	15	7
35	0.0034	7	16	11
36	0.0035	-2	0	11
37	0.0036	9	26	35
38	0.0037	7	30	22
39	0.0038	6	14	5
40	0.0039	3	6	1
41	0.0040	3	2	11
42	0.0041	5	23	35
43	0.0042	11	28	24
44	0.0043	1	6	2
45	0.0044	10	7	6
46	0.0045	0	6	7
47	0.0046	7	31	32
48	0.0047	3	23	24
49	0.0048	3	2	7
50	0.0049	11	2	10
51	0.0050	2	-7	3
52	0.0051	9	16	32
53	0.0052	10	31	24
54	0.0053	13	19	13
55	0.0054	6	1	9
56	0.0055	0	-4	2
57	0.0056	0	19	22
58	0.0057	5	27	22
59	0.0058	7	15	3
60	0.0059	10	6	9
61	0.0060	1	-4	2
62	0.0061	1	18	27
63	0.0062	5	20	18
64	0.0063	2	19	3
65	0.0064	10	13	15
66	0.0065	3	9	14
67	0.0066	5	20	39
68	0.0067	3	19	18
69	0.0068	0	7	-2
70	0.0069	7	16	13
71	0.0070	5	7	15
72	0.0071	7	16	33
73	0.0072	1	15	24
74	0.0073	-3	9	7
75	0.0074	5	16	7
76	0.0075	-3	5	6
77	0.0076	2	3	26
78	0.0077	-3	7	15
79	0.0078	3	11	6
80	0.0079	15	16	7
81	0.0080	-7	-2	2
82	0.0081	0	6	26
83	0.0082	-6	7	10
84	0.0083	3	14	3
85	0.0084	13	18	13
86	0.0085	-4	6	10
87	0.0086	10	19	30
88	0.0087	1	16	10
89	0.0088	10	11	5
90	0.0089	11	18	10
91	0.0090	-2	11	11
92	0.0091	7	19	30
93	0.0092	2	16	22
94	0.0093	10	10	9
95	0.0094	15	16	10
96	0.0095	3	2	6
97	0.0096	6	15	35
98	0.0097	7	16	20
99	0.0098	13	16	10
100	0.0099	13	15	15

电流增量数据 [1000Hz, 10点]
采样序号	时间(s)	A相电流(INT)	B相电流(INT)	C相电流(INT)
1	0.000	6	104	-5
2	0.001	1	177	0
3	0.002	29	-3324	-2
4	0.003	15	-300	6
5	0.004	6	-2696	-24
6	0.005	6	-244	16
7	0.006	49	-648	2
8	0.007	28	266	-4
9	0.008	4	-851	-8
10	0.009	30	-1145	9
================================================================================

=== 采集时间: 2025-12-05 15:11:54 (增量周期: 10.0ms) ===
振动增量数据 [等效10000Hz, 100点]
时序序号	时间(s)	X振动(INT)	Y振动(INT)	Z振动(INT)
1	0.0000	-3	-2	10
2	0.0001	1	9	28
3	0.0002	2	13	13
4	0.0003	-3	13	1
5	0.0004	14	18	11
6	0.0005	-2	-6	10
7	0.0006	6	13	20
8	0.0007	-2	14	15
9	0.0008	2	7	1
10	0.0009	9	18	11
11	0.0010	-6	2	13
12	0.0011	5	14	30
13	0.0012	0	16	18
14	0.0013	2	5	-2
15	0.0014	11	28	11
16	0.0015	-2	6	14
17	0.0016	6	16	36
18	0.0017	5	19	18
19	0.0018	7	13	2
20	0.0019	19	22	11
21	0.0020	11	5	10
22	0.0021	15	14	27
23	0.0022	10	18	19
24	0.0023	11	23	7
25	0.0024	14	27	15
26	0.0025	-2	2	7
27	0.0026	9	7	27
28	0.0027	10	19	14
29	0.0028	14	16	10
30	0.0029	16	24	15
31	0.0030	-3	5	10
32	0.0031	5	16	28
33	0.0032	3	24	19
34	0.0033	1	22	6
35	0.0034	15	19	18
36	0.0035	5	1	7
37	0.0036	15	18	36
38	0.0037	9	13	20
39	0.0038	11	18	9
40	0.0039	7	31	15
41	0.0040	0	13	13
42	0.0041	5	5	23
43	0.0042	5	6	19
44	0.0043	9	6	6
45	0.0044	19	27	24
46	0.0045	15	14	16
47	0.0046	10	7	28
48	0.0047	2	6	15
49	0.0048	2	14	2
50	0.0049	3	30	18
51	0.0050	9	9	15
52	0.0051	3	7	28
53	0.0052	15	16	22
54	0.0053	13	27	14
55	0.0054	20	33	23
56	0.0055	0	2	9
57	0.0056	-10	5	26
58	0.0057	1	19	20
59	0.0058	14	16	6
60	0.0059	20	31	24
61	0.0060	0	14	10
62	0.0061	7	14	24
63	0.0062	6	10	19
64	0.0063	13	14	15
65	0.0064	28	39	26
66	0.0065	3	16	18
67	0.0066	6	16	31
68	0.0067	2	16	18
69	0.0068	15	16	13
70	0.0069	27	37	23
71	0.0070	11	11	16
72	0.0071	9	7	28
73	0.0072	-2	10	16
74	0.0073	9	19	10
75	0.0074	14	27	14
76	0.0075	3	9	14
77	0.0076	0	1	23
78	0.0077	2	9	14
79	0.0078	6	16	0
80	0.0079	15	30	16
81	0.0080	2	-2	10
82	0.0081	1	9	24
83	0.0082	7	16	16
84	0.0083	5	16	7
85	0.0084	15	23	16
86	0.0085	0	6	15
87	0.0086	5	13	24
88	0.0087	10	14	20
89	0.0088	10	19	15
90	0.0089	19	22	27
91	0.0090	9	15	16
92	0.0091	10	14	30
93	0.0092	14	19	15
94	0.0093	14	10	11
95	0.0094	27	26	31
96	0.0095	9	16	26
97	0.0096	15	23	30
98	0.0097	3	16	13
99	0.0098	10	5	2
100	0.0099	16	19	19

电流增量数据 [1000Hz, 10点]
采样序号	时间(s)	A相电流(INT)	B相电流(INT)	C相电流(INT)
1	0.000	21	92	19
2	0.001	19	236	18
3	0.002	29	-1356	27
4	0.003	16	-1203	-4
5	0.004	28	-1741	6
6	0.005	13	2434	23
7	0.006	50	-84	7
8	0.007	16	270	5
9	0.008	43	-597	10
10	0.009	-5	-238	5
================================================================================

=== 采集时间: 2025-12-05 15:11:54 (增量周期: 10.0ms) ===
振动增量数据 [等效10000Hz, 100点]
时序序号	时间(s)	X振动(INT)	Y振动(INT)	Z振动(INT)
1	0.0000	3	-7	7
2	0.0001	15	20	32
3	0.0002	11	24	22
4	0.0003	9	26	7
5	0.0004	11	19	11
6	0.0005	-16	-2	11
7	0.0006	1	20	28
8	0.0007	3	18	23
9	0.0008	15	18	10
10	0.0009	20	18	22
11	0.0010	0	9	15
12	0.0011	7	23	23
13	0.0012	5	9	19
14	0.0013	7	10	9
15	0.0014	13	24	24
16	0.0015	-3	13	23
17	0.0016	2	13	22
18	0.0017	10	2	11
19	0.0018	3	11	7
20	0.0019	18	18	16
21	0.0020	-7	11	16
22	0.0021	5	15	23
23	0.0022	6	11	15
24	0.0023	13	13	7
25	0.0024	13	19	11
26	0.0025	2	10	16
27	0.0026	3	18	23
28	0.0027	7	22	14
29	0.0028	10	15	7
30	0.0029	13	16	19
31	0.0030	2	6	24
32	0.0031	7	28	31
33	0.0032	11	24	18
34	0.0033	18	6	6
35	0.0034	19	13	11
36	0.0035	3	13	20
37	0.0036	-2	27	39
38	0.0037	6	16	14
39	0.0038	6	9	0
40	0.0039	20	9	14
41	0.0040	10	13	18
42	0.0041	15	33	37
43	0.0042	11	6	18
44	0.0043	5	3	-7
45	0.0044	13	19	11
46	0.0045	-6	20	11
47	0.0046	2	27	30
48	0.0047	0	9	11
49	0.0048	10	3	-2
50	0.0049	23	14	16
51	0.0050	5	13	19
52	0.0051	-3	28	31
53	0.0052	-2	19	15
54	0.0053	1	-4	-3
55	0.0054	10	5	14
56	0.0055	0	2	19
57	0.0056	7	23	36
58	0.0057	14	15	18
59	0.0058	15	3	-6
60	0.0059	14	-3	5
61	0.0060	9	7	14
62	0.0061	0	9	20
63	0.0062	-2	18	13
64	0.0063	-6	9	3
65	0.0064	6	15	14
66	0.0065	-2	-6	10
67	0.0066	6	15	31
68	0.0067	13	30	18
69	0.0068	6	3	-3
70	0.0069	16	6	2
71	0.0070	-3	-10	7
72	0.0071	2	15	32
73	0.0072	5	30	23
74	0.0073	2	10	-2
75	0.0074	13	14	10
76	0.0075	2	-2	14
77	0.0076	14	19	35
78	0.0077	9	28	24
79	0.0078	0	13	9
80	0.0079	10	14	15
81	0.0080	-7	5	13
82	0.0081	11	27	39
83	0.0082	11	33	22
84	0.0083	9	6	3
85	0.0084	13	11	7
86	0.0085	-4	-2	11
87	0.0086	5	27	36
88	0.0087	9	30	24
89	0.0088	5	15	6
90	0.0089	11	7	6
91	0.0090	-2	-2	9
92	0.0091	11	19	30
93	0.0092	10	26	22
94	0.0093	10	23	7
95	0.0094	11	16	14
96	0.0095	1	-2	10
97	0.0096	9	23	28
98	0.0097	5	31	28
99	0.0098	11	19	6
100	0.0099	16	19	10

电流增量数据 [1000Hz, 10点]
采样序号	时间(s)	A相电流(INT)	B相电流(INT)	C相电流(INT)
1	0.000	21	-2525	-5
2	0.001	10	-2077	4
3	0.002	33	-1359	-15
4	0.003	25	-2707	7
5	0.004	12	-726	4
6	0.005	19	-227	6
7	0.006	13	557	4
8	0.007	-3	-1374	12
9	0.008	33	-1222	4
10	0.009	-13	-1350	-12
================================================================================

=== 采集时间: 2025-12-05 15:11:54 (增量周期: 10.0ms) ===
振动增量数据 [等效10000Hz, 100点]
时序序号	时间(s)	X振动(INT)	Y振动(INT)	Z振动(INT)
1	0.0000	0	2	11
2	0.0001	-3	7	24
3	0.0002	3	14	14
4	0.0003	2	13	6
5	0.0004	5	15	16
6	0.0005	-3	2	11
7	0.0006	5	5	22
8	0.0007	13	11	7
9	0.0008	-3	2	-4
10	0.0009	10	19	24
11	0.0010	-6	6	14
12	0.0011	5	13	23
13	0.0012	10	10	5
14	0.0013	0	3	6
15	0.0014	15	23	22
16	0.0015	6	22	16
17	0.0016	10	22	27
18	0.0017	5	3	18
19	0.0018	1	13	1
20	0.0019	19	32	24
21	0.0020	3	13	11
22	0.0021	11	9	28
23	0.0022	2	7	16
24	0.0023	13	7	6
25	0.0024	15	31	31
26	0.0025	2	22	20
27	0.0026	5	11	22
28	0.0027	-3	-4	7
29	0.0028	9	-4	2
30	0.0029	18	26	20
31	0.0030	18	24	19
32	0.0031	14	10	16
33	0.0032	2	0	6
34	0.0033	10	14	2
35	0.0034	7	27	18
36	0.0035	3	19	19
37	0.0036	5	1	20
38	0.0037	9	9	18
39	0.0038	27	31	7
40	0.0039	20	30	24
41	0.0040	1	11	23
42	0.0041	1	7	22
43	0.0042	-4	23	16
44	0.0043	14	33	18
45	0.0044	18	15	28
46	0.0045	16	6	23
47	0.0046	15	14	26
48	0.0047	11	20	24
49	0.0048	5	23	2
50	0.0049	9	1	16
51	0.0050	0	24	23
52	0.0051	-2	13	31
53	0.0052	3	11	15
54	0.0053	6	7	1
55	0.0054	27	23	26
56	0.0055	7	16	28
57	0.0056	7	19	26
58	0.0057	2	10	9
59	0.0058	1	6	1
60	0.0059	18	18	23
61	0.0060	1	18	23
62	0.0061	13	23	32
63	0.0062	9	3	7
64	0.0063	2	5	-3
65	0.0064	11	16	18
66	0.0065	-6	14	18
67	0.0066	5	16	26
68	0.0067	10	13	11
69	0.0068	11	15	7
70	0.0069	13	15	20
71	0.0070	-2	14	18
72	0.0071	10	16	23
73	0.0072	7	15	9
74	0.0073	1	9	6
75	0.0074	13	26	26
76	0.0075	-2	16	27
77	0.0076	18	24	30
78	0.0077	13	15	14
79	0.0078	6	7	-2
80	0.0079	14	9	16
81	0.0080	5	15	20
82	0.0081	23	24	32
83	0.0082	7	16	18
84	0.0083	2	6	1
85	0.0084	10	10	11
86	0.0085	5	13	18
87	0.0086	27	37	35
88	0.0087	15	16	23
89	0.0088	11	13	7
90	0.0089	15	22	22
91	0.0090	2	24	23
92	0.0091	18	32	35
93	0.0092	5	10	16
94	0.0093	13	19	7
95	0.0094	19	23	27
96	0.0095	11	27	22
97	0.0096	19	20	36
98	0.0097	9	7	19
99	0.0098	14	26	10
100	0.0099	15	31	27

电流增量数据 [1000Hz, 10点]
采样序号	时间(s)	A相电流(INT)	B相电流(INT)	C相电流(INT)
1	0.000	9	390	6
2	0.001	14	-1291	-2
3	0.002	-21	-1203	3
4	0.003	11	-1219	-3
5	0.004	38	-194	2
6	0.005	31	1535	1
7	0.006	12	-232	15
8	0.007	12	1546	-5
9	0.008	14	-1063	18
10	0.009	25	-294	-12
================================================================================

=== 采集时间: 2025-12-05 15:11:55 (增量周期: 10.0ms) ===
振动增量数据 [等效10000Hz, 100点]
时序序号	时间(s)	X振动(INT)	Y振动(INT)	Z振动(INT)
1	0.0000	-2	-15	5
2	0.0001	-3	18	28
3	0.0002	16	41	32
4	0.0003	11	16	9
5	0.0004	18	9	14
6	0.0005	2	-12	6
7	0.0006	1	20	28
8	0.0007	20	39	22
9	0.0008	2	6	-2
10	0.0009	9	1	6
11	0.0010	-16	-11	13
12	0.0011	-6	28	36
13	0.0012	20	45	22
14	0.0013	15	11	3
15	0.0014	23	10	22
16	0.0015	-6	-2	14
17	0.0016	1	32	30
18	0.0017	10	32	22
19	0.0018	2	-3	3
20	0.0019	16	20	18
21	0.0020	-2	5	19
22	0.0021	13	20	31
23	0.0022	18	18	13
24	0.0023	9	-2	2
25	0.0024	15	16	20
26	0.0025	-10	5	22
27	0.0026	3	24	27
28	0.0027	7	19	19
29	0.0028	11	2	7
30	0.0029	16	26	19
31	0.0030	3	15	19
32	0.0031	6	16	27
33	0.0032	3	18	18
34	0.0033	11	13	5
35	0.0034	20	31	22
36	0.0035	0	2	28
37	0.0036	0	14	23
38	0.0037	6	19	9
39	0.0038	3	7	1
40	0.0039	19	14	15
41	0.0040	-3	5	19
42	0.0041	-3	13	27
43	0.0042	7	19	14
44	0.0043	14	10	-2
45	0.0044	23	18	18
46	0.0045	1	7	22
47	0.0046	-4	19	27
48	0.0047	6	30	14
49	0.0048	2	13	3
50	0.0049	10	11	18
51	0.0050	0	26	22
52	0.0051	-2	6	16
53	0.0052	0	-3	2
54	0.0053	9	-2	-6
55	0.0054	20	33	20
56	0.0055	13	18	20
57	0.0056	3	1	18
58	0.0057	9	-2	2
59	0.0058	-3	3	-3
60	0.0059	3	30	23
61	0.0060	0	13	14
62	0.0061	2	2	19
63	0.0062	14	10	15
64	0.0063	15	13	10
65	0.0064	15	28	15
66	0.0065	2	9	15
67	0.0066	-11	6	23
68	0.0067	0	18	15
69	0.0068	5	15	1
70	0.0069	13	9	16
71	0.0070	-2	-2	16
72	0.0071	7	15	27
73	0.0072	14	26	13
74	0.0073	6	6	-8
75	0.0074	9	0	10
76	0.0075	-11	3	14
77	0.0076	2	23	37
78	0.0077	11	32	15
79	0.0078	3	-7	-11
80	0.0079	15	-8	11
81	0.0080	-6	6	14
82	0.0081	10	31	32
83	0.0082	6	31	20
84	0.0083	1	0	-3
85	0.0084	9	6	15
86	0.0085	0	9	15
87	0.0086	9	30	30
88	0.0087	9	23	19
89	0.0088	10	2	1
90	0.0089	9	6	19
91	0.0090	-3	11	22
92	0.0091	3	32	32
93	0.0092	10	24	19
94	0.0093	9	5	3
95	0.0094	19	7	18
96	0.0095	7	10	23
97	0.0096	10	23	26
98	0.0097	10	26	15
99	0.0098	5	11	2
100	0.0099	13	9	13

电流增量数据 [1000Hz, 10点]
采样序号	时间(s)	A相电流(INT)	B相电流(INT)	C相电流(INT)
1	0.000	0	209	0
2	0.001	16	-3259	0
3	0.002	27	-495	-15
4	0.003	5	-2588	-13
5	0.004	-12	-303	-10
6	0.005	27	-713	5
7	0.006	31	181	12
8	0.007	10	-813	-10
9	0.008	2	-1171	9
10	0.009	0	-1218	10
================================================================================

=== 采集时间: 2025-12-05 15:11:55 (增量周期: 10.0ms) ===
振动增量数据 [等效10000Hz, 100点]
时序序号	时间(s)	X振动(INT)	Y振动(INT)	Z振动(INT)
1	0.0000	5	11	16
2	0.0001	2	1	14
3	0.0002	6	6	18
4	0.0003	18	20	10
5	0.0004	23	23	20
6	0.0005	6	20	24
7	0.0006	-4	-2	11
8	0.0007	0	2	11
9	0.0008	5	16	13
10	0.0009	20	28	26
11	0.0010	0	9	23
12	0.0011	7	5	18
13	0.0012	7	9	11
14	0.0013	13	31	11
15	0.0014	20	26	31
16	0.0015	-14	-7	15
17	0.0016	1	10	22
18	0.0017	-2	23	20
19	0.0018	13	35	15
20	0.0019	18	18	22
21	0.0020	-6	-8	13
22	0.0021	7	10	13
23	0.0022	0	26	15
24	0.0023	0	23	0
25	0.0024	0	0	15
26	0.0025	-11	-2	13
27	0.0026	13	24	23
28	0.0027	15	19	14
29	0.0028	14	9	-2
30	0.0029	5	-8	14
31	0.0030	-11	2	19
32	0.0031	5	32	26
33	0.0032	3	19	15
34	0.0033	10	2	-2
35	0.0034	10	-2	22
36	0.0035	7	11	24
37	0.0036	6	30	23
38	0.0037	9	16	7
39	0.0038	0	6	3
40	0.0039	7	10	31
41	0.0040	6	14	22
42	0.0041	11	24	22
43	0.0042	6	9	9
44	0.0043	0	5	-2
45	0.0044	14	14	20
46	0.0045	-2	9	13
47	0.0046	7	14	19
48	0.0047	7	14	7
49	0.0048	7	10	1
50	0.0049	15	18	16
51	0.0050	-4	2	20
52	0.0051	18	19	22
53	0.0052	24	19	10
54	0.0053	6	10	0
55	0.0054	11	15	19
56	0.0055	-2	5	16
57	0.0056	10	23	23
58	0.0057	7	18	13
59	0.0058	1	5	1
60	0.0059	10	9	19
61	0.0060	5	0	9
62	0.0061	15	19	22
63	0.0062	14	20	15
64	0.0063	3	6	1
65	0.0064	6	13	26
66	0.0065	-3	5	20
67	0.0066	1	24	23
68	0.0067	15	19	9
69	0.0068	7	-3	3
70	0.0069	24	19	24
71	0.0070	11	24	35
72	0.0071	6	23	27
73	0.0072	5	18	10
74	0.0073	-4	7	2
75	0.0074	16	33	28
76	0.0075	11	26	32
77	0.0076	13	14	31
78	0.0077	15	11	10
79	0.0078	5	5	0
80	0.0079	19	35	33
81	0.0080	-3	19	27
82	0.0081	3	15	32
83	0.0082	11	16	18
84	0.0083	7	9	9
85	0.0084	22	35	32
86	0.0085	1	10	19
87	0.0086	6	6	16
88	0.0087	7	15	10
89	0.0088	7	22	6
90	0.0089	9	31	31
91	0.0090	-4	7	27
92	0.0091	5	18	23
93	0.0092	10	22	10
94	0.0093	16	20	3
95	0.0094	16	20	26
96	0.0095	1	3	23
97	0.0096	6	15	24
98	0.0097	10	28	18
99	0.0098	9	18	10
100	0.0099	9	16	22

电流增量数据 [1000Hz, 10点]
采样序号	时间(s)	A相电流(INT)	B相电流(INT)	C相电流(INT)
1	0.000	18	-1693	-11
2	0.001	7	-1264	13
3	0.002	12	-1295	-13
4	0.003	0	-83	2
5	0.004	19	58	-2
6	0.005	-8	-1158	11
7	0.006	0	-1278	5
8	0.007	9	-1879	4
9	0.008	-31	2369	5
10	0.009	19	-51	9
================================================================================

=== 采集时间: 2025-12-05 15:11:56 (增量周期: 10.0ms) ===
振动增量数据 [等效10000Hz, 100点]
时序序号	时间(s)	X振动(INT)	Y振动(INT)	Z振动(INT)
1	0.0000	1	3	16
2	0.0001	1	0	11
3	0.0002	5	0	11
4	0.0003	5	20	13
5	0.0004	20	30	33
6	0.0005	7	2	13
7	0.0006	3	3	10
8	0.0007	9	7	11
9	0.0008	0	26	7
10	0.0009	19	27	23
11	0.0010	-6	-2	15
12	0.0011	3	7	20
13	0.0012	15	27	19
14	0.0013	10	30	11
15	0.0014	23	24	26
16	0.0015	-7	-3	16
17	0.0016	14	33	28
18	0.0017	20	33	31
19	0.0018	11	23	20
20	0.0019	18	16	31
21	0.0020	-3	-3	22
22	0.0021	13	32	26
23	0.0022	18	24	19
24	0.0023	14	19	13
25	0.0024	13	15	27
26	0.0025	-3	0	24
27	0.0026	11	35	26
28	0.0027	11	20	16
29	0.0028	20	15	6
30	0.0029	11	9	18
31	0.0030	3	6	23
32	0.0031	5	28	23
33	0.0032	13	30	22
34	0.0033	7	18	5
35	0.0034	15	16	26
36	0.0035	1	9	18
37	0.0036	13	30	23
38	0.0037	15	32	19
39	0.0038	11	11	7
40	0.0039	15	19	28
41	0.0040	-3	7	18
42	0.0041	7	26	24
43	0.0042	5	19	16
44	0.0043	9	10	6
45	0.0044	27	18	24
46	0.0045	7	7	26
47	0.0046	3	16	27
48	0.0047	9	15	14
49	0.0048	3	9	1
50	0.0049	15	18	23
51	0.0050	-2	14	27
52	0.0051	11	22	28
53	0.0052	15	16	10
54	0.0053	3	-3	5
55	0.0054	15	19	36
56	0.0055	5	16	32
57	0.0056	15	23	30
58	0.0057	14	18	9
59	0.0058	3	-6	2
60	0.0059	10	16	35
61	0.0060	9	16	32
62	0.0061	13	26	30
63	0.0062	9	13	15
64	0.0063	10	-4	2
65	0.0064	11	16	26
66	0.0065	10	23	28
67	0.0066	6	16	20
68	0.0067	7	16	10
69	0.0068	0	-3	-4
70	0.0069	9	20	22
71	0.0070	7	26	30
72	0.0071	10	16	23
73	0.0072	16	18	6
74	0.0073	7	5	2
75	0.0074	18	27	28
76	0.0075	-2	14	24
77	0.0076	1	3	23
78	0.0077	11	18	11
79	0.0078	13	13	18
80	0.0079	23	33	37
81	0.0080	11	9	27
82	0.0081	7	7	24
83	0.0082	13	15	14
84	0.0083	7	16	10
85	0.0084	19	24	35
86	0.0085	7	9	24
87	0.0086	9	11	28
88	0.0087	19	27	16
89	0.0088	10	16	10
90	0.0089	14	19	28
91	0.0090	-2	5	18
92	0.0091	10	13	27
93	0.0092	16	30	18
94	0.0093	13	19	13
95	0.0094	13	19	28
96	0.0095	0	2	22
97	0.0096	1	10	19
98	0.0097	11	27	20
99	0.0098	6	10	13
100	0.0099	10	11	30

电流增量数据 [1000Hz, 10点]
采样序号	时间(s)	A相电流(INT)	B相电流(INT)	C相电流(INT)
1	0.000	28	812	-3
2	0.001	27	-847	11
3	0.002	29	-992	-8
4	0.003	30	-2145	4
5	0.004	27	-120	5
6	0.005	-7	537	-7
7	0.006	-8	-147	4
8	0.007	3	-3053	-22
9	0.008	12	-1546	-3
10	0.009	29	-1459	-2
================================================================================

=== 采集时间: 2025-12-05 15:11:56 (增量周期: 10.0ms) ===
振动增量数据 [等效10000Hz, 100点]
时序序号	时间(s)	X振动(INT)	Y振动(INT)	Z振动(INT)
1	0.0000	3	9	20
2	0.0001	5	19	19
3	0.0002	3	24	18
4	0.0003	2	13	9
5	0.0004	13	26	28
6	0.0005	0	13	24
7	0.0006	6	13	18
8	0.0007	13	18	13
9	0.0008	9	15	5
10	0.0009	23	23	26
11	0.0010	-2	3	24
12	0.0011	5	14	19
13	0.0012	1	16	10
14	0.0013	9	10	6
15	0.0014	15	19	22
16	0.0015	2	9	19
17	0.0016	6	16	20
18	0.0017	11	22	14
19	0.0018	14	22	10
20	0.0019	14	20	23
21	0.0020	-3	10	28
22	0.0021	7	23	16
23	0.0022	13	27	10
24	0.0023	11	19	14
25	0.0024	20	19	28
26	0.0025	2	9	24
27	0.0026	14	30	20
28	0.0027	11	20	11
29	0.0028	3	16	7
30	0.0029	11	10	27
31	0.0030	0	6	20
32	0.0031	11	19	20
33	0.0032	10	24	13
34	0.0033	11	5	-2
35	0.0034	5	0	14
36	0.0035	-3	3	20
37	0.0036	-2	16	11
38	0.0037	7	18	5
39	0.0038	1	6	-2
40	0.0039	11	10	24
41	0.0040	3	15	23
42	0.0041	10	24	18
43	0.0042	6	16	5
44	0.0043	-6	6	2
45	0.0044	6	16	28
46	0.0045	2	18	23
47	0.0046	11	24	24
48	0.0047	13	13	13
49	0.0048	6	0	2
50	0.0049	7	18	26
51	0.0050	2	13	22
52	0.0051	2	6	18
53	0.0052	9	5	7
54	0.0053	1	-3	2
55	0.0054	9	14	24
56	0.0055	-7	10	20
57	0.0056	-3	-2	7
58	0.0057	9	5	1
59	0.0058	-10	-2	-2
60	0.0059	13	23	27
61	0.0060	-6	16	26
62	0.0061	7	16	22
63	0.0062	9	9	13
64	0.0063	3	-6	-2
65	0.0064	13	19	23
66	0.0065	2	10	14
67	0.0066	13	22	16
68	0.0067	13	13	16
69	0.0068	-3	-3	2
70	0.0069	2	24	23
71	0.0070	-4	9	15
72	0.0071	9	19	14
73	0.0072	15	7	6
74	0.0073	7	2	1
75	0.0074	18	23	28
76	0.0075	-4	9	18
77	0.0076	-3	20	18
78	0.0077	5	18	7
79	0.0078	1	5	5
80	0.0079	20	22	28
81	0.0080	2	7	22
82	0.0081	10	16	23
83	0.0082	15	14	13
84	0.0083	7	10	7
85	0.0084	9	16	23
86	0.0085	-6	10	22
87	0.0086	6	19	23
88	0.0087	14	24	13
89	0.0088	9	10	10
90	0.0089	15	15	26
91	0.0090	0	2	10
92	0.0091	7	18	14
93	0.0092	13	30	13
94	0.0093	2	10	10
95	0.0094	14	27	28
96	0.0095	-6	5	16
97	0.0096	13	24	16
98	0.0097	13	28	16
99	0.0098	10	9	7
100	0.0099	13	16	20

电流增量数据 [1000Hz, 10点]
采样序号	时间(s)	A相电流(INT)	B相电流(INT)	C相电流(INT)
1	0.000	46	-2734	-5
2	0.001	-17	-876	-2
3	0.002	15	-3098	-23
4	0.003	-25	-247	-11
5	0.004	-4	-310	-30
6	0.005	16	729	-10
7	0.006	-4	-1215	-3
8	0.007	42	-1076	4
9	0.008	3	-1194	4
10	0.009	19	467	20
================================================================================

=== 采集时间: 2025-12-05 15:11:57 (增量周期: 10.0ms) ===
振动增量数据 [等效10000Hz, 100点]
时序序号	时间(s)	X振动(INT)	Y振动(INT)	Z振动(INT)
1	0.0000	-3	9	19
2	0.0001	7	23	20
3	0.0002	23	30	18
4	0.0003	11	6	6
5	0.0004	15	19	28
6	0.0005	-2	9	18
7	0.0006	6	11	10
8	0.0007	10	16	7
9	0.0008	9	2	7
10	0.0009	6	18	22
11	0.0010	13	11	20
12	0.0011	6	1	9
13	0.0012	15	14	9
14	0.0013	3	3	9
15	0.0014	9	24	27
16	0.0015	0	3	20
17	0.0016	1	9	18
18	0.0017	18	27	19
19	0.0018	6	10	6
20	0.0019	13	19	30
21	0.0020	0	7	15
22	0.0021	-2	14	15
23	0.0022	20	28	18
24	0.0023	10	9	11
25	0.0024	18	19	33
26	0.0025	2	13	23
27	0.0026	6	10	16
28	0.0027	18	20	9
29	0.0028	9	0	2
30	0.0029	13	19	24
31	0.0030	0	19	32
32	0.0031	2	11	18
33	0.0032	13	16	6
34	0.0033	-2	-7	5
35	0.0034	5	19	28
36	0.0035	-3	16	26
37	0.0036	2	9	19
38	0.0037	16	15	10
39	0.0038	10	9	11
40	0.0039	6	22	32
41	0.0040	2	19	23
42	0.0041	3	10	7
43	0.0042	13	20	10
44	0.0043	13	13	14
45	0.0044	15	26	33
46	0.0045	1	9	20
47	0.0046	3	11	15
48	0.0047	13	19	11
49	0.0048	9	11	9
50	0.0049	13	19	32
51	0.0050	9	9	20
52	0.0051	10	13	13
53	0.0052	15	22	14
54	0.0053	-2	13	7
55	0.0054	9	28	27
56	0.0055	-3	18	20
57	0.0056	6	10	13
58	0.0057	16	6	3
59	0.0058	0	3	5
60	0.0059	23	27	32
61	0.0060	3	14	23
62	0.0061	10	10	5
63	0.0062	13	2	1
64	0.0063	-6	-6	10
65	0.0064	15	31	32
66	0.0065	-2	11	22
67	0.0066	11	11	14
68	0.0067	15	6	6
69	0.0068	5	5	2
70	0.0069	23	32	31
71	0.0070	-6	6	19
72	0.0071	1	13	11
73	0.0072	9	9	2
74	0.0073	-2	9	5
75	0.0074	15	20	24
76	0.0075	-2	2	13
77	0.0076	13	15	7
78	0.0077	10	9	0
79	0.0078	-2	5	-2
80	0.0079	9	15	20
81	0.0080	-14	-4	14
82	0.0081	2	20	14
83	0.0082	6	6	16
84	0.0083	6	5	5
85	0.0084	14	16	22
86	0.0085	1	-2	14
87	0.0086	2	19	13
88	0.0087	6	15	13
89	0.0088	3	10	5
90	0.0089	15	19	28
91	0.0090	0	2	19
92	0.0091	9	19	14
93	0.0092	11	22	15
94	0.0093	1	10	6
95	0.0094	9	19	28
96	0.0095	-2	9	16
97	0.0096	3	18	19
98	0.0097	15	19	14
99	0.0098	2	7	6
100	0.0099	13	16	22

电流增量数据 [1000Hz, 10点]
采样序号	时间(s)	A相电流(INT)	B相电流(INT)	C相电流(INT)
1	0.000	19	138	1
2	0.001	-15	-31	22
3	0.002	40	-3144	6
4	0.003	-29	-514	-7
5	0.004	11	-2729	-8
6	0.005	-11	-300	-11
7	0.006	25	-591	5
8	0.007	-19	486	9
9	0.008	-13	-803	-7
10	0.009	63	-1087	10
================================================================================

=== 采集时间: 2025-12-05 15:11:57 (增量周期: 10.0ms) ===
振动增量数据 [等效10000Hz, 100点]
时序序号	时间(s)	X振动(INT)	Y振动(INT)	Z振动(INT)
1	0.0000	5	14	22
2	0.0001	9	14	13
3	0.0002	18	16	9
4	0.0003	6	-2	3
5	0.0004	14	15	27
6	0.0005	3	15	23
7	0.0006	14	26	11
8	0.0007	13	24	7
9	0.0008	3	14	9
10	0.0009	5	14	28
11	0.0010	3	14	22
12	0.0011	13	18	14
13	0.0012	16	30	16
14	0.0013	9	15	18
15	0.0014	13	13	24
16	0.0015	6	11	16
17	0.0016	10	15	15
18	0.0017	18	31	24
19	0.0018	9	15	14
20	0.0019	10	9	28
21	0.0020	2	-4	16
22	0.0021	9	15	13
23	0.0022	26	22	19
24	0.0023	9	7	14
25	0.0024	10	9	32
26	0.0025	-3	3	19
27	0.0026	-4	19	11
28	0.0027	13	24	11
29	0.0028	3	7	3
30	0.0029	15	11	27
31	0.0030	0	2	19
32	0.0031	5	16	18
33	0.0032	11	32	15
34	0.0033	0	15	7
35	0.0034	7	13	23
36	0.0035	0	9	18
37	0.0036	1	27	19
38	0.0037	19	28	22
39	0.0038	11	5	11
40	0.0039	13	6	24
41	0.0040	0	13	18
42	0.0041	6	22	14
43	0.0042	15	22	19
44	0.0043	7	3	9
45	0.0044	5	5	26
46	0.0045	6	13	20
47	0.0046	9	20	15
48	0.0047	22	22	13
49	0.0048	3	-2	5
50	0.0049	9	16	23
51	0.0050	-6	13	19
52	0.0051	2	15	16
53	0.0052	14	16	13
54	0.0053	3	7	9
55	0.0054	10	6	26
56	0.0055	6	7	16
57	0.0056	7	9	14
58	0.0057	13	14	7
59	0.0058	5	11	7
60	0.0059	7	22	37
61	0.0060	9	16	22
62	0.0061	15	18	15
63	0.0062	15	22	20
64	0.0063	13	14	13
65	0.0064	16	31	33
66	0.0065	0	11	26
67	0.0066	3	13	15
68	0.0067	20	27	16
69	0.0068	6	15	16
70	0.0069	16	24	41
71	0.0070	3	23	23
72	0.0071	10	13	16
73	0.0072	13	15	18
74	0.0073	5	2	7
75	0.0074	11	28	33
76	0.0075	6	23	27
77	0.0076	14	9	13
78	0.0077	15	13	9
79	0.0078	13	11	14
80	0.0079	10	26	33
81	0.0080	3	16	18
82	0.0081	3	5	15
83	0.0082	19	27	18
84	0.0083	19	19	14
85	0.0084	13	32	39
86	0.0085	2	15	22
87	0.0086	2	5	9
88	0.0087	19	35	16
89	0.0088	18	22	24
90	0.0089	20	27	39
91	0.0090	11	9	27
92	0.0091	1	13	14
93	0.0092	18	20	9
94	0.0093	7	11	9
95	0.0094	15	10	28
96	0.0095	2	11	23
97	0.0096	7	19	19
98	0.0097	18	23	16
99	0.0098	6	-3	-2
100	0.0099	13	6	24

电流增量数据 [1000Hz, 10点]
采样序号	时间(s)	A相电流(INT)	B相电流(INT)	C相电流(INT)
1	0.000	-30	-1017	-14
2	0.001	16	-1621	-6
3	0.002	-16	2620	16
4	0.003	-7	-58	3
5	0.004	40	513	-11
6	0.005	-12	-760	-10
7	0.006	-38	-150	-11
8	0.007	3	-1258	-25
9	0.008	9	-1044	-23
10	0.009	-2	-92	-28
================================================================================

=== 采集时间: 2025-12-05 15:11:57 (增量周期: 10.0ms) ===
振动增量数据 [等效10000Hz, 100点]
时序序号	时间(s)	X振动(INT)	Y振动(INT)	Z振动(INT)
1	0.0000	-2	0	20
2	0.0001	13	13	14
3	0.0002	18	27	22
4	0.0003	10	20	16
5	0.0004	13	15	27
6	0.0005	2	-8	18
7	0.0006	9	19	7
8	0.0007	19	26	22
9	0.0008	6	18	7
10	0.0009	11	10	23
11	0.0010	2	6	16
12	0.0011	10	28	20
13	0.0012	19	40	16
14	0.0013	11	13	5
15	0.0014	2	13	20
16	0.0015	-2	7	20
17	0.0016	16	33	18
18	0.0017	19	33	20
19	0.0018	3	7	10
20	0.0019	2	9	19
21	0.0020	0	3	20
22	0.0021	10	22	16
23	0.0022	18	18	22
24	0.0023	2	3	11
25	0.0024	6	9	28
26	0.0025	9	6	16
27	0.0026	11	11	15
28	0.0027	19	26	20
29	0.0028	2	10	15
30	0.0029	3	16	32
31	0.0030	1	10	20
32	0.0031	9	14	7
33	0.0032	16	26	18
34	0.0033	0	14	11
35	0.0034	13	26	28
36	0.0035	-10	5	11
37	0.0036	-4	2	6
38	0.0037	14	20	14
39	0.0038	-2	18	14
40	0.0039	13	33	30
41	0.0040	-4	-3	6
42	0.0041	-3	-10	0
43	0.0042	14	9	6
44	0.0043	3	11	18
45	0.0044	6	26	33
46	0.0045	2	0	7
47	0.0046	-7	-8	-4
48	0.0047	10	6	11
49	0.0048	1	11	13
50	0.0049	6	23	31
51	0.0050	-6	2	15
52	0.0051	1	6	7
53	0.0052	9	5	3
54	0.0053	-3	5	9
55	0.0054	7	24	23
56	0.0055	-11	-7	7
57	0.0056	3	2	0
58	0.0057	11	2	13
59	0.0058	6	16	10
60	0.0059	3	23	30
61	0.0060	-11	-6	7
62	0.0061	2	7	3
63	0.0062	18	20	15
64	0.0063	9	27	20
65	0.0064	11	31	30
66	0.0065	-8	9	18
67	0.0066	6	11	0
68	0.0067	13	31	14
69	0.0068	13	28	23
70	0.0069	13	28	37
71	0.0070	-2	2	15
72	0.0071	5	14	3
73	0.0072	14	23	16
74	0.0073	10	24	20
75	0.0074	11	19	31
76	0.0075	2	-3	6
77	0.0076	3	2	-2
78	0.0077	14	16	19
79	0.0078	3	24	24
80	0.0079	10	19	30
81	0.0080	-4	-2	10
82	0.0081	5	6	2
83	0.0082	7	23	11
84	0.0083	6	26	28
85	0.0084	14	27	33
86	0.0085	5	11	15
87	0.0086	1	2	2
88	0.0087	3	14	11
89	0.0088	9	19	18
90	0.0089	15	31	35
91	0.0090	3	10	18
92	0.0091	0	5	2
93	0.0092	9	13	10
94	0.0093	6	13	14
95	0.0094	27	35	43
96	0.0095	11	9	16
97	0.0096	-3	-6	1
98	0.0097	5	5	5
99	0.0098	1	2	6
100	0.0099	22	37	39

电流增量数据 [1000Hz, 10点]
采样序号	时间(s)	A相电流(INT)	B相电流(INT)	C相电流(INT)
1	0.000	-6	-1300	-4
2	0.001	10	-1236	-10
3	0.002	-17	-2165	4
4	0.003	28	-344	-7
5	0.004	5	172	4
6	0.005	10	440	10
7	0.006	19	-1102	16
8	0.007	22	-968	-2
9	0.008	-14	-1330	-4
10	0.009	15	1931	3
================================================================================

=== 采集时间: 2025-12-05 15:11:58 (增量周期: 10.0ms) ===
振动增量数据 [等效10000Hz, 100点]
时序序号	时间(s)	X振动(INT)	Y振动(INT)	Z振动(INT)
1	0.0000	14	31	35
2	0.0001	13	14	7
3	0.0002	9	5	1
4	0.0003	0	-10	2
5	0.0004	10	23	35
6	0.0005	16	37	33
7	0.0006	19	15	14
8	0.0007	19	13	10
9	0.0008	2	-4	1
10	0.0009	10	28	35
11	0.0010	9	36	26
12	0.0011	14	19	11
13	0.0012	10	13	6
14	0.0013	1	-4	6
15	0.0014	2	24	32
16	0.0015	10	30	22
17	0.0016	7	13	0
18	0.0017	13	13	3
19	0.0018	-2	6	7
20	0.0019	7	23	31
21	0.0020	9	24	23
22	0.0021	5	3	6
23	0.0022	14	18	9
24	0.0023	5	10	5
25	0.0024	5	23	33
26	0.0025	9	10	22
27	0.0026	11	3	14
28	0.0027	18	15	11
29	0.0028	3	10	14
30	0.0029	9	19	33
31	0.0030	5	16	20
32	0.0031	9	6	6
33	0.0032	16	28	18
34	0.0033	2	15	14
35	0.0034	2	22	31
36	0.0035	2	19	19
37	0.0036	1	13	13
38	0.0037	18	33	14
39	0.0038	2	13	11
40	0.0039	2	9	24
41	0.0040	3	9	20
42	0.0041	0	13	5
43	0.0042	18	27	18
44	0.0043	-6	5	18
45	0.0044	3	6	27
46	0.0045	2	14	20
47	0.0046	11	18	15
48	0.0047	26	26	24
49	0.0048	2	6	16
50	0.0049	5	9	28
51	0.0050	3	13	19
52	0.0051	10	23	18
53	0.0052	26	35	24
54	0.0053	2	15	19
55	0.0054	9	16	35
56	0.0055	7	19	15
57	0.0056	11	26	16
58	0.0057	24	36	27
59	0.0058	6	20	22
60	0.0059	7	22	33
61	0.0060	9	20	28
62	0.0061	15	32	22
63	0.0062	20	10	9
64	0.0063	0	-6	10
65	0.0064	19	35	40
66	0.0065	13	30	32
67	0.0066	5	23	15
68	0.0067	14	16	7
69	0.0068	-10	1	6
70	0.0069	16	45	44
71	0.0070	16	23	27
72	0.0071	16	16	7
73	0.0072	24	11	7
74	0.0073	-3	2	13
75	0.0074	14	43	37
76	0.0075	3	11	22
77	0.0076	10	6	7
78	0.0077	16	13	11
79	0.0078	3	10	20
80	0.0079	18	39	33
81	0.0080	3	5	23
82	0.0081	11	6	2
83	0.0082	14	19	14
84	0.0083	1	14	15
85	0.0084	9	32	32
86	0.0085	0	3	24
87	0.0086	7	9	15
88	0.0087	20	23	13
89	0.0088	5	11	9
90	0.0089	7	27	32
91	0.0090	-4	6	20
92	0.0091	9	18	10
93	0.0092	18	24	15
94	0.0093	2	13	10
95	0.0094	3	16	27
96	0.0095	-2	9	19
97	0.0096	7	13	10
98	0.0097	18	19	15
99	0.0098	-2	6	15
100	0.0099	1	16	32

电流增量数据 [1000Hz, 10点]
采样序号	时间(s)	A相电流(INT)	B相电流(INT)	C相电流(INT)
1	0.000	-28	550	-2
2	0.001	-16	1585	-12
3	0.002	14	-114	-17
4	0.003	-38	1783	-24
5	0.004	2	-804	-20
6	0.005	4	-361	-13
7	0.006	-25	-1677	-10
8	0.007	20	255	-8
9	0.008	13	489	-17
10	0.009	47	113	-7
================================================================================

=== 采集时间: 2025-12-05 15:11:58 (增量周期: 10.0ms) ===
振动增量数据 [等效10000Hz, 100点]
时序序号	时间(s)	X振动(INT)	Y振动(INT)	Z振动(INT)
1	0.0000	2	31	28
2	0.0001	0	13	5
3	0.0002	24	16	9
4	0.0003	2	-8	10
5	0.0004	3	14	39
6	0.0005	0	27	28
7	0.0006	7	18	11
8	0.0007	23	9	6
9	0.0008	1	-15	15
10	0.0009	2	19	33
11	0.0010	0	28	26
12	0.0011	5	16	6
13	0.0012	20	7	13
14	0.0013	2	-4	14
15	0.0014	11	30	37
16	0.0015	10	37	24
17	0.0016	5	16	2
18	0.0017	2	3	0
19	0.0018	-6	-2	14
20	0.0019	5	33	37
21	0.0020	19	39	33
22	0.0021	14	19	7
23	0.0022	13	-4	3
24	0.0023	-2	-3	6
25	0.0024	13	30	36
26	0.0025	11	27	24
27	0.0026	-2	2	5
28	0.0027	7	7	9
29	0.0028	-3	5	15
30	0.0029	16	32	37
31	0.0030	15	14	18
32	0.0031	5	-4	0
33	0.0032	11	11	14
34	0.0033	2	15	19
35	0.0034	11	35	40
36	0.0035	0	14	23
37	0.0036	3	-3	-4
38	0.0037	15	22	10
39	0.0038	-6	20	13
40	0.0039	11	33	32
41	0.0040	1	13	19
42	0.0041	5	3	2
43	0.0042	14	23	9
44	0.0043	1	14	16
45	0.0044	9	19	33
46	0.0045	5	9	11
47	0.0046	13	6	2
48	0.0047	15	16	13
49	0.0048	-2	6	15
50	0.0049	0	16	30
51	0.0050	5	6	16
52	0.0051	14	11	-2
53	0.0052	11	9	9
54	0.0053	-7	2	10
55	0.0054	-6	19	27
56	0.0055	5	16	14
57	0.0056	14	16	3
58	0.0057	9	10	10
59	0.0058	-7	5	15
60	0.0059	-2	19	24
61	0.0060	-4	11	23
62	0.0061	13	28	15
63	0.0062	10	18	13
64	0.0063	0	-8	0
65	0.0064	-3	6	22
66	0.0065	-2	28	20
67	0.0066	13	30	6
68	0.0067	9	9	11
69	0.0068	-2	-8	2
70	0.0069	0	9	30
71	0.0070	3	33	27
72	0.0071	13	32	13
73	0.0072	13	10	5
74	0.0073	-4	0	1
75	0.0074	-2	6	30
76	0.0075	6	30	22
77	0.0076	11	16	11
78	0.0077	13	6	14
79	0.0078	1	-2	6
80	0.0079	7	10	23
81	0.0080	13	16	20
82	0.0081	3	0	5
83	0.0082	11	6	13
84	0.0083	-2	13	11
85	0.0084	-2	16	33
86	0.0085	9	23	22
87	0.0086	14	14	7
88	0.0087	15	10	11
89	0.0088	3	14	16
90	0.0089	7	22	23
91	0.0090	5	19	18
92	0.0091	1	14	14
93	0.0092	16	23	26
94	0.0093	7	22	13
95	0.0094	11	23	31
96	0.0095	2	16	18
97	0.0096	10	13	3
98	0.0097	19	24	23
99	0.0098	9	13	23
100	0.0099	7	26	39

电流增量数据 [1000Hz, 10点]
采样序号	时间(s)	A相电流(INT)	B相电流(INT)	C相电流(INT)
1	0.000	2	-2949	-31
2	0.001	-33	-196	-3
3	0.002	3	-2444	-24
4	0.003	-32	124	-3
5	0.004	27	-446	1
6	0.005	-7	494	-24
7	0.006	6	-545	-24
8	0.007	-10	-903	-8
9	0.008	-14	-984	-26
10	0.009	11	-652	-10
================================================================================

=== 采集时间: 2025-12-05 15:11:58 (增量周期: 10.0ms) ===
振动增量数据 [等效10000Hz, 100点]
时序序号	时间(s)	X振动(INT)	Y振动(INT)	Z振动(INT)
1	0.0000	11	28	23
2	0.0001	18	22	9
3	0.0002	9	2	18
4	0.0003	-2	-8	16
5	0.0004	13	23	27
6	0.0005	15	30	11
7	0.0006	11	14	1
8	0.0007	6	5	13
9	0.0008	1	0	18
10	0.0009	5	23	23
11	0.0010	6	18	10
12	0.0011	10	11	0
13	0.0012	14	14	10
14	0.0013	10	19	26
15	0.0014	2	19	26
16	0.0015	5	16	19
17	0.0016	0	2	0
18	0.0017	15	23	16
19	0.0018	10	23	20
20	0.0019	18	30	32
21	0.0020	9	14	16
22	0.0021	6	1	6
23	0.0022	13	24	20
24	0.0023	6	19	18
25	0.0024	6	13	27
26	0.0025	9	2	19
27	0.0026	9	7	6
28	0.0027	24	27	22
29	0.0028	10	13	16
30	0.0029	5	5	26
31	0.0030	6	2	15
32	0.0031	3	16	7
33	0.0032	19	41	27
34	0.0033	10	14	24
35	0.0034	9	9	27
36	0.0035	6	9	16
37	0.0036	15	28	9
38	0.0037	24	43	30
39	0.0038	6	13	26
40	0.0039	5	13	33
41	0.0040	3	16	23
42	0.0041	10	26	9
43	0.0042	19	30	18
44	0.0043	9	9	16
45	0.0044	13	9	28
46	0.0045	14	18	27
47	0.0046	7	16	10
48	0.0047	7	19	15
49	0.0048	0	9	19
50	0.0049	5	10	32
51	0.0050	13	14	16
52	0.0051	10	3	7
53	0.0052	15	19	22
54	0.0053	3	6	22
55	0.0054	10	20	31
56	0.0055	9	23	13
57	0.0056	3	9	7
58	0.0057	18	22	19
59	0.0058	3	19	23
60	0.0059	13	23	36
61	0.0060	22	18	15
62	0.0061	16	2	1
63	0.0062	13	7	14
64	0.0063	3	20	18
65	0.0064	-2	19	32
66	0.0065	9	13	18
67	0.0066	13	1	-2
68	0.0067	16	20	20
69	0.0068	13	31	20
70	0.0069	10	30	30
71	0.0070	1	14	9
72	0.0071	3	2	0
73	0.0072	9	26	24
74	0.0073	13	30	32
75	0.0074	9	28	37
76	0.0075	9	13	14
77	0.0076	5	-3	2
78	0.0077	15	19	15
79	0.0078	10	22	23
80	0.0079	0	13	33
81	0.0080	2	1	15
82	0.0081	-4	-2	3
83	0.0082	22	24	20
84	0.0083	9	19	15
85	0.0084	9	1	22
86	0.0085	0	0	18
87	0.0086	1	6	5
88	0.0087	14	30	22
89	0.0088	-2	18	24
90	0.0089	0	10	27
91	0.0090	0	14	14
92	0.0091	7	16	9
93	0.0092	26	30	23
94	0.0093	1	9	15
95	0.0094	5	9	24
96	0.0095	2	24	15
97	0.0096	5	23	10
98	0.0097	18	27	20
99	0.0098	5	2	14
100	0.0099	16	10	27

电流增量数据 [1000Hz, 10点]
采样序号	时间(s)	A相电流(INT)	B相电流(INT)	C相电流(INT)
1	0.000	-10	112	4
2	0.001	4	307	-8
3	0.002	-2	-285	12
4	0.003	14	24	-10
5	0.004	6	-908	-39
6	0.005	-10	-1067	-6
7	0.006	13	294	-11
8	0.007	30	370	2
9	0.008	-2	418	-11
10	0.009	12	-3493	-13
================================================================================

=== 采集时间: 2025-12-05 15:11:59 (增量周期: 10.0ms) ===
振动增量数据 [等效10000Hz, 100点]
时序序号	时间(s)	X振动(INT)	Y振动(INT)	Z振动(INT)
1	0.0000	7	16	13
2	0.0001	7	19	5
3	0.0002	18	30	27
4	0.0003	9	13	28
5	0.0004	20	13	31
6	0.0005	15	23	19
7	0.0006	13	13	6
8	0.0007	15	23	27
9	0.0008	7	7	26
10	0.0009	14	19	28
11	0.0010	16	23	20
12	0.0011	5	14	3
13	0.0012	13	14	20
14	0.0013	6	15	18
15	0.0014	16	26	35
16	0.0015	15	26	22
17	0.0016	6	20	10
18	0.0017	13	26	22
19	0.0018	14	22	22
20	0.0019	15	27	30
21	0.0020	15	20	22
22	0.0021	2	9	10
23	0.0022	15	23	32
24	0.0023	14	27	27
25	0.0024	9	14	32
26	0.0025	6	7	15
27	0.0026	-8	-8	1
28	0.0027	14	16	27
29	0.0028	20	18	27
30	0.0029	11	16	35
31	0.0030	7	6	15
32	0.0031	0	1	0
33	0.0032	6	24	19
34	0.0033	3	14	19
35	0.0034	1	13	28
36	0.0035	9	16	18
37	0.0036	11	13	5
38	0.0037	19	35	23
39	0.0038	10	14	16
40	0.0039	1	11	27
41	0.0040	7	24	22
42	0.0041	6	20	16
43	0.0042	14	33	28
44	0.0043	5	3	10
45	0.0044	2	0	26
46	0.0045	13	27	19
47	0.0046	13	23	13
48	0.0047	15	23	20
49	0.0048	-10	-19	14
50	0.0049	2	5	26
51	0.0050	7	23	15
52	0.0051	11	19	7
53	0.0052	15	23	11
54	0.0053	0	1	13
55	0.0054	6	19	22
56	0.0055	14	22	23
57	0.0056	7	9	11
58	0.0057	16	18	22
59	0.0058	-10	-3	13
60	0.0059	6	16	19
61	0.0060	9	11	15
62	0.0061	9	3	3
63	0.0062	15	13	18
64	0.0063	-4	1	16
65	0.0064	7	23	28
66	0.0065	13	30	18
67	0.0066	5	16	7
68	0.0067	13	20	20
69	0.0068	0	10	16
70	0.0069	10	31	32
71	0.0070	9	30	24
72	0.0071	7	19	13
73	0.0072	14	24	16
74	0.0073	5	10	18
75	0.0074	13	26	31
76	0.0075	7	24	22
77	0.0076	5	10	5
78	0.0077	13	20	14
79	0.0078	9	11	14
80	0.0079	14	18	30
81	0.0080	11	11	16
82	0.0081	1	3	10
83	0.0082	9	18	18
84	0.0083	3	9	15
85	0.0084	9	16	27
86	0.0085	7	19	18
87	0.0086	9	22	10
88	0.0087	15	32	19
89	0.0088	1	9	27
90	0.0089	0	18	23
91	0.0090	3	18	14
92	0.0091	5	24	7
93	0.0092	26	30	18
94	0.0093	5	7	14
95	0.0094	2	9	23
96	0.0095	2	14	11
97	0.0096	2	22	5
98	0.0097	15	26	15
99	0.0098	-2	-4	14
100	0.0099	7	3	26

电流增量数据 [1000Hz, 10点]
采样序号	时间(s)	A相电流(INT)	B相电流(INT)	C相电流(INT)
1	0.000	6	-156	-12
2	0.001	34	-1182	-13
3	0.002	-2	-1665	-21
4	0.003	-2	238	-5
5	0.004	-5	687	-20
6	0.005	19	523	6
7	0.006	29	-3029	-8
8	0.007	-20	-830	7
9	0.008	-15	-1163	-14
10	0.009	1	-1545	-29
================================================================================

=== 采集时间: 2025-12-05 15:11:59 (增量周期: 10.0ms) ===
振动增量数据 [等效10000Hz, 100点]
时序序号	时间(s)	X振动(INT)	Y振动(INT)	Z振动(INT)
1	0.0000	19	33	20
2	0.0001	18	16	7
3	0.0002	24	19	23
4	0.0003	-2	-7	14
5	0.0004	1	6	26
6	0.0005	9	26	26
7	0.0006	7	19	16
8	0.0007	26	28	26
9	0.0008	7	-2	16
10	0.0009	10	5	30
11	0.0010	15	31	23
12	0.0011	11	30	14
13	0.0012	10	32	24
14	0.0013	2	9	30
15	0.0014	13	19	27
16	0.0015	19	33	20
17	0.0016	18	22	15
18	0.0017	22	31	32
19	0.0018	1	2	13
20	0.0019	11	14	30
21	0.0020	9	16	16
22	0.0021	9	15	6
23	0.0022	22	28	26
24	0.0023	7	-2	15
25	0.0024	5	-3	15
26	0.0025	9	13	10
27	0.0026	6	14	7
28	0.0027	20	27	26
29	0.0028	5	5	16
30	0.0029	7	9	23
31	0.0030	6	19	11
32	0.0031	13	15	5
33	0.0032	20	35	27
34	0.0033	7	11	24
35	0.0034	10	18	33
36	0.0035	10	23	20
37	0.0036	10	19	3
38	0.0037	14	28	24
39	0.0038	0	13	16
40	0.0039	7	14	24
41	0.0040	15	19	20
42	0.0041	11	13	10
43	0.0042	18	24	18
44	0.0043	-4	9	7
45	0.0044	1	5	13
46	0.0045	6	9	10
47	0.0046	14	11	9
48	0.0047	13	18	28
49	0.0048	-2	7	22
50	0.0049	6	7	19
51	0.0050	13	16	16
52	0.0051	0	3	1
53	0.0052	9	14	18
54	0.0053	-4	13	11
55	0.0054	1	19	32
56	0.0055	9	3	20
57	0.0056	13	1	3
58	0.0057	18	20	20
59	0.0058	1	2	6
60	0.0059	5	11	23
61	0.0060	5	9	14
62	0.0061	5	10	6
63	0.0062	15	31	30
64	0.0063	1	18	20
65	0.0064	7	22	18
66	0.0065	7	11	7
67	0.0066	9	11	6
68	0.0067	19	32	27
69	0.0068	2	11	24
70	0.0069	0	15	32
71	0.0070	-2	16	16
72	0.0071	10	22	5
73	0.0072	15	24	15
74	0.0073	9	3	16
75	0.0074	9	9	24
76	0.0075	13	14	20
77	0.0076	13	15	6
78	0.0077	9	22	16
79	0.0078	-3	3	14
80	0.0079	1	6	23
81	0.0080	3	15	9
82	0.0081	13	11	3
83	0.0082	19	20	24
84	0.0083	9	5	18
85	0.0084	11	28	23
86	0.0085	13	20	15
87	0.0086	7	16	-4
88	0.0087	15	23	23
89	0.0088	2	11	26
90	0.0089	7	30	33
91	0.0090	11	27	19
92	0.0091	10	11	6
93	0.0092	13	31	24
94	0.0093	2	15	19
95	0.0094	5	19	28
96	0.0095	6	6	6
97	0.0096	-2	-8	0
98	0.0097	13	24	16
99	0.0098	2	13	16
100	0.0099	-3	6	22

电流增量数据 [1000Hz, 10点]
采样序号	时间(s)	A相电流(INT)	B相电流(INT)	C相电流(INT)
1	0.000	2	72	-6
2	0.001	-4	-1164	-13
3	0.002	-32	539	-24
4	0.003	37	325	7
5	0.004	12	-239	1
6	0.005	5	-1619	-17
7	0.006	6	-1957	-21
8	0.007	-29	-428	-32
9	0.008	19	-2228	-21
10	0.009	-21	306	-3
================================================================================

=== 采集时间: 2025-12-05 15:12:00 (增量周期: 10.0ms) ===
振动增量数据 [等效10000Hz, 100点]
时序序号	时间(s)	X振动(INT)	Y振动(INT)	Z振动(INT)
1	0.0000	3	14	15
2	0.0001	-2	1	0
3	0.0002	14	10	22
4	0.0003	1	14	24
5	0.0004	19	26	32
6	0.0005	13	10	13
7	0.0006	7	0	1
8	0.0007	10	15	20
9	0.0008	-7	13	23
10	0.0009	3	23	26
11	0.0010	10	9	13
12	0.0011	13	9	2
13	0.0012	23	22	26
14	0.0013	-4	15	22
15	0.0014	5	26	23
16	0.0015	-2	16	10
17	0.0016	9	19	7
18	0.0017	7	20	23
19	0.0018	-6	13	30
20	0.0019	7	22	27
21	0.0020	7	20	14
22	0.0021	15	19	6
23	0.0022	13	10	20
24	0.0023	-4	5	18
25	0.0024	0	16	26
26	0.0025	6	16	22
27	0.0026	6	13	7
28	0.0027	15	9	16
29	0.0028	2	-2	14
30	0.0029	9	19	22
31	0.0030	13	19	19
32	0.0031	10	16	5
33	0.0032	11	13	30
34	0.0033	-7	14	24
35	0.0034	6	26	23
36	0.0035	9	24	10
37	0.0036	9	9	3
38	0.0037	19	20	24
39	0.0038	3	6	13
40	0.0039	9	20	22
41	0.0040	5	15	7
42	0.0041	-7	9	-6
43	0.0042	14	24	24
44	0.0043	0	6	19
45	0.0044	7	13	19
46	0.0045	3	7	10
47	0.0046	0	5	5
48	0.0047	14	22	24
49	0.0048	-4	1	16
50	0.0049	7	9	20
51	0.0050	2	11	3
52	0.0051	0	2	2
53	0.0052	7	13	20
54	0.0053	6	22	22
55	0.0054	2	9	20
56	0.0055	-6	13	2
57	0.0056	-2	-2	-12
58	0.0057	-4	2	11
59	0.0058	-4	5	16
60	0.0059	7	9	20
61	0.0060	9	14	13
62	0.0061	7	5	-3
63	0.0062	3	7	15
64	0.0063	0	15	19
65	0.0064	1	13	22
66	0.0065	-4	18	11
67	0.0066	13	13	7
68	0.0067	7	19	26
69	0.0068	11	30	26
70	0.0069	13	15	27
71	0.0070	14	22	11
72	0.0071	10	14	0
73	0.0072	3	11	24
74	0.0073	-3	16	24
75	0.0074	2	6	23
76	0.0075	11	19	7
77	0.0076	14	14	1
78	0.0077	11	13	24
79	0.0078	6	13	16
80	0.0079	0	2	19
81	0.0080	7	10	10
82	0.0081	1	13	-3
83	0.0082	9	16	24
84	0.0083	6	15	16
85	0.0084	10	9	22
86	0.0085	16	19	14
87	0.0086	14	19	7
88	0.0087	13	16	14
89	0.0088	3	26	24
90	0.0089	7	23	26
91	0.0090	15	24	19
92	0.0091	11	16	5
93	0.0092	14	16	24
94	0.0093	1	16	14
95	0.0094	6	20	27
96	0.0095	7	16	16
97	0.0096	3	7	6
98	0.0097	13	13	27
99	0.0098	5	16	20
100	0.0099	10	14	19

电流增量数据 [1000Hz, 10点]
采样序号	时间(s)	A相电流(INT)	B相电流(INT)	C相电流(INT)
1	0.000	-7	-2977	-23
2	0.001	4	-242	-19
3	0.002	-23	-2320	-32
4	0.003	13	428	-19
5	0.004	-3	-235	-17
6	0.005	19	850	16
7	0.006	30	-263	-28
8	0.007	7	-1106	7
9	0.008	-8	-1230	0
10	0.009	14	-696	-23
================================================================================

=== 采集时间: 2025-12-05 15:12:00 (增量周期: 10.0ms) ===
振动增量数据 [等效10000Hz, 100点]
时序序号	时间(s)	X振动(INT)	Y振动(INT)	Z振动(INT)
1	0.0000	7	3	0
2	0.0001	9	5	-8
3	0.0002	13	18	15
4	0.0003	-4	-2	16
5	0.0004	1	11	16
6	0.0005	6	5	9
7	0.0006	1	5	-3
8	0.0007	11	22	22
9	0.0008	-4	6	19
10	0.0009	5	16	22
11	0.0010	14	14	13
12	0.0011	9	5	0
13	0.0012	14	23	28
14	0.0013	2	19	26
15	0.0014	9	24	24
16	0.0015	9	26	11
17	0.0016	3	9	1
18	0.0017	10	10	22
19	0.0018	3	10	23
20	0.0019	15	33	31
21	0.0020	13	23	13
22	0.0021	3	3	-7
23	0.0022	9	2	10
24	0.0023	-7	3	16
25	0.0024	13	23	27
26	0.0025	10	16	13
27	0.0026	1	-8	0
28	0.0027	10	0	10
29	0.0028	-2	16	20
30	0.0029	14	37	26
31	0.0030	13	11	2
32	0.0031	3	5	-2
33	0.0032	9	13	24
34	0.0033	-2	26	30
35	0.0034	16	39	27
36	0.0035	15	19	7
37	0.0036	13	5	0
38	0.0037	20	24	26
39	0.0038	2	18	23
40	0.0039	11	33	24
41	0.0040	7	14	14
42	0.0041	5	6	5
43	0.0042	15	24	19
44	0.0043	5	13	19
45	0.0044	10	23	23
46	0.0045	13	9	7
47	0.0046	6	16	-2
48	0.0047	3	9	20
49	0.0048	-6	-4	15
50	0.0049	-4	7	18
51	0.0050	5	14	16
52	0.0051	11	18	2
53	0.0052	10	16	20
54	0.0053	-4	5	22
55	0.0054	-2	18	15
56	0.0055	13	28	18
57	0.0056	10	19	11
58	0.0057	15	18	20
59	0.0058	1	9	23
60	0.0059	5	27	27
61	0.0060	9	14	7
62	0.0061	11	-2	6
63	0.0062	13	16	23
64	0.0063	5	16	24
65	0.0064	2	19	22
66	0.0065	14	18	15
67	0.0066	6	9	2
68	0.0067	11	20	23
69	0.0068	-2	7	19
70	0.0069	2	22	27
71	0.0070	11	19	18
72	0.0071	11	24	6
73	0.0072	15	23	20
74	0.0073	-7	1	22
75	0.0074	0	7	22
76	0.0075	15	19	10
77	0.0076	13	14	3
78	0.0077	20	11	23
79	0.0078	-2	-2	23
80	0.0079	7	13	26
81	0.0080	11	26	18
82	0.0081	2	11	5
83	0.0082	13	9	22
84	0.0083	-3	-3	19
85	0.0084	19	27	33
86	0.0085	22	32	26
87	0.0086	15	16	11
88	0.0087	14	13	23
89	0.0088	-6	13	16
90	0.0089	10	40	32
91	0.0090	14	31	22
92	0.0091	15	15	9
93	0.0092	15	16	28
94	0.0093	5	11	18
95	0.0094	14	30	22
96	0.0095	16	22	15
97	0.0096	11	6	6
98	0.0097	7	13	23
99	0.0098	5	14	32
100	0.0099	10	15	27

电流增量数据 [1000Hz, 10点]
采样序号	时间(s)	A相电流(INT)	B相电流(INT)	C相电流(INT)
1	0.000	5	1140	-30
2	0.001	31	-758	-12
3	0.002	7	-970	-20
4	0.003	7	-1385	-24
5	0.004	-4	2939	1
6	0.005	0	221	5
7	0.006	18	929	-11
8	0.007	-32	221	-33
9	0.008	12	330	7
10	0.009	-14	-753	-30
================================================================================

=== 采集时间: 2025-12-05 15:12:01 (增量周期: 10.0ms) ===
振动增量数据 [等效10000Hz, 100点]
时序序号	时间(s)	X振动(INT)	Y振动(INT)	Z振动(INT)
1	0.0000	7	14	10
2	0.0001	7	15	5
3	0.0002	6	14	19
4	0.0003	-11	-10	18
5	0.0004	-6	6	18
6	0.0005	9	30	11
7	0.0006	9	16	0
8	0.0007	10	18	19
9	0.0008	0	-4	10
10	0.0009	3	18	19
11	0.0010	15	31	16
12	0.0011	3	16	13
13	0.0012	6	16	22
14	0.0013	-4	3	16
15	0.0014	7	23	23
16	0.0015	20	26	20
17	0.0016	11	13	2
18	0.0017	7	11	24
19	0.0018	-4	-3	19
20	0.0019	6	20	16
21	0.0020	14	27	15
22	0.0021	1	3	7
23	0.0022	9	6	23
24	0.0023	3	3	20
25	0.0024	11	13	18
26	0.0025	14	18	16
27	0.0026	3	16	10
28	0.0027	11	28	23
29	0.0028	-3	9	14
30	0.0029	9	14	18
31	0.0030	14	23	11
32	0.0031	16	23	11
33	0.0032	18	43	32
34	0.0033	6	18	26
35	0.0034	2	5	6
36	0.0035	9	11	5
37	0.0036	11	13	6
38	0.0037	15	37	36
39	0.0038	14	18	27
40	0.0039	0	-8	10
41	0.0040	11	6	6
42	0.0041	0	15	6
43	0.0042	5	37	39
44	0.0043	5	6	19
45	0.0044	-2	-11	6
46	0.0045	18	9	13
47	0.0046	10	18	14
48	0.0047	15	35	35
49	0.0048	0	2	10
50	0.0049	-11	-10	5
51	0.0050	2	26	9
52	0.0051	5	26	14
53	0.0052	16	39	36
54	0.0053	-2	5	19
55	0.0054	-6	0	2
56	0.0055	15	26	5
57	0.0056	7	13	6
58	0.0057	19	20	33
59	0.0058	-6	7	23
60	0.0059	2	9	19
61	0.0060	5	20	6
62	0.0061	6	13	10
63	0.0062	18	33	31
64	0.0063	6	16	30
65	0.0064	3	7	16
66	0.0065	13	14	10
67	0.0066	13	19	11
68	0.0067	9	23	28
69	0.0068	5	10	27
70	0.0069	0	5	14
71	0.0070	10	19	14
72	0.0071	5	11	10
73	0.0072	11	20	26
74	0.0073	7	-2	18
75	0.0074	9	-4	18
76	0.0075	18	18	14
77	0.0076	6	16	6
78	0.0077	9	18	26
79	0.0078	-11	1	18
80	0.0079	5	13	13
81	0.0080	14	24	6
82	0.0081	7	9	7
83	0.0082	10	20	37
84	0.0083	9	27	28
85	0.0084	18	30	20
86	0.0085	16	22	15
87	0.0086	2	-2	3
88	0.0087	14	24	37
89	0.0088	9	24	33
90	0.0089	18	30	28
91	0.0090	10	18	15
92	0.0091	1	-7	3
93	0.0092	7	11	28
94	0.0093	9	19	26
95	0.0094	16	30	26
96	0.0095	6	9	19
97	0.0096	11	-3	6
98	0.0097	11	27	30
99	0.0098	13	27	33
100	0.0099	6	15	14

电流增量数据 [1000Hz, 10点]
采样序号	时间(s)	A相电流(INT)	B相电流(INT)	C相电流(INT)
1	0.000	-14	1383	-25
2	0.001	-3	-719	-15
3	0.002	2	-768	-14
4	0.003	-7	-562	-8
5	0.004	-10	1992	-3
6	0.005	-15	1689	-33
7	0.006	1	579	-10
8	0.007	-6	1719	-37
9	0.008	-12	-147	-8
10	0.009	20	-962	-22
================================================================================

=== 采集时间: 2025-12-05 15:12:01 (增量周期: 10.0ms) ===
振动增量数据 [等效10000Hz, 100点]
时序序号	时间(s)	X振动(INT)	Y振动(INT)	Z振动(INT)
1	0.0000	11	16	7
2	0.0001	5	1	-2
3	0.0002	15	22	31
4	0.0003	7	19	30
5	0.0004	7	27	27
6	0.0005	14	11	7
7	0.0006	6	-2	-4
8	0.0007	9	10	27
9	0.0008	-2	19	27
10	0.0009	5	23	23
11	0.0010	19	19	14
12	0.0011	5	3	5
13	0.0012	15	13	23
14	0.0013	1	13	23
15	0.0014	3	19	20
16	0.0015	10	26	11
17	0.0016	0	1	-3
18	0.0017	13	13	24
19	0.0018	-2	2	19
20	0.0019	3	30	20
21	0.0020	15	40	14
22	0.0021	3	5	-4
23	0.0022	9	9	19
24	0.0023	-2	2	19
25	0.0024	6	23	22
26	0.0025	26	44	22
27	0.0026	13	1	-3
28	0.0027	5	-12	14
29	0.0028	-4	-4	14
30	0.0029	-6	22	15
31	0.0030	18	36	13
32	0.0031	9	-6	-2
33	0.0032	7	-4	19
34	0.0033	9	13	22
35	0.0034	9	31	20
36	0.0035	20	26	9
37	0.0036	2	-10	-6
38	0.0037	-2	7	15
39	0.0038	0	19	31
40	0.0039	5	35	27
41	0.0040	22	33	14
42	0.0041	-6	-4	-4
43	0.0042	0	6	19
44	0.0043	2	19	15
45	0.0044	6	20	20
46	0.0045	20	18	13
47	0.0046	-8	-10	-6
48	0.0047	6	18	24
49	0.0048	-3	9	15
50	0.0049	7	2	11
51	0.0050	14	14	5
52	0.0051	-2	-3	1
53	0.0052	14	23	28
54	0.0053	0	11	22
55	0.0054	6	7	15
56	0.0055	13	15	10
57	0.0056	-2	3	2
58	0.0057	11	27	28
59	0.0058	1	23	20
60	0.0059	7	13	22
61	0.0060	9	16	13
62	0.0061	9	16	11
63	0.0062	10	13	28
64	0.0063	3	-2	16
65	0.0064	7	10	11
66	0.0065	10	15	14
67	0.0066	5	22	16
68	0.0067	7	14	28
69	0.0068	-4	9	15
70	0.0069	5	10	10
71	0.0070	11	18	10
72	0.0071	11	19	15
73	0.0072	20	32	36
74	0.0073	1	13	15
75	0.0074	3	14	2
76	0.0075	5	14	7
77	0.0076	7	16	16
78	0.0077	23	39	44
79	0.0078	7	9	27
80	0.0079	0	9	6
81	0.0080	2	-2	2
82	0.0081	-4	6	6
83	0.0082	19	32	36
84	0.0083	0	13	28
85	0.0084	-3	-3	10
86	0.0085	3	6	2
87	0.0086	-4	9	15
88	0.0087	22	33	36
89	0.0088	5	6	22
90	0.0089	3	6	10
91	0.0090	3	9	9
92	0.0091	-2	18	10
93	0.0092	19	37	35
94	0.0093	6	10	20
95	0.0094	9	19	20
96	0.0095	13	19	13
97	0.0096	6	23	7
98	0.0097	14	22	26
99	0.0098	2	1	23
100	0.0099	3	18	14

电流增量数据 [1000Hz, 10点]
采样序号	时间(s)	A相电流(INT)	B相电流(INT)	C相电流(INT)
1	0.000	-13	-2589	-26
2	0.001	30	773	-32
3	0.002	27	208	-3
4	0.003	2	1431	-22
5	0.004	37	-1378	3
6	0.005	-8	-963	-28
7	0.006	-7	-351	0
8	0.007	-15	1101	-5
9	0.008	24	2488	-15
10	0.009	-4	705	-16
================================================================================

=== 采集时间: 2025-12-05 15:12:02 (增量周期: 10.0ms) ===
振动增量数据 [等效10000Hz, 100点]
时序序号	时间(s)	X振动(INT)	Y振动(INT)	Z振动(INT)
1	0.0000	24	20	15
2	0.0001	1	-2	10
3	0.0002	15	33	43
4	0.0003	0	23	35
5	0.0004	10	30	18
6	0.0005	18	9	6
7	0.0006	1	-7	10
8	0.0007	23	41	40
9	0.0008	10	27	35
10	0.0009	10	19	19
11	0.0010	15	3	7
12	0.0011	9	2	7
13	0.0012	20	39	40
14	0.0013	5	14	24
15	0.0014	10	14	15
16	0.0015	13	6	10
17	0.0016	15	14	26
18	0.0017	19	40	40
19	0.0018	5	16	28
20	0.0019	3	11	10
21	0.0020	11	24	18
22	0.0021	19	23	16
23	0.0022	26	44	46
24	0.0023	1	7	26
25	0.0024	3	11	6
26	0.0025	15	26	11
27	0.0026	13	20	19
28	0.0027	19	36	43
29	0.0028	-2	9	18
30	0.0029	11	9	6
31	0.0030	11	19	5
32	0.0031	6	14	9
33	0.0032	13	27	35
34	0.0033	2	1	16
35	0.0034	6	6	2
36	0.0035	15	19	13
37	0.0036	5	13	14
38	0.0037	15	33	39
39	0.0038	2	11	15
40	0.0039	9	7	6
41	0.0040	10	13	13
42	0.0041	2	11	13
43	0.0042	15	35	39
44	0.0043	7	23	30
45	0.0044	9	16	14
46	0.0045	10	15	2
47	0.0046	1	5	13
48	0.0047	6	26	43
49	0.0048	14	26	27
50	0.0049	11	23	13
51	0.0050	7	7	7
52	0.0051	-7	-10	10
53	0.0052	5	22	33
54	0.0053	10	26	26
55	0.0054	2	9	6
56	0.0055	11	6	6
57	0.0056	-3	-11	3
58	0.0057	9	24	39
59	0.0058	6	22	26
60	0.0059	0	1	1
61	0.0060	14	33	19
62	0.0061	7	6	3
63	0.0062	2	10	23
64	0.0063	2	9	23
65	0.0064	10	26	14
66	0.0065	15	22	15
67	0.0066	1	-4	1
68	0.0067	5	6	22
69	0.0068	5	19	24
70	0.0069	11	16	11
71	0.0070	16	15	10
72	0.0071	-4	-10	3
73	0.0072	0	11	26
74	0.0073	-2	27	23
75	0.0074	7	26	20
76	0.0075	14	22	7
77	0.0076	-2	-7	10
78	0.0077	9	20	31
79	0.0078	10	36	36
80	0.0079	10	27	20
81	0.0080	10	15	16
82	0.0081	0	3	11
83	0.0082	2	20	33
84	0.0083	5	35	32
85	0.0084	15	19	20
86	0.0085	19	5	10
87	0.0086	11	-4	5
88	0.0087	10	19	35
89	0.0088	-2	20	30
90	0.0089	5	16	18
91	0.0090	10	9	6
92	0.0091	3	3	7
93	0.0092	14	19	36
94	0.0093	2	19	23
95	0.0094	10	16	19
96	0.0095	18	20	16
97	0.0096	9	9	7
98	0.0097	3	20	27
99	0.0098	-8	11	22
100	0.0099	-3	7	13

电流增量数据 [1000Hz, 10点]
采样序号	时间(s)	A相电流(INT)	B相电流(INT)	C相电流(INT)
1	0.000	-7	420	11
2	0.001	-4	-456	-25
3	0.002	-48	174	-7
4	0.003	-5	938	-16
5	0.004	-17	882	-23
6	0.005	13	1570	-4
7	0.006	18	-2586	-16
8	0.007	-10	112	14
9	0.008	-16	-1901	-33
10	0.009	0	598	-15
================================================================================

=== 采集时间: 2025-12-05 15:12:02 (增量周期: 10.0ms) ===
振动增量数据 [等效10000Hz, 100点]
时序序号	时间(s)	X振动(INT)	Y振动(INT)	Z振动(INT)
1	0.0000	14	1	7
2	0.0001	3	-8	7
3	0.0002	10	27	30
4	0.0003	-6	18	24
5	0.0004	0	18	10
6	0.0005	13	10	7
7	0.0006	5	-2	10
8	0.0007	9	30	37
9	0.0008	-2	26	24
10	0.0009	1	16	7
11	0.0010	13	14	7
12	0.0011	0	0	10
13	0.0012	13	31	33
14	0.0013	2	18	24
15	0.0014	2	9	6
16	0.0015	13	2	-2
17	0.0016	0	-2	1
18	0.0017	5	22	31
19	0.0018	2	16	30
20	0.0019	3	6	6
21	0.0020	16	9	3
22	0.0021	3	1	11
23	0.0022	16	28	39
24	0.0023	6	27	27
25	0.0024	11	16	13
26	0.0025	18	18	14
27	0.0026	5	7	16
28	0.0027	15	32	39
29	0.0028	7	27	27
30	0.0029	15	26	18
31	0.0030	20	22	15
32	0.0031	5	-3	13
33	0.0032	16	23	44
34	0.0033	10	30	40
35	0.0034	14	27	20
36	0.0035	18	23	7
37	0.0036	2	-10	6
38	0.0037	7	14	33
39	0.0038	13	31	35
40	0.0039	13	28	22
41	0.0040	16	13	5
42	0.0041	10	-4	5
43	0.0042	13	19	33
44	0.0043	14	31	30
45	0.0044	15	27	19
46	0.0045	20	18	15
47	0.0046	5	0	7
48	0.0047	9	22	30
49	0.0048	10	33	26
50	0.0049	7	23	16
51	0.0050	20	27	20
52	0.0051	1	5	11
53	0.0052	11	19	36
54	0.0053	5	18	24
55	0.0054	6	10	7
56	0.0055	22	28	14
57	0.0056	0	7	10
58	0.0057	9	13	33
59	0.0058	0	7	20
60	0.0059	9	7	13
61	0.0060	22	14	13
62	0.0061	10	11	11
63	0.0062	15	28	36
64	0.0063	9	24	22
65	0.0064	9	19	10
66	0.0065	19	16	10
67	0.0066	7	11	10
68	0.0067	15	33	33
69	0.0068	13	23	23
70	0.0069	13	13	9
71	0.0070	14	6	14
72	0.0071	11	7	11
73	0.0072	3	28	31
74	0.0073	-2	19	27
75	0.0074	-3	14	11
76	0.0075	18	10	15
77	0.0076	6	5	10
78	0.0077	16	20	33
79	0.0078	7	18	23
80	0.0079	7	15	16
81	0.0080	14	19	10
82	0.0081	-4	7	6
83	0.0082	6	13	27
84	0.0083	-3	16	22
85	0.0084	9	37	19
86	0.0085	19	37	16
87	0.0086	0	0	7
88	0.0087	9	10	27
89	0.0088	-2	9	20
90	0.0089	18	44	18
91	0.0090	22	30	16
92	0.0091	1	-8	7
93	0.0092	7	3	30
94	0.0093	-8	7	24
95	0.0094	3	28	15
96	0.0095	19	20	6
97	0.0096	0	-10	5
98	0.0097	16	9	32
99	0.0098	3	19	28
100	0.0099	5	24	18

电流增量数据 [1000Hz, 10点]
采样序号	时间(s)	A相电流(INT)	B相电流(INT)	C相电流(INT)
1	0.000	-15	880	-12
2	0.001	4	1366	-34
3	0.002	10	528	-14
4	0.003	-10	-262	-2
5	0.004	9	-1780	-20
6	0.005	2	554	-28
7	0.006	27	1171	-6
8	0.007	-17	1460	-12
9	0.008	11	-2527	-22
10	0.009	4	-123	-16
================================================================================

=== 采集时间: 2025-12-05 15:12:02 (增量周期: 10.0ms) ===
振动增量数据 [等效10000Hz, 100点]
时序序号	时间(s)	X振动(INT)	Y振动(INT)	Z振动(INT)
1	0.0000	23	19	19
2	0.0001	6	9	16
3	0.0002	11	19	41
4	0.0003	0	10	16
5	0.0004	6	13	6
6	0.0005	16	16	19
7	0.0006	9	11	15
8	0.0007	24	18	28
9	0.0008	13	16	31
10	0.0009	13	19	18
11	0.0010	15	28	10
12	0.0011	3	16	10
13	0.0012	5	16	32
14	0.0013	10	14	22
15	0.0014	14	22	16
16	0.0015	20	30	19
17	0.0016	2	16	7
18	0.0017	11	16	22
19	0.0018	10	10	11
20	0.0019	14	18	14
21	0.0020	14	14	20
22	0.0021	0	1	15
23	0.0022	11	16	30
24	0.0023	-2	10	14
25	0.0024	15	15	7
26	0.0025	14	16	7
27	0.0026	2	6	14
28	0.0027	6	11	36
29	0.0028	0	13	24
30	0.0029	10	19	11
31	0.0030	15	19	14
32	0.0031	6	16	14
33	0.0032	10	16	39
34	0.0033	0	15	23
35	0.0034	2	11	9
36	0.0035	7	15	18
37	0.0036	2	13	13
38	0.0037	6	23	31
39	0.0038	6	15	23
40	0.0039	15	13	7
41	0.0040	11	10	10
42	0.0041	-2	2	11
43	0.0042	-2	14	32
44	0.0043	1	19	27
45	0.0044	7	15	18
46	0.0045	22	6	14
47	0.0046	2	-3	10
48	0.0047	2	10	31
49	0.0048	-2	19	20
50	0.0049	9	23	13
51	0.0050	14	14	19
52	0.0051	-6	2	10
53	0.0052	9	13	31
54	0.0053	5	19	20
55	0.0054	10	16	9
56	0.0055	18	15	9
57	0.0056	9	6	11
58	0.0057	9	15	30
59	0.0058	-2	23	22
60	0.0059	7	18	13
61	0.0060	14	24	16
62	0.0061	2	9	15
63	0.0062	1	9	23
64	0.0063	0	14	16
65	0.0064	2	10	14
66	0.0065	19	30	23
67	0.0066	7	23	20
68	0.0067	5	23	33
69	0.0068	3	10	11
70	0.0069	3	9	3
71	0.0070	14	19	20
72	0.0071	7	26	22
73	0.0072	11	16	30
74	0.0073	3	7	9
75	0.0074	-2	-2	-3
76	0.0075	7	22	16
77	0.0076	-6	11	14
78	0.0077	3	9	24
79	0.0078	5	3	11
80	0.0079	11	9	10
81	0.0080	16	23	23
82	0.0081	3	10	6
83	0.0082	-2	10	20
84	0.0083	-10	9	14
85	0.0084	5	11	14
86	0.0085	19	32	20
87	0.0086	10	11	10
88	0.0087	3	9	22
89	0.0088	0	11	13
90	0.0089	-3	11	-3
91	0.0090	7	13	7
92	0.0091	5	6	14
93	0.0092	-2	10	27
94	0.0093	3	15	14
95	0.0094	2	1	-3
96	0.0095	5	10	3
97	0.0096	-2	3	3
98	0.0097	5	9	23
99	0.0098	0	7	13
100	0.0099	0	13	5

电流增量数据 [1000Hz, 10点]
采样序号	时间(s)	A相电流(INT)	B相电流(INT)	C相电流(INT)
1	0.000	-22	978	-24
2	0.001	43	1015	-15
3	0.002	12	936	9
4	0.003	-4	-734	-21
5	0.004	-6	-1330	-12
6	0.005	14	72	-6
7	0.006	22	-1867	7
8	0.007	-26	585	-7
9	0.008	37	524	-10
10	0.009	-17	1800	-4
================================================================================

=== 采集时间: 2025-12-05 15:12:03 (增量周期: 10.0ms) ===
振动增量数据 [等效10000Hz, 100点]
时序序号	时间(s)	X振动(INT)	Y振动(INT)	Z振动(INT)
1	0.0000	15	19	16
2	0.0001	5	11	16
3	0.0002	13	24	32
4	0.0003	9	23	23
5	0.0004	9	20	7
6	0.0005	24	24	19
7	0.0006	10	5	16
8	0.0007	11	14	37
9	0.0008	9	28	28
10	0.0009	7	23	11
11	0.0010	18	30	15
12	0.0011	5	2	11
13	0.0012	9	7	26
14	0.0013	10	19	26
15	0.0014	16	27	14
16	0.0015	9	20	15
17	0.0016	2	5	7
18	0.0017	2	-2	20
19	0.0018	-3	16	24
20	0.0019	18	22	15
21	0.0020	1	15	11
22	0.0021	6	5	15
23	0.0022	3	6	15
24	0.0023	3	22	20
25	0.0024	18	18	7
26	0.0025	5	13	14
27	0.0026	2	2	14
28	0.0027	2	7	26
29	0.0028	-3	26	27
30	0.0029	13	19	14
31	0.0030	11	11	13
32	0.0031	14	18	18
33	0.0032	0	15	35
34	0.0033	6	23	28
35	0.0034	11	15	9
36	0.0035	13	7	15
37	0.0036	10	16	13
38	0.0037	1	14	27
39	0.0038	11	20	20
40	0.0039	2	9	2
41	0.0040	11	0	7
42	0.0041	0	9	9
43	0.0042	2	11	26
44	0.0043	9	23	18
45	0.0044	14	6	2
46	0.0045	23	6	11
47	0.0046	2	2	7
48	0.0047	-4	7	27
49	0.0048	0	23	20
50	0.0049	2	13	2
51	0.0050	18	13	14
52	0.0051	7	2	10
53	0.0052	5	11	24
54	0.0053	1	15	20
55	0.0054	9	18	2
56	0.0055	13	16	6
57	0.0056	0	14	10
58	0.0057	-2	10	28
59	0.0058	-2	15	15
60	0.0059	10	9	-4
61	0.0060	23	27	14
62	0.0061	5	6	11
63	0.0062	7	13	27
64	0.0063	-4	16	13
65	0.0064	0	11	2
66	0.0065	16	23	14
67	0.0066	5	13	18
68	0.0067	9	15	33
69	0.0068	6	13	15
70	0.0069	7	9	3
71	0.0070	14	16	14
72	0.0071	6	7	11
73	0.0072	9	11	26
74	0.0073	6	16	18
75	0.0074	6	5	2
76	0.0075	14	18	13
77	0.0076	1	-2	9
78	0.0077	10	7	24
79	0.0078	11	20	19
80	0.0079	9	11	9
81	0.0080	15	19	22
82	0.0081	-4	-3	11
83	0.0082	3	10	26
84	0.0083	9	30	20
85	0.0084	11	22	14
86	0.0085	19	20	24
87	0.0086	10	3	18
88	0.0087	0	13	26
89	0.0088	2	20	22
90	0.0089	0	16	7
91	0.0090	14	19	16
92	0.0091	9	6	20
93	0.0092	13	16	33
94	0.0093	5	19	15
95	0.0094	5	9	-3
96	0.0095	9	6	9
97	0.0096	-2	1	6
98	0.0097	10	20	37
99	0.0098	2	22	23
100	0.0099	6	10	1

电流增量数据 [1000Hz, 10点]
采样序号	时间(s)	A相电流(INT)	B相电流(INT)	C相电流(INT)
1	0.000	24	-2059	-15
2	0.001	1	183	-24
3	0.002	22	-2676	-34
4	0.003	3	191	-25
5	0.004	37	72	-8
6	0.005	-2	1565	15
7	0.006	-26	-86	-22
8	0.007	16	-351	-10
9	0.008	3	-137	-12
10	0.009	-40	524	5
================================================================================

=== 采集时间: 2025-12-05 15:12:03 (增量周期: 10.0ms) ===
振动增量数据 [等效10000Hz, 100点]
时序序号	时间(s)	X振动(INT)	Y振动(INT)	Z振动(INT)
1	0.0000	14	24	23
2	0.0001	0	7	23
3	0.0002	11	18	35
4	0.0003	7	18	24
5	0.0004	11	14	6
6	0.0005	23	20	16
7	0.0006	3	-2	18
8	0.0007	14	19	28
9	0.0008	10	16	15
10	0.0009	5	13	7
11	0.0010	14	18	22
12	0.0011	0	5	15
13	0.0012	5	20	22
14	0.0013	9	7	11
15	0.0014	9	10	2
16	0.0015	18	30	24
17	0.0016	2	13	20
18	0.0017	7	23	27
19	0.0018	3	2	7
20	0.0019	7	9	9
21	0.0020	22	40	31
22	0.0021	13	22	28
23	0.0022	5	19	31
24	0.0023	9	5	6
25	0.0024	5	2	-2
26	0.0025	27	28	31
27	0.0026	14	20	26
28	0.0027	6	18	26
29	0.0028	11	2	7
30	0.0029	6	9	-2
31	0.0030	20	37	24
32	0.0031	14	16	19
33	0.0032	-2	-2	24
34	0.0033	10	11	16
35	0.0034	-3	10	6
36	0.0035	22	41	26
37	0.0036	5	7	19
38	0.0037	6	7	28
39	0.0038	9	15	13
40	0.0039	0	10	7
41	0.0040	15	35	27
42	0.0041	-3	1	20
43	0.0042	2	14	33
44	0.0043	6	16	16
45	0.0044	11	6	6
46	0.0045	23	24	16
47	0.0046	1	1	27
48	0.0047	3	23	37
49	0.0048	-2	11	14
50	0.0049	3	6	0
51	0.0050	18	13	16
52	0.0051	1	3	10
53	0.0052	13	19	31
54	0.0053	11	23	24
55	0.0054	14	13	6
56	0.0055	18	14	14
57	0.0056	-6	5	15
58	0.0057	2	14	30
59	0.0058	11	19	16
60	0.0059	10	14	2
61	0.0060	16	10	11
62	0.0061	1	13	16
63	0.0062	10	20	31
64	0.0063	5	19	9
65	0.0064	3	10	7
66	0.0065	11	15	16
67	0.0066	5	16	16
68	0.0067	9	20	28
69	0.0068	7	15	15
70	0.0069	7	13	1
71	0.0070	13	19	18
72	0.0071	3	16	13
73	0.0072	13	31	30
74	0.0073	10	14	22
75	0.0074	6	6	3
76	0.0075	23	19	19
77	0.0076	1	19	19
78	0.0077	13	30	28
79	0.0078	6	9	14
80	0.0079	2	7	2
81	0.0080	10	15	10
82	0.0081	-6	10	18
83	0.0082	6	11	22
84	0.0083	5	0	5
85	0.0084	10	18	-3
86	0.0085	23	23	20
87	0.0086	-10	5	7
88	0.0087	5	9	19
89	0.0088	-12	3	7
90	0.0089	3	24	6
91	0.0090	19	32	24
92	0.0091	2	7	20
93	0.0092	14	14	24
94	0.0093	3	5	13
95	0.0094	3	28	3
96	0.0095	7	14	10
97	0.0096	-3	6	13
98	0.0097	-2	5	24
99	0.0098	2	13	19
100	0.0099	7	16	6

电流增量数据 [1000Hz, 10点]
采样序号	时间(s)	A相电流(INT)	B相电流(INT)	C相电流(INT)
1	0.000	-14	-316	6
2	0.001	56	963	-12
3	0.002	1	1045	2
4	0.003	-7	1599	-2
5	0.004	3	-2547	-26
6	0.005	-6	-10	4
7	0.006	-15	-819	-16
8	0.007	-10	490	21
9	0.008	-24	-87	-16
10	0.009	19	-28	9
================================================================================

=== 采集时间: 2025-12-05 15:12:04 (增量周期: 10.0ms) ===
振动增量数据 [等效10000Hz, 100点]
时序序号	时间(s)	X振动(INT)	Y振动(INT)	Z振动(INT)
1	0.0000	9	13	10
2	0.0001	-7	13	20
3	0.0002	15	33	31
4	0.0003	0	10	19
5	0.0004	9	16	7
6	0.0005	23	15	23
7	0.0006	0	18	26
8	0.0007	16	30	31
9	0.0008	5	11	11
10	0.0009	13	22	2
11	0.0010	16	26	20
12	0.0011	-3	13	16
13	0.0012	5	15	27
14	0.0013	0	10	7
15	0.0014	20	30	-2
16	0.0015	15	18	10
17	0.0016	2	-3	5
18	0.0017	5	6	18
19	0.0018	-2	6	13
20	0.0019	3	26	9
21	0.0020	9	26	22
22	0.0021	-2	-2	5
23	0.0022	7	7	24
24	0.0023	14	9	20
25	0.0024	14	23	7
26	0.0025	15	20	19
27	0.0026	-8	-7	11
28	0.0027	-4	9	22
29	0.0028	3	14	15
30	0.0029	15	27	11
31	0.0030	11	14	22
32	0.0031	1	1	10
33	0.0032	3	13	19
34	0.0033	-4	15	19
35	0.0034	0	15	1
36	0.0035	3	16	13
37	0.0036	-6	-3	14
38	0.0037	5	16	27
39	0.0038	7	13	16
40	0.0039	2	14	5
41	0.0040	10	9	13
42	0.0041	-7	-2	6
43	0.0042	6	22	28
44	0.0043	5	15	18
45	0.0044	5	9	1
46	0.0045	16	20	20
47	0.0046	0	5	18
48	0.0047	10	16	26
49	0.0048	5	13	19
50	0.0049	5	15	6
51	0.0050	16	20	15
52	0.0051	-3	6	11
53	0.0052	5	16	24
54	0.0053	10	10	14
55	0.0054	11	15	16
56	0.0055	19	33	31
57	0.0056	6	13	16
58	0.0057	0	13	15
59	0.0058	1	6	7
60	0.0059	9	15	7
61	0.0060	10	22	20
62	0.0061	15	18	22
63	0.0062	13	22	33
64	0.0063	15	22	22
65	0.0064	14	16	10
66	0.0065	15	26	16
67	0.0066	0	6	18
68	0.0067	2	19	31
69	0.0068	7	23	23
70	0.0069	15	16	10
71	0.0070	20	19	18
72	0.0071	5	1	14
73	0.0072	6	11	28
74	0.0073	9	15	16
75	0.0074	6	6	9
76	0.0075	14	15	24
77	0.0076	3	10	20
78	0.0077	5	19	26
79	0.0078	13	13	10
80	0.0079	9	7	-3
81	0.0080	11	18	11
82	0.0081	-7	9	19
83	0.0082	2	18	27
84	0.0083	9	18	23
85	0.0084	7	15	7
86	0.0085	19	14	14
87	0.0086	-2	5	11
88	0.0087	9	14	31
89	0.0088	9	16	24
90	0.0089	7	10	9
91	0.0090	14	16	16
92	0.0091	-3	9	19
93	0.0092	7	13	33
94	0.0093	13	19	22
95	0.0094	15	9	7
96	0.0095	15	13	16
97	0.0096	3	7	20
98	0.0097	5	20	28
99	0.0098	1	11	11
100	0.0099	7	6	1

电流增量数据 [1000Hz, 10点]
采样序号	时间(s)	A相电流(INT)	B相电流(INT)	C相电流(INT)
1	0.000	1	-1159	1
2	0.001	2	822	-4
3	0.002	-22	54	-13
4	0.003	-22	1387	-8
5	0.004	29	-93	-2
6	0.005	2	-666	-15
7	0.006	-13	-120	-34
8	0.007	14	3101	15
9	0.008	24	1306	-5
10	0.009	16	1249	2
================================================================================

=== 采集时间: 2025-12-05 15:12:04 (增量周期: 10.0ms) ===
振动增量数据 [等效10000Hz, 100点]
时序序号	时间(s)	X振动(INT)	Y振动(INT)	Z振动(INT)
1	0.0000	9	9	23
2	0.0001	-4	3	28
3	0.0002	14	37	30
4	0.0003	19	18	13
5	0.0004	19	3	0
6	0.0005	11	5	16
7	0.0006	3	14	27
8	0.0007	5	35	32
9	0.0008	9	19	13
10	0.0009	11	9	-2
11	0.0010	19	5	23
12	0.0011	18	19	26
13	0.0012	16	33	31
14	0.0013	13	16	11
15	0.0014	2	-2	-2
16	0.0015	6	7	22
17	0.0016	7	19	28
18	0.0017	11	28	30
19	0.0018	10	6	7
20	0.0019	2	3	-4
21	0.0020	15	13	20
22	0.0021	2	23	27
23	0.0022	7	20	30
24	0.0023	10	10	10
25	0.0024	2	6	-4
26	0.0025	14	23	28
27	0.0026	0	18	24
28	0.0027	14	15	26
29	0.0028	5	9	6
30	0.0029	9	5	-2
31	0.0030	15	22	22
32	0.0031	-2	16	26
33	0.0032	9	15	28
34	0.0033	9	9	7
35	0.0034	6	5	0
36	0.0035	14	18	20
37	0.0036	0	9	24
38	0.0037	11	26	33
39	0.0038	9	9	9
40	0.0039	3	10	-8
41	0.0040	13	16	19
42	0.0041	0	7	27
43	0.0042	10	27	41
44	0.0043	14	16	20
45	0.0044	1	9	-4
46	0.0045	7	9	13
47	0.0046	-4	5	14
48	0.0047	6	27	35
49	0.0048	13	14	24
50	0.0049	3	1	-4
51	0.0050	7	2	6
52	0.0051	-11	-4	10
53	0.0052	5	19	19
54	0.0053	14	18	7
55	0.0054	2	-2	-8
56	0.0055	2	2	9
57	0.0056	-14	2	18
58	0.0057	1	32	27
59	0.0058	7	19	11
60	0.0059	1	-2	-7
61	0.0060	11	0	11
62	0.0061	-6	5	13
63	0.0062	-2	19	23
64	0.0063	1	19	19
65	0.0064	-2	1	6
66	0.0065	10	2	14
67	0.0066	3	5	13
68	0.0067	11	19	24
69	0.0068	11	16	10
70	0.0069	2	9	-2
71	0.0070	5	6	22
72	0.0071	-3	10	19
73	0.0072	1	24	31
74	0.0073	5	19	15
75	0.0074	11	2	-3
76	0.0075	15	11	19
77	0.0076	3	2	15
78	0.0077	9	23	28
79	0.0078	9	23	19
80	0.0079	9	11	1
81	0.0080	14	14	19
82	0.0081	5	10	18
83	0.0082	7	18	27
84	0.0083	11	16	16
85	0.0084	16	15	5
86	0.0085	13	23	20
87	0.0086	-2	10	20
88	0.0087	1	14	22
89	0.0088	5	22	15
90	0.0089	9	18	3
91	0.0090	19	19	28
92	0.0091	6	-3	19
93	0.0092	10	13	26
94	0.0093	13	40	24
95	0.0094	13	26	1
96	0.0095	14	16	20
97	0.0096	-10	-11	11
98	0.0097	7	9	28
99	0.0098	9	41	22
100	0.0099	22	33	10

电流增量数据 [1000Hz, 10点]
采样序号	时间(s)	A相电流(INT)	B相电流(INT)	C相电流(INT)
1	0.000	-16	-1667	1
2	0.001	12	127	-6
3	0.002	40	-2060	-11
4	0.003	-7	1002	-10
5	0.004	16	352	-4
6	0.005	-17	1593	-10
7	0.006	34	-206	-3
8	0.007	5	-320	0
9	0.008	21	-24	3
10	0.009	-11	1522	0
================================================================================

=== 采集时间: 2025-12-05 15:12:04 (增量周期: 10.0ms) ===
振动增量数据 [等效10000Hz, 100点]
时序序号	时间(s)	X振动(INT)	Y振动(INT)	Z振动(INT)
1	0.0000	2	18	22
2	0.0001	10	24	30
3	0.0002	13	27	33
4	0.0003	7	18	15
5	0.0004	15	-4	0
6	0.0005	11	15	15
7	0.0006	13	27	24
8	0.0007	6	20	16
9	0.0008	13	16	13
10	0.0009	9	7	1
11	0.0010	10	24	33
12	0.0011	13	22	26
13	0.0012	1	7	19
14	0.0013	13	22	2
15	0.0014	7	10	0
16	0.0015	7	18	23
17	0.0016	3	13	19
18	0.0017	-6	9	23
19	0.0018	14	30	18
20	0.0019	5	22	9
21	0.0020	23	18	28
22	0.0021	9	5	16
23	0.0022	5	-2	24
24	0.0023	13	33	20
25	0.0024	7	32	10
26	0.0025	13	23	28
27	0.0026	2	-2	20
28	0.0027	13	5	23
29	0.0028	23	37	24
30	0.0029	13	27	13
31	0.0030	20	15	27
32	0.0031	-3	0	19
33	0.0032	9	9	28
34	0.0033	14	35	20
35	0.0034	15	31	16
36	0.0035	15	11	22
37	0.0036	7	-3	19
38	0.0037	13	16	23
39	0.0038	14	32	23
40	0.0039	16	26	7
41	0.0040	14	9	18
42	0.0041	0	2	13
43	0.0042	6	18	26
44	0.0043	10	30	20
45	0.0044	11	16	5
46	0.0045	15	9	20
47	0.0046	6	-6	13
48	0.0047	9	19	23
49	0.0048	11	30	20
50	0.0049	13	19	7
51	0.0050	15	11	23
52	0.0051	0	2	15
53	0.0052	3	9	22
54	0.0053	13	32	26
55	0.0054	7	19	5
56	0.0055	19	18	18
57	0.0056	3	9	18
58	0.0057	9	10	24
59	0.0058	15	24	20
60	0.0059	14	28	19
61	0.0060	30	23	27
62	0.0061	0	9	22
63	0.0062	6	16	26
64	0.0063	2	9	5
65	0.0064	2	22	5
66	0.0065	23	27	31
67	0.0066	6	5	27
68	0.0067	15	24	26
69	0.0068	18	20	15
70	0.0069	15	30	7
71	0.0070	18	20	20
72	0.0071	-8	2	15
73	0.0072	3	26	23
74	0.0073	6	27	24
75	0.0074	20	24	14
76	0.0075	20	16	18
77	0.0076	3	-4	16
78	0.0077	10	13	15
79	0.0078	15	22	7
80	0.0079	2	18	10
81	0.0080	1	10	33
82	0.0081	-7	-3	13
83	0.0082	7	26	24
84	0.0083	15	19	13
85	0.0084	15	13	6
86	0.0085	13	16	19
87	0.0086	0	1	16
88	0.0087	1	28	27
89	0.0088	5	27	18
90	0.0089	0	16	2
91	0.0090	14	13	15
92	0.0091	3	-4	16
93	0.0092	10	20	26
94	0.0093	18	26	18
95	0.0094	5	11	7
96	0.0095	13	11	22
97	0.0096	-3	7	16
98	0.0097	3	19	26
99	0.0098	9	20	20
100	0.0099	9	9	2

电流增量数据 [1000Hz, 10点]
采样序号	时间(s)	A相电流(INT)	B相电流(INT)	C相电流(INT)
1	0.000	46	1915	-3
2	0.001	4	363	-24
3	0.002	20	481	-23
4	0.003	-5	-267	-8
5	0.004	5	173	-24
6	0.005	-4	1116	-15
7	0.006	-7	1202	-11
8	0.007	4	1651	-13
9	0.008	19	-2218	-15
10	0.009	-2	400	-8
================================================================================

=== 采集时间: 2025-12-05 15:12:05 (增量周期: 10.0ms) ===
振动增量数据 [等效10000Hz, 100点]
时序序号	时间(s)	X振动(INT)	Y振动(INT)	Z振动(INT)
1	0.0000	10	6	19
2	0.0001	-6	2	10
3	0.0002	6	18	26
4	0.0003	16	28	16
5	0.0004	7	10	10
6	0.0005	13	6	18
7	0.0006	-4	5	20
8	0.0007	7	30	33
9	0.0008	10	26	23
10	0.0009	3	-3	-2
11	0.0010	13	19	20
12	0.0011	-4	13	27
13	0.0012	13	33	31
14	0.0013	19	20	16
15	0.0014	7	2	-2
16	0.0015	15	13	16
17	0.0016	-2	14	23
18	0.0017	10	30	28
19	0.0018	18	28	14
20	0.0019	15	9	1
21	0.0020	11	14	20
22	0.0021	3	9	18
23	0.0022	10	31	27
24	0.0023	22	30	27
25	0.0024	20	15	10
26	0.0025	19	19	26
27	0.0026	-3	5	23
28	0.0027	-2	23	28
29	0.0028	19	28	19
30	0.0029	15	13	6
31	0.0030	24	13	28
32	0.0031	7	7	28
33	0.0032	6	30	35
34	0.0033	16	32	19
35	0.0034	15	16	0
36	0.0035	11	11	22
37	0.0036	-6	5	20
38	0.0037	5	24	37
39	0.0038	23	31	23
40	0.0039	20	16	3
41	0.0040	19	16	16
42	0.0041	0	2	24
43	0.0042	1	18	22
44	0.0043	20	35	22
45	0.0044	13	19	10
46	0.0045	18	14	30
47	0.0046	-3	10	30
48	0.0047	5	18	28
49	0.0048	15	31	22
50	0.0049	10	15	11
51	0.0050	11	23	23
52	0.0051	-2	13	18
53	0.0052	13	20	22
54	0.0053	14	15	15
55	0.0054	13	6	3
56	0.0055	10	19	26
57	0.0056	3	10	13
58	0.0057	10	23	26
59	0.0058	13	16	16
60	0.0059	13	13	10
61	0.0060	22	32	24
62	0.0061	7	20	27
63	0.0062	13	19	22
64	0.0063	19	10	13
65	0.0064	11	5	5
66	0.0065	16	26	31
67	0.0066	2	19	27
68	0.0067	5	19	23
69	0.0068	9	15	10
70	0.0069	13	9	6
71	0.0070	15	19	23
72	0.0071	5	14	24
73	0.0072	6	15	18
74	0.0073	10	16	11
75	0.0074	3	10	1
76	0.0075	13	20	23
77	0.0076	-7	11	20
78	0.0077	6	13	22
79	0.0078	13	23	14
80	0.0079	18	6	2
81	0.0080	19	22	27
82	0.0081	1	6	27
83	0.0082	3	11	20
84	0.0083	6	10	6
85	0.0084	3	2	1
86	0.0085	9	20	31
87	0.0086	2	14	27
88	0.0087	11	22	23
89	0.0088	19	15	10
90	0.0089	19	10	9
91	0.0090	19	24	33
92	0.0091	1	18	26
93	0.0092	0	14	16
94	0.0093	7	15	5
95	0.0094	3	9	1
96	0.0095	13	23	31
97	0.0096	3	14	28
98	0.0097	7	15	20
99	0.0098	14	14	3
100	0.0099	5	-2	-3

电流增量数据 [1000Hz, 10点]
采样序号	时间(s)	A相电流(INT)	B相电流(INT)	C相电流(INT)
1	0.000	5	1265	2
2	0.001	-5	1860	-16
3	0.002	1	842	-7
4	0.003	46	-154	-14
5	0.004	-13	-667	-25
6	0.005	-14	1280	-11
7	0.006	-10	1042	-6
8	0.007	3	1541	-19
9	0.008	-20	-2098	-25
10	0.009	-2	96	-4
================================================================================

=== 采集时间: 2025-12-05 15:12:05 (增量周期: 10.0ms) ===
振动增量数据 [等效10000Hz, 100点]
时序序号	时间(s)	X振动(INT)	Y振动(INT)	Z振动(INT)
1	0.0000	7	14	26
2	0.0001	-2	0	15
3	0.0002	1	27	18
4	0.0003	27	31	15
5	0.0004	2	-7	0
6	0.0005	22	18	20
7	0.0006	-7	1	15
8	0.0007	-6	18	18
9	0.0008	13	19	9
10	0.0009	-3	-7	0
11	0.0010	20	27	32
12	0.0011	-6	16	28
13	0.0012	14	23	20
14	0.0013	18	19	9
15	0.0014	6	-12	6
16	0.0015	18	28	27
17	0.0016	2	14	30
18	0.0017	13	18	22
19	0.0018	10	16	18
20	0.0019	9	-2	10
21	0.0020	18	32	31
22	0.0021	1	14	26
23	0.0022	13	22	20
24	0.0023	11	10	9
25	0.0024	9	2	6
26	0.0025	18	23	27
27	0.0026	1	13	27
28	0.0027	7	19	15
29	0.0028	5	11	2
30	0.0029	9	13	7
31	0.0030	14	26	27
32	0.0031	9	19	23
33	0.0032	6	18	16
34	0.0033	20	22	1
35	0.0034	9	6	5
36	0.0035	20	23	32
37	0.0036	3	14	27
38	0.0037	9	14	15
39	0.0038	11	16	7
40	0.0039	0	5	3
41	0.0040	15	24	31
42	0.0041	0	13	24
43	0.0042	10	13	18
44	0.0043	15	13	3
45	0.0044	3	2	6
46	0.0045	5	23	26
47	0.0046	-8	13	20
48	0.0047	0	16	11
49	0.0048	11	11	2
50	0.0049	2	0	-3
51	0.0050	11	22	22
52	0.0051	-11	-2	19
53	0.0052	10	22	16
54	0.0053	16	19	15
55	0.0054	10	3	2
56	0.0055	11	13	16
57	0.0056	-12	-2	15
58	0.0057	-3	27	19
59	0.0058	14	28	13
60	0.0059	9	5	2
61	0.0060	13	5	20
62	0.0061	3	1	19
63	0.0062	7	30	19
64	0.0063	15	30	7
65	0.0064	3	2	-7
66	0.0065	10	9	20
67	0.0066	-6	9	18
68	0.0067	9	35	19
69	0.0068	14	22	14
70	0.0069	9	-2	-6
71	0.0070	19	9	16
72	0.0071	0	6	23
73	0.0072	2	23	20
74	0.0073	13	19	9
75	0.0074	-6	1	2
76	0.0075	9	15	30
77	0.0076	0	13	22
78	0.0077	14	19	16
79	0.0078	14	15	10
80	0.0079	10	2	0
81	0.0080	9	19	30
82	0.0081	-3	6	19
83	0.0082	-2	22	18
84	0.0083	3	18	14
85	0.0084	5	9	2
86	0.0085	13	14	23
87	0.0086	3	1	20
88	0.0087	2	11	18
89	0.0088	13	19	5
90	0.0089	7	10	3
91	0.0090	15	19	24
92	0.0091	0	10	28
93	0.0092	6	18	27
94	0.0093	14	22	15
95	0.0094	13	14	3
96	0.0095	13	15	31
97	0.0096	0	13	31
98	0.0097	3	18	19
99	0.0098	11	19	10
100	0.0099	2	6	5

电流增量数据 [1000Hz, 10点]
采样序号	时间(s)	A相电流(INT)	B相电流(INT)	C相电流(INT)
1	0.000	-32	-470	-29
2	0.001	9	-1324	-24
3	0.002	-8	139	-24
4	0.003	-7	-1551	-24
5	0.004	27	1123	-17
6	0.005	24	481	-6
7	0.006	7	2095	-10
8	0.007	-8	-98	-14
9	0.008	15	-191	-14
10	0.009	-21	283	-11
================================================================================

=== 采集时间: 2025-12-05 15:12:06 (增量周期: 10.0ms) ===
振动增量数据 [等效10000Hz, 100点]
时序序号	时间(s)	X振动(INT)	Y振动(INT)	Z振动(INT)
1	0.0000	19	16	28
2	0.0001	9	10	20
3	0.0002	13	19	22
4	0.0003	11	23	13
5	0.0004	5	13	3
6	0.0005	5	11	24
7	0.0006	-2	11	19
8	0.0007	5	30	22
9	0.0008	19	26	19
10	0.0009	13	10	7
11	0.0010	14	9	26
12	0.0011	0	13	19
13	0.0012	6	24	10
14	0.0013	15	18	11
15	0.0014	9	10	13
16	0.0015	7	15	31
17	0.0016	2	16	22
18	0.0017	5	23	16
19	0.0018	18	16	9
20	0.0019	13	7	6
21	0.0020	9	5	23
22	0.0021	2	13	20
23	0.0022	-2	18	11
24	0.0023	13	26	14
25	0.0024	5	5	9
26	0.0025	1	-2	20
27	0.0026	-3	6	16
28	0.0027	9	23	16
29	0.0028	15	27	20
30	0.0029	3	7	10
31	0.0030	7	7	20
32	0.0031	-4	7	15
33	0.0032	2	18	16
34	0.0033	15	28	15
35	0.0034	11	7	9
36	0.0035	16	16	28
37	0.0036	5	11	22
38	0.0037	7	23	20
39	0.0038	18	27	20
40	0.0039	15	14	7
41	0.0040	24	24	36
42	0.0041	6	13	30
43	0.0042	13	19	28
44	0.0043	15	20	20
45	0.0044	9	15	6
46	0.0045	15	18	31
47	0.0046	6	9	27
48	0.0047	16	19	31
49	0.0048	27	26	20
50	0.0049	16	15	14
51	0.0050	18	19	36
52	0.0051	2	16	22
53	0.0052	14	30	27
54	0.0053	11	19	22
55	0.0054	15	13	13
56	0.0055	13	19	23
57	0.0056	3	6	27
58	0.0057	13	20	27
59	0.0058	23	27	18
60	0.0059	18	19	6
61	0.0060	19	14	27
62	0.0061	14	20	24
63	0.0062	7	23	23
64	0.0063	19	30	18
65	0.0064	7	9	1
66	0.0065	13	10	28
67	0.0066	3	19	20
68	0.0067	9	23	26
69	0.0068	20	30	19
70	0.0069	7	1	5
71	0.0070	15	3	26
72	0.0071	2	18	16
73	0.0072	3	18	16
74	0.0073	18	23	14
75	0.0074	6	3	9
76	0.0075	15	16	33
77	0.0076	-2	16	22
78	0.0077	10	23	13
79	0.0078	13	32	14
80	0.0079	14	10	9
81	0.0080	11	9	31
82	0.0081	2	16	24
83	0.0082	2	14	16
84	0.0083	7	24	14
85	0.0084	7	7	14
86	0.0085	6	11	23
87	0.0086	10	13	24
88	0.0087	7	11	19
89	0.0088	10	20	13
90	0.0089	5	11	2
91	0.0090	5	7	19
92	0.0091	0	13	19
93	0.0092	2	16	18
94	0.0093	11	19	11
95	0.0094	3	5	5
96	0.0095	10	16	20
97	0.0096	3	18	16
98	0.0097	3	11	7
99	0.0098	19	16	10
100	0.0099	6	7	6

电流增量数据 [1000Hz, 10点]
采样序号	时间(s)	A相电流(INT)	B相电流(INT)	C相电流(INT)
1	0.000	36	3179	-5
2	0.001	49	720	0
3	0.002	-13	2812	10
4	0.003	47	262	-8
5	0.004	24	561	-24
6	0.005	-10	-302	-17
7	0.006	4	1153	3
8	0.007	16	1380	-22
9	0.008	20	1247	-2
10	0.009	25	875	-15
================================================================================

=== 采集时间: 2025-12-05 15:12:06 (增量周期: 10.0ms) ===
振动增量数据 [等效10000Hz, 100点]
时序序号	时间(s)	X振动(INT)	Y振动(INT)	Z振动(INT)
1	0.0000	10	27	33
2	0.0001	3	26	27
3	0.0002	2	20	15
4	0.0003	20	10	16
5	0.0004	14	13	7
6	0.0005	14	23	33
7	0.0006	-2	20	26
8	0.0007	-2	13	10
9	0.0008	11	9	13
10	0.0009	-2	6	7
11	0.0010	13	24	39
12	0.0011	1	14	28
13	0.0012	5	11	13
14	0.0013	18	11	7
15	0.0014	7	2	5
16	0.0015	10	18	41
17	0.0016	1	19	28
18	0.0017	3	20	16
19	0.0018	23	26	16
20	0.0019	11	2	10
21	0.0020	9	19	32
22	0.0021	5	23	28
23	0.0022	9	26	19
24	0.0023	11	19	14
25	0.0024	-2	1	7
26	0.0025	1	9	24
27	0.0026	5	19	27
28	0.0027	15	30	19
29	0.0028	20	19	15
30	0.0029	0	-10	7
31	0.0030	3	6	24
32	0.0031	2	16	23
33	0.0032	5	28	14
34	0.0033	14	19	13
35	0.0034	-7	-11	7
36	0.0035	9	16	31
37	0.0036	5	23	26
38	0.0037	2	19	13
39	0.0038	16	9	0
40	0.0039	1	-7	6
41	0.0040	23	26	40
42	0.0041	6	22	28
43	0.0042	6	20	15
44	0.0043	14	16	10
45	0.0044	0	1	0
46	0.0045	23	40	40
47	0.0046	7	16	32
48	0.0047	15	14	22
49	0.0048	18	16	13
50	0.0049	2	6	13
51	0.0050	20	33	35
52	0.0051	6	9	26
53	0.0052	10	18	22
54	0.0053	19	22	18
55	0.0054	14	19	16
56	0.0055	14	28	40
57	0.0056	9	9	23
58	0.0057	11	13	11
59	0.0058	15	20	16
60	0.0059	14	14	11
61	0.0060	11	13	28
62	0.0061	5	30	27
63	0.0062	14	32	27
64	0.0063	24	23	26
65	0.0064	19	1	9
66	0.0065	15	11	27
67	0.0066	-2	20	24
68	0.0067	5	27	19
69	0.0068	23	30	16
70	0.0069	19	6	9
71	0.0070	15	14	36
72	0.0071	-2	14	22
73	0.0072	1	33	16
74	0.0073	16	30	14
75	0.0074	7	-2	2
76	0.0075	14	7	24
77	0.0076	5	13	23
78	0.0077	15	32	23
79	0.0078	24	31	18
80	0.0079	11	6	1
81	0.0080	6	1	11
82	0.0081	-4	14	20
83	0.0082	13	30	18
84	0.0083	27	30	15
85	0.0084	10	-2	5
86	0.0085	9	6	24
87	0.0086	2	18	23
88	0.0087	7	28	18
89	0.0088	20	23	9
90	0.0089	3	7	6
91	0.0090	6	6	22
92	0.0091	2	18	27
93	0.0092	10	23	20
94	0.0093	26	23	18
95	0.0094	1	-2	0
96	0.0095	15	13	23
97	0.0096	-6	14	16
98	0.0097	5	26	19
99	0.0098	15	28	19
100	0.0099	5	1	6

电流增量数据 [1000Hz, 10点]
采样序号	时间(s)	A相电流(INT)	B相电流(INT)	C相电流(INT)
1	0.000	3	3813	4
2	0.001	30	711	-4
3	0.002	87	1837	-2
4	0.003	-10	872	-15
5	0.004	33	1012	3
6	0.005	24	-10	-16
7	0.006	-7	121	-6
8	0.007	-8	1286	-12
9	0.008	-3	1238	-5
10	0.009	-5	1912	-6
================================================================================

=== 采集时间: 2025-12-05 15:12:07 (增量周期: 10.0ms) ===
振动增量数据 [等效10000Hz, 100点]
时序序号	时间(s)	X振动(INT)	Y振动(INT)	Z振动(INT)
1	0.0000	3	18	20
2	0.0001	1	10	15
3	0.0002	7	22	5
4	0.0003	10	24	7
5	0.0004	9	7	5
6	0.0005	9	10	23
7	0.0006	2	13	16
8	0.0007	6	19	9
9	0.0008	18	30	15
10	0.0009	-2	10	13
11	0.0010	1	15	24
12	0.0011	1	11	14
13	0.0012	9	16	10
14	0.0013	26	27	27
15	0.0014	7	16	20
16	0.0015	11	19	33
17	0.0016	-2	6	11
18	0.0017	3	11	3
19	0.0018	11	18	20
20	0.0019	5	14	19
21	0.0020	10	19	36
22	0.0021	2	10	20
23	0.0022	6	2	0
24	0.0023	15	22	7
25	0.0024	2	14	10
26	0.0025	10	19	31
27	0.0026	-4	5	16
28	0.0027	0	7	7
29	0.0028	7	18	9
30	0.0029	10	19	10
31	0.0030	15	15	27
32	0.0031	3	9	20
33	0.0032	5	6	10
34	0.0033	11	18	7
35	0.0034	6	16	16
36	0.0035	0	9	28
37	0.0036	2	9	20
38	0.0037	6	15	3
39	0.0038	18	22	16
40	0.0039	10	14	18
41	0.0040	9	16	33
42	0.0041	5	14	20
43	0.0042	2	9	1
44	0.0043	15	18	9
45	0.0044	9	14	10
46	0.0045	15	20	33
47	0.0046	1	10	16
48	0.0047	2	13	6
49	0.0048	15	22	11
50	0.0049	6	13	14
51	0.0050	15	28	37
52	0.0051	7	14	22
53	0.0052	9	14	14
54	0.0053	19	16	22
55	0.0054	3	11	16
56	0.0055	10	31	44
57	0.0056	2	14	27
58	0.0057	10	19	7
59	0.0058	23	24	19
60	0.0059	13	10	19
61	0.0060	14	31	40
62	0.0061	9	30	30
63	0.0062	13	22	18
64	0.0063	18	15	16
65	0.0064	11	11	13
66	0.0065	10	30	36
67	0.0066	5	39	37
68	0.0067	13	27	16
69	0.0068	14	9	5
70	0.0069	18	1	10
71	0.0070	13	22	39
72	0.0071	10	36	33
73	0.0072	11	19	9
74	0.0073	14	10	7
75	0.0074	7	10	13
76	0.0075	11	33	40
77	0.0076	10	32	27
78	0.0077	11	11	7
79	0.0078	20	13	14
80	0.0079	19	19	18
81	0.0080	16	32	36
82	0.0081	0	18	26
83	0.0082	1	9	7
84	0.0083	6	15	11
85	0.0084	6	23	18
86	0.0085	15	26	40
87	0.0086	11	16	22
88	0.0087	15	5	2
89	0.0088	15	22	11
90	0.0089	10	16	10
91	0.0090	6	18	30
92	0.0091	5	13	19
93	0.0092	0	13	14
94	0.0093	10	19	18
95	0.0094	2	18	7
96	0.0095	7	13	31
97	0.0096	7	14	19
98	0.0097	9	13	13
99	0.0098	13	16	10
100	0.0099	5	5	10

电流增量数据 [1000Hz, 10点]
采样序号	时间(s)	A相电流(INT)	B相电流(INT)	C相电流(INT)
1	0.000	-31	203	-14
2	0.001	0	2841	15
3	0.002	-7	1235	-4
4	0.003	-14	1208	-13
5	0.004	0	1914	-26
6	0.005	19	668	4
7	0.006	5	1	-10
8	0.007	15	-649	-6
9	0.008	-22	1487	-30
10	0.009	30	1285	5
================================================================================

=== 采集时间: 2025-12-05 15:12:07 (增量周期: 10.0ms) ===
振动增量数据 [等效10000Hz, 100点]
时序序号	时间(s)	X振动(INT)	Y振动(INT)	Z振动(INT)
1	0.0000	5	13	31
2	0.0001	1	18	32
3	0.0002	11	28	15
4	0.0003	24	19	9
5	0.0004	7	-8	6
6	0.0005	2	11	22
7	0.0006	-4	32	30
8	0.0007	1	32	11
9	0.0008	9	9	7
10	0.0009	2	-7	7
11	0.0010	6	16	28
12	0.0011	9	32	31
13	0.0012	13	26	7
14	0.0013	11	3	1
15	0.0014	-4	-3	5
16	0.0015	5	22	33
17	0.0016	9	35	33
18	0.0017	20	27	14
19	0.0018	18	0	5
20	0.0019	3	-7	1
21	0.0020	15	24	27
22	0.0021	6	30	30
23	0.0022	11	23	14
24	0.0023	16	11	16
25	0.0024	7	5	7
26	0.0025	13	24	31
27	0.0026	15	27	27
28	0.0027	16	24	11
29	0.0028	23	20	10
30	0.0029	2	9	7
31	0.0030	9	19	39
32	0.0031	5	23	31
33	0.0032	15	23	13
34	0.0033	16	18	14
35	0.0034	10	9	6
36	0.0035	10	19	35
37	0.0036	9	20	31
38	0.0037	14	27	20
39	0.0038	20	22	22
40	0.0039	-2	7	11
41	0.0040	7	26	37
42	0.0041	9	23	30
43	0.0042	16	19	14
44	0.0043	19	16	19
45	0.0044	10	7	13
46	0.0045	14	24	30
47	0.0046	7	14	27
48	0.0047	10	18	20
49	0.0048	19	23	22
50	0.0049	2	10	16
51	0.0050	3	22	22
52	0.0051	0	2	10
53	0.0052	6	10	18
54	0.0053	31	36	31
55	0.0054	5	19	16
56	0.0055	2	19	24
57	0.0056	-2	-6	6
58	0.0057	-3	7	5
59	0.0058	30	37	28
60	0.0059	6	16	22
61	0.0060	7	11	20
62	0.0061	2	-4	6
63	0.0062	0	16	10
64	0.0063	36	43	24
65	0.0064	5	6	14
66	0.0065	5	3	31
67	0.0066	-2	2	14
68	0.0067	2	26	13
69	0.0068	24	39	22
70	0.0069	5	6	14
71	0.0070	15	15	24
72	0.0071	3	9	15
73	0.0072	5	22	15
74	0.0073	10	27	16
75	0.0074	-3	-7	10
76	0.0075	9	23	26
77	0.0076	5	10	15
78	0.0077	11	23	7
79	0.0078	15	24	13
80	0.0079	-4	-6	14
81	0.0080	15	30	32
82	0.0081	-4	14	15
83	0.0082	3	11	5
84	0.0083	16	16	13
85	0.0084	6	5	13
86	0.0085	22	33	33
87	0.0086	1	15	18
88	0.0087	3	7	5
89	0.0088	11	23	13
90	0.0089	11	18	18
91	0.0090	27	39	37
92	0.0091	14	9	23
93	0.0092	7	5	10
94	0.0093	14	18	18
95	0.0094	0	13	11
96	0.0095	10	35	35
97	0.0096	-3	11	16
98	0.0097	-2	5	9
99	0.0098	18	22	13
100	0.0099	5	11	7

电流增量数据 [1000Hz, 10点]
采样序号	时间(s)	A相电流(INT)	B相电流(INT)	C相电流(INT)
1	0.000	32	830	0
2	0.001	-28	2288	-17
3	0.002	12	198	-15
4	0.003	21	613	4
5	0.004	30	-545	-33
6	0.005	-4	1519	-7
7	0.006	2	1124	-16
8	0.007	-5	1116	-5
9	0.008	5	-437	-21
10	0.009	16	-1207	-7
================================================================================

=== 采集时间: 2025-12-05 15:12:07 (增量周期: 10.0ms) ===
振动增量数据 [等效10000Hz, 100点]
时序序号	时间(s)	X振动(INT)	Y振动(INT)	Z振动(INT)
1	0.0000	6	18	28
2	0.0001	3	6	13
3	0.0002	7	11	2
4	0.0003	23	27	22
5	0.0004	6	10	22
6	0.0005	9	19	31
7	0.0006	-3	11	15
8	0.0007	-2	7	3
9	0.0008	13	24	18
10	0.0009	7	10	22
11	0.0010	14	19	36
12	0.0011	10	18	20
13	0.0012	9	13	6
14	0.0013	13	20	14
15	0.0014	1	16	18
16	0.0015	1	19	33
17	0.0016	10	19	22
18	0.0017	15	10	7
19	0.0018	18	10	7
20	0.0019	7	3	13
21	0.0020	3	24	28
22	0.0021	5	19	15
23	0.0022	3	19	2
24	0.0023	18	19	15
25	0.0024	-3	5	16
26	0.0025	5	23	30
27	0.0026	9	16	11
28	0.0027	11	16	2
29	0.0028	11	13	16
30	0.0029	-7	-2	9
31	0.0030	1	14	23
32	0.0031	0	20	14
33	0.0032	7	14	6
34	0.0033	14	18	13
35	0.0034	9	3	9
36	0.0035	13	15	27
37	0.0036	10	26	20
38	0.0037	-3	18	1
39	0.0038	14	16	2
40	0.0039	3	3	6
41	0.0040	7	22	36
42	0.0041	9	20	20
43	0.0042	9	10	3
44	0.0043	15	9	2
45	0.0044	3	9	9
46	0.0045	9	31	27
47	0.0046	1	19	19
48	0.0047	-2	7	7
49	0.0048	9	14	14
50	0.0049	-2	7	5
51	0.0050	15	31	41
52	0.0051	7	14	20
53	0.0052	3	-6	-7
54	0.0053	13	9	6
55	0.0054	0	13	16
56	0.0055	7	24	40
57	0.0056	3	10	15
58	0.0057	2	1	9
59	0.0058	14	16	16
60	0.0059	5	7	10
61	0.0060	14	22	35
62	0.0061	5	13	15
63	0.0062	1	5	0
64	0.0063	11	23	9
65	0.0064	0	5	11
66	0.0065	6	15	37
67	0.0066	1	18	16
68	0.0067	6	14	-4
69	0.0068	13	19	7
70	0.0069	-2	-7	10
71	0.0070	5	13	31
72	0.0071	7	24	23
73	0.0072	2	14	5
74	0.0073	9	11	10
75	0.0074	-2	0	6
76	0.0075	9	15	27
77	0.0076	18	15	23
78	0.0077	10	18	20
79	0.0078	13	15	18
80	0.0079	0	6	18
81	0.0080	3	13	27
82	0.0081	6	18	20
83	0.0082	7	10	2
84	0.0083	18	19	22
85	0.0084	2	11	19
86	0.0085	10	23	39
87	0.0086	5	26	20
88	0.0087	5	15	6
89	0.0088	13	16	19
90	0.0089	-3	3	10
91	0.0090	9	22	28
92	0.0091	15	18	18
93	0.0092	15	13	9
94	0.0093	15	19	16
95	0.0094	-4	9	14
96	0.0095	3	24	23
97	0.0096	5	14	7
98	0.0097	6	2	3
99	0.0098	11	19	20
100	0.0099	9	15	24

电流增量数据 [1000Hz, 10点]
采样序号	时间(s)	A相电流(INT)	B相电流(INT)	C相电流(INT)
1	0.000	39	572	-7
2	0.001	6	-2473	-13
3	0.002	-10	882	12
4	0.003	-13	380	-11
5	0.004	20	1522	3
6	0.005	14	580	-2
7	0.006	20	-107	6
8	0.007	24	-104	5
9	0.008	24	-280	-4
10	0.009	34	3376	7
================================================================================

=== 采集时间: 2025-12-05 15:12:08 (增量周期: 10.0ms) ===
振动增量数据 [等效10000Hz, 100点]
时序序号	时间(s)	X振动(INT)	Y振动(INT)	Z振动(INT)
1	0.0000	14	10	23
2	0.0001	10	7	6
3	0.0002	6	7	9
4	0.0003	20	31	23
5	0.0004	-2	16	14
6	0.0005	-3	13	22
7	0.0006	-2	9	9
8	0.0007	9	15	3
9	0.0008	20	26	19
10	0.0009	5	3	13
11	0.0010	5	3	20
12	0.0011	-3	20	18
13	0.0012	1	13	6
14	0.0013	11	15	16
15	0.0014	2	1	14
16	0.0015	13	9	24
17	0.0016	9	23	23
18	0.0017	15	19	13
19	0.0018	16	16	22
20	0.0019	3	6	18
21	0.0020	1	16	26
22	0.0021	3	24	20
23	0.0022	7	23	11
24	0.0023	16	24	23
25	0.0024	10	14	23
26	0.0025	11	19	23
27	0.0026	9	15	10
28	0.0027	2	14	2
29	0.0028	7	20	20
30	0.0029	6	7	13
31	0.0030	11	19	27
32	0.0031	3	14	14
33	0.0032	5	6	1
34	0.0033	13	19	19
35	0.0034	5	16	23
36	0.0035	5	13	22
37	0.0036	-2	14	7
38	0.0037	1	3	-2
39	0.0038	13	13	22
40	0.0039	19	18	27
41	0.0040	20	24	33
42	0.0041	6	22	15
43	0.0042	11	13	6
44	0.0043	11	23	20
45	0.0044	20	33	31
46	0.0045	15	27	37
47	0.0046	10	15	23
48	0.0047	18	11	3
49	0.0048	18	26	20
50	0.0049	19	19	24
51	0.0050	15	19	31
52	0.0051	11	27	18
53	0.0052	7	23	5
54	0.0053	18	19	23
55	0.0054	10	11	20
56	0.0055	7	9	33
57	0.0056	18	27	23
58	0.0057	11	22	6
59	0.0058	16	19	18
60	0.0059	5	5	20
61	0.0060	9	20	30
62	0.0061	10	23	23
63	0.0062	15	24	18
64	0.0063	24	23	26
65	0.0064	7	-2	15
66	0.0065	11	16	27
67	0.0066	9	20	23
68	0.0067	9	23	10
69	0.0068	15	24	20
70	0.0069	-4	-2	16
71	0.0070	6	14	28
72	0.0071	14	23	20
73	0.0072	13	16	10
74	0.0073	15	16	14
75	0.0074	2	6	16
76	0.0075	3	19	30
77	0.0076	3	20	14
78	0.0077	9	19	6
79	0.0078	19	19	19
80	0.0079	11	11	18
81	0.0080	14	19	27
82	0.0081	10	20	20
83	0.0082	10	18	7
84	0.0083	15	24	16
85	0.0084	-2	3	10
86	0.0085	6	13	30
87	0.0086	13	20	24
88	0.0087	9	18	13
89	0.0088	19	14	11
90	0.0089	13	6	18
91	0.0090	14	19	24
92	0.0091	9	24	20
93	0.0092	3	9	6
94	0.0093	9	18	18
95	0.0094	-7	15	19
96	0.0095	10	19	32
97	0.0096	13	14	14
98	0.0097	9	9	1
99	0.0098	23	26	24
100	0.0099	3	13	18

电流增量数据 [1000Hz, 10点]
采样序号	时间(s)	A相电流(INT)	B相电流(INT)	C相电流(INT)
1	0.000	27	3247	21
2	0.001	42	889	14
3	0.002	21	1052	-14
4	0.003	11	1297	3
5	0.004	29	1177	5
6	0.005	21	-93	-5
7	0.006	-21	-831	11
8	0.007	28	1182	-3
9	0.008	33	1212	18
10	0.009	10	1644	-5
================================================================================

=== 采集时间: 2025-12-05 15:12:08 (增量周期: 10.0ms) ===
振动增量数据 [等效10000Hz, 100点]
时序序号	时间(s)	X振动(INT)	Y振动(INT)	Z振动(INT)
1	0.0000	6	9	24
2	0.0001	1	19	20
3	0.0002	7	28	18
4	0.0003	18	33	33
5	0.0004	5	16	27
6	0.0005	10	7	22
7	0.0006	9	10	11
8	0.0007	11	26	9
9	0.0008	24	37	33
10	0.0009	-4	9	16
11	0.0010	2	7	26
12	0.0011	-3	19	15
13	0.0012	7	19	7
14	0.0013	19	31	26
15	0.0014	2	-2	19
16	0.0015	13	19	27
17	0.0016	10	20	24
18	0.0017	3	16	10
19	0.0018	11	16	15
20	0.0019	-6	5	15
21	0.0020	1	19	30
22	0.0021	15	24	19
23	0.0022	13	14	2
24	0.0023	19	14	16
25	0.0024	1	9	19
26	0.0025	3	27	30
27	0.0026	7	24	19
28	0.0027	5	3	-2
29	0.0028	14	13	14
30	0.0029	5	10	16
31	0.0030	15	31	32
32	0.0031	14	27	20
33	0.0032	13	9	3
34	0.0033	18	13	10
35	0.0034	5	14	19
36	0.0035	3	19	27
37	0.0036	7	23	15
38	0.0037	13	11	2
39	0.0038	22	18	20
40	0.0039	9	6	19
41	0.0040	6	23	30
42	0.0041	-2	18	22
43	0.0042	0	14	3
44	0.0043	19	18	11
45	0.0044	6	0	14
46	0.0045	11	19	36
47	0.0046	9	15	24
48	0.0047	10	19	6
49	0.0048	19	18	16
50	0.0049	-12	-3	11
51	0.0050	-2	11	31
52	0.0051	11	24	18
53	0.0052	14	22	6
54	0.0053	19	19	20
55	0.0054	2	1	13
56	0.0055	1	7	20
57	0.0056	9	23	18
58	0.0057	3	11	5
59	0.0058	10	22	20
60	0.0059	-6	5	11
61	0.0060	3	7	20
62	0.0061	14	24	14
63	0.0062	14	11	9
64	0.0063	16	19	18
65	0.0064	2	6	22
66	0.0065	0	16	26
67	0.0066	9	20	20
68	0.0067	5	6	3
69	0.0068	22	22	23
70	0.0069	9	16	19
71	0.0070	10	15	31
72	0.0071	7	20	15
73	0.0072	6	7	2
74	0.0073	16	30	19
75	0.0074	10	16	19
76	0.0075	15	19	31
77	0.0076	18	18	10
78	0.0077	15	7	0
79	0.0078	22	22	18
80	0.0079	13	14	20
81	0.0080	3	18	23
82	0.0081	7	19	16
83	0.0082	2	6	2
84	0.0083	16	19	15
85	0.0084	6	13	22
86	0.0085	5	16	31
87	0.0086	6	14	7
88	0.0087	0	7	-3
89	0.0088	10	16	18
90	0.0089	-4	13	16
91	0.0090	1	14	30
92	0.0091	2	16	5
93	0.0092	7	-6	-6
94	0.0093	19	19	18
95	0.0094	0	10	20
96	0.0095	1	19	22
97	0.0096	1	9	0
98	0.0097	-4	2	-7
99	0.0098	11	9	11
100	0.0099	-3	11	22

电流增量数据 [1000Hz, 10点]
采样序号	时间(s)	A相电流(INT)	B相电流(INT)	C相电流(INT)
1	0.000	-6	-630	-14
2	0.001	13	1438	-2
3	0.002	15	1113	-10
4	0.003	4	969	6
5	0.004	55	-660	-8
6	0.005	3	-1101	14
7	0.006	14	229	-16
8	0.007	0	-1335	3
9	0.008	45	891	13
10	0.009	13	608	3
================================================================================

=== 采集时间: 2025-12-05 15:12:09 (增量周期: 10.0ms) ===
振动增量数据 [等效10000Hz, 100点]
时序序号	时间(s)	X振动(INT)	Y振动(INT)	Z振动(INT)
1	0.0000	9	16	28
2	0.0001	5	26	18
3	0.0002	5	24	6
4	0.0003	24	23	26
5	0.0004	9	9	16
6	0.0005	19	13	24
7	0.0006	13	22	22
8	0.0007	16	31	11
9	0.0008	22	26	15
10	0.0009	-11	-2	6
11	0.0010	-6	1	15
12	0.0011	1	14	20
13	0.0012	18	23	7
14	0.0013	23	16	27
15	0.0014	0	-4	13
16	0.0015	7	9	23
17	0.0016	1	26	14
18	0.0017	11	30	7
19	0.0018	7	9	19
20	0.0019	-4	3	22
21	0.0020	14	22	28
22	0.0021	13	19	18
23	0.0022	15	18	6
24	0.0023	14	1	18
25	0.0024	-3	10	16
26	0.0025	7	31	30
27	0.0026	0	18	15
28	0.0027	10	15	5
29	0.0028	2	-4	13
30	0.0029	7	10	19
31	0.0030	14	30	28
32	0.0031	18	15	15
33	0.0032	5	6	-4
34	0.0033	3	-10	18
35	0.0034	-6	14	20
36	0.0035	0	35	32
37	0.0036	9	22	10
38	0.0037	6	6	1
39	0.0038	15	3	24
40	0.0039	5	20	28
41	0.0040	9	30	27
42	0.0041	3	7	7
43	0.0042	0	7	-3
44	0.0043	9	16	27
45	0.0044	0	19	27
46	0.0045	10	23	31
47	0.0046	11	9	13
48	0.0047	16	11	-4
49	0.0048	15	23	23
50	0.0049	1	13	27
51	0.0050	5	14	23
52	0.0051	6	9	10
53	0.0052	11	11	2
54	0.0053	13	24	20
55	0.0054	2	11	20
56	0.0055	7	20	24
57	0.0056	13	14	16
58	0.0057	13	16	5
59	0.0058	10	16	16
60	0.0059	1	16	27
61	0.0060	-2	15	31
62	0.0061	18	19	16
63	0.0062	13	10	2
64	0.0063	26	19	23
65	0.0064	2	16	23
66	0.0065	3	23	33
67	0.0066	7	22	15
68	0.0067	10	11	2
69	0.0068	15	23	23
70	0.0069	7	16	23
71	0.0070	22	28	33
72	0.0071	20	26	20
73	0.0072	9	9	5
74	0.0073	10	18	23
75	0.0074	-6	6	14
76	0.0075	7	27	24
77	0.0076	14	19	14
78	0.0077	7	1	-4
79	0.0078	19	9	14
80	0.0079	1	3	5
81	0.0080	2	16	19
82	0.0081	1	15	6
83	0.0082	-3	6	-4
84	0.0083	5	5	11
85	0.0084	0	-3	14
86	0.0085	10	23	24
87	0.0086	14	16	5
88	0.0087	5	2	-10
89	0.0088	11	16	16
90	0.0089	-6	10	22
91	0.0090	-7	22	23
92	0.0091	0	10	9
93	0.0092	-3	7	-6
94	0.0093	13	13	22
95	0.0094	9	15	23
96	0.0095	9	16	23
97	0.0096	7	10	5
98	0.0097	2	7	-3
99	0.0098	5	20	22
100	0.0099	-8	10	22

电流增量数据 [1000Hz, 10点]
采样序号	时间(s)	A相电流(INT)	B相电流(INT)	C相电流(INT)
1	0.000	36	716	23
2	0.001	47	1158	-4
3	0.002	60	1014	-2
4	0.003	-5	1007	5
5	0.004	19	-2192	6
6	0.005	19	347	1
7	0.006	23	-1980	-5
8	0.007	31	912	14
9	0.008	48	337	4
10	0.009	9	1549	14
================================================================================

=== 采集时间: 2025-12-05 15:12:09 (增量周期: 10.0ms) ===
振动增量数据 [等效10000Hz, 100点]
时序序号	时间(s)	X振动(INT)	Y振动(INT)	Z振动(INT)
1	0.0000	6	16	20
2	0.0001	2	23	10
3	0.0002	9	13	2
4	0.0003	-2	-3	16
5	0.0004	-3	-2	15
6	0.0005	-2	23	19
7	0.0006	9	15	7
8	0.0007	13	9	1
9	0.0008	10	-7	14
10	0.0009	-2	3	7
11	0.0010	-6	22	15
12	0.0011	6	15	11
13	0.0012	2	13	-2
14	0.0013	9	2	23
15	0.0014	-3	7	10
16	0.0015	3	19	18
17	0.0016	9	20	6
18	0.0017	5	10	-2
19	0.0018	11	14	27
20	0.0019	0	11	26
21	0.0020	-6	23	20
22	0.0021	9	18	11
23	0.0022	5	7	0
24	0.0023	15	19	24
25	0.0024	5	7	20
26	0.0025	15	16	27
27	0.0026	9	14	16
28	0.0027	9	5	0
29	0.0028	10	22	19
30	0.0029	-2	11	20
31	0.0030	9	20	26
32	0.0031	13	16	6
33	0.0032	7	6	0
34	0.0033	16	30	23
35	0.0034	6	27	23
36	0.0035	11	27	28
37	0.0036	9	13	6
38	0.0037	6	10	-2
39	0.0038	13	26	28
40	0.0039	2	20	32
41	0.0040	11	28	30
42	0.0041	11	18	13
43	0.0042	11	11	1
44	0.0043	10	14	20
45	0.0044	3	11	24
46	0.0045	5	20	31
47	0.0046	11	11	18
48	0.0047	6	3	-8
49	0.0048	18	13	22
50	0.0049	5	9	24
51	0.0050	7	23	28
52	0.0051	10	18	10
53	0.0052	3	6	-3
54	0.0053	9	7	23
55	0.0054	-2	7	18
56	0.0055	6	28	19
57	0.0056	16	20	11
58	0.0057	10	1	1
59	0.0058	3	7	23
60	0.0059	-6	20	22
61	0.0060	9	26	28
62	0.0061	14	18	13
63	0.0062	19	2	1
64	0.0063	20	18	20
65	0.0064	6	13	18
66	0.0065	2	26	31
67	0.0066	9	19	16
68	0.0067	15	15	6
69	0.0068	15	28	27
70	0.0069	10	6	16
71	0.0070	14	23	23
72	0.0071	16	18	10
73	0.0072	18	14	9
74	0.0073	9	20	19
75	0.0074	-2	10	20
76	0.0075	-4	16	19
77	0.0076	11	16	20
78	0.0077	7	6	1
79	0.0078	16	18	16
80	0.0079	0	6	19
81	0.0080	0	9	22
82	0.0081	7	23	16
83	0.0082	5	9	6
84	0.0083	10	14	20
85	0.0084	-2	0	22
86	0.0085	0	13	20
87	0.0086	10	19	14
88	0.0087	5	9	6
89	0.0088	16	20	20
90	0.0089	0	9	23
91	0.0090	7	24	37
92	0.0091	13	32	23
93	0.0092	10	13	7
94	0.0093	20	16	23
95	0.0094	6	-2	16
96	0.0095	11	28	31
97	0.0096	18	41	26
98	0.0097	13	9	3
99	0.0098	13	6	20
100	0.0099	-2	-3	16

电流增量数据 [1000Hz, 10点]
采样序号	时间(s)	A相电流(INT)	B相电流(INT)	C相电流(INT)
1	0.000	28	1204	9
2	0.001	66	1143	9
3	0.002	10	-157	4
4	0.003	36	-693	-8
5	0.004	-2	-774	15
6	0.005	6	3486	24
7	0.006	2	368	0
8	0.007	28	1591	15
9	0.008	-11	378	-10
10	0.009	28	680	9
================================================================================

=== 采集时间: 2025-12-05 15:12:09 (增量周期: 10.0ms) ===
振动增量数据 [等效10000Hz, 100点]
时序序号	时间(s)	X振动(INT)	Y振动(INT)	Z振动(INT)
1	0.0000	9	14	27
2	0.0001	9	28	22
3	0.0002	2	2	-2
4	0.0003	9	9	6
5	0.0004	-2	-8	9
6	0.0005	0	19	22
7	0.0006	23	35	24
8	0.0007	5	5	3
9	0.0008	16	3	20
10	0.0009	-2	-2	9
11	0.0010	3	31	23
12	0.0011	22	40	15
13	0.0012	5	11	6
14	0.0013	14	7	23
15	0.0014	0	5	22
16	0.0015	5	31	35
17	0.0016	19	39	23
18	0.0017	11	10	0
19	0.0018	26	11	23
20	0.0019	1	1	26
21	0.0020	9	23	28
22	0.0021	10	26	11
23	0.0022	-2	2	6
24	0.0023	16	15	22
25	0.0024	-2	7	19
26	0.0025	15	24	26
27	0.0026	9	13	9
28	0.0027	16	6	7
29	0.0028	15	19	10
30	0.0029	-3	10	20
31	0.0030	9	22	22
32	0.0031	14	23	13
33	0.0032	15	18	5
34	0.0033	15	20	16
35	0.0034	0	5	10
36	0.0035	7	27	22
37	0.0036	14	28	23
38	0.0037	14	13	7
39	0.0038	15	18	22
40	0.0039	-6	1	16
41	0.0040	6	19	23
42	0.0041	11	24	16
43	0.0042	7	6	0
44	0.0043	10	6	14
45	0.0044	0	-6	19
46	0.0045	3	14	19
47	0.0046	16	19	10
48	0.0047	1	3	-3
49	0.0048	1	9	19
50	0.0049	-4	2	10
51	0.0050	-2	7	10
52	0.0051	9	11	6
53	0.0052	5	18	3
54	0.0053	15	28	24
55	0.0054	0	1	13
56	0.0055	-3	-3	3
57	0.0056	2	9	3
58	0.0057	1	19	11
59	0.0058	11	28	23
60	0.0059	0	1	16
61	0.0060	-3	-4	11
62	0.0061	6	11	9
63	0.0062	0	27	7
64	0.0063	3	18	22
65	0.0064	-7	-10	7
66	0.0065	2	9	22
67	0.0066	15	30	20
68	0.0067	7	24	7
69	0.0068	11	11	18
70	0.0069	-17	-11	9
71	0.0070	2	22	16
72	0.0071	13	31	22
73	0.0072	2	13	10
74	0.0073	10	14	16
75	0.0074	-6	-4	15
76	0.0075	6	19	19
77	0.0076	13	24	13
78	0.0077	1	6	-2
79	0.0078	7	10	18
80	0.0079	-6	1	18
81	0.0080	0	19	24
82	0.0081	10	23	7
83	0.0082	5	5	-4
84	0.0083	14	13	16
85	0.0084	2	9	23
86	0.0085	9	28	19
87	0.0086	11	23	16
88	0.0087	10	7	5
89	0.0088	14	20	24
90	0.0089	7	13	19
91	0.0090	6	19	18
92	0.0091	11	14	13
93	0.0092	10	10	11
94	0.0093	16	22	23
95	0.0094	5	11	23
96	0.0095	-4	13	18
97	0.0096	10	18	14
98	0.0097	6	9	5
99	0.0098	15	16	23
100	0.0099	0	5	18

电流增量数据 [1000Hz, 10点]
采样序号	时间(s)	A相电流(INT)	B相电流(INT)	C相电流(INT)
1	0.000	3	-1811	-5
2	0.001	-33	-475	11
3	0.002	7	-249	-3
4	0.003	43	-1526	6
5	0.004	-20	111	19
6	0.005	-8	967	5
7	0.006	50	1690	9
8	0.007	32	-163	3
9	0.008	27	-454	3
10	0.009	14	-165	1
================================================================================

=== 采集时间: 2025-12-05 15:12:10 (增量周期: 10.0ms) ===
振动增量数据 [等效10000Hz, 100点]
时序序号	时间(s)	X振动(INT)	Y振动(INT)	Z振动(INT)
1	0.0000	-7	3	10
2	0.0001	0	9	6
3	0.0002	7	16	7
4	0.0003	15	19	31
5	0.0004	1	7	19
6	0.0005	9	9	15
7	0.0006	14	16	10
8	0.0007	13	16	6
9	0.0008	11	20	22
10	0.0009	-8	9	18
11	0.0010	-2	14	18
12	0.0011	13	27	16
13	0.0012	15	24	10
14	0.0013	13	10	27
15	0.0014	1	9	23
16	0.0015	10	20	19
17	0.0016	5	24	11
18	0.0017	3	3	7
19	0.0018	2	2	23
20	0.0019	5	16	24
21	0.0020	11	22	20
22	0.0021	19	18	14
23	0.0022	9	2	5
24	0.0023	10	5	27
25	0.0024	2	13	18
26	0.0025	0	19	16
27	0.0026	6	20	10
28	0.0027	1	2	0
29	0.0028	13	22	27
30	0.0029	9	15	24
31	0.0030	15	30	24
32	0.0031	9	23	14
33	0.0032	3	7	-2
34	0.0033	9	23	23
35	0.0034	5	19	33
36	0.0035	3	22	23
37	0.0036	9	23	14
38	0.0037	0	3	2
39	0.0038	11	10	22
40	0.0039	7	18	19
41	0.0040	6	20	26
42	0.0041	11	16	14
43	0.0042	0	-7	-3
44	0.0043	11	13	22
45	0.0044	-2	11	20
46	0.0045	2	26	22
47	0.0046	14	16	7
48	0.0047	10	7	5
49	0.0048	13	18	28
50	0.0049	1	22	24
51	0.0050	11	19	18
52	0.0051	-2	6	7
53	0.0052	-3	-3	-4
54	0.0053	9	11	14
55	0.0054	10	13	22
56	0.0055	11	20	23
57	0.0056	19	11	15
58	0.0057	7	9	2
59	0.0058	11	14	22
60	0.0059	3	16	23
61	0.0060	5	23	19
62	0.0061	15	19	11
63	0.0062	5	13	2
64	0.0063	13	18	27
65	0.0064	5	15	19
66	0.0065	2	19	19
67	0.0066	5	16	7
68	0.0067	6	10	-4
69	0.0068	13	14	23
70	0.0069	-7	1	23
71	0.0070	6	13	20
72	0.0071	10	19	7
73	0.0072	2	6	-7
74	0.0073	1	7	18
75	0.0074	-7	2	14
76	0.0075	3	19	24
77	0.0076	10	15	14
78	0.0077	5	-2	-2
79	0.0078	2	5	9
80	0.0079	-3	9	11
81	0.0080	2	22	16
82	0.0081	13	19	15
83	0.0082	5	9	5
84	0.0083	3	6	7
85	0.0084	-7	7	9
86	0.0085	2	27	23
87	0.0086	19	28	16
88	0.0087	7	3	-3
89	0.0088	13	2	13
90	0.0089	-7	6	13
91	0.0090	1	28	23
92	0.0091	11	32	15
93	0.0092	0	3	-12
94	0.0093	9	0	15
95	0.0094	-2	-3	18
96	0.0095	9	26	23
97	0.0096	20	32	20
98	0.0097	5	1	-3
99	0.0098	10	5	15
100	0.0099	-8	6	13

电流增量数据 [1000Hz, 10点]
采样序号	时间(s)	A相电流(INT)	B相电流(INT)	C相电流(INT)
1	0.000	31	794	13
2	0.001	59	684	5
3	0.002	13	-391	-15
4	0.003	9	-1650	21
5	0.004	46	-222	10
6	0.005	23	-1891	12
7	0.006	48	863	12
8	0.007	39	259	6
9	0.008	32	1637	18
10	0.009	55	-194	19
================================================================================

=== 采集时间: 2025-12-05 15:12:10 (增量周期: 10.0ms) ===
振动增量数据 [等效10000Hz, 100点]
时序序号	时间(s)	X振动(INT)	Y振动(INT)	Z振动(INT)
1	0.0000	2	20	22
2	0.0001	14	26	10
3	0.0002	2	1	-2
4	0.0003	9	5	35
5	0.0004	14	23	32
6	0.0005	23	24	27
7	0.0006	14	18	11
8	0.0007	1	-8	-4
9	0.0008	-3	5	20
10	0.0009	-3	16	20
11	0.0010	11	22	20
12	0.0011	9	16	19
13	0.0012	7	1	2
14	0.0013	5	10	24
15	0.0014	7	23	18
16	0.0015	9	23	10
17	0.0016	7	23	5
18	0.0017	5	13	7
19	0.0018	-6	14	32
20	0.0019	5	36	30
21	0.0020	11	23	20
22	0.0021	15	19	20
23	0.0022	13	7	0
24	0.0023	9	6	27
25	0.0024	5	22	27
26	0.0025	1	6	18
27	0.0026	13	19	9
28	0.0027	9	20	10
29	0.0028	10	6	28
30	0.0029	10	14	20
31	0.0030	9	7	14
32	0.0031	19	19	15
33	0.0032	9	22	6
34	0.0033	11	14	30
35	0.0034	2	15	19
36	0.0035	11	11	13
37	0.0036	23	31	15
38	0.0037	11	19	9
39	0.0038	7	11	23
40	0.0039	-4	13	15
41	0.0040	11	22	18
42	0.0041	14	18	7
43	0.0042	1	2	0
44	0.0043	1	13	23
45	0.0044	-4	14	24
46	0.0045	5	30	22
47	0.0046	15	27	22
48	0.0047	10	10	7
49	0.0048	7	16	27
50	0.0049	2	11	19
51	0.0050	3	19	14
52	0.0051	10	20	13
53	0.0052	0	6	7
54	0.0053	5	16	27
55	0.0054	0	9	19
56	0.0055	9	16	16
57	0.0056	14	26	11
58	0.0057	10	9	1
59	0.0058	-4	2	18
60	0.0059	-2	-2	15
61	0.0060	0	14	16
62	0.0061	23	24	14
63	0.0062	10	6	6
64	0.0063	11	7	28
65	0.0064	-2	7	24
66	0.0065	5	20	14
67	0.0066	15	26	14
68	0.0067	3	1	5
69	0.0068	10	19	32
70	0.0069	10	23	32
71	0.0070	15	19	27
72	0.0071	19	26	16
73	0.0072	5	6	5
74	0.0073	10	27	27
75	0.0074	9	20	24
76	0.0075	11	16	22
77	0.0076	19	18	13
78	0.0077	5	3	2
79	0.0078	13	18	23
80	0.0079	7	7	9
81	0.0080	3	5	3
82	0.0081	14	16	7
83	0.0082	3	7	-2
84	0.0083	10	16	24
85	0.0084	2	7	16
86	0.0085	3	7	6
87	0.0086	19	23	6
88	0.0087	13	7	2
89	0.0088	9	18	24
90	0.0089	-4	9	19
91	0.0090	-3	15	18
92	0.0091	10	26	13
93	0.0092	3	14	5
94	0.0093	9	10	23
95	0.0094	2	14	22
96	0.0095	2	14	18
97	0.0096	14	19	10
98	0.0097	3	7	2
99	0.0098	1	9	22
100	0.0099	-11	5	15

电流增量数据 [1000Hz, 10点]
采样序号	时间(s)	A相电流(INT)	B相电流(INT)	C相电流(INT)
1	0.000	19	274	7
2	0.001	6	948	11
3	0.002	30	885	10
4	0.003	32	898	19
5	0.004	43	-1949	5
6	0.005	25	305	10
7	0.006	39	-2315	-5
8	0.007	-35	607	13
9	0.008	19	39	11
10	0.009	67	1241	12
================================================================================

=== 采集时间: 2025-12-05 15:12:11 (增量周期: 10.0ms) ===
振动增量数据 [等效10000Hz, 100点]
时序序号	时间(s)	X振动(INT)	Y振动(INT)	Z振动(INT)
1	0.0000	13	31	24
2	0.0001	15	30	16
3	0.0002	9	9	3
4	0.0003	16	24	32
5	0.0004	9	14	28
6	0.0005	14	33	27
7	0.0006	14	30	22
8	0.0007	6	13	2
9	0.0008	11	15	23
10	0.0009	10	10	32
11	0.0010	14	20	22
12	0.0011	31	31	24
13	0.0012	5	6	7
14	0.0013	10	10	24
15	0.0014	-3	2	16
16	0.0015	6	16	27
17	0.0016	24	30	22
18	0.0017	3	7	9
19	0.0018	9	10	24
20	0.0019	-3	2	19
21	0.0020	9	24	18
22	0.0021	26	31	13
23	0.0022	-2	7	5
24	0.0023	6	20	26
25	0.0024	-6	10	18
26	0.0025	5	27	20
27	0.0026	18	31	16
28	0.0027	10	13	7
29	0.0028	13	19	32
30	0.0029	-4	2	19
31	0.0030	6	20	14
32	0.0031	18	26	16
33	0.0032	3	6	7
34	0.0033	5	13	26
35	0.0034	-6	5	16
36	0.0035	7	13	18
37	0.0036	15	14	11
38	0.0037	7	2	9
39	0.0038	6	16	23
40	0.0039	-3	3	10
41	0.0040	7	19	13
42	0.0041	19	23	13
43	0.0042	15	15	7
44	0.0043	11	27	28
45	0.0044	-6	11	22
46	0.0045	-2	19	10
47	0.0046	16	24	9
48	0.0047	5	13	7
49	0.0048	18	22	30
50	0.0049	0	9	18
51	0.0050	0	7	11
52	0.0051	15	26	14
53	0.0052	7	14	6
54	0.0053	13	15	31
55	0.0054	3	13	20
56	0.0055	13	18	11
57	0.0056	22	37	13
58	0.0057	7	16	5
59	0.0058	7	14	31
60	0.0059	2	13	22
61	0.0060	5	18	13
62	0.0061	18	28	16
63	0.0062	9	26	10
64	0.0063	18	19	23
65	0.0064	-11	-7	13
66	0.0065	2	-2	13
67	0.0066	5	13	10
68	0.0067	5	19	10
69	0.0068	15	14	23
70	0.0069	-6	-3	22
71	0.0070	9	9	16
72	0.0071	11	16	11
73	0.0072	9	18	13
74	0.0073	11	11	23
75	0.0074	-3	2	15
76	0.0075	9	24	23
77	0.0076	13	20	14
78	0.0077	5	16	11
79	0.0078	9	15	24
80	0.0079	-11	13	14
81	0.0080	15	33	18
82	0.0081	15	18	16
83	0.0082	11	6	7
84	0.0083	11	16	31
85	0.0084	-7	3	19
86	0.0085	5	23	9
87	0.0086	9	6	7
88	0.0087	3	6	6
89	0.0088	5	13	32
90	0.0089	0	9	19
91	0.0090	7	10	6
92	0.0091	13	0	6
93	0.0092	1	0	2
94	0.0093	7	16	26
95	0.0094	1	14	22
96	0.0095	3	13	14
97	0.0096	11	9	7
98	0.0097	2	9	2
99	0.0098	10	26	33
100	0.0099	5	13	16

电流增量数据 [1000Hz, 10点]
采样序号	时间(s)	A相电流(INT)	B相电流(INT)	C相电流(INT)
1	0.000	13	-419	9
2	0.001	34	-537	11
3	0.002	51	806	-10
4	0.003	24	1026	12
5	0.004	24	1549	22
6	0.005	46	-2807	0
7	0.006	22	-177	3
8	0.007	29	-1101	18
9	0.008	-6	29	9
10	0.009	25	-297	9
================================================================================

=== 采集时间: 2025-12-05 15:12:11 (增量周期: 10.0ms) ===
振动增量数据 [等效10000Hz, 100点]
时序序号	时间(s)	X振动(INT)	Y振动(INT)	Z振动(INT)
1	0.0000	6	13	7
2	0.0001	11	19	9
3	0.0002	-7	6	7
4	0.0003	3	11	26
5	0.0004	1	23	13
6	0.0005	5	16	2
7	0.0006	19	26	10
8	0.0007	10	14	7
9	0.0008	11	15	30
10	0.0009	6	16	19
11	0.0010	5	19	10
12	0.0011	10	23	14
13	0.0012	-2	9	6
14	0.0013	9	7	28
15	0.0014	5	6	16
16	0.0015	10	9	10
17	0.0016	15	16	10
18	0.0017	-2	6	5
19	0.0018	-7	-2	15
20	0.0019	1	2	9
21	0.0020	7	9	3
22	0.0021	9	13	11
23	0.0022	-2	9	7
24	0.0023	2	11	23
25	0.0024	0	5	7
26	0.0025	0	9	1
27	0.0026	11	20	10
28	0.0027	-4	13	7
29	0.0028	3	23	24
30	0.0029	5	11	10
31	0.0030	6	2	2
32	0.0031	13	18	19
33	0.0032	-2	18	10
34	0.0033	5	19	28
35	0.0034	-2	-2	6
36	0.0035	6	6	9
37	0.0036	13	13	18
38	0.0037	2	13	20
39	0.0038	13	19	31
40	0.0039	7	5	15
41	0.0040	-2	1	3
42	0.0041	9	16	10
43	0.0042	-3	13	13
44	0.0043	11	15	32
45	0.0044	7	13	23
46	0.0045	5	14	10
47	0.0046	14	22	13
48	0.0047	3	19	9
49	0.0048	6	19	27
50	0.0049	-3	14	18
51	0.0050	3	19	14
52	0.0051	13	23	11
53	0.0052	13	19	11
54	0.0053	3	19	30
55	0.0054	-3	7	18
56	0.0055	1	9	-4
57	0.0056	14	19	15
58	0.0057	9	13	16
59	0.0058	13	20	37
60	0.0059	-2	6	16
61	0.0060	0	13	9
62	0.0061	20	32	22
63	0.0062	10	15	11
64	0.0063	11	10	28
65	0.0064	-4	6	10
66	0.0065	0	10	5
67	0.0066	14	23	14
68	0.0067	5	11	13
69	0.0068	9	10	22
70	0.0069	-6	6	16
71	0.0070	3	5	5
72	0.0071	15	16	9
73	0.0072	2	2	10
74	0.0073	3	10	28
75	0.0074	-2	10	16
76	0.0075	11	19	15
77	0.0076	18	26	19
78	0.0077	10	13	16
79	0.0078	11	24	23
80	0.0079	-2	15	18
81	0.0080	9	15	16
82	0.0081	18	24	19
83	0.0082	10	22	18
84	0.0083	9	19	28
85	0.0084	-7	16	13
86	0.0085	6	15	2
87	0.0086	15	7	9
88	0.0087	15	16	18
89	0.0088	16	28	35
90	0.0089	-3	13	13
91	0.0090	3	6	-6
92	0.0091	3	-3	0
93	0.0092	5	10	7
94	0.0093	23	28	35
95	0.0094	-4	13	24
96	0.0095	10	6	1
97	0.0096	11	6	-2
98	0.0097	9	13	7
99	0.0098	20	28	35
100	0.0099	-6	13	22

电流增量数据 [1000Hz, 10点]
采样序号	时间(s)	A相电流(INT)	B相电流(INT)	C相电流(INT)
1	0.000	25	-53	7
2	0.001	-15	646	3
3	0.002	37	1253	15
4	0.003	-17	87	12
5	0.004	37	-571	-4
6	0.005	46	-569	4
7	0.006	40	2944	11
8	0.007	20	611	12
9	0.008	5	1367	10
10	0.009	25	1230	10
================================================================================

=== 采集时间: 2025-12-05 15:12:11 (增量周期: 10.0ms) ===
振动增量数据 [等效10000Hz, 100点]
时序序号	时间(s)	X振动(INT)	Y振动(INT)	Z振动(INT)
1	0.0000	1	11	6
2	0.0001	16	20	16
3	0.0002	2	-3	2
4	0.0003	15	10	28
5	0.0004	1	13	15
6	0.0005	10	10	6
7	0.0006	11	31	13
8	0.0007	-6	2	13
9	0.0008	7	19	27
10	0.0009	-3	20	18
11	0.0010	13	24	5
12	0.0011	26	36	16
13	0.0012	13	14	20
14	0.0013	13	19	33
15	0.0014	6	19	16
16	0.0015	7	23	13
17	0.0016	14	32	16
18	0.0017	0	11	13
19	0.0018	3	9	23
20	0.0019	11	9	20
21	0.0020	18	20	7
22	0.0021	24	30	18
23	0.0022	5	6	7
24	0.0023	1	-2	20
25	0.0024	0	10	10
26	0.0025	10	15	10
27	0.0026	13	27	18
28	0.0027	6	11	13
29	0.0028	1	13	20
30	0.0029	9	20	16
31	0.0030	1	18	14
32	0.0031	15	23	10
33	0.0032	0	18	6
34	0.0033	10	26	31
35	0.0034	11	16	16
36	0.0035	10	15	10
37	0.0036	14	27	15
38	0.0037	-3	15	15
39	0.0038	13	22	27
40	0.0039	6	13	13
41	0.0040	13	6	11
42	0.0041	19	20	24
43	0.0042	13	16	22
44	0.0043	14	15	31
45	0.0044	2	3	16
46	0.0045	-4	1	1
47	0.0046	6	18	16
48	0.0047	-2	6	11
49	0.0048	9	7	28
50	0.0049	1	3	19
51	0.0050	2	-2	1
52	0.0051	18	31	11
53	0.0052	-3	5	14
54	0.0053	9	16	28
55	0.0054	5	-3	15
56	0.0055	2	0	5
57	0.0056	18	23	11
58	0.0057	0	5	13
59	0.0058	3	9	24
60	0.0059	-2	6	14
61	0.0060	2	10	7
62	0.0061	20	30	13
63	0.0062	1	11	11
64	0.0063	3	14	23
65	0.0064	-6	11	16
66	0.0065	3	9	0
67	0.0066	22	28	10
68	0.0067	2	7	10
69	0.0068	11	16	27
70	0.0069	5	13	9
71	0.0070	3	13	6
72	0.0071	18	20	15
73	0.0072	5	2	5
74	0.0073	14	19	32
75	0.0074	2	9	23
76	0.0075	14	6	3
77	0.0076	14	9	13
78	0.0077	1	1	15
79	0.0078	3	18	31
80	0.0079	6	22	15
81	0.0080	2	11	11
82	0.0081	18	14	16
83	0.0082	2	6	13
84	0.0083	9	27	32
85	0.0084	7	18	18
86	0.0085	13	10	1
87	0.0086	13	16	15
88	0.0087	1	15	14
89	0.0088	7	27	31
90	0.0089	-2	19	18
91	0.0090	5	-2	1
92	0.0091	19	13	10
93	0.0092	7	19	26
94	0.0093	11	19	32
95	0.0094	-2	13	10
96	0.0095	2	-8	-2
97	0.0096	-2	0	7
98	0.0097	10	14	18
99	0.0098	5	19	37
100	0.0099	1	14	26

电流增量数据 [1000Hz, 10点]
采样序号	时间(s)	A相电流(INT)	B相电流(INT)	C相电流(INT)
1	0.000	15	-1055	9
2	0.001	49	-1693	13
3	0.002	6	-308	1
4	0.003	3	-2551	1
5	0.004	14	407	15
6	0.005	24	175	12
7	0.006	18	1413	15
8	0.007	65	-669	13
9	0.008	43	-620	0
10	0.009	70	-451	13
================================================================================

=== 采集时间: 2025-12-05 15:12:12 (增量周期: 10.0ms) ===
振动增量数据 [等效10000Hz, 100点]
时序序号	时间(s)	X振动(INT)	Y振动(INT)	Z振动(INT)
1	0.0000	1	14	6
2	0.0001	13	16	14
3	0.0002	2	3	9
4	0.0003	2	11	31
5	0.0004	9	20	15
6	0.0005	13	16	2
7	0.0006	18	6	5
8	0.0007	7	-2	5
9	0.0008	11	14	32
10	0.0009	6	27	20
11	0.0010	9	16	9
12	0.0011	15	16	19
13	0.0012	1	7	13
14	0.0013	5	23	24
15	0.0014	13	28	20
16	0.0015	11	14	10
17	0.0016	19	16	20
18	0.0017	7	11	13
19	0.0018	11	19	33
20	0.0019	5	19	18
21	0.0020	9	15	10
22	0.0021	22	20	11
23	0.0022	9	5	11
24	0.0023	10	16	37
25	0.0024	5	16	23
26	0.0025	15	19	6
27	0.0026	10	13	13
28	0.0027	2	1	7
29	0.0028	1	14	24
30	0.0029	1	10	20
31	0.0030	10	19	9
32	0.0031	13	19	19
33	0.0032	5	11	15
34	0.0033	0	11	24
35	0.0034	2	14	18
36	0.0035	0	15	5
37	0.0036	15	22	13
38	0.0037	9	9	6
39	0.0038	11	15	37
40	0.0039	3	23	31
41	0.0040	2	30	9
42	0.0041	9	19	7
43	0.0042	-6	-4	2
44	0.0043	5	6	27
45	0.0044	7	23	33
46	0.0045	18	26	16
47	0.0046	31	19	14
48	0.0047	6	-4	2
49	0.0048	9	14	28
50	0.0049	-2	26	26
51	0.0050	7	27	22
52	0.0051	16	32	30
53	0.0052	6	5	7
54	0.0053	0	-11	28
55	0.0054	13	30	19
56	0.0055	11	27	14
57	0.0056	26	28	23
58	0.0057	2	-11	7
59	0.0058	5	-2	24
60	0.0059	14	35	28
61	0.0060	7	23	19
62	0.0061	20	16	19
63	0.0062	7	0	10
64	0.0063	10	6	30
65	0.0064	11	40	36
66	0.0065	7	31	19
67	0.0066	19	30	26
68	0.0067	2	5	18
69	0.0068	14	19	44
70	0.0069	11	35	31
71	0.0070	13	24	16
72	0.0071	20	24	18
73	0.0072	-2	-4	10
74	0.0073	7	14	32
75	0.0074	3	26	24
76	0.0075	7	18	11
77	0.0076	13	15	16
78	0.0077	10	2	13
79	0.0078	6	11	24
80	0.0079	9	11	16
81	0.0080	-2	9	11
82	0.0081	16	14	19
83	0.0082	2	10	13
84	0.0083	7	11	32
85	0.0084	0	20	26
86	0.0085	13	20	9
87	0.0086	30	30	16
88	0.0087	11	16	19
89	0.0088	13	14	39
90	0.0089	3	23	26
91	0.0090	5	24	13
92	0.0091	19	33	14
93	0.0092	5	13	14
94	0.0093	6	0	35
95	0.0094	6	13	26
96	0.0095	14	26	18
97	0.0096	19	20	7
98	0.0097	9	1	5
99	0.0098	1	-7	16
100	0.0099	0	7	22

电流增量数据 [1000Hz, 10点]
采样序号	时间(s)	A相电流(INT)	B相电流(INT)	C相电流(INT)
1	0.000	-4	464	14
2	0.001	0	3109	5
3	0.002	45	528	2
4	0.003	19	2388	16
5	0.004	-13	-418	-2
6	0.005	12	24	6
7	0.006	51	-1158	11
8	0.007	5	45	10
9	0.008	36	526	9
10	0.009	5	452	6
================================================================================

=== 采集时间: 2025-12-05 15:12:12 (增量周期: 10.0ms) ===
振动增量数据 [等效10000Hz, 100点]
时序序号	时间(s)	X振动(INT)	Y振动(INT)	Z振动(INT)
1	0.0000	5	2	-7
2	0.0001	13	26	16
3	0.0002	-2	11	15
4	0.0003	5	14	32
5	0.0004	5	14	23
6	0.0005	9	14	5
7	0.0006	23	27	18
8	0.0007	0	22	18
9	0.0008	13	23	36
10	0.0009	14	23	27
11	0.0010	15	14	9
12	0.0011	19	22	15
13	0.0012	5	13	15
14	0.0013	9	16	26
15	0.0014	11	19	14
16	0.0015	15	13	5
17	0.0016	15	11	9
18	0.0017	3	5	10
19	0.0018	9	18	26
20	0.0019	11	16	14
21	0.0020	14	9	-2
22	0.0021	9	13	3
23	0.0022	2	5	16
24	0.0023	7	20	30
25	0.0024	11	28	24
26	0.0025	6	18	5
27	0.0026	15	16	14
28	0.0027	-4	3	11
29	0.0028	5	13	30
30	0.0029	14	22	19
31	0.0030	10	13	6
32	0.0031	20	18	19
33	0.0032	0	23	24
34	0.0033	5	26	33
35	0.0034	7	14	11
36	0.0035	-2	-3	1
37	0.0036	7	7	18
38	0.0037	6	22	19
39	0.0038	20	22	30
40	0.0039	10	2	14
41	0.0040	5	-6	-2
42	0.0041	0	26	11
43	0.0042	-6	22	16
44	0.0043	0	2	28
45	0.0044	6	-3	13
46	0.0045	10	7	5
47	0.0046	16	31	19
48	0.0047	2	19	15
49	0.0048	0	2	20
50	0.0049	-4	-2	2
51	0.0050	2	20	10
52	0.0051	13	36	30
53	0.0052	5	14	14
54	0.0053	2	3	23
55	0.0054	2	2	7
56	0.0055	6	14	-6
57	0.0056	11	19	10
58	0.0057	-3	5	16
59	0.0058	-4	5	20
60	0.0059	0	14	14
61	0.0060	15	20	6
62	0.0061	23	33	19
63	0.0062	3	3	14
64	0.0063	6	11	20
65	0.0064	0	13	6
66	0.0065	3	16	10
67	0.0066	11	22	14
68	0.0067	-4	-4	14
69	0.0068	7	15	24
70	0.0069	9	16	13
71	0.0070	6	13	3
72	0.0071	13	15	18
73	0.0072	-6	-8	11
74	0.0073	2	9	26
75	0.0074	0	19	15
76	0.0075	1	16	7
77	0.0076	15	16	18
78	0.0077	-4	-3	16
79	0.0078	11	16	31
80	0.0079	5	22	10
81	0.0080	2	20	13
82	0.0081	6	27	15
83	0.0082	6	7	13
84	0.0083	7	24	31
85	0.0084	6	10	10
86	0.0085	7	6	1
87	0.0086	18	26	24
88	0.0087	15	13	22
89	0.0088	7	15	19
90	0.0089	2	3	7
91	0.0090	-2	-7	2
92	0.0091	18	26	19
93	0.0092	13	22	27
94	0.0093	-2	9	28
95	0.0094	10	2	10
96	0.0095	-3	-3	1
97	0.0096	20	32	24
98	0.0097	14	23	15
99	0.0098	2	2	28
100	0.0099	6	9	15

电流增量数据 [1000Hz, 10点]
采样序号	时间(s)	A相电流(INT)	B相电流(INT)	C相电流(INT)
1	0.000	64	-3228	7
2	0.001	61	-297	-4
3	0.002	42	-1381	12
4	0.003	59	-730	23
5	0.004	5	-792	15
6	0.005	20	194	9
7	0.006	30	312	18
8	0.007	21	-647	16
9	0.008	43	-874	-4
10	0.009	-8	-1390	16
================================================================================

=== 采集时间: 2025-12-05 15:12:13 (增量周期: 10.0ms) ===
振动增量数据 [等效10000Hz, 100点]
时序序号	时间(s)	X振动(INT)	Y振动(INT)	Z振动(INT)
1	0.0000	2	9	-3
2	0.0001	6	23	16
3	0.0002	-3	13	15
4	0.0003	10	16	23
5	0.0004	10	3	2
6	0.0005	11	-4	-8
7	0.0006	15	15	20
8	0.0007	0	11	19
9	0.0008	18	20	20
10	0.0009	13	14	10
11	0.0010	3	6	5
12	0.0011	11	26	18
13	0.0012	9	15	22
14	0.0013	16	28	40
15	0.0014	20	26	16
16	0.0015	16	20	14
17	0.0016	15	32	26
18	0.0017	1	13	18
19	0.0018	9	27	26
20	0.0019	20	22	26
21	0.0020	10	19	10
22	0.0021	19	23	23
23	0.0022	0	6	20
24	0.0023	15	19	24
25	0.0024	15	22	11
26	0.0025	5	9	7
27	0.0026	13	14	16
28	0.0027	-2	9	23
29	0.0028	11	18	35
30	0.0029	9	14	15
31	0.0030	15	9	1
32	0.0031	15	20	19
33	0.0032	6	13	26
34	0.0033	9	23	33
35	0.0034	2	19	19
36	0.0035	3	10	7
37	0.0036	15	35	27
38	0.0037	5	16	23
39	0.0038	18	27	33
40	0.0039	11	9	22
41	0.0040	13	9	7
42	0.0041	11	24	18
43	0.0042	1	14	16
44	0.0043	3	16	33
45	0.0044	9	14	14
46	0.0045	10	15	2
47	0.0046	18	15	20
48	0.0047	7	6	13
49	0.0048	2	11	19
50	0.0049	6	14	14
51	0.0050	-2	11	5
52	0.0051	11	20	20
53	0.0052	-3	10	15
54	0.0053	2	16	28
55	0.0054	5	20	14
56	0.0055	10	13	2
57	0.0056	19	22	20
58	0.0057	-2	13	19
59	0.0058	2	15	26
60	0.0059	0	14	11
61	0.0060	5	2	5
62	0.0061	10	16	13
63	0.0062	6	9	18
64	0.0063	10	18	30
65	0.0064	13	18	16
66	0.0065	3	14	9
67	0.0066	5	16	20
68	0.0067	-4	2	6
69	0.0068	7	16	22
70	0.0069	7	14	16
71	0.0070	3	6	7
72	0.0071	10	41	23
73	0.0072	-3	14	16
74	0.0073	-3	9	19
75	0.0074	6	-2	3
76	0.0075	-3	0	5
77	0.0076	13	35	28
78	0.0077	11	19	18
79	0.0078	13	7	27
80	0.0079	10	2	10
81	0.0080	2	10	1
82	0.0081	7	35	23
83	0.0082	5	14	20
84	0.0083	1	5	28
85	0.0084	16	7	20
86	0.0085	11	16	10
87	0.0086	22	37	22
88	0.0087	2	2	7
89	0.0088	-8	3	20
90	0.0089	6	18	23
91	0.0090	6	32	18
92	0.0091	23	45	27
93	0.0092	7	6	19
94	0.0093	6	5	20
95	0.0094	11	16	7
96	0.0095	10	20	5
97	0.0096	18	26	18
98	0.0097	-11	0	14
99	0.0098	5	16	26
100	0.0099	6	22	11

电流增量数据 [1000Hz, 10点]
采样序号	时间(s)	A相电流(INT)	B相电流(INT)	C相电流(INT)
1	0.000	-7	1119	0
2	0.001	-4	-290	20
3	0.002	10	-973	-5
4	0.003	34	-1743	16
5	0.004	28	314	2
6	0.005	14	707	-7
7	0.006	31	1266	18
8	0.007	45	-2804	11
9	0.008	13	-547	15
10	0.009	18	-1120	9
================================================================================

=== 采集时间: 2025-12-05 15:12:13 (增量周期: 10.0ms) ===
振动增量数据 [等效10000Hz, 100点]
时序序号	时间(s)	X振动(INT)	Y振动(INT)	Z振动(INT)
1	0.0000	11	10	-2
2	0.0001	14	9	19
3	0.0002	7	22	31
4	0.0003	19	31	31
5	0.0004	13	22	9
6	0.0005	7	9	-7
7	0.0006	11	-6	9
8	0.0007	1	13	22
9	0.0008	20	36	33
10	0.0009	11	19	20
11	0.0010	13	5	-10
12	0.0011	16	9	14
13	0.0012	0	14	15
14	0.0013	22	32	28
15	0.0014	3	11	11
16	0.0015	10	10	5
17	0.0016	20	14	22
18	0.0017	1	19	30
19	0.0018	24	43	37
20	0.0019	3	19	14
21	0.0020	14	20	-2
22	0.0021	7	14	26
23	0.0022	-2	16	27
24	0.0023	15	28	31
25	0.0024	6	11	18
26	0.0025	13	20	-2
27	0.0026	16	11	15
28	0.0027	11	14	22
29	0.0028	11	16	35
30	0.0029	13	10	16
31	0.0030	13	23	3
32	0.0031	9	15	18
33	0.0032	9	13	23
34	0.0033	14	13	31
35	0.0034	18	15	28
36	0.0035	15	23	5
37	0.0036	13	19	20
38	0.0037	-6	15	23
39	0.0038	5	27	33
40	0.0039	18	26	26
41	0.0040	15	27	10
42	0.0041	16	16	20
43	0.0042	5	9	11
44	0.0043	7	23	28
45	0.0044	7	22	18
46	0.0045	13	18	2
47	0.0046	10	15	22
48	0.0047	-8	0	18
49	0.0048	7	22	20
50	0.0049	5	13	16
51	0.0050	10	19	7
52	0.0051	22	15	15
53	0.0052	3	13	15
54	0.0053	9	28	23
55	0.0054	13	35	24
56	0.0055	7	14	10
57	0.0056	15	6	24
58	0.0057	0	-2	13
59	0.0058	9	26	22
60	0.0059	13	22	11
61	0.0060	5	3	3
62	0.0061	6	5	14
63	0.0062	-3	1	16
64	0.0063	3	14	24
65	0.0064	3	9	10
66	0.0065	13	7	6
67	0.0066	20	19	20
68	0.0067	9	6	19
69	0.0068	5	18	24
70	0.0069	-2	16	16
71	0.0070	0	10	2
72	0.0071	19	30	26
73	0.0072	7	15	20
74	0.0073	14	14	28
75	0.0074	14	13	13
76	0.0075	2	14	2
77	0.0076	13	22	23
78	0.0077	0	6	13
79	0.0078	1	14	27
80	0.0079	5	10	16
81	0.0080	5	16	10
82	0.0081	20	22	23
83	0.0082	5	0	16
84	0.0083	7	6	20
85	0.0084	5	13	11
86	0.0085	2	15	1
87	0.0086	14	23	22
88	0.0087	-6	3	23
89	0.0088	5	11	20
90	0.0089	7	24	9
91	0.0090	3	9	1
92	0.0091	14	23	26
93	0.0092	0	16	23
94	0.0093	2	14	31
95	0.0094	5	16	9
96	0.0095	2	18	3
97	0.0096	13	23	24
98	0.0097	6	7	27
99	0.0098	15	19	27
100	0.0099	16	14	11

电流增量数据 [1000Hz, 10点]
采样序号	时间(s)	A相电流(INT)	B相电流(INT)	C相电流(INT)
1	0.000	21	2127	10
2	0.001	42	-726	9
3	0.002	23	128	-4
4	0.003	36	-1405	1
5	0.004	29	364	15
6	0.005	7	478	2
7	0.006	39	164	10
8	0.007	21	-1831	13
9	0.008	43	-2129	11
10	0.009	-7	-858	14
================================================================================

=== 采集时间: 2025-12-05 15:12:13 (增量周期: 10.0ms) ===
振动增量数据 [等效10000Hz, 100点]
时序序号	时间(s)	X振动(INT)	Y振动(INT)	Z振动(INT)
1	0.0000	15	22	11
2	0.0001	24	23	36
3	0.0002	9	15	26
4	0.0003	9	31	31
5	0.0004	15	31	23
6	0.0005	7	15	7
7	0.0006	19	24	28
8	0.0007	5	10	23
9	0.0008	13	22	27
10	0.0009	16	20	23
11	0.0010	10	10	7
12	0.0011	18	19	30
13	0.0012	9	14	24
14	0.0013	10	20	27
15	0.0014	2	18	11
16	0.0015	9	7	7
17	0.0016	16	22	18
18	0.0017	13	19	26
19	0.0018	10	19	27
20	0.0019	10	19	15
21	0.0020	2	23	5
22	0.0021	16	33	27
23	0.0022	9	13	20
24	0.0023	6	19	20
25	0.0024	11	19	14
26	0.0025	7	10	6
27	0.0026	18	33	28
28	0.0027	15	19	19
29	0.0028	6	13	22
30	0.0029	0	11	11
31	0.0030	-4	6	6
32	0.0031	14	19	20
33	0.0032	18	7	23
34	0.0033	6	9	24
35	0.0034	14	14	13
36	0.0035	3	2	0
37	0.0036	6	16	23
38	0.0037	3	13	20
39	0.0038	-3	6	18
40	0.0039	9	24	11
41	0.0040	9	10	6
42	0.0041	16	26	27
43	0.0042	6	10	22
44	0.0043	3	10	20
45	0.0044	16	41	11
46	0.0045	6	24	10
47	0.0046	6	18	20
48	0.0047	2	5	18
49	0.0048	5	10	20
50	0.0049	16	39	10
51	0.0050	11	11	5
52	0.0051	5	2	20
53	0.0052	-6	-8	19
54	0.0053	3	14	24
55	0.0054	10	30	18
56	0.0055	2	9	-2
57	0.0056	10	2	16
58	0.0057	5	-4	13
59	0.0058	9	19	30
60	0.0059	15	36	23
61	0.0060	-3	9	1
62	0.0061	15	24	27
63	0.0062	5	7	20
64	0.0063	9	9	16
65	0.0064	10	5	9
66	0.0065	0	6	1
67	0.0066	19	20	28
68	0.0067	9	14	28
69	0.0068	7	13	23
70	0.0069	3	10	14
71	0.0070	-3	6	3
72	0.0071	15	23	23
73	0.0072	9	11	23
74	0.0073	15	18	32
75	0.0074	10	30	23
76	0.0075	2	16	0
77	0.0076	11	19	10
78	0.0077	-2	3	18
79	0.0078	10	24	31
80	0.0079	13	26	19
81	0.0080	9	9	2
82	0.0081	10	10	14
83	0.0082	7	2	11
84	0.0083	16	22	19
85	0.0084	9	19	11
86	0.0085	1	-2	0
87	0.0086	1	9	16
88	0.0087	-2	6	15
89	0.0088	6	18	22
90	0.0089	15	20	13
91	0.0090	10	7	0
92	0.0091	15	22	16
93	0.0092	-4	9	23
94	0.0093	-2	19	26
95	0.0094	11	27	14
96	0.0095	5	14	2
97	0.0096	14	23	23
98	0.0097	3	13	16
99	0.0098	10	19	24
100	0.0099	13	18	11

电流增量数据 [1000Hz, 10点]
采样序号	时间(s)	A相电流(INT)	B相电流(INT)	C相电流(INT)
1	0.000	11	240	-8
2	0.001	-2	-1437	-11
3	0.002	10	-430	23
4	0.003	9	324	-3
5	0.004	-6	144	7
6	0.005	29	377	-2
7	0.006	64	-2532	-4
8	0.007	18	-414	-8
9	0.008	11	-2851	6
10	0.009	22	118	18
================================================================================

=== 采集时间: 2025-12-05 15:12:14 (增量周期: 10.0ms) ===
振动增量数据 [等效10000Hz, 100点]
时序序号	时间(s)	X振动(INT)	Y振动(INT)	Z振动(INT)
1	0.0000	15	16	13
2	0.0001	23	37	37
3	0.0002	9	11	19
4	0.0003	2	9	14
5	0.0004	11	27	18
6	0.0005	7	23	13
7	0.0006	26	28	32
8	0.0007	11	16	23
9	0.0008	9	18	18
10	0.0009	15	31	10
11	0.0010	9	16	5
12	0.0011	18	16	27
13	0.0012	-3	6	20
14	0.0013	-3	14	20
15	0.0014	5	22	9
16	0.0015	2	5	2
17	0.0016	14	13	26
18	0.0017	3	9	22
19	0.0018	3	18	22
20	0.0019	9	14	7
21	0.0020	1	6	1
22	0.0021	11	22	31
23	0.0022	-2	13	28
24	0.0023	5	18	27
25	0.0024	6	19	10
26	0.0025	3	13	2
27	0.0026	14	13	22
28	0.0027	1	19	30
29	0.0028	9	24	23
30	0.0029	5	19	10
31	0.0030	5	10	3
32	0.0031	9	13	18
33	0.0032	9	20	23
34	0.0033	7	19	23
35	0.0034	6	15	7
36	0.0035	2	2	-4
37	0.0036	10	13	22
38	0.0037	0	13	27
39	0.0038	11	24	31
40	0.0039	11	13	9
41	0.0040	1	6	-2
42	0.0041	7	9	15
43	0.0042	1	9	20
44	0.0043	13	23	27
45	0.0044	13	22	15
46	0.0045	0	19	7
47	0.0046	10	22	24
48	0.0047	2	6	18
49	0.0048	13	11	22
50	0.0049	7	18	20
51	0.0050	0	15	11
52	0.0051	20	24	30
53	0.0052	-10	-3	14
54	0.0053	5	19	24
55	0.0054	9	16	14
56	0.0055	11	19	6
57	0.0056	31	30	22
58	0.0057	-8	-4	14
59	0.0058	11	30	22
60	0.0059	-2	19	7
61	0.0060	-3	18	7
62	0.0061	10	10	15
63	0.0062	0	2	16
64	0.0063	13	30	22
65	0.0064	9	18	14
66	0.0065	9	5	0
67	0.0066	13	6	20
68	0.0067	0	2	20
69	0.0068	5	24	23
70	0.0069	-2	9	10
71	0.0070	5	9	-2
72	0.0071	15	11	27
73	0.0072	13	2	28
74	0.0073	16	33	22
75	0.0074	7	14	11
76	0.0075	0	6	2
77	0.0076	11	23	26
78	0.0077	6	15	23
79	0.0078	18	28	27
80	0.0079	5	11	11
81	0.0080	-2	6	-10
82	0.0081	11	24	18
83	0.0082	3	6	19
84	0.0083	7	16	16
85	0.0084	0	3	9
86	0.0085	-6	5	-2
87	0.0086	10	18	23
88	0.0087	0	6	14
89	0.0088	5	7	18
90	0.0089	5	6	10
91	0.0090	0	2	-2
92	0.0091	10	11	18
93	0.0092	-6	5	16
94	0.0093	0	11	19
95	0.0094	3	18	10
96	0.0095	6	9	1
97	0.0096	9	13	16
98	0.0097	1	6	18
99	0.0098	10	23	27
100	0.0099	7	27	13

电流增量数据 [1000Hz, 10点]
采样序号	时间(s)	A相电流(INT)	B相电流(INT)	C相电流(INT)
1	0.000	54	-1181	-2
2	0.001	23	207	4
3	0.002	58	494	4
4	0.003	5	611	33
5	0.004	34	-3595	13
6	0.005	-7	-383	9
7	0.006	21	-1769	3
8	0.007	3	-649	18
9	0.008	30	-902	-6
10	0.009	24	204	16
================================================================================

=== 采集时间: 2025-12-05 15:12:14 (增量周期: 10.0ms) ===
振动增量数据 [等效10000Hz, 100点]
时序序号	时间(s)	X振动(INT)	Y振动(INT)	Z振动(INT)
1	0.0000	13	10	9
2	0.0001	15	24	26
3	0.0002	-2	6	22
4	0.0003	9	13	23
5	0.0004	11	22	22
6	0.0005	10	16	13
7	0.0006	13	22	28
8	0.0007	3	14	22
9	0.0008	10	14	22
10	0.0009	10	27	13
11	0.0010	13	20	16
12	0.0011	14	30	27
13	0.0012	10	19	27
14	0.0013	5	13	22
15	0.0014	19	23	15
16	0.0015	14	16	5
17	0.0016	15	24	31
18	0.0017	-2	2	16
19	0.0018	2	10	22
20	0.0019	13	19	18
21	0.0020	16	13	9
22	0.0021	19	23	30
23	0.0022	-3	3	22
24	0.0023	5	6	14
25	0.0024	13	19	10
26	0.0025	9	9	5
27	0.0026	14	28	28
28	0.0027	-3	14	22
29	0.0028	1	18	26
30	0.0029	15	23	9
31	0.0030	9	2	2
32	0.0031	16	20	26
33	0.0032	-6	19	20
34	0.0033	7	28	13
35	0.0034	14	22	7
36	0.0035	9	3	1
37	0.0036	2	14	30
38	0.0037	-7	22	28
39	0.0038	9	26	18
40	0.0039	15	13	6
41	0.0040	20	1	7
42	0.0041	14	15	24
43	0.0042	7	23	27
44	0.0043	1	14	20
45	0.0044	9	13	7
46	0.0045	2	7	5
47	0.0046	13	20	28
48	0.0047	9	20	27
49	0.0048	5	11	23
50	0.0049	11	15	2
51	0.0050	3	10	0
52	0.0051	11	24	31
53	0.0052	3	18	22
54	0.0053	2	18	16
55	0.0054	5	22	11
56	0.0055	2	6	-6
57	0.0056	15	24	28
58	0.0057	7	16	26
59	0.0058	1	10	20
60	0.0059	5	9	10
61	0.0060	13	20	16
62	0.0061	10	19	27
63	0.0062	-8	1	27
64	0.0063	2	19	22
65	0.0064	15	30	16
66	0.0065	10	15	9
67	0.0066	10	6	24
68	0.0067	0	1	15
69	0.0068	0	13	15
70	0.0069	9	27	9
71	0.0070	7	5	0
72	0.0071	5	9	20
73	0.0072	1	6	16
74	0.0073	7	15	16
75	0.0074	9	16	10
76	0.0075	5	6	7
77	0.0076	9	23	27
78	0.0077	3	9	19
79	0.0078	1	13	19
80	0.0079	15	22	19
81	0.0080	6	14	11
82	0.0081	11	30	28
83	0.0082	3	18	24
84	0.0083	5	14	20
85	0.0084	15	16	15
86	0.0085	13	23	14
87	0.0086	19	27	33
88	0.0087	1	14	23
89	0.0088	5	6	9
90	0.0089	14	18	7
91	0.0090	19	24	7
92	0.0091	19	26	33
93	0.0092	0	5	13
94	0.0093	3	6	6
95	0.0094	9	15	2
96	0.0095	9	11	-3
97	0.0096	15	19	24
98	0.0097	-10	2	15
99	0.0098	0	3	15
100	0.0099	0	18	2

电流增量数据 [1000Hz, 10点]
采样序号	时间(s)	A相电流(INT)	B相电流(INT)	C相电流(INT)
1	0.000	-15	-1022	-3
2	0.001	7	-1766	-2
3	0.002	-4	61	4
4	0.003	0	516	-17
5	0.004	-5	-10	6
6	0.005	-6	-2735	-3
7	0.006	-13	-1031	5
8	0.007	37	-1120	18
9	0.008	37	-1873	12
10	0.009	-6	-672	9
================================================================================

=== 采集时间: 2025-12-05 15:12:15 (增量周期: 10.0ms) ===
振动增量数据 [等效10000Hz, 100点]
时序序号	时间(s)	X振动(INT)	Y振动(INT)	Z振动(INT)
1	0.0000	14	16	10
2	0.0001	7	13	27
3	0.0002	0	1	16
4	0.0003	-11	6	14
5	0.0004	6	33	11
6	0.0005	15	19	5
7	0.0006	11	10	16
8	0.0007	6	11	18
9	0.0008	-4	13	18
10	0.0009	15	36	14
11	0.0010	1	9	3
12	0.0011	7	13	28
13	0.0012	0	13	19
14	0.0013	0	23	20
15	0.0014	23	31	15
16	0.0015	9	-3	7
17	0.0016	15	7	27
18	0.0017	2	13	18
19	0.0018	0	16	16
20	0.0019	19	24	15
21	0.0020	0	0	6
22	0.0021	19	14	33
23	0.0022	-2	19	26
24	0.0023	5	23	24
25	0.0024	15	32	10
26	0.0025	6	1	2
27	0.0026	18	15	27
28	0.0027	13	28	26
29	0.0028	11	32	24
30	0.0029	20	31	15
31	0.0030	2	13	2
32	0.0031	5	18	20
33	0.0032	6	19	16
34	0.0033	0	23	22
35	0.0034	14	23	16
36	0.0035	10	3	3
37	0.0036	5	9	20
38	0.0037	6	14	20
39	0.0038	1	13	15
40	0.0039	7	10	7
41	0.0040	1	2	2
42	0.0041	11	18	28
43	0.0042	9	11	26
44	0.0043	0	9	16
45	0.0044	15	14	2
46	0.0045	2	2	1
47	0.0046	7	22	30
48	0.0047	0	19	22
49	0.0048	5	19	16
50	0.0049	14	15	10
51	0.0050	9	-4	2
52	0.0051	13	10	23
53	0.0052	7	9	20
54	0.0053	9	23	14
55	0.0054	14	27	5
56	0.0055	-4	-11	-11
57	0.0056	7	19	20
58	0.0057	2	22	23
59	0.0058	0	14	16
60	0.0059	15	18	9
61	0.0060	-2	-2	0
62	0.0061	14	26	27
63	0.0062	3	22	18
64	0.0063	2	2	11
65	0.0064	7	13	10
66	0.0065	-3	7	0
67	0.0066	6	26	32
68	0.0067	0	10	16
69	0.0068	0	-8	7
70	0.0069	9	10	2
71	0.0070	3	3	5
72	0.0071	13	23	23
73	0.0072	-3	9	20
74	0.0073	-6	-3	6
75	0.0074	10	16	1
76	0.0075	-4	9	2
77	0.0076	10	20	26
78	0.0077	-8	9	16
79	0.0078	-2	2	11
80	0.0079	9	26	7
81	0.0080	0	14	2
82	0.0081	3	24	26
83	0.0082	-3	10	10
84	0.0083	5	9	10
85	0.0084	15	24	10
86	0.0085	5	13	9
87	0.0086	13	19	31
88	0.0087	-6	1	13
89	0.0088	1	9	5
90	0.0089	13	18	10
91	0.0090	2	13	10
92	0.0091	15	19	33
93	0.0092	2	2	13
94	0.0093	1	11	9
95	0.0094	11	19	11
96	0.0095	3	14	5
97	0.0096	10	16	23
98	0.0097	1	6	16
99	0.0098	5	20	16
100	0.0099	14	26	11

电流增量数据 [1000Hz, 10点]
采样序号	时间(s)	A相电流(INT)	B相电流(INT)	C相电流(INT)
1	0.000	45	-4	1
2	0.001	14	-1630	9
3	0.002	42	-2265	1
4	0.003	23	-845	4
5	0.004	63	-2979	-2
6	0.005	4	-414	0
7	0.006	10	-510	3
8	0.007	3	650	-5
9	0.008	19	-1347	-3
10	0.009	11	-938	-4
================================================================================

=== 采集时间: 2025-12-05 15:12:15 (增量周期: 10.0ms) ===
振动增量数据 [等效10000Hz, 100点]
时序序号	时间(s)	X振动(INT)	Y振动(INT)	Z振动(INT)
1	0.0000	7	15	13
2	0.0001	14	19	30
3	0.0002	-2	6	11
4	0.0003	6	15	6
5	0.0004	11	20	10
6	0.0005	7	5	9
7	0.0006	10	14	33
8	0.0007	5	16	23
9	0.0008	10	26	11
10	0.0009	11	19	7
11	0.0010	7	7	11
12	0.0011	13	15	22
13	0.0012	7	18	20
14	0.0013	7	22	15
15	0.0014	14	24	14
16	0.0015	3	5	6
17	0.0016	11	24	33
18	0.0017	2	20	22
19	0.0018	3	14	9
20	0.0019	10	14	5
21	0.0020	0	-2	2
22	0.0021	14	24	27
23	0.0022	10	20	23
24	0.0023	5	9	11
25	0.0024	13	16	5
26	0.0025	-3	1	-2
27	0.0026	9	24	27
28	0.0027	7	10	19
29	0.0028	11	13	16
30	0.0029	26	26	19
31	0.0030	9	15	15
32	0.0031	19	22	32
33	0.0032	-2	6	13
34	0.0033	2	10	11
35	0.0034	23	33	18
36	0.0035	14	18	22
37	0.0036	18	18	33
38	0.0037	0	1	22
39	0.0038	2	13	14
40	0.0039	23	39	16
41	0.0040	15	15	9
42	0.0041	15	9	32
43	0.0042	0	6	19
44	0.0043	6	22	16
45	0.0044	14	36	13
46	0.0045	13	9	7
47	0.0046	9	2	19
48	0.0047	3	7	22
49	0.0048	6	18	19
50	0.0049	19	35	18
51	0.0050	13	22	16
52	0.0051	19	14	31
53	0.0052	6	3	13
54	0.0053	9	20	11
55	0.0054	18	24	16
56	0.0055	5	3	6
57	0.0056	15	6	26
58	0.0057	0	7	20
59	0.0058	10	23	15
60	0.0059	11	26	10
61	0.0060	3	-2	10
62	0.0061	9	5	23
63	0.0062	0	9	19
64	0.0063	0	16	19
65	0.0064	10	22	15
66	0.0065	2	13	6
67	0.0066	14	18	28
68	0.0067	0	15	19
69	0.0068	2	16	15
70	0.0069	7	13	10
71	0.0070	3	13	2
72	0.0071	26	27	33
73	0.0072	2	13	19
74	0.0073	5	13	14
75	0.0074	0	2	5
76	0.0075	1	11	7
77	0.0076	16	18	26
78	0.0077	2	9	23
79	0.0078	9	6	16
80	0.0079	15	16	11
81	0.0080	9	10	7
82	0.0081	19	13	24
83	0.0082	-10	1	23
84	0.0083	3	20	14
85	0.0084	11	22	15
86	0.0085	7	13	7
87	0.0086	15	16	30
88	0.0087	-3	-4	16
89	0.0088	13	31	18
90	0.0089	14	27	15
91	0.0090	7	16	6
92	0.0091	5	10	23
93	0.0092	-7	1	20
94	0.0093	11	35	20
95	0.0094	26	31	15
96	0.0095	11	9	5
97	0.0096	10	-4	16
98	0.0097	-2	-3	14
99	0.0098	11	28	18
100	0.0099	15	19	6

电流增量数据 [1000Hz, 10点]
采样序号	时间(s)	A相电流(INT)	B相电流(INT)	C相电流(INT)
1	0.000	-3	-343	-12
2	0.001	43	1539	9
3	0.002	5	-1222	14
4	0.003	40	-392	-11
5	0.004	-15	-1721	5
6	0.005	37	-303	6
7	0.006	-2	1317	-6
8	0.007	34	441	13
9	0.008	-5	-478	-10
10	0.009	32	-3021	9
================================================================================

=== 采集时间: 2025-12-05 15:12:15 (增量周期: 10.0ms) ===
振动增量数据 [等效10000Hz, 100点]
时序序号	时间(s)	X振动(INT)	Y振动(INT)	Z振动(INT)
1	0.0000	0	-2	5
2	0.0001	0	14	28
3	0.0002	2	19	23
4	0.0003	14	15	10
5	0.0004	26	20	7
6	0.0005	7	5	11
7	0.0006	7	24	32
8	0.0007	0	27	20
9	0.0008	10	16	7
10	0.0009	15	16	2
11	0.0010	3	9	10
12	0.0011	9	31	39
13	0.0012	7	28	27
14	0.0013	5	11	6
15	0.0014	13	5	-2
16	0.0015	-3	-3	7
17	0.0016	6	32	32
18	0.0017	2	22	27
19	0.0018	2	10	13
20	0.0019	9	1	6
21	0.0020	-7	-7	-4
22	0.0021	1	20	27
23	0.0022	-6	13	18
24	0.0023	3	7	10
25	0.0024	10	13	2
26	0.0025	3	-3	2
27	0.0026	2	19	20
28	0.0027	-6	10	16
29	0.0028	2	10	5
30	0.0029	9	13	7
31	0.0030	3	6	9
32	0.0031	0	22	28
33	0.0032	-6	13	16
34	0.0033	0	11	6
35	0.0034	11	14	6
36	0.0035	0	2	3
37	0.0036	6	18	32
38	0.0037	3	15	27
39	0.0038	10	13	9
40	0.0039	14	13	6
41	0.0040	-4	1	2
42	0.0041	3	14	23
43	0.0042	0	14	14
44	0.0043	7	11	13
45	0.0044	19	16	11
46	0.0045	3	11	14
47	0.0046	7	20	28
48	0.0047	5	11	16
49	0.0048	5	10	5
50	0.0049	13	11	10
51	0.0050	-2	3	10
52	0.0051	13	22	43
53	0.0052	3	13	28
54	0.0053	13	10	6
55	0.0054	13	3	3
56	0.0055	-4	0	3
57	0.0056	6	19	28
58	0.0057	-2	11	20
59	0.0058	9	10	11
60	0.0059	7	6	7
61	0.0060	-2	11	13
62	0.0061	14	24	28
63	0.0062	1	18	14
64	0.0063	10	10	6
65	0.0064	14	9	7
66	0.0065	5	11	5
67	0.0066	5	28	37
68	0.0067	-7	9	14
69	0.0068	7	19	5
70	0.0069	6	19	15
71	0.0070	9	7	7
72	0.0071	14	26	32
73	0.0072	3	9	20
74	0.0073	3	5	7
75	0.0074	11	11	10
76	0.0075	1	9	7
77	0.0076	9	18	27
78	0.0077	2	7	19
79	0.0078	2	9	9
80	0.0079	14	18	19
81	0.0080	3	14	11
82	0.0081	7	18	33
83	0.0082	-2	14	22
84	0.0083	9	13	9
85	0.0084	15	20	9
86	0.0085	13	19	14
87	0.0086	11	30	39
88	0.0087	3	18	22
89	0.0088	5	19	6
90	0.0089	14	18	7
91	0.0090	5	14	15
92	0.0091	13	19	31
93	0.0092	2	9	15
94	0.0093	11	7	5
95	0.0094	13	15	7
96	0.0095	2	11	6
97	0.0096	6	13	26
98	0.0097	-3	5	22
99	0.0098	7	11	14
100	0.0099	13	24	13

电流增量数据 [1000Hz, 10点]
采样序号	时间(s)	A相电流(INT)	B相电流(INT)	C相电流(INT)
1	0.000	-5	-1074	22
2	0.001	-2	-872	9
3	0.002	15	-146	15
4	0.003	6	15	-14
5	0.004	16	-1163	19
6	0.005	19	-1251	16
7	0.006	42	-1746	9
8	0.007	1	2566	5
9	0.008	0	-94	-5
10	0.009	7	371	5
================================================================================

=== 采集时间: 2025-12-05 15:12:16 (增量周期: 10.0ms) ===
振动增量数据 [等效10000Hz, 100点]
时序序号	时间(s)	X振动(INT)	Y振动(INT)	Z振动(INT)
1	0.0000	-10	-8	-4
2	0.0001	5	15	22
3	0.0002	2	24	20
4	0.0003	9	16	16
5	0.0004	23	30	16
6	0.0005	2	1	3
7	0.0006	1	13	20
8	0.0007	7	16	7
9	0.0008	11	22	10
10	0.0009	22	23	16
11	0.0010	6	5	9
12	0.0011	9	14	28
13	0.0012	3	18	20
14	0.0013	11	16	6
15	0.0014	14	13	5
16	0.0015	2	-2	6
17	0.0016	10	14	36
18	0.0017	9	23	23
19	0.0018	6	15	13
20	0.0019	16	19	10
21	0.0020	3	-2	6
22	0.0021	6	19	30
23	0.0022	10	19	22
24	0.0023	9	14	18
25	0.0024	19	23	20
26	0.0025	3	9	5
27	0.0026	7	19	26
28	0.0027	-2	14	18
29	0.0028	3	16	6
30	0.0029	20	26	14
31	0.0030	0	-7	-4
32	0.0031	2	5	30
33	0.0032	-3	20	24
34	0.0033	3	30	14
35	0.0034	13	19	15
36	0.0035	1	2	0
37	0.0036	7	10	24
38	0.0037	-2	15	23
39	0.0038	14	35	26
40	0.0039	23	30	16
41	0.0040	0	0	10
42	0.0041	1	9	22
43	0.0042	-2	13	20
44	0.0043	14	30	20
45	0.0044	19	19	15
46	0.0045	0	-2	9
47	0.0046	9	6	16
48	0.0047	-3	16	20
49	0.0048	11	30	18
50	0.0049	20	22	13
51	0.0050	-3	-11	0
52	0.0051	3	10	19
53	0.0052	0	15	23
54	0.0053	9	43	20
55	0.0054	23	19	15
56	0.0055	-2	-8	-3
57	0.0056	15	14	19
58	0.0057	1	13	22
59	0.0058	13	39	19
60	0.0059	20	22	16
61	0.0060	0	7	7
62	0.0061	11	23	27
63	0.0062	9	19	33
64	0.0063	19	30	14
65	0.0064	24	14	20
66	0.0065	9	5	13
67	0.0066	13	13	31
68	0.0067	0	7	19
69	0.0068	18	26	18
70	0.0069	24	19	20
71	0.0070	14	5	14
72	0.0071	10	16	32
73	0.0072	-2	3	20
74	0.0073	9	27	16
75	0.0074	22	26	24
76	0.0075	16	13	14
77	0.0076	15	23	28
78	0.0077	3	10	18
79	0.0078	15	30	10
80	0.0079	23	19	14
81	0.0080	11	19	20
82	0.0081	11	22	39
83	0.0082	0	9	18
84	0.0083	10	23	13
85	0.0084	20	24	18
86	0.0085	6	6	16
87	0.0086	10	13	31
88	0.0087	-2	2	19
89	0.0088	9	15	11
90	0.0089	20	19	19
91	0.0090	5	3	13
92	0.0091	0	15	27
93	0.0092	-3	7	18
94	0.0093	10	15	6
95	0.0094	15	14	14
96	0.0095	2	9	15
97	0.0096	9	28	33
98	0.0097	-4	14	18
99	0.0098	10	15	-6
100	0.0099	15	19	6

电流增量数据 [1000Hz, 10点]
采样序号	时间(s)	A相电流(INT)	B相电流(INT)	C相电流(INT)
1	0.000	7	-1043	-2
2	0.001	39	-1242	9
3	0.002	7	2428	18
4	0.003	6	27	-8
5	0.004	24	156	5
6	0.005	10	503	-2
7	0.006	21	-318	2
8	0.007	52	-1029	-2
9	0.008	19	-1913	1
10	0.009	1	51	-4
================================================================================

=== 采集时间: 2025-12-05 15:12:16 (增量周期: 10.0ms) ===
振动增量数据 [等效10000Hz, 100点]
时序序号	时间(s)	X振动(INT)	Y振动(INT)	Z振动(INT)
1	0.0000	1	-4	11
2	0.0001	5	19	30
3	0.0002	-3	27	19
4	0.0003	0	15	3
5	0.0004	9	16	3
6	0.0005	-3	-8	6
7	0.0006	10	19	36
8	0.0007	13	35	27
9	0.0008	15	27	13
10	0.0009	10	14	-2
11	0.0010	-7	-16	2
12	0.0011	0	13	33
13	0.0012	7	30	28
14	0.0013	13	26	19
15	0.0014	11	5	7
16	0.0015	9	-14	2
17	0.0016	7	18	28
18	0.0017	10	30	23
19	0.0018	13	14	6
20	0.0019	14	14	15
21	0.0020	3	-8	6
22	0.0021	5	24	31
23	0.0022	9	32	20
24	0.0023	11	19	2
25	0.0024	26	27	10
26	0.0025	6	2	9
27	0.0026	10	16	30
28	0.0027	10	23	18
29	0.0028	-2	14	14
30	0.0029	18	27	14
31	0.0030	-4	3	1
32	0.0031	7	9	27
33	0.0032	3	10	20
34	0.0033	5	13	6
35	0.0034	13	19	16
36	0.0035	-6	-2	6
37	0.0036	7	9	20
38	0.0037	1	16	18
39	0.0038	6	11	18
40	0.0039	23	28	14
41	0.0040	2	-2	7
42	0.0041	1	13	20
43	0.0042	3	19	19
44	0.0043	6	24	15
45	0.0044	19	30	16
46	0.0045	7	5	14
47	0.0046	6	10	24
48	0.0047	-3	14	16
49	0.0048	10	23	13
50	0.0049	15	23	15
51	0.0050	0	-11	6
52	0.0051	7	14	28
53	0.0052	3	19	30
54	0.0053	13	27	14
55	0.0054	13	15	13
56	0.0055	-2	-4	2
57	0.0056	-2	5	20
58	0.0057	9	27	23
59	0.0058	13	39	20
60	0.0059	18	20	13
61	0.0060	-11	-14	7
62	0.0061	0	6	22
63	0.0062	7	19	19
64	0.0063	11	35	14
65	0.0064	24	19	22
66	0.0065	-6	-10	6
67	0.0066	5	16	40
68	0.0067	2	27	27
69	0.0068	9	32	16
70	0.0069	20	13	16
71	0.0070	0	-15	6
72	0.0071	15	26	36
73	0.0072	9	27	28
74	0.0073	6	27	14
75	0.0074	14	11	16
76	0.0075	-10	-7	10
77	0.0076	14	40	37
78	0.0077	11	27	31
79	0.0078	15	22	16
80	0.0079	26	19	15
81	0.0080	-2	6	11
82	0.0081	6	23	26
83	0.0082	0	14	19
84	0.0083	11	19	11
85	0.0084	23	26	23
86	0.0085	13	11	20
87	0.0086	15	24	28
88	0.0087	9	7	13
89	0.0088	15	13	2
90	0.0089	20	22	16
91	0.0090	6	15	16
92	0.0091	6	30	41
93	0.0092	3	6	28
94	0.0093	10	20	9
95	0.0094	23	26	16
96	0.0095	2	3	11
97	0.0096	7	16	27
98	0.0097	5	10	19
99	0.0098	9	19	9
100	0.0099	15	30	22

电流增量数据 [1000Hz, 10点]
采样序号	时间(s)	A相电流(INT)	B相电流(INT)	C相电流(INT)
1	0.000	3	-1021	6
2	0.001	9	-1108	13
3	0.002	36	716	20
4	0.003	1	1305	12
5	0.004	29	-86	16
6	0.005	6	1324	4
7	0.006	30	-1106	-14
8	0.007	30	-430	-3
9	0.008	6	-2025	0
10	0.009	-13	31	-8
================================================================================

=== 采集时间: 2025-12-05 15:12:17 (增量周期: 10.0ms) ===
振动增量数据 [等效10000Hz, 100点]
时序序号	时间(s)	X振动(INT)	Y振动(INT)	Z振动(INT)
1	0.0000	-8	-12	1
2	0.0001	0	13	18
3	0.0002	9	30	16
4	0.0003	13	11	2
5	0.0004	27	11	7
6	0.0005	5	3	10
7	0.0006	2	20	23
8	0.0007	2	18	11
9	0.0008	-6	-2	-4
10	0.0009	9	15	19
11	0.0010	5	10	16
12	0.0011	15	24	36
13	0.0012	6	10	10
14	0.0013	7	-7	-8
15	0.0014	9	15	10
16	0.0015	-4	1	13
17	0.0016	6	22	24
18	0.0017	-2	9	11
19	0.0018	3	1	2
20	0.0019	19	19	14
21	0.0020	5	9	9
22	0.0021	9	16	26
23	0.0022	1	7	10
24	0.0023	5	9	2
25	0.0024	19	27	18
26	0.0025	0	7	10
27	0.0026	2	22	32
28	0.0027	-3	10	18
29	0.0028	5	14	0
30	0.0029	20	28	19
31	0.0030	5	5	19
32	0.0031	5	19	28
33	0.0032	3	11	13
34	0.0033	3	9	7
35	0.0034	16	13	13
36	0.0035	2	11	16
37	0.0036	1	10	27
38	0.0037	2	14	16
39	0.0038	9	19	9
40	0.0039	18	14	18
41	0.0040	3	3	13
42	0.0041	11	19	24
43	0.0042	3	23	18
44	0.0043	10	16	3
45	0.0044	16	16	13
46	0.0045	2	-2	15
47	0.0046	7	23	31
48	0.0047	7	35	22
49	0.0048	10	24	6
50	0.0049	13	11	19
51	0.0050	0	-12	14
52	0.0051	10	15	28
53	0.0052	14	36	19
54	0.0053	9	16	5
55	0.0054	13	-2	15
56	0.0055	-2	1	11
57	0.0056	7	30	32
58	0.0057	-2	19	16
59	0.0058	2	2	3
60	0.0059	14	11	14
61	0.0060	3	9	15
62	0.0061	10	30	31
63	0.0062	0	15	19
64	0.0063	5	10	7
65	0.0064	14	9	16
66	0.0065	10	14	15
67	0.0066	9	22	28
68	0.0067	9	6	10
69	0.0068	6	1	-2
70	0.0069	15	19	19
71	0.0070	6	18	27
72	0.0071	6	23	30
73	0.0072	3	18	9
74	0.0073	2	6	-3
75	0.0074	20	19	10
76	0.0075	14	22	22
77	0.0076	18	24	32
78	0.0077	5	14	18
79	0.0078	6	13	1
80	0.0079	18	27	10
81	0.0080	0	7	11
82	0.0081	14	23	31
83	0.0082	13	16	19
84	0.0083	15	11	11
85	0.0084	19	16	19
86	0.0085	1	2	10
87	0.0086	6	13	27
88	0.0087	14	23	23
89	0.0088	10	11	5
90	0.0089	19	23	20
91	0.0090	-6	3	22
92	0.0091	11	20	33
93	0.0092	14	27	16
94	0.0093	18	15	2
95	0.0094	18	9	16
96	0.0095	1	-3	19
97	0.0096	9	35	37
98	0.0097	13	33	24
99	0.0098	10	16	7
100	0.0099	10	9	13

电流增量数据 [1000Hz, 10点]
采样序号	时间(s)	A相电流(INT)	B相电流(INT)	C相电流(INT)
1	0.000	29	264	6
2	0.001	-6	-1070	7
3	0.002	-6	-1366	4
4	0.003	-4	-1356	-5
5	0.004	0	-860	23
6	0.005	28	1835	18
7	0.006	9	-436	-6
8	0.007	13	1720	10
9	0.008	-6	-1206	-13
10	0.009	-21	-424	-7
================================================================================

=== 采集时间: 2025-12-05 15:12:17 (增量周期: 10.0ms) ===
振动增量数据 [等效10000Hz, 100点]
时序序号	时间(s)	X振动(INT)	Y振动(INT)	Z振动(INT)
1	0.0000	-6	3	16
2	0.0001	6	11	30
3	0.0002	13	23	20
4	0.0003	14	23	13
5	0.0004	20	28	24
6	0.0005	-2	5	19
7	0.0006	10	15	27
8	0.0007	16	22	19
9	0.0008	14	14	13
10	0.0009	16	28	30
11	0.0010	-4	13	27
12	0.0011	11	28	32
13	0.0012	15	26	19
14	0.0013	6	6	2
15	0.0014	14	19	22
16	0.0015	1	15	24
17	0.0016	22	30	30
18	0.0017	20	14	10
19	0.0018	3	-3	-2
20	0.0019	6	23	14
21	0.0020	-10	13	15
22	0.0021	3	24	24
23	0.0022	9	5	6
24	0.0023	9	2	6
25	0.0024	19	26	23
26	0.0025	10	22	14
27	0.0026	3	19	26
28	0.0027	2	2	9
29	0.0028	-7	9	3
30	0.0029	15	37	31
31	0.0030	0	19	23
32	0.0031	5	13	27
33	0.0032	6	-3	13
34	0.0033	9	13	0
35	0.0034	23	40	23
36	0.0035	5	19	19
37	0.0036	5	13	23
38	0.0037	1	9	14
39	0.0038	9	16	3
40	0.0039	26	43	18
41	0.0040	7	14	18
42	0.0041	3	2	20
43	0.0042	11	5	10
44	0.0043	15	19	7
45	0.0044	18	36	24
46	0.0045	-3	7	18
47	0.0046	0	7	15
48	0.0047	7	13	11
49	0.0048	13	19	7
50	0.0049	26	27	23
51	0.0050	-6	-8	18
52	0.0051	5	11	23
53	0.0052	3	26	13
54	0.0053	9	20	7
55	0.0054	15	11	16
56	0.0055	2	-4	13
57	0.0056	5	10	22
58	0.0057	13	23	20
59	0.0058	6	24	14
60	0.0059	11	16	20
61	0.0060	-2	3	6
62	0.0061	2	10	23
63	0.0062	11	19	18
64	0.0063	14	24	13
65	0.0064	13	15	19
66	0.0065	3	2	10
67	0.0066	2	19	22
68	0.0067	9	9	10
69	0.0068	3	14	3
70	0.0069	15	15	20
71	0.0070	-2	16	23
72	0.0071	9	11	23
73	0.0072	5	9	16
74	0.0073	14	18	7
75	0.0074	20	20	13
76	0.0075	3	9	14
77	0.0076	0	5	22
78	0.0077	-7	15	19
79	0.0078	10	27	13
80	0.0079	23	27	24
81	0.0080	10	11	15
82	0.0081	7	15	23
83	0.0082	9	22	16
84	0.0083	16	22	6
85	0.0084	20	22	19
86	0.0085	-3	2	19
87	0.0086	3	27	28
88	0.0087	7	27	18
89	0.0088	16	18	2
90	0.0089	23	9	19
91	0.0090	0	-4	9
92	0.0091	-2	16	22
93	0.0092	0	9	15
94	0.0093	9	14	-2
95	0.0094	15	11	15
96	0.0095	-4	2	14
97	0.0096	1	14	22
98	0.0097	5	19	6
99	0.0098	6	14	-6
100	0.0099	14	6	15

电流增量数据 [1000Hz, 10点]
采样序号	时间(s)	A相电流(INT)	B相电流(INT)	C相电流(INT)
1	0.000	27	-1279	-10
2	0.001	5	99	9
3	0.002	9	102	3
4	0.003	-4	157	-22
5	0.004	1	324	-13
6	0.005	29	-3836	5
7	0.006	-10	-667	9
8	0.007	4	-2222	-16
9	0.008	-5	-561	28
10	0.009	-7	-994	9
================================================================================

=== 采集时间: 2025-12-05 15:12:18 (增量周期: 10.0ms) ===
振动增量数据 [等效10000Hz, 100点]
时序序号	时间(s)	X振动(INT)	Y振动(INT)	Z振动(INT)
1	0.0000	7	23	33
2	0.0001	7	28	35
3	0.0002	23	24	19
4	0.0003	7	2	-2
5	0.0004	19	26	23
6	0.0005	-2	18	20
7	0.0006	6	18	28
8	0.0007	6	22	11
9	0.0008	2	2	3
10	0.0009	19	41	23
11	0.0010	5	13	23
12	0.0011	14	16	24
13	0.0012	14	14	14
14	0.0013	9	7	-6
15	0.0014	13	27	20
16	0.0015	-4	9	20
17	0.0016	5	13	27
18	0.0017	7	16	11
19	0.0018	9	5	2
20	0.0019	20	26	14
21	0.0020	3	13	18
22	0.0021	6	15	18
23	0.0022	15	23	14
24	0.0023	9	13	2
25	0.0024	16	27	18
26	0.0025	0	15	16
27	0.0026	6	20	28
28	0.0027	14	28	14
29	0.0028	11	9	6
30	0.0029	14	24	19
31	0.0030	5	19	27
32	0.0031	3	19	28
33	0.0032	14	19	14
34	0.0033	14	9	1
35	0.0034	11	10	20
36	0.0035	-2	6	23
37	0.0036	-3	14	27
38	0.0037	9	19	15
39	0.0038	13	10	2
40	0.0039	13	16	27
41	0.0040	-6	9	19
42	0.0041	2	15	22
43	0.0042	11	18	9
44	0.0043	3	2	3
45	0.0044	10	16	16
46	0.0045	-2	22	16
47	0.0046	6	22	27
48	0.0047	11	27	18
49	0.0048	9	1	6
50	0.0049	11	11	23
51	0.0050	2	22	26
52	0.0051	13	23	28
53	0.0052	14	19	19
54	0.0053	10	0	7
55	0.0054	7	15	26
56	0.0055	0	19	22
57	0.0056	5	14	28
58	0.0057	5	13	19
59	0.0058	9	0	9
60	0.0059	19	22	19
61	0.0060	5	16	11
62	0.0061	2	7	14
63	0.0062	0	5	11
64	0.0063	13	22	6
65	0.0064	15	27	23
66	0.0065	9	10	13
67	0.0066	10	-10	18
68	0.0067	13	9	11
69	0.0068	9	24	10
70	0.0069	14	32	32
71	0.0070	-6	3	14
72	0.0071	-2	3	19
73	0.0072	7	10	15
74	0.0073	18	24	9
75	0.0074	20	30	27
76	0.0075	-2	2	23
77	0.0076	3	3	16
78	0.0077	2	16	10
79	0.0078	3	23	6
80	0.0079	14	26	23
81	0.0080	1	7	20
82	0.0081	2	14	20
83	0.0082	5	13	7
84	0.0083	6	15	2
85	0.0084	13	11	16
86	0.0085	0	7	14
87	0.0086	2	11	23
88	0.0087	0	9	11
89	0.0088	1	13	3
90	0.0089	14	11	22
91	0.0090	-6	5	16
92	0.0091	6	15	20
93	0.0092	5	20	13
94	0.0093	3	13	6
95	0.0094	10	11	19
96	0.0095	-7	6	6
97	0.0096	0	16	15
98	0.0097	5	5	9
99	0.0098	7	16	11
100	0.0099	14	19	22

电流增量数据 [1000Hz, 10点]
采样序号	时间(s)	A相电流(INT)	B相电流(INT)	C相电流(INT)
1	0.000	40	-2048	6
2	0.001	-13	-114	-5
3	0.002	25	335	4
4	0.003	14	5	12
5	0.004	22	-3252	9
6	0.005	11	-1314	-5
7	0.006	13	-1368	-19
8	0.007	37	-1689	1
9	0.008	-13	-1161	-3
10	0.009	51	-49	13
================================================================================

=== 采集时间: 2025-12-05 15:12:18 (增量周期: 10.0ms) ===
振动增量数据 [等效10000Hz, 100点]
时序序号	时间(s)	X振动(INT)	Y振动(INT)	Z振动(INT)
1	0.0000	-4	7	18
2	0.0001	-2	23	20
3	0.0002	11	19	14
4	0.0003	7	15	3
5	0.0004	14	19	18
6	0.0005	1	13	19
7	0.0006	7	23	22
8	0.0007	7	20	14
9	0.0008	14	3	6
10	0.0009	16	18	23
11	0.0010	0	14	24
12	0.0011	5	26	22
13	0.0012	9	22	10
14	0.0013	9	7	1
15	0.0014	22	16	20
16	0.0015	2	9	22
17	0.0016	10	24	27
18	0.0017	9	26	18
19	0.0018	9	7	-2
20	0.0019	9	9	16
21	0.0020	-7	9	19
22	0.0021	0	23	26
23	0.0022	7	27	11
24	0.0023	10	3	2
25	0.0024	15	16	19
26	0.0025	2	9	18
27	0.0026	0	19	18
28	0.0027	5	13	6
29	0.0028	6	5	6
30	0.0029	11	26	31
31	0.0030	0	15	20
32	0.0031	1	15	20
33	0.0032	14	19	10
34	0.0033	11	13	6
35	0.0034	16	19	27
36	0.0035	1	7	28
37	0.0036	5	14	16
38	0.0037	10	15	6
39	0.0038	11	16	10
40	0.0039	11	18	23
41	0.0040	1	16	24
42	0.0041	13	26	24
43	0.0042	9	13	10
44	0.0043	11	3	-6
45	0.0044	16	26	19
46	0.0045	-3	5	19
47	0.0046	7	18	22
48	0.0047	0	13	6
49	0.0048	5	7	5
50	0.0049	9	19	20
51	0.0050	6	9	23
52	0.0051	11	22	15
53	0.0052	11	10	7
54	0.0053	10	13	2
55	0.0054	15	27	33
56	0.0055	1	7	23
57	0.0056	9	23	27
58	0.0057	6	19	18
59	0.0058	14	14	3
60	0.0059	23	30	23
61	0.0060	10	9	20
62	0.0061	7	18	18
63	0.0062	15	22	9
64	0.0063	7	9	6
65	0.0064	18	30	30
66	0.0065	7	15	24
67	0.0066	9	20	24
68	0.0067	15	22	20
69	0.0068	3	14	11
70	0.0069	18	31	31
71	0.0070	7	20	28
72	0.0071	11	16	23
73	0.0072	16	20	16
74	0.0073	13	14	13
75	0.0074	18	26	26
76	0.0075	2	14	20
77	0.0076	2	10	24
78	0.0077	11	23	13
79	0.0078	10	15	7
80	0.0079	16	30	31
81	0.0080	10	16	19
82	0.0081	11	16	16
83	0.0082	18	19	11
84	0.0083	10	13	3
85	0.0084	19	32	27
86	0.0085	3	18	20
87	0.0086	13	23	22
88	0.0087	14	26	11
89	0.0088	9	10	6
90	0.0089	13	23	19
91	0.0090	11	15	24
92	0.0091	15	24	27
93	0.0092	19	24	19
94	0.0093	1	13	7
95	0.0094	11	23	24
96	0.0095	-3	6	16
97	0.0096	6	15	28
98	0.0097	10	11	10
99	0.0098	2	9	3
100	0.0099	19	24	20

电流增量数据 [1000Hz, 10点]
采样序号	时间(s)	A相电流(INT)	B相电流(INT)	C相电流(INT)
1	0.000	-6	-1304	10
2	0.001	10	733	12
3	0.002	22	952	-7
4	0.003	51	-125	14
5	0.004	4	1303	-3
6	0.005	9	-1055	-5
7	0.006	12	-652	2
8	0.007	7	-2267	0
9	0.008	11	-116	-4
10	0.009	6	234	-10
================================================================================

=== 采集时间: 2025-12-05 15:12:19 (增量周期: 10.0ms) ===
振动增量数据 [等效10000Hz, 100点]
时序序号	时间(s)	X振动(INT)	Y振动(INT)	Z振动(INT)
1	0.0000	2	13	20
2	0.0001	9	13	23
3	0.0002	19	28	23
4	0.0003	9	14	6
5	0.0004	15	20	28
6	0.0005	0	6	16
7	0.0006	3	11	23
8	0.0007	13	27	15
9	0.0008	7	14	2
10	0.0009	14	19	26
11	0.0010	-2	9	18
12	0.0011	5	6	14
13	0.0012	7	24	5
14	0.0013	6	11	2
15	0.0014	16	18	27
16	0.0015	-2	5	23
17	0.0016	1	14	15
18	0.0017	7	27	7
19	0.0018	2	13	7
20	0.0019	20	19	27
21	0.0020	3	0	19
22	0.0021	5	15	26
23	0.0022	9	32	20
24	0.0023	13	19	2
25	0.0024	18	22	23
26	0.0025	-4	0	14
27	0.0026	6	13	18
28	0.0027	15	30	20
29	0.0028	16	26	14
30	0.0029	19	24	30
31	0.0030	-7	0	16
32	0.0031	7	18	15
33	0.0032	14	31	18
34	0.0033	19	20	13
35	0.0034	19	22	27
36	0.0035	-4	10	20
37	0.0036	10	19	18
38	0.0037	9	28	15
39	0.0038	15	22	6
40	0.0039	9	10	22
41	0.0040	-3	5	18
42	0.0041	5	18	16
43	0.0042	13	19	13
44	0.0043	11	16	1
45	0.0044	9	6	20
46	0.0045	0	15	22
47	0.0046	5	19	18
48	0.0047	7	18	10
49	0.0048	6	9	2
50	0.0049	5	2	24
51	0.0050	2	10	20
52	0.0051	3	22	10
53	0.0052	14	28	7
54	0.0053	2	7	2
55	0.0054	10	18	26
56	0.0055	0	7	19
57	0.0056	10	19	23
58	0.0057	7	19	10
59	0.0058	5	6	0
60	0.0059	10	22	23
61	0.0060	3	9	22
62	0.0061	6	10	20
63	0.0062	10	22	16
64	0.0063	1	14	6
65	0.0064	9	18	27
66	0.0065	5	6	18
67	0.0066	-6	6	14
68	0.0067	10	11	7
69	0.0068	2	11	3
70	0.0069	9	16	22
71	0.0070	0	2	11
72	0.0071	-3	13	23
73	0.0072	11	24	13
74	0.0073	1	13	-4
75	0.0074	14	13	20
76	0.0075	-10	-2	18
77	0.0076	2	18	20
78	0.0077	10	23	6
79	0.0078	7	7	-3
80	0.0079	11	10	19
81	0.0080	-7	3	16
82	0.0081	-4	13	20
83	0.0082	10	14	2
84	0.0083	5	-2	-4
85	0.0084	11	10	18
86	0.0085	-7	6	18
87	0.0086	1	16	19
88	0.0087	3	14	7
89	0.0088	-3	-6	-8
90	0.0089	3	15	15
91	0.0090	5	11	13
92	0.0091	13	23	23
93	0.0092	15	19	16
94	0.0093	7	-3	-6
95	0.0094	2	19	16
96	0.0095	-11	9	15
97	0.0096	-4	22	22
98	0.0097	15	30	20
99	0.0098	10	2	7
100	0.0099	20	10	22

电流增量数据 [1000Hz, 10点]
采样序号	时间(s)	A相电流(INT)	B相电流(INT)	C相电流(INT)
1	0.000	18	231	-11
2	0.001	5	-60	-2
3	0.002	25	-1135	-7
4	0.003	21	-3112	0
5	0.004	23	-950	-4
6	0.005	-5	-3377	-3
7	0.006	-22	-303	-12
8	0.007	-19	-355	-13
9	0.008	-3	318	-6
10	0.009	27	-1289	-13
================================================================================

=== 采集时间: 2025-12-05 15:12:19 (增量周期: 10.0ms) ===
振动增量数据 [等效10000Hz, 100点]
时序序号	时间(s)	X振动(INT)	Y振动(INT)	Z振动(INT)
1	0.0000	-6	11	22
2	0.0001	1	13	18
3	0.0002	11	19	10
4	0.0003	3	-2	6
5	0.0004	15	22	33
6	0.0005	-4	5	15
7	0.0006	6	19	10
8	0.0007	13	16	7
9	0.0008	9	10	2
10	0.0009	10	18	24
11	0.0010	2	11	22
12	0.0011	1	20	22
13	0.0012	23	30	13
14	0.0013	9	10	5
15	0.0014	15	14	30
16	0.0015	1	11	24
17	0.0016	7	28	22
18	0.0017	18	28	16
19	0.0018	6	2	7
20	0.0019	13	13	22
21	0.0020	5	19	28
22	0.0021	14	27	24
23	0.0022	24	23	9
24	0.0023	2	-4	2
25	0.0024	10	7	22
26	0.0025	1	23	22
27	0.0026	16	40	27
28	0.0027	16	30	18
29	0.0028	-3	-8	-3
30	0.0029	9	9	15
31	0.0030	5	22	18
32	0.0031	11	33	20
33	0.0032	16	20	15
34	0.0033	0	-4	3
35	0.0034	10	18	24
36	0.0035	-2	14	23
37	0.0036	5	26	14
38	0.0037	13	16	6
39	0.0038	6	-2	1
40	0.0039	20	20	31
41	0.0040	10	24	28
42	0.0041	7	20	20
43	0.0042	9	19	10
44	0.0043	-6	6	1
45	0.0044	14	24	28
46	0.0045	3	18	27
47	0.0046	9	15	24
48	0.0047	14	15	10
49	0.0048	3	7	-2
50	0.0049	9	23	19
51	0.0050	-4	15	23
52	0.0051	2	15	24
53	0.0052	7	19	9
54	0.0053	-2	-6	-10
55	0.0054	13	22	27
56	0.0055	3	9	26
57	0.0056	7	15	16
58	0.0057	15	15	6
59	0.0058	0	0	-6
60	0.0059	3	16	20
61	0.0060	-3	9	19
62	0.0061	3	13	14
63	0.0062	18	19	10
64	0.0063	3	3	-2
65	0.0064	5	9	9
66	0.0065	-10	3	13
67	0.0066	-4	15	14
68	0.0067	15	24	7
69	0.0068	2	2	5
70	0.0069	3	5	15
71	0.0070	-4	3	10
72	0.0071	-2	22	11
73	0.0072	18	26	10
74	0.0073	1	-4	-4
75	0.0074	6	1	24
76	0.0075	-10	10	23
77	0.0076	6	30	23
78	0.0077	20	28	13
79	0.0078	6	-11	0
80	0.0079	6	9	27
81	0.0080	-4	14	27
82	0.0081	10	27	23
83	0.0082	19	22	14
84	0.0083	0	-8	-2
85	0.0084	9	16	27
86	0.0085	0	15	23
87	0.0086	7	19	14
88	0.0087	20	13	6
89	0.0088	2	-2	0
90	0.0089	10	27	30
91	0.0090	2	14	20
92	0.0091	2	14	13
93	0.0092	13	14	6
94	0.0093	2	3	5
95	0.0094	23	33	31
96	0.0095	5	11	23
97	0.0096	7	14	16
98	0.0097	11	10	6
99	0.0098	9	9	11
100	0.0099	19	33	30

电流增量数据 [1000Hz, 10点]
采样序号	时间(s)	A相电流(INT)	B相电流(INT)	C相电流(INT)
1	0.000	16	123	-20
2	0.001	9	-3611	-6
3	0.002	24	-411	-6
4	0.003	24	-2824	-6
5	0.004	-12	-468	0
6	0.005	12	-747	-5
7	0.006	30	234	15
8	0.007	-7	-679	-12
9	0.008	-13	-1082	4
10	0.009	13	-1055	2
================================================================================

=== 采集时间: 2025-12-05 15:12:20 (增量周期: 10.0ms) ===
振动增量数据 [等效10000Hz, 100点]
时序序号	时间(s)	X振动(INT)	Y振动(INT)	Z振动(INT)
1	0.0000	-2	10	16
2	0.0001	3	27	16
3	0.0002	20	23	22
4	0.0003	6	1	5
5	0.0004	13	6	26
6	0.0005	-2	14	15
7	0.0006	10	20	9
8	0.0007	13	26	5
9	0.0008	6	3	5
10	0.0009	11	13	24
11	0.0010	2	19	20
12	0.0011	9	27	15
13	0.0012	14	19	10
14	0.0013	11	3	2
15	0.0014	15	26	27
16	0.0015	5	22	27
17	0.0016	5	19	18
18	0.0017	13	7	7
19	0.0018	9	10	5
20	0.0019	19	23	37
21	0.0020	7	26	33
22	0.0021	2	10	14
23	0.0022	6	3	0
24	0.0023	13	11	6
25	0.0024	11	24	27
26	0.0025	11	20	26
27	0.0026	2	7	11
28	0.0027	5	10	7
29	0.0028	5	14	3
30	0.0029	7	22	26
31	0.0030	3	15	15
32	0.0031	6	6	3
33	0.0032	19	24	10
34	0.0033	13	11	11
35	0.0034	9	20	33
36	0.0035	-2	14	16
37	0.0036	-2	13	6
38	0.0037	14	26	14
39	0.0038	10	14	10
40	0.0039	10	16	39
41	0.0040	7	10	26
42	0.0041	13	15	15
43	0.0042	19	33	15
44	0.0043	5	9	7
45	0.0044	9	13	33
46	0.0045	9	18	30
47	0.0046	10	23	22
48	0.0047	23	30	20
49	0.0048	0	-2	6
50	0.0049	5	11	32
51	0.0050	6	26	26
52	0.0051	15	35	24
53	0.0052	20	27	19
54	0.0053	0	0	9
55	0.0054	7	19	32
56	0.0055	3	37	35
57	0.0056	15	28	16
58	0.0057	15	22	9
59	0.0058	0	-3	11
60	0.0059	19	22	37
61	0.0060	9	24	24
62	0.0061	7	20	24
63	0.0062	19	19	15
64	0.0063	11	6	5
65	0.0064	18	28	28
66	0.0065	2	19	27
67	0.0066	-2	11	19
68	0.0067	13	15	15
69	0.0068	5	11	7
70	0.0069	23	27	35
71	0.0070	5	14	30
72	0.0071	2	9	15
73	0.0072	11	14	6
74	0.0073	3	13	9
75	0.0074	16	18	32
76	0.0075	0	6	19
77	0.0076	-4	7	15
78	0.0077	11	27	22
79	0.0078	13	16	11
80	0.0079	22	11	26
81	0.0080	-3	-6	6
82	0.0081	0	22	13
83	0.0082	14	39	16
84	0.0083	2	13	9
85	0.0084	13	14	27
86	0.0085	-2	5	22
87	0.0086	6	27	16
88	0.0087	15	27	7
89	0.0088	5	2	7
90	0.0089	7	9	24
91	0.0090	2	11	26
92	0.0091	3	27	15
93	0.0092	16	31	13
94	0.0093	0	2	3
95	0.0094	7	13	19
96	0.0095	9	9	22
97	0.0096	18	27	18
98	0.0097	19	22	15
99	0.0098	-2	1	7
100	0.0099	6	16	23

电流增量数据 [1000Hz, 10点]
采样序号	时间(s)	A相电流(INT)	B相电流(INT)	C相电流(INT)
1	0.000	-19	2812	6
2	0.001	38	-232	-11
3	0.002	-5	513	3
4	0.003	5	-824	3
5	0.004	15	0	6
6	0.005	2	-1192	-10
7	0.006	2	-1037	-13
8	0.007	59	184	1
9	0.008	5	270	-29
10	0.009	-5	598	-21
================================================================================

=== 采集时间: 2025-12-05 15:12:20 (增量周期: 10.0ms) ===
振动增量数据 [等效10000Hz, 100点]
时序序号	时间(s)	X振动(INT)	Y振动(INT)	Z振动(INT)
1	0.0000	3	15	20
2	0.0001	5	13	11
3	0.0002	23	27	16
4	0.0003	15	14	19
5	0.0004	23	26	46
6	0.0005	5	19	28
7	0.0006	5	19	9
8	0.0007	19	19	1
9	0.0008	10	1	9
10	0.0009	7	23	45
11	0.0010	5	18	27
12	0.0011	2	27	11
13	0.0012	15	16	7
14	0.0013	1	-7	-2
15	0.0014	11	26	26
16	0.0015	9	22	27
17	0.0016	6	22	7
18	0.0017	14	10	14
19	0.0018	-3	-2	9
20	0.0019	5	27	33
21	0.0020	6	24	20
22	0.0021	5	7	1
23	0.0022	15	9	10
24	0.0023	-6	-7	9
25	0.0024	13	23	37
26	0.0025	2	18	26
27	0.0026	5	9	6
28	0.0027	9	10	6
29	0.0028	2	1	10
30	0.0029	18	23	28
31	0.0030	11	16	26
32	0.0031	9	14	15
33	0.0032	9	18	2
34	0.0033	-3	13	9
35	0.0034	9	26	27
36	0.0035	2	19	30
37	0.0036	7	15	15
38	0.0037	14	16	11
39	0.0038	1	9	10
40	0.0039	9	24	32
41	0.0040	1	14	24
42	0.0041	2	15	13
43	0.0042	13	11	7
44	0.0043	-2	1	2
45	0.0044	6	14	33
46	0.0045	-3	7	20
47	0.0046	3	19	7
48	0.0047	19	13	11
49	0.0048	2	6	7
50	0.0049	6	11	32
51	0.0050	3	16	23
52	0.0051	11	19	14
53	0.0052	26	26	16
54	0.0053	2	7	5
55	0.0054	5	11	27
56	0.0055	-4	14	18
57	0.0056	10	26	13
58	0.0057	16	26	15
59	0.0058	1	1	6
60	0.0059	6	11	24
61	0.0060	7	23	24
62	0.0061	3	9	14
63	0.0062	9	2	7
64	0.0063	6	9	10
65	0.0064	7	31	28
66	0.0065	5	19	22
67	0.0066	2	6	5
68	0.0067	16	15	11
69	0.0068	15	19	13
70	0.0069	20	31	33
71	0.0070	5	15	11
72	0.0071	-6	3	3
73	0.0072	10	19	9
74	0.0073	11	18	19
75	0.0074	20	33	39
76	0.0075	1	14	23
77	0.0076	-3	9	9
78	0.0077	7	22	10
79	0.0078	3	10	3
80	0.0079	13	16	33
81	0.0080	-3	7	27
82	0.0081	0	15	14
83	0.0082	10	26	2
84	0.0083	-3	-7	-4
85	0.0084	11	11	23
86	0.0085	-2	10	19
87	0.0086	3	19	7
88	0.0087	18	16	5
89	0.0088	0	1	1
90	0.0089	5	14	24
91	0.0090	-7	11	14
92	0.0091	2	11	9
93	0.0092	11	14	6
94	0.0093	6	0	1
95	0.0094	9	13	28
96	0.0095	-2	13	19
97	0.0096	2	18	7
98	0.0097	9	16	1
99	0.0098	2	0	7
100	0.0099	9	7	20

电流增量数据 [1000Hz, 10点]
采样序号	时间(s)	A相电流(INT)	B相电流(INT)	C相电流(INT)
1	0.000	-10	-1775	-7
2	0.001	19	155	-20
3	0.002	5	469	-12
4	0.003	18	573	2
5	0.004	1	-3842	-6
6	0.005	1	-866	5
7	0.006	-13	-1470	-17
8	0.007	-16	-1176	10
9	0.008	13	-1183	-4
10	0.009	5	307	9
================================================================================

=== 采集时间: 2025-12-05 15:12:20 (增量周期: 10.0ms) ===
振动增量数据 [等效10000Hz, 100点]
时序序号	时间(s)	X振动(INT)	Y振动(INT)	Z振动(INT)
1	0.0000	-7	5	22
2	0.0001	9	27	10
3	0.0002	19	27	7
4	0.0003	7	5	0
5	0.0004	9	-4	18
6	0.0005	3	13	18
7	0.0006	7	30	15
8	0.0007	14	27	11
9	0.0008	6	9	-3
10	0.0009	5	1	23
11	0.0010	6	16	27
12	0.0011	18	40	19
13	0.0012	11	26	19
14	0.0013	3	6	9
15	0.0014	9	9	31
16	0.0015	7	19	31
17	0.0016	23	39	26
18	0.0017	23	24	20
19	0.0018	3	-2	10
20	0.0019	10	11	26
21	0.0020	0	22	26
22	0.0021	15	30	16
23	0.0022	15	18	23
24	0.0023	1	-7	11
25	0.0024	6	18	26
26	0.0025	6	23	20
27	0.0026	11	30	16
28	0.0027	18	11	16
29	0.0028	10	10	15
30	0.0029	9	18	32
31	0.0030	2	18	24
32	0.0031	2	23	10
33	0.0032	11	23	14
34	0.0033	6	6	15
35	0.0034	7	16	32
36	0.0035	1	15	24
37	0.0036	6	19	7
38	0.0037	20	23	22
39	0.0038	5	11	14
40	0.0039	9	16	31
41	0.0040	1	9	22
42	0.0041	6	11	16
43	0.0042	24	23	16
44	0.0043	5	11	7
45	0.0044	3	10	26
46	0.0045	-2	10	16
47	0.0046	5	16	14
48	0.0047	26	30	22
49	0.0048	10	7	11
50	0.0049	13	27	32
51	0.0050	-7	5	20
52	0.0051	7	22	10
53	0.0052	24	35	16
54	0.0053	2	10	16
55	0.0054	6	16	36
56	0.0055	0	9	16
57	0.0056	7	23	10
58	0.0057	20	26	14
59	0.0058	2	2	13
60	0.0059	14	23	31
61	0.0060	-2	1	18
62	0.0061	5	18	2
63	0.0062	13	18	7
64	0.0063	3	14	15
65	0.0064	7	16	30
66	0.0065	-2	13	16
67	0.0066	7	16	7
68	0.0067	18	23	10
69	0.0068	3	13	9
70	0.0069	11	23	31
71	0.0070	-7	9	19
72	0.0071	5	15	10
73	0.0072	9	20	13
74	0.0073	0	2	2
75	0.0074	3	9	28
76	0.0075	-7	5	22
77	0.0076	5	18	7
78	0.0077	19	20	14
79	0.0078	3	2	10
80	0.0079	2	13	27
81	0.0080	1	16	24
82	0.0081	3	20	18
83	0.0082	18	23	18
84	0.0083	5	13	10
85	0.0084	11	19	28
86	0.0085	10	18	26
87	0.0086	9	26	16
88	0.0087	18	16	14
89	0.0088	2	9	10
90	0.0089	7	20	30
91	0.0090	-2	28	28
92	0.0091	7	23	11
93	0.0092	15	5	6
94	0.0093	7	2	10
95	0.0094	19	26	36
96	0.0095	7	23	30
97	0.0096	-3	13	6
98	0.0097	11	5	1
99	0.0098	5	1	2
100	0.0099	18	35	32

电流增量数据 [1000Hz, 10点]
采样序号	时间(s)	A相电流(INT)	B相电流(INT)	C相电流(INT)
1	0.000	-5	1353	-6
2	0.001	-11	-421	-14
3	0.002	-2	-967	9
4	0.003	37	-2085	-25
5	0.004	9	198	-3
6	0.005	18	770	1
7	0.006	-30	-44	-10
8	0.007	12	-2719	-24
9	0.008	13	-1286	1
10	0.009	0	-1019	-17
================================================================================

=== 采集时间: 2025-12-05 15:12:21 (增量周期: 10.0ms) ===
振动增量数据 [等效10000Hz, 100点]
时序序号	时间(s)	X振动(INT)	Y振动(INT)	Z振动(INT)
1	0.0000	7	14	24
2	0.0001	9	16	10
3	0.0002	18	33	16
4	0.0003	9	3	13
5	0.0004	18	15	28
6	0.0005	14	16	22
7	0.0006	15	19	7
8	0.0007	11	20	16
9	0.0008	6	14	22
10	0.0009	0	10	20
11	0.0010	10	10	16
12	0.0011	5	16	10
13	0.0012	14	30	19
14	0.0013	9	13	19
15	0.0014	6	3	27
16	0.0015	7	11	16
17	0.0016	3	18	13
18	0.0017	16	31	16
19	0.0018	0	3	6
20	0.0019	7	-2	23
21	0.0020	1	7	16
22	0.0021	11	19	15
23	0.0022	16	41	23
24	0.0023	-2	6	10
25	0.0024	7	-2	23
26	0.0025	10	6	13
27	0.0026	6	11	13
28	0.0027	14	33	27
29	0.0028	10	13	19
30	0.0029	9	18	28
31	0.0030	15	13	20
32	0.0031	6	13	7
33	0.0032	15	30	23
34	0.0033	3	7	16
35	0.0034	15	18	32
36	0.0035	15	18	26
37	0.0036	14	19	16
38	0.0037	20	33	20
39	0.0038	2	10	20
40	0.0039	6	16	27
41	0.0040	7	20	24
42	0.0041	10	19	22
43	0.0042	23	28	26
44	0.0043	13	11	13
45	0.0044	11	10	27
46	0.0045	3	13	18
47	0.0046	1	16	11
48	0.0047	20	28	22
49	0.0048	2	9	16
50	0.0049	3	11	37
51	0.0050	3	14	14
52	0.0051	10	10	6
53	0.0052	20	31	11
54	0.0053	2	-2	7
55	0.0054	10	15	26
56	0.0055	1	22	23
57	0.0056	2	20	16
58	0.0057	20	31	19
59	0.0058	3	9	9
60	0.0059	6	10	26
61	0.0060	2	14	15
62	0.0061	1	3	1
63	0.0062	14	19	13
64	0.0063	10	14	18
65	0.0064	13	20	33
66	0.0065	5	14	23
67	0.0066	0	13	7
68	0.0067	9	22	13
69	0.0068	0	13	10
70	0.0069	9	19	32
71	0.0070	2	15	13
72	0.0071	7	11	1
73	0.0072	13	13	11
74	0.0073	7	22	22
75	0.0074	10	26	28
76	0.0075	2	16	9
77	0.0076	3	3	-3
78	0.0077	14	9	15
79	0.0078	11	16	22
80	0.0079	20	26	41
81	0.0080	5	9	13
82	0.0081	6	3	-10
83	0.0082	10	13	10
84	0.0083	6	19	18
85	0.0084	18	30	39
86	0.0085	3	19	20
87	0.0086	7	11	1
88	0.0087	10	14	11
89	0.0088	3	19	11
90	0.0089	13	22	32
91	0.0090	3	13	20
92	0.0091	9	16	10
93	0.0092	7	19	18
94	0.0093	0	15	14
95	0.0094	11	23	26
96	0.0095	2	16	16
97	0.0096	7	18	7
98	0.0097	11	14	11
99	0.0098	0	3	11
100	0.0099	5	16	33

电流增量数据 [1000Hz, 10点]
采样序号	时间(s)	A相电流(INT)	B相电流(INT)	C相电流(INT)
1	0.000	12	217	-5
2	0.001	32	1571	-15
3	0.002	-12	-914	-5
4	0.003	-4	-670	-5
5	0.004	-11	-2157	-6
6	0.005	-12	342	-21
7	0.006	13	589	-17
8	0.007	-26	213	-29
9	0.008	-15	-1695	-26
10	0.009	-23	-1773	-15
================================================================================

=== 采集时间: 2025-12-05 15:12:21 (增量周期: 10.0ms) ===
振动增量数据 [等效10000Hz, 100点]
时序序号	时间(s)	X振动(INT)	Y振动(INT)	Z振动(INT)
1	0.0000	10	16	14
2	0.0001	5	3	0
3	0.0002	7	11	10
4	0.0003	-4	5	6
5	0.0004	3	20	23
6	0.0005	-4	9	18
7	0.0006	5	-2	2
8	0.0007	13	11	5
9	0.0008	-2	3	5
10	0.0009	1	16	23
11	0.0010	1	9	7
12	0.0011	2	5	-8
13	0.0012	9	10	7
14	0.0013	-4	7	13
15	0.0014	6	22	33
16	0.0015	5	26	24
17	0.0016	11	14	1
18	0.0017	6	13	11
19	0.0018	-4	6	7
20	0.0019	2	23	37
21	0.0020	6	23	27
22	0.0021	14	16	7
23	0.0022	15	19	11
24	0.0023	0	-7	9
25	0.0024	5	18	26
26	0.0025	16	27	19
27	0.0026	14	13	7
28	0.0027	18	7	16
29	0.0028	-7	6	15
30	0.0029	6	23	27
31	0.0030	9	26	16
32	0.0031	7	15	5
33	0.0032	7	7	11
34	0.0033	-7	15	22
35	0.0034	9	31	40
36	0.0035	13	26	20
37	0.0036	11	11	2
38	0.0037	14	18	20
39	0.0038	2	16	16
40	0.0039	5	24	28
41	0.0040	3	7	19
42	0.0041	3	3	2
43	0.0042	16	31	22
44	0.0043	-4	22	19
45	0.0044	7	16	24
46	0.0045	6	-2	3
47	0.0046	3	-3	2
48	0.0047	11	26	24
49	0.0048	7	14	22
50	0.0049	9	18	27
51	0.0050	5	-2	7
52	0.0051	-2	6	0
53	0.0052	14	27	16
54	0.0053	0	7	11
55	0.0054	7	11	26
56	0.0055	2	10	18
57	0.0056	9	20	7
58	0.0057	24	39	19
59	0.0058	1	9	18
60	0.0059	2	9	27
61	0.0060	6	13	14
62	0.0061	2	0	0
63	0.0062	14	14	15
64	0.0063	2	19	19
65	0.0064	2	27	32
66	0.0065	2	19	26
67	0.0066	7	10	11
68	0.0067	18	18	16
69	0.0068	5	20	20
70	0.0069	0	19	32
71	0.0070	0	16	16
72	0.0071	5	10	11
73	0.0072	19	23	16
74	0.0073	9	13	20
75	0.0074	7	13	26
76	0.0075	7	14	10
77	0.0076	2	13	1
78	0.0077	15	16	10
79	0.0078	-2	5	15
80	0.0079	2	13	26
81	0.0080	2	22	13
82	0.0081	6	13	-2
83	0.0082	11	6	11
84	0.0083	0	6	10
85	0.0084	5	22	33
86	0.0085	11	24	20
87	0.0086	19	19	9
88	0.0087	15	22	20
89	0.0088	0	7	19
90	0.0089	6	28	33
91	0.0090	10	24	22
92	0.0091	6	11	11
93	0.0092	27	16	24
94	0.0093	7	16	27
95	0.0094	15	39	40
96	0.0095	14	24	20
97	0.0096	11	10	6
98	0.0097	23	13	20
99	0.0098	13	19	32
100	0.0099	20	35	45

电流增量数据 [1000Hz, 10点]
采样序号	时间(s)	A相电流(INT)	B相电流(INT)	C相电流(INT)
1	0.000	22	605	-10
2	0.001	-26	-1183	-19
3	0.002	43	-939	-13
4	0.003	-25	-912	-21
5	0.004	-28	147	-15
6	0.005	-31	2113	-24
7	0.006	-16	336	-23
8	0.007	19	2240	-2
9	0.008	23	-696	-12
10	0.009	-13	-201	5
================================================================================

=== 采集时间: 2025-12-05 15:12:22 (增量周期: 10.0ms) ===
振动增量数据 [等效10000Hz, 100点]
时序序号	时间(s)	X振动(INT)	Y振动(INT)	Z振动(INT)
1	0.0000	9	23	13
2	0.0001	6	9	0
3	0.0002	11	16	11
4	0.0003	-3	2	18
5	0.0004	5	27	28
6	0.0005	10	24	14
7	0.0006	2	3	2
8	0.0007	5	2	11
9	0.0008	-2	-3	15
10	0.0009	5	30	32
11	0.0010	15	30	20
12	0.0011	9	10	0
13	0.0012	10	6	15
14	0.0013	2	9	15
15	0.0014	3	33	35
16	0.0015	5	24	19
17	0.0016	3	-3	-7
18	0.0017	10	3	9
19	0.0018	11	19	19
20	0.0019	13	30	33
21	0.0020	9	19	10
22	0.0021	-3	-8	-10
23	0.0022	7	19	11
24	0.0023	5	28	26
25	0.0024	9	24	37
26	0.0025	10	18	18
27	0.0026	6	0	3
28	0.0027	11	16	10
29	0.0028	11	18	16
30	0.0029	-2	14	32
31	0.0030	11	13	20
32	0.0031	10	2	0
33	0.0032	19	22	15
34	0.0033	1	3	15
35	0.0034	5	13	27
36	0.0035	6	18	15
37	0.0036	3	7	-2
38	0.0037	15	14	19
39	0.0038	-4	2	15
40	0.0039	7	24	28
41	0.0040	11	30	19
42	0.0041	10	10	2
43	0.0042	15	15	3
44	0.0043	-8	1	5
45	0.0044	-3	15	26
46	0.0045	2	27	26
47	0.0046	2	13	7
48	0.0047	11	14	10
49	0.0048	-10	0	14
50	0.0049	5	18	26
51	0.0050	11	19	13
52	0.0051	15	7	10
53	0.0052	13	3	20
54	0.0053	-4	0	14
55	0.0054	9	24	27
56	0.0055	10	18	22
57	0.0056	15	11	9
58	0.0057	15	13	20
59	0.0058	2	13	19
60	0.0059	10	30	28
61	0.0060	3	27	24
62	0.0061	19	27	2
63	0.0062	16	9	5
64	0.0063	-6	-15	5
65	0.0064	5	14	26
66	0.0065	0	16	19
67	0.0066	19	28	14
68	0.0067	19	9	16
69	0.0068	-6	2	11
70	0.0069	6	26	23
71	0.0070	-2	19	20
72	0.0071	13	28	7
73	0.0072	15	6	13
74	0.0073	-2	5	19
75	0.0074	16	31	33
76	0.0075	5	26	16
77	0.0076	13	22	5
78	0.0077	13	7	11
79	0.0078	-2	13	23
80	0.0079	22	40	41
81	0.0080	6	19	30
82	0.0081	9	11	1
83	0.0082	13	0	13
84	0.0083	0	14	16
85	0.0084	18	30	41
86	0.0085	2	16	19
87	0.0086	0	7	6
88	0.0087	11	1	16
89	0.0088	0	14	20
90	0.0089	16	33	36
91	0.0090	11	19	18
92	0.0091	15	11	6
93	0.0092	15	19	20
94	0.0093	11	24	27
95	0.0094	9	31	35
96	0.0095	5	16	24
97	0.0096	9	22	7
98	0.0097	16	23	22
99	0.0098	14	19	26
100	0.0099	15	23	37

电流增量数据 [1000Hz, 10点]
采样序号	时间(s)	A相电流(INT)	B相电流(INT)	C相电流(INT)
1	0.000	51	-737	-21
2	0.001	24	-1018	-17
3	0.002	-12	-1053	-11
4	0.003	29	-940	-10
5	0.004	-4	2297	1
6	0.005	32	149	0
7	0.006	-33	2357	2
8	0.007	-24	-693	-41
9	0.008	30	-111	-28
10	0.009	19	-1858	4
================================================================================

=== 采集时间: 2025-12-05 15:12:22 (增量周期: 10.0ms) ===
振动增量数据 [等效10000Hz, 100点]
时序序号	时间(s)	X振动(INT)	Y振动(INT)	Z振动(INT)
1	0.0000	2	2	6
2	0.0001	2	15	5
3	0.0002	19	31	18
4	0.0003	6	3	16
5	0.0004	0	-3	16
6	0.0005	7	9	10
7	0.0006	0	19	2
8	0.0007	11	27	19
9	0.0008	-4	-4	3
10	0.0009	-6	-4	13
11	0.0010	11	18	13
12	0.0011	7	24	5
13	0.0012	13	26	16
14	0.0013	-15	-4	10
15	0.0014	-3	10	15
16	0.0015	13	35	18
17	0.0016	10	15	13
18	0.0017	22	24	24
19	0.0018	0	-3	11
20	0.0019	0	10	20
21	0.0020	3	20	10
22	0.0021	3	11	6
23	0.0022	10	14	11
24	0.0023	-4	1	20
25	0.0024	3	18	22
26	0.0025	15	20	6
27	0.0026	6	10	0
28	0.0027	10	15	11
29	0.0028	-6	2	3
30	0.0029	-3	18	20
31	0.0030	-3	19	11
32	0.0031	0	3	-3
33	0.0032	11	26	16
34	0.0033	-4	5	14
35	0.0034	7	23	20
36	0.0035	7	22	9
37	0.0036	0	7	1
38	0.0037	13	20	19
39	0.0038	-3	3	15
40	0.0039	2	18	22
41	0.0040	5	20	16
42	0.0041	2	9	5
43	0.0042	14	19	13
44	0.0043	2	9	11
45	0.0044	0	7	23
46	0.0045	2	10	19
47	0.0046	1	9	0
48	0.0047	13	19	18
49	0.0048	-2	1	14
50	0.0049	5	10	27
51	0.0050	2	16	11
52	0.0051	0	10	-4
53	0.0052	15	24	20
54	0.0053	-2	13	23
55	0.0054	10	16	32
56	0.0055	7	19	10
57	0.0056	7	19	2
58	0.0057	9	20	16
59	0.0058	7	9	19
60	0.0059	0	15	27
61	0.0060	6	5	13
62	0.0061	-2	2	2
63	0.0062	18	44	27
64	0.0063	5	16	23
65	0.0064	0	1	22
66	0.0065	11	16	11
67	0.0066	5	18	7
68	0.0067	15	43	28
69	0.0068	2	9	18
70	0.0069	-3	10	20
71	0.0070	10	26	11
72	0.0071	7	16	5
73	0.0072	19	28	26
74	0.0073	-4	-3	10
75	0.0074	-4	-3	18
76	0.0075	9	24	15
77	0.0076	6	16	6
78	0.0077	7	13	19
79	0.0078	-10	-15	13
80	0.0079	-8	5	22
81	0.0080	2	24	18
82	0.0081	5	9	9
83	0.0082	14	20	22
84	0.0083	2	6	15
85	0.0084	7	19	33
86	0.0085	5	30	23
87	0.0086	2	18	7
88	0.0087	2	24	20
89	0.0088	-4	9	20
90	0.0089	9	31	31
91	0.0090	15	32	20
92	0.0091	14	3	3
93	0.0092	15	15	13
94	0.0093	5	11	16
95	0.0094	2	19	27
96	0.0095	7	16	19
97	0.0096	3	-2	-2
98	0.0097	15	13	20
99	0.0098	3	6	13
100	0.0099	10	16	26

电流增量数据 [1000Hz, 10点]
采样序号	时间(s)	A相电流(INT)	B相电流(INT)	C相电流(INT)
1	0.000	-24	86	2
2	0.001	16	-559	-23
3	0.002	56	482	-16
4	0.003	-17	-149	-13
5	0.004	3	-742	-28
6	0.005	-30	-780	-25
7	0.006	15	-1282	-8
8	0.007	-13	2374	-3
9	0.008	-13	-362	-20
10	0.009	-19	1528	5
================================================================================

=== 采集时间: 2025-12-05 15:12:23 (增量周期: 10.0ms) ===
振动增量数据 [等效10000Hz, 100点]
时序序号	时间(s)	X振动(INT)	Y振动(INT)	Z振动(INT)
1	0.0000	2	7	11
2	0.0001	13	24	7
3	0.0002	14	22	27
4	0.0003	2	10	26
5	0.0004	-4	14	26
6	0.0005	1	6	10
7	0.0006	7	13	-2
8	0.0007	13	16	22
9	0.0008	3	9	19
10	0.0009	6	18	22
11	0.0010	3	11	7
12	0.0011	6	9	0
13	0.0012	7	16	14
14	0.0013	-2	14	22
15	0.0014	2	24	24
16	0.0015	9	15	9
17	0.0016	14	16	2
18	0.0017	15	16	20
19	0.0018	1	10	16
20	0.0019	3	19	26
21	0.0020	6	19	10
22	0.0021	5	16	2
23	0.0022	11	14	24
24	0.0023	6	7	19
25	0.0024	15	22	19
26	0.0025	15	19	11
27	0.0026	3	9	-3
28	0.0027	11	9	16
29	0.0028	1	9	14
30	0.0029	9	24	28
31	0.0030	9	22	10
32	0.0031	1	6	-7
33	0.0032	5	5	13
34	0.0033	-6	2	18
35	0.0034	9	33	26
36	0.0035	10	35	20
37	0.0036	5	9	1
38	0.0037	13	15	14
39	0.0038	2	11	15
40	0.0039	11	24	22
41	0.0040	7	16	7
42	0.0041	-4	6	3
43	0.0042	3	20	20
44	0.0043	2	9	11
45	0.0044	6	16	20
46	0.0045	-3	2	6
47	0.0046	2	9	5
48	0.0047	11	16	14
49	0.0048	1	3	13
50	0.0049	1	3	10
51	0.0050	18	35	11
52	0.0051	-3	-3	-7
53	0.0052	7	13	11
54	0.0053	-6	0	13
55	0.0054	-2	16	26
56	0.0055	11	19	13
57	0.0056	-12	-19	-8
58	0.0057	14	23	15
59	0.0058	-6	9	19
60	0.0059	13	11	32
61	0.0060	6	11	14
62	0.0061	-6	-14	1
63	0.0062	10	24	19
64	0.0063	-11	7	16
65	0.0064	9	16	27
66	0.0065	7	11	15
67	0.0066	3	1	2
68	0.0067	13	33	30
69	0.0068	-7	9	20
70	0.0069	3	22	23
71	0.0070	2	20	18
72	0.0071	1	9	3
73	0.0072	23	27	22
74	0.0073	0	14	23
75	0.0074	6	11	28
76	0.0075	9	23	16
77	0.0076	11	13	2
78	0.0077	13	24	18
79	0.0078	-3	5	23
80	0.0079	-2	13	30
81	0.0080	6	20	15
82	0.0081	10	13	3
83	0.0082	13	15	18
84	0.0083	-2	2	18
85	0.0084	-3	13	26
86	0.0085	7	24	16
87	0.0086	7	20	6
88	0.0087	15	24	27
89	0.0088	-6	3	18
90	0.0089	1	14	23
91	0.0090	14	28	15
92	0.0091	10	11	2
93	0.0092	20	23	24
94	0.0093	-8	13	20
95	0.0094	0	26	22
96	0.0095	7	28	7
97	0.0096	11	5	0
98	0.0097	16	9	22
99	0.0098	1	9	26
100	0.0099	5	20	28

电流增量数据 [1000Hz, 10点]
采样序号	时间(s)	A相电流(INT)	B相电流(INT)	C相电流(INT)
1	0.000	-11	-374	-23
2	0.001	-23	-1240	-19
3	0.002	-23	-330	-12
4	0.003	5	-901	10
5	0.004	6	83	-22
6	0.005	5	400	-24
7	0.006	15	-585	-6
8	0.007	12	-707	0
9	0.008	-8	-1260	-15
10	0.009	7	2953	-6
================================================================================

=== 采集时间: 2025-12-05 15:12:23 (增量周期: 10.0ms) ===
振动增量数据 [等效10000Hz, 100点]
时序序号	时间(s)	X振动(INT)	Y振动(INT)	Z振动(INT)
1	0.0000	10	27	18
2	0.0001	9	6	-2
3	0.0002	10	22	16
4	0.0003	2	15	22
5	0.0004	-2	24	23
6	0.0005	11	20	11
7	0.0006	10	13	5
8	0.0007	15	20	26
9	0.0008	6	16	22
10	0.0009	5	18	20
11	0.0010	5	18	14
12	0.0011	5	9	6
13	0.0012	14	20	31
14	0.0013	5	14	27
15	0.0014	7	14	28
16	0.0015	15	26	18
17	0.0016	11	13	3
18	0.0017	15	15	20
19	0.0018	1	6	15
20	0.0019	10	27	27
21	0.0020	20	36	30
22	0.0021	16	18	2
23	0.0022	16	15	20
24	0.0023	1	15	19
25	0.0024	13	28	32
26	0.0025	18	36	23
27	0.0026	14	27	18
28	0.0027	10	6	22
29	0.0028	-2	13	23
30	0.0029	14	31	30
31	0.0030	26	41	22
32	0.0031	10	-2	13
33	0.0032	11	3	26
34	0.0033	5	11	15
35	0.0034	13	35	31
36	0.0035	22	32	26
37	0.0036	5	2	1
38	0.0037	10	6	27
39	0.0038	-2	9	22
40	0.0039	10	30	30
41	0.0040	19	28	13
42	0.0041	3	-3	0
43	0.0042	11	16	20
44	0.0043	0	14	22
45	0.0044	2	23	20
46	0.0045	5	20	14
47	0.0046	2	9	-3
48	0.0047	14	19	22
49	0.0048	13	13	24
50	0.0049	7	15	24
51	0.0050	15	19	14
52	0.0051	-4	6	-3
53	0.0052	15	19	19
54	0.0053	-6	6	19
55	0.0054	-4	2	23
56	0.0055	18	19	18
57	0.0056	11	11	3
58	0.0057	16	13	20
59	0.0058	0	0	11
60	0.0059	1	5	20
61	0.0060	10	19	5
62	0.0061	7	13	7
63	0.0062	7	20	19
64	0.0063	5	18	32
65	0.0064	7	13	24
66	0.0065	15	11	14
67	0.0066	13	6	2
68	0.0067	11	16	24
69	0.0068	1	7	18
70	0.0069	1	9	18
71	0.0070	3	9	3
72	0.0071	7	7	3
73	0.0072	15	23	24
74	0.0073	0	9	18
75	0.0074	0	11	20
76	0.0075	2	14	10
77	0.0076	7	22	5
78	0.0077	15	32	28
79	0.0078	-6	13	26
80	0.0079	2	19	24
81	0.0080	9	23	14
82	0.0081	13	18	7
83	0.0082	14	19	22
84	0.0083	-7	6	19
85	0.0084	-4	16	22
86	0.0085	9	22	18
87	0.0086	10	10	3
88	0.0087	10	9	23
89	0.0088	-7	-2	14
90	0.0089	0	13	20
91	0.0090	9	18	14
92	0.0091	14	6	2
93	0.0092	7	11	22
94	0.0093	-8	13	26
95	0.0094	-2	16	19
96	0.0095	13	22	9
97	0.0096	13	5	5
98	0.0097	10	19	24
99	0.0098	2	24	28
100	0.0099	2	23	20

电流增量数据 [1000Hz, 10点]
采样序号	时间(s)	A相电流(INT)	B相电流(INT)	C相电流(INT)
1	0.000	-7	732	-35
2	0.001	38	751	-12
3	0.002	-11	-469	-24
4	0.003	13	-1072	-21
5	0.004	10	575	-15
6	0.005	0	772	-37
7	0.006	-19	1138	-15
8	0.007	3	-3038	-31
9	0.008	65	-330	-17
10	0.009	-31	-1102	-8
================================================================================

=== 采集时间: 2025-12-05 15:12:23 (增量周期: 10.0ms) ===
振动增量数据 [等效10000Hz, 100点]
时序序号	时间(s)	X振动(INT)	Y振动(INT)	Z振动(INT)
1	0.0000	18	18	5
2	0.0001	11	18	5
3	0.0002	16	27	37
4	0.0003	5	24	33
5	0.0004	7	23	24
6	0.0005	14	19	14
7	0.0006	14	16	10
8	0.0007	19	33	33
9	0.0008	15	31	33
10	0.0009	9	19	20
11	0.0010	13	16	16
12	0.0011	9	22	14
13	0.0012	14	27	36
14	0.0013	7	19	28
15	0.0014	2	13	15
16	0.0015	15	11	9
17	0.0016	9	7	11
18	0.0017	15	22	37
19	0.0018	7	16	26
20	0.0019	5	2	10
21	0.0020	10	10	5
22	0.0021	-3	7	0
23	0.0022	14	22	33
24	0.0023	-2	13	22
25	0.0024	3	9	18
26	0.0025	13	16	11
27	0.0026	7	11	9
28	0.0027	13	26	31
29	0.0028	5	23	22
30	0.0029	9	19	20
31	0.0030	13	14	14
32	0.0031	6	9	10
33	0.0032	14	22	31
34	0.0033	3	26	30
35	0.0034	10	27	23
36	0.0035	9	7	11
37	0.0036	5	-11	-2
38	0.0037	13	11	24
39	0.0038	3	18	24
40	0.0039	14	31	23
41	0.0040	9	7	7
42	0.0041	3	-2	-2
43	0.0042	2	6	16
44	0.0043	-2	26	24
45	0.0044	10	32	16
46	0.0045	16	15	13
47	0.0046	10	1	5
48	0.0047	18	13	24
49	0.0048	-2	19	20
50	0.0049	6	27	16
51	0.0050	0	16	5
52	0.0051	6	13	3
53	0.0052	15	18	32
54	0.0053	5	14	27
55	0.0054	14	23	20
56	0.0055	10	11	13
57	0.0056	5	16	2
58	0.0057	15	15	24
59	0.0058	1	13	24
60	0.0059	11	27	28
61	0.0060	3	26	13
62	0.0061	2	1	5
63	0.0062	7	22	26
64	0.0063	5	28	32
65	0.0064	15	28	28
66	0.0065	11	16	11
67	0.0066	2	2	-4
68	0.0067	6	18	16
69	0.0068	0	24	32
70	0.0069	11	16	28
71	0.0070	15	13	6
72	0.0071	10	-3	-4
73	0.0072	5	9	22
74	0.0073	3	19	20
75	0.0074	10	20	23
76	0.0075	11	3	11
77	0.0076	13	3	6
78	0.0077	6	27	30
79	0.0078	2	24	32
80	0.0079	2	13	20
81	0.0080	19	14	2
82	0.0081	3	13	9
83	0.0082	15	24	36
84	0.0083	-4	19	28
85	0.0084	6	16	20
86	0.0085	15	20	7
87	0.0086	2	13	-2
88	0.0087	14	18	26
89	0.0088	-4	2	18
90	0.0089	10	16	23
91	0.0090	19	16	3
92	0.0091	2	13	-7
93	0.0092	5	13	11
94	0.0093	-11	-14	9
95	0.0094	10	14	15
96	0.0095	19	16	11
97	0.0096	3	2	2
98	0.0097	13	13	19
99	0.0098	-10	3	19
100	0.0099	9	23	24

电流增量数据 [1000Hz, 10点]
采样序号	时间(s)	A相电流(INT)	B相电流(INT)	C相电流(INT)
1	0.000	11	-411	-13
2	0.001	-7	-1484	-21
3	0.002	1	700	-10
4	0.003	36	841	-6
5	0.004	7	849	-7
6	0.005	13	-2595	-16
7	0.006	5	-274	-13
8	0.007	1	-498	-15
9	0.008	-37	-946	-11
10	0.009	-2	-203	-13
================================================================================

=== 采集时间: 2025-12-05 15:12:24 (增量周期: 10.0ms) ===
振动增量数据 [等效10000Hz, 100点]
时序序号	时间(s)	X振动(INT)	Y振动(INT)	Z振动(INT)
1	0.0000	7	22	13
2	0.0001	2	2	2
3	0.0002	9	14	27
4	0.0003	3	15	19
5	0.0004	-2	3	13
6	0.0005	11	16	2
7	0.0006	3	-7	0
8	0.0007	9	10	31
9	0.0008	-6	14	23
10	0.0009	-10	6	10
11	0.0010	6	15	-3
12	0.0011	3	0	2
13	0.0012	14	13	24
14	0.0013	1	27	23
15	0.0014	-6	11	16
16	0.0015	2	19	3
17	0.0016	-8	6	2
18	0.0017	9	23	30
19	0.0018	2	27	22
20	0.0019	3	13	16
21	0.0020	13	16	7
22	0.0021	5	6	-3
23	0.0022	15	27	26
24	0.0023	-3	20	28
25	0.0024	6	11	16
26	0.0025	11	16	11
27	0.0026	-3	0	5
28	0.0027	9	13	28
29	0.0028	5	14	26
30	0.0029	3	14	18
31	0.0030	6	11	6
32	0.0031	-3	-2	-2
33	0.0032	5	24	24
34	0.0033	-2	20	26
35	0.0034	7	24	19
36	0.0035	15	13	2
37	0.0036	3	7	-4
38	0.0037	13	16	33
39	0.0038	0	27	30
40	0.0039	1	23	15
41	0.0040	3	19	2
42	0.0041	-2	0	-2
43	0.0042	10	15	35
44	0.0043	10	27	39
45	0.0044	18	20	18
46	0.0045	11	10	3
47	0.0046	-3	-4	-4
48	0.0047	7	5	23
49	0.0048	1	23	31
50	0.0049	10	19	26
51	0.0050	7	26	9
52	0.0051	5	9	5
53	0.0052	13	15	28
54	0.0053	6	22	24
55	0.0054	10	22	28
56	0.0055	11	22	10
57	0.0056	3	7	-8
58	0.0057	3	11	20
59	0.0058	-8	3	24
60	0.0059	5	18	20
61	0.0060	15	20	18
62	0.0061	-2	-3	2
63	0.0062	14	6	23
64	0.0063	-6	7	16
65	0.0064	6	18	16
66	0.0065	7	19	16
67	0.0066	2	13	14
68	0.0067	9	15	36
69	0.0068	-4	13	23
70	0.0069	10	22	16
71	0.0070	9	26	14
72	0.0071	10	15	10
73	0.0072	11	16	27
74	0.0073	5	11	23
75	0.0074	3	22	19
76	0.0075	9	20	9
77	0.0076	6	22	10
78	0.0077	7	10	20
79	0.0078	3	10	20
80	0.0079	5	11	18
81	0.0080	9	19	13
82	0.0081	5	11	7
83	0.0082	10	14	22
84	0.0083	3	2	16
85	0.0084	7	15	19
86	0.0085	14	20	16
87	0.0086	7	13	3
88	0.0087	10	16	28
89	0.0088	-2	5	22
90	0.0089	9	18	18
91	0.0090	14	27	14
92	0.0091	6	16	3
93	0.0092	16	23	27
94	0.0093	5	16	26
95	0.0094	16	13	22
96	0.0095	22	23	19
97	0.0096	11	32	13
98	0.0097	18	35	30
99	0.0098	-4	2	22
100	0.0099	9	13	23

电流增量数据 [1000Hz, 10点]
采样序号	时间(s)	A相电流(INT)	B相电流(INT)	C相电流(INT)
1	0.000	5	396	-16
2	0.001	-48	1439	-25
3	0.002	27	-351	-4
4	0.003	-12	-656	2
5	0.004	9	-262	-12
6	0.005	-4	2679	-6
7	0.006	18	1099	-19
8	0.007	11	884	-15
9	0.008	33	1861	-25
10	0.009	-7	243	-12
================================================================================

=== 采集时间: 2025-12-05 15:12:24 (增量周期: 10.0ms) ===
振动增量数据 [等效10000Hz, 100点]
时序序号	时间(s)	X振动(INT)	Y振动(INT)	Z振动(INT)
1	0.0000	19	39	16
2	0.0001	10	6	10
3	0.0002	3	9	26
4	0.0003	5	23	22
5	0.0004	11	33	26
6	0.0005	24	37	24
7	0.0006	14	9	11
8	0.0007	16	20	32
9	0.0008	7	30	31
10	0.0009	6	24	23
11	0.0010	15	26	14
12	0.0011	9	-11	9
13	0.0012	16	13	33
14	0.0013	14	28	32
15	0.0014	7	23	20
16	0.0015	15	16	6
17	0.0016	2	-7	11
18	0.0017	11	18	35
19	0.0018	5	28	32
20	0.0019	5	18	22
21	0.0020	13	13	6
22	0.0021	14	6	15
23	0.0022	15	18	33
24	0.0023	15	31	27
25	0.0024	5	23	10
26	0.0025	5	20	7
27	0.0026	1	13	1
28	0.0027	16	28	37
29	0.0028	13	28	28
30	0.0029	10	10	20
31	0.0030	18	23	6
32	0.0031	6	5	7
33	0.0032	14	23	32
34	0.0033	6	14	28
35	0.0034	2	19	19
36	0.0035	16	23	14
37	0.0036	3	3	2
38	0.0037	16	15	33
39	0.0038	1	15	27
40	0.0039	10	16	16
41	0.0040	15	22	15
42	0.0041	7	5	5
43	0.0042	5	22	35
44	0.0043	-3	19	27
45	0.0044	9	28	16
46	0.0045	20	23	9
47	0.0046	10	-2	2
48	0.0047	11	22	32
49	0.0048	0	30	31
50	0.0049	13	31	14
51	0.0050	14	28	6
52	0.0051	0	2	-3
53	0.0052	6	5	22
54	0.0053	10	31	33
55	0.0054	24	35	23
56	0.0055	10	19	6
57	0.0056	3	-10	-4
58	0.0057	-6	-4	16
59	0.0058	5	27	28
60	0.0059	15	28	27
61	0.0060	20	35	16
62	0.0061	9	1	6
63	0.0062	14	6	28
64	0.0063	7	13	24
65	0.0064	7	26	20
66	0.0065	13	32	11
67	0.0066	-3	3	0
68	0.0067	2	1	19
69	0.0068	1	19	26
70	0.0069	13	26	27
71	0.0070	18	23	14
72	0.0071	10	-4	0
73	0.0072	10	2	14
74	0.0073	3	16	19
75	0.0074	6	26	18
76	0.0075	16	23	15
77	0.0076	-2	6	6
78	0.0077	10	14	28
79	0.0078	2	22	27
80	0.0079	6	28	22
81	0.0080	11	27	20
82	0.0081	5	7	6
83	0.0082	9	15	31
84	0.0083	-3	18	27
85	0.0084	3	24	22
86	0.0085	9	27	15
87	0.0086	6	10	7
88	0.0087	7	9	19
89	0.0088	2	7	27
90	0.0089	6	16	26
91	0.0090	7	19	19
92	0.0091	3	5	2
93	0.0092	3	1	20
94	0.0093	-6	6	18
95	0.0094	2	15	19
96	0.0095	13	26	13
97	0.0096	9	10	1
98	0.0097	14	16	27
99	0.0098	-4	14	28
100	0.0099	3	26	22

电流增量数据 [1000Hz, 10点]
采样序号	时间(s)	A相电流(INT)	B相电流(INT)	C相电流(INT)
1	0.000	-2	-133	-13
2	0.001	19	100	-14
3	0.002	5	-1378	-26
4	0.003	4	1005	-14
5	0.004	14	1029	-11
6	0.005	11	926	-19
7	0.006	37	-1735	-34
8	0.007	-39	-1081	5
9	0.008	-4	-291	-24
10	0.009	23	-1766	-7
================================================================================

=== 采集时间: 2025-12-05 15:12:25 (增量周期: 10.0ms) ===
振动增量数据 [等效10000Hz, 100点]
时序序号	时间(s)	X振动(INT)	Y振动(INT)	Z振动(INT)
1	0.0000	14	19	14
2	0.0001	1	7	9
3	0.0002	3	24	32
4	0.0003	9	23	26
5	0.0004	11	9	10
6	0.0005	7	11	6
7	0.0006	0	5	10
8	0.0007	-2	23	33
9	0.0008	5	23	27
10	0.0009	7	3	7
11	0.0010	9	5	7
12	0.0011	7	11	6
13	0.0012	3	20	35
14	0.0013	10	23	26
15	0.0014	0	1	3
16	0.0015	2	19	5
17	0.0016	5	19	13
18	0.0017	2	24	28
19	0.0018	6	16	14
20	0.0019	7	-2	3
21	0.0020	13	26	15
22	0.0021	10	24	15
23	0.0022	0	20	30
24	0.0023	-3	5	14
25	0.0024	-7	-8	-3
26	0.0025	16	20	13
27	0.0026	7	24	19
28	0.0027	11	16	32
29	0.0028	0	-7	3
30	0.0029	-6	-11	1
31	0.0030	6	26	10
32	0.0031	2	26	14
33	0.0032	-4	7	22
34	0.0033	-4	0	10
35	0.0034	-3	1	-3
36	0.0035	20	27	11
37	0.0036	0	14	7
38	0.0037	-2	14	27
39	0.0038	-7	9	14
40	0.0039	0	9	3
41	0.0040	15	27	14
42	0.0041	-2	5	10
43	0.0042	9	15	31
44	0.0043	-4	15	15
45	0.0044	5	11	5
46	0.0045	15	22	10
47	0.0046	2	3	11
48	0.0047	14	22	37
49	0.0048	9	15	19
50	0.0049	10	11	5
51	0.0050	13	11	10
52	0.0051	2	3	11
53	0.0052	13	24	31
54	0.0053	7	15	22
55	0.0054	7	15	7
56	0.0055	5	13	9
57	0.0056	2	13	13
58	0.0057	15	28	32
59	0.0058	11	16	20
60	0.0059	10	11	10
61	0.0060	16	15	11
62	0.0061	3	10	19
63	0.0062	7	19	39
64	0.0063	0	10	22
65	0.0064	0	10	9
66	0.0065	14	18	13
67	0.0066	11	15	16
68	0.0067	14	26	36
69	0.0068	9	18	22
70	0.0069	1	11	10
71	0.0070	9	22	14
72	0.0071	2	19	10
73	0.0072	9	31	30
74	0.0073	2	9	19
75	0.0074	0	5	6
76	0.0075	20	24	14
77	0.0076	6	16	14
78	0.0077	13	23	33
79	0.0078	-6	9	13
80	0.0079	-4	2	1
81	0.0080	14	18	7
82	0.0081	3	6	10
83	0.0082	10	14	30
84	0.0083	1	6	20
85	0.0084	1	6	9
86	0.0085	14	22	11
87	0.0086	1	13	13
88	0.0087	11	23	32
89	0.0088	0	11	23
90	0.0089	5	19	16
91	0.0090	15	27	18
92	0.0091	7	13	15
93	0.0092	10	20	32
94	0.0093	2	20	24
95	0.0094	9	27	19
96	0.0095	14	27	13
97	0.0096	3	9	11
98	0.0097	5	16	27
99	0.0098	5	19	23
100	0.0099	11	20	11

电流增量数据 [1000Hz, 10点]
采样序号	时间(s)	A相电流(INT)	B相电流(INT)	C相电流(INT)
1	0.000	45	-1998	-29
2	0.001	9	447	-7
3	0.002	-10	-15	-11
4	0.003	23	1146	-25
5	0.004	-20	-471	-10
6	0.005	15	-502	-19
7	0.006	-10	-259	-11
8	0.007	-37	1777	1
9	0.008	18	2031	-12
10	0.009	18	207	-20
================================================================================

=== 采集时间: 2025-12-05 15:12:25 (增量周期: 10.0ms) ===
振动增量数据 [等效10000Hz, 100点]
时序序号	时间(s)	X振动(INT)	Y振动(INT)	Z振动(INT)
1	0.0000	13	23	20
2	0.0001	3	16	15
3	0.0002	11	31	27
4	0.0003	-4	2	10
5	0.0004	-4	-8	2
6	0.0005	9	19	16
7	0.0006	9	20	19
8	0.0007	19	24	35
9	0.0008	7	-2	11
10	0.0009	-2	-4	-4
11	0.0010	5	22	13
12	0.0011	5	9	10
13	0.0012	9	14	24
14	0.0013	0	3	20
15	0.0014	1	7	13
16	0.0015	20	37	7
17	0.0016	7	13	7
18	0.0017	2	9	23
19	0.0018	1	6	18
20	0.0019	6	27	18
21	0.0020	19	39	28
22	0.0021	9	10	15
23	0.0022	1	9	20
24	0.0023	3	11	11
25	0.0024	3	16	15
26	0.0025	20	30	18
27	0.0026	10	10	19
28	0.0027	11	9	28
29	0.0028	14	9	18
30	0.0029	11	16	7
31	0.0030	20	27	10
32	0.0031	-4	-8	10
33	0.0032	3	9	27
34	0.0033	2	14	16
35	0.0034	7	19	14
36	0.0035	16	26	19
37	0.0036	0	3	3
38	0.0037	7	15	28
39	0.0038	6	27	16
40	0.0039	9	22	16
41	0.0040	14	23	16
42	0.0041	-2	-3	13
43	0.0042	6	20	24
44	0.0043	5	24	22
45	0.0044	-2	14	3
46	0.0045	10	7	10
47	0.0046	6	-2	5
48	0.0047	13	18	30
49	0.0048	9	18	28
50	0.0049	6	6	7
51	0.0050	11	3	6
52	0.0051	6	-2	9
53	0.0052	7	16	32
54	0.0053	1	10	27
55	0.0054	2	11	10
56	0.0055	11	19	16
57	0.0056	11	13	15
58	0.0057	13	22	28
59	0.0058	-2	14	22
60	0.0059	3	23	13
61	0.0060	18	23	9
62	0.0061	7	15	15
63	0.0062	5	14	26
64	0.0063	1	0	10
65	0.0064	2	14	9
66	0.0065	19	30	14
67	0.0066	7	9	7
68	0.0067	9	11	28
69	0.0068	-2	1	19
70	0.0069	3	26	16
71	0.0070	18	37	19
72	0.0071	3	6	6
73	0.0072	9	19	27
74	0.0073	7	13	28
75	0.0074	9	19	15
76	0.0075	23	32	19
77	0.0076	1	6	18
78	0.0077	13	20	39
79	0.0078	2	16	23
80	0.0079	9	18	13
81	0.0080	19	19	16
82	0.0081	-3	-8	10
83	0.0082	11	20	32
84	0.0083	1	19	27
85	0.0084	13	26	13
86	0.0085	16	19	10
87	0.0086	0	-7	6
88	0.0087	13	26	33
89	0.0088	2	15	22
90	0.0089	14	31	13
91	0.0090	15	28	19
92	0.0091	6	11	15
93	0.0092	10	26	28
94	0.0093	5	31	27
95	0.0094	13	30	19
96	0.0095	19	18	18
97	0.0096	7	10	14
98	0.0097	14	24	35
99	0.0098	9	26	28
100	0.0099	10	20	18

电流增量数据 [1000Hz, 10点]
采样序号	时间(s)	A相电流(INT)	B相电流(INT)	C相电流(INT)
1	0.000	10	-430	1
2	0.001	37	-417	-4
3	0.002	4	-68	-4
4	0.003	-15	1257	4
5	0.004	-15	2689	-6
6	0.005	10	1029	0
7	0.006	20	2517	3
8	0.007	-4	-336	-26
9	0.008	7	244	-7
10	0.009	10	-855	-6
================================================================================

=== 采集时间: 2025-12-05 15:12:25 (增量周期: 10.0ms) ===
振动增量数据 [等效10000Hz, 100点]
时序序号	时间(s)	X振动(INT)	Y振动(INT)	Z振动(INT)
1	0.0000	13	14	10
2	0.0001	0	-4	2
3	0.0002	9	14	20
4	0.0003	-4	1	16
5	0.0004	2	3	2
6	0.0005	10	10	7
7	0.0006	-3	-4	9
8	0.0007	6	18	26
9	0.0008	-4	7	16
10	0.0009	0	11	7
11	0.0010	5	9	0
12	0.0011	-3	2	2
13	0.0012	1	18	22
14	0.0013	1	19	24
15	0.0014	3	19	7
16	0.0015	11	18	6
17	0.0016	-2	7	7
18	0.0017	-3	18	24
19	0.0018	-3	20	22
20	0.0019	-3	11	10
21	0.0020	20	18	15
22	0.0021	5	3	10
23	0.0022	9	13	32
24	0.0023	5	15	16
25	0.0024	2	15	6
26	0.0025	15	16	16
27	0.0026	-8	-6	9
28	0.0027	3	11	30
29	0.0028	1	18	19
30	0.0029	10	26	13
31	0.0030	16	26	14
32	0.0031	2	-2	2
33	0.0032	6	13	26
34	0.0033	5	18	16
35	0.0034	11	28	10
36	0.0035	13	27	16
37	0.0036	-3	3	2
38	0.0037	2	16	20
39	0.0038	2	14	13
40	0.0039	10	15	11
41	0.0040	19	23	26
42	0.0041	1	6	14
43	0.0042	6	11	27
44	0.0043	10	15	7
45	0.0044	5	11	6
46	0.0045	11	9	19
47	0.0046	5	1	23
48	0.0047	-2	13	35
49	0.0048	11	10	16
50	0.0049	5	11	-2
51	0.0050	13	18	15
52	0.0051	9	7	14
53	0.0052	9	18	40
54	0.0053	3	14	20
55	0.0054	-2	6	0
56	0.0055	7	30	16
57	0.0056	5	19	20
58	0.0057	13	30	33
59	0.0058	15	11	19
60	0.0059	-2	0	6
61	0.0060	16	15	14
62	0.0061	2	13	13
63	0.0062	3	3	30
64	0.0063	3	14	24
65	0.0064	1	26	7
66	0.0065	15	24	9
67	0.0066	9	9	6
68	0.0067	10	13	36
69	0.0068	5	20	27
70	0.0069	10	35	18
71	0.0070	22	27	14
72	0.0071	1	10	6
73	0.0072	3	13	27
74	0.0073	-3	9	23
75	0.0074	7	27	11
76	0.0075	15	24	15
77	0.0076	3	6	14
78	0.0077	2	6	27
79	0.0078	2	9	23
80	0.0079	13	22	2
81	0.0080	15	15	13
82	0.0081	0	3	16
83	0.0082	6	9	27
84	0.0083	9	20	24
85	0.0084	13	30	14
86	0.0085	20	24	16
87	0.0086	3	9	6
88	0.0087	3	18	33
89	0.0088	11	27	23
90	0.0089	11	24	7
91	0.0090	14	20	16
92	0.0091	5	9	9
93	0.0092	9	26	28
94	0.0093	10	26	26
95	0.0094	7	13	6
96	0.0095	13	5	9
97	0.0096	0	6	15
98	0.0097	15	32	37
99	0.0098	15	16	20
100	0.0099	16	13	11

电流增量数据 [1000Hz, 10点]
采样序号	时间(s)	A相电流(INT)	B相电流(INT)	C相电流(INT)
1	0.000	40	243	-12
2	0.001	-11	1440	-13
3	0.002	23	-167	-4
4	0.003	0	-284	-4
5	0.004	7	-112	-5
6	0.005	9	776	9
7	0.006	6	2837	-3
8	0.007	30	745	-11
9	0.008	-11	2971	9
10	0.009	1	-78	-13
================================================================================

=== 采集时间: 2025-12-05 15:12:26 (增量周期: 10.0ms) ===
振动增量数据 [等效10000Hz, 100点]
时序序号	时间(s)	X振动(INT)	Y振动(INT)	Z振动(INT)
1	0.0000	20	27	18
2	0.0001	-6	5	15
3	0.0002	9	22	32
4	0.0003	1	2	22
5	0.0004	2	19	6
6	0.0005	22	35	15
7	0.0006	-4	6	10
8	0.0007	13	27	31
9	0.0008	-3	13	20
10	0.0009	9	16	1
11	0.0010	13	20	10
12	0.0011	1	2	15
13	0.0012	15	33	33
14	0.0013	6	9	18
15	0.0014	10	5	1
16	0.0015	13	6	10
17	0.0016	1	7	22
18	0.0017	9	27	28
19	0.0018	5	13	18
20	0.0019	2	6	0
21	0.0020	10	11	11
22	0.0021	9	16	23
23	0.0022	14	35	43
24	0.0023	0	14	15
25	0.0024	5	2	-3
26	0.0025	16	19	11
27	0.0026	10	23	23
28	0.0027	13	41	37
29	0.0028	3	13	16
30	0.0029	1	3	-3
31	0.0030	15	19	16
32	0.0031	2	16	16
33	0.0032	7	27	36
34	0.0033	10	10	16
35	0.0034	6	-2	1
36	0.0035	15	13	10
37	0.0036	0	9	16
38	0.0037	0	20	31
39	0.0038	2	9	18
40	0.0039	6	5	5
41	0.0040	24	19	18
42	0.0041	5	13	16
43	0.0042	10	28	39
44	0.0043	5	19	22
45	0.0044	3	9	5
46	0.0045	15	18	16
47	0.0046	2	13	23
48	0.0047	10	27	35
49	0.0048	9	23	20
50	0.0049	7	14	5
51	0.0050	15	28	19
52	0.0051	7	19	16
53	0.0052	3	7	27
54	0.0053	5	9	15
55	0.0054	14	19	14
56	0.0055	13	26	26
57	0.0056	-3	11	16
58	0.0057	0	9	20
59	0.0058	-3	15	19
60	0.0059	13	23	10
61	0.0060	16	22	18
62	0.0061	2	6	6
63	0.0062	2	5	23
64	0.0063	2	23	14
65	0.0064	5	19	7
66	0.0065	13	20	19
67	0.0066	-2	6	14
68	0.0067	9	16	37
69	0.0068	6	20	20
70	0.0069	13	11	6
71	0.0070	18	9	11
72	0.0071	5	-2	19
73	0.0072	9	22	37
74	0.0073	10	27	24
75	0.0074	9	16	6
76	0.0075	15	9	16
77	0.0076	9	7	13
78	0.0077	18	30	39
79	0.0078	13	31	23
80	0.0079	6	16	11
81	0.0080	20	24	19
82	0.0081	6	15	24
83	0.0082	15	33	33
84	0.0083	6	33	18
85	0.0084	6	15	7
86	0.0085	20	15	20
87	0.0086	9	20	27
88	0.0087	13	30	37
89	0.0088	9	26	18
90	0.0089	6	3	2
91	0.0090	23	16	13
92	0.0091	2	11	13
93	0.0092	11	23	33
94	0.0093	2	14	16
95	0.0094	9	10	3
96	0.0095	24	27	18
97	0.0096	2	6	14
98	0.0097	11	27	30
99	0.0098	1	15	15
100	0.0099	2	15	7

电流增量数据 [1000Hz, 10点]
采样序号	时间(s)	A相电流(INT)	B相电流(INT)	C相电流(INT)
1	0.000	0	-204	1
2	0.001	10	-137	-10
3	0.002	34	129	5
4	0.003	-11	3342	-6
5	0.004	5	560	-10
6	0.005	6	2999	-30
7	0.006	-14	0	-6
8	0.007	25	420	-20
9	0.008	-12	-645	-16
10	0.009	19	787	-5
================================================================================

=== 采集时间: 2025-12-05 15:12:26 (增量周期: 10.0ms) ===
振动增量数据 [等效10000Hz, 100点]
时序序号	时间(s)	X振动(INT)	Y振动(INT)	Z振动(INT)
1	0.0000	11	23	19
2	0.0001	-4	2	19
3	0.0002	3	3	31
4	0.0003	5	15	15
5	0.0004	13	19	1
6	0.0005	13	14	16
7	0.0006	-2	1	18
8	0.0007	9	3	26
9	0.0008	2	15	14
10	0.0009	7	10	3
11	0.0010	7	19	15
12	0.0011	-2	9	19
13	0.0012	11	19	31
14	0.0013	10	14	19
15	0.0014	5	15	1
16	0.0015	13	23	19
17	0.0016	-3	16	27
18	0.0017	10	19	36
19	0.0018	11	16	23
20	0.0019	10	18	6
21	0.0020	13	22	23
22	0.0021	0	10	19
23	0.0022	5	16	32
24	0.0023	3	10	15
25	0.0024	9	11	7
26	0.0025	16	22	19
27	0.0026	0	15	16
28	0.0027	5	11	19
29	0.0028	6	-2	2
30	0.0029	6	7	-3
31	0.0030	15	18	16
32	0.0031	0	13	18
33	0.0032	9	18	28
34	0.0033	6	11	13
35	0.0034	13	13	3
36	0.0035	19	26	23
37	0.0036	5	19	15
38	0.0037	14	24	30
39	0.0038	7	11	19
40	0.0039	13	15	15
41	0.0040	15	30	23
42	0.0041	5	19	23
43	0.0042	5	20	19
44	0.0043	15	15	18
45	0.0044	16	15	3
46	0.0045	20	19	23
47	0.0046	2	16	16
48	0.0047	6	18	27
49	0.0048	6	18	14
50	0.0049	13	9	6
51	0.0050	14	22	22
52	0.0051	0	16	30
53	0.0052	2	23	33
54	0.0053	6	18	11
55	0.0054	13	9	-2
56	0.0055	14	24	11
57	0.0056	-4	9	20
58	0.0057	5	9	32
59	0.0058	10	10	18
60	0.0059	15	15	1
61	0.0060	19	23	23
62	0.0061	0	14	18
63	0.0062	5	13	27
64	0.0063	3	6	10
65	0.0064	13	9	7
66	0.0065	15	22	27
67	0.0066	9	20	23
68	0.0067	14	22	32
69	0.0068	3	14	16
70	0.0069	13	16	5
71	0.0070	14	26	16
72	0.0071	13	27	24
73	0.0072	13	27	41
74	0.0073	13	26	22
75	0.0074	15	14	2
76	0.0075	14	16	15
77	0.0076	9	19	20
78	0.0077	15	23	35
79	0.0078	6	16	20
80	0.0079	15	6	10
81	0.0080	18	14	22
82	0.0081	7	13	19
83	0.0082	14	19	30
84	0.0083	10	14	14
85	0.0084	11	6	7
86	0.0085	22	19	23
87	0.0086	9	16	24
88	0.0087	3	19	33
89	0.0088	3	16	11
90	0.0089	9	13	-4
91	0.0090	23	30	19
92	0.0091	11	23	22
93	0.0092	10	22	26
94	0.0093	2	18	5
95	0.0094	-2	7	2
96	0.0095	15	27	22
97	0.0096	2	26	19
98	0.0097	7	19	27
99	0.0098	3	5	11
100	0.0099	3	3	-2

电流增量数据 [1000Hz, 10点]
采样序号	时间(s)	A相电流(INT)	B相电流(INT)	C相电流(INT)
1	0.000	11	-102	-21
2	0.001	-11	-549	3
3	0.002	-13	3324	-6
4	0.003	9	365	-5
5	0.004	-13	2650	-8
6	0.005	54	-271	-26
7	0.006	-7	649	-15
8	0.007	-4	-502	-10
9	0.008	-33	535	-12
10	0.009	7	1252	-2
================================================================================

=== 采集时间: 2025-12-05 15:12:27 (增量周期: 10.0ms) ===
振动增量数据 [等效10000Hz, 100点]
时序序号	时间(s)	X振动(INT)	Y振动(INT)	Z振动(INT)
1	0.0000	13	16	23
2	0.0001	-2	10	18
3	0.0002	1	15	23
4	0.0003	5	6	7
5	0.0004	11	6	3
6	0.0005	11	16	24
7	0.0006	1	9	18
8	0.0007	6	20	20
9	0.0008	3	7	10
10	0.0009	6	6	2
11	0.0010	11	16	24
12	0.0011	-3	19	23
13	0.0012	3	24	27
14	0.0013	5	9	6
15	0.0014	3	3	-11
16	0.0015	13	11	23
17	0.0016	-2	28	28
18	0.0017	7	32	28
19	0.0018	3	3	6
20	0.0019	2	-10	-8
21	0.0020	15	16	20
22	0.0021	5	27	28
23	0.0022	13	30	27
24	0.0023	0	-4	6
25	0.0024	-2	-6	0
26	0.0025	23	22	26
27	0.0026	0	23	27
28	0.0027	15	16	31
29	0.0028	3	0	5
30	0.0029	10	11	7
31	0.0030	22	28	30
32	0.0031	9	20	28
33	0.0032	6	18	19
34	0.0033	-11	5	10
35	0.0034	3	27	7
36	0.0035	19	27	24
37	0.0036	6	7	20
38	0.0037	14	19	24
39	0.0038	5	18	15
40	0.0039	18	32	1
41	0.0040	11	15	16
42	0.0041	-4	2	11
43	0.0042	3	15	22
44	0.0043	5	24	18
45	0.0044	13	24	6
46	0.0045	19	11	19
47	0.0046	11	-4	13
48	0.0047	7	16	24
49	0.0048	11	19	19
50	0.0049	9	27	7
51	0.0050	9	16	28
52	0.0051	6	7	24
53	0.0052	15	26	33
54	0.0053	13	31	23
55	0.0054	15	27	9
56	0.0055	15	23	28
57	0.0056	7	7	22
58	0.0057	14	23	28
59	0.0058	10	32	26
60	0.0059	9	27	13
61	0.0060	13	20	22
62	0.0061	6	23	31
63	0.0062	11	22	30
64	0.0063	15	18	15
65	0.0064	11	9	2
66	0.0065	9	20	28
67	0.0066	7	32	37
68	0.0067	9	28	33
69	0.0068	15	27	18
70	0.0069	3	9	1
71	0.0070	14	20	32
72	0.0071	11	26	31
73	0.0072	20	33	36
74	0.0073	3	22	18
75	0.0074	-4	5	-6
76	0.0075	10	13	15
77	0.0076	2	16	27
78	0.0077	19	28	36
79	0.0078	10	10	13
80	0.0079	-3	3	-2
81	0.0080	5	2	16
82	0.0081	-3	16	16
83	0.0082	9	19	28
84	0.0083	0	10	11
85	0.0084	2	13	3
86	0.0085	9	22	19
87	0.0086	1	24	26
88	0.0087	14	26	32
89	0.0088	3	16	16
90	0.0089	11	23	6
91	0.0090	14	30	26
92	0.0091	0	13	24
93	0.0092	9	16	28
94	0.0093	7	15	11
95	0.0094	13	31	10
96	0.0095	11	22	19
97	0.0096	5	10	19
98	0.0097	9	7	23
99	0.0098	10	13	14
100	0.0099	15	31	3

电流增量数据 [1000Hz, 10点]
采样序号	时间(s)	A相电流(INT)	B相电流(INT)	C相电流(INT)
1	0.000	-10	-593	-24
2	0.001	-11	3671	-13
3	0.002	19	232	-17
4	0.003	5	2012	-7
5	0.004	5	139	-24
6	0.005	-7	840	-8
7	0.006	43	-152	-14
8	0.007	-42	492	-13
9	0.008	6	1275	-8
10	0.009	5	1137	-26
================================================================================

=== 采集时间: 2025-12-05 15:12:27 (增量周期: 10.0ms) ===
振动增量数据 [等效10000Hz, 100点]
时序序号	时间(s)	X振动(INT)	Y振动(INT)	Z振动(INT)
1	0.0000	15	26	18
2	0.0001	9	6	23
3	0.0002	9	13	26
4	0.0003	13	19	13
5	0.0004	0	18	11
6	0.0005	9	30	23
7	0.0006	2	5	14
8	0.0007	9	11	23
9	0.0008	9	11	13
10	0.0009	3	13	2
11	0.0010	15	24	22
12	0.0011	-2	3	14
13	0.0012	5	13	19
14	0.0013	2	11	14
15	0.0014	2	13	6
16	0.0015	19	30	23
17	0.0016	2	10	19
18	0.0017	0	9	26
19	0.0018	6	13	15
20	0.0019	6	26	7
21	0.0020	19	37	31
22	0.0021	3	9	16
23	0.0022	-3	0	18
24	0.0023	7	6	7
25	0.0024	5	19	9
26	0.0025	15	36	31
27	0.0026	1	5	14
28	0.0027	-6	-4	18
29	0.0028	5	9	11
30	0.0029	6	16	5
31	0.0030	15	20	18
32	0.0031	0	-8	16
33	0.0032	-4	7	27
34	0.0033	13	27	18
35	0.0034	13	19	6
36	0.0035	15	22	19
37	0.0036	-8	-3	18
38	0.0037	-3	27	26
39	0.0038	13	36	20
40	0.0039	7	11	10
41	0.0040	19	13	22
42	0.0041	0	3	26
43	0.0042	1	30	31
44	0.0043	11	32	15
45	0.0044	3	5	0
46	0.0045	16	10	24
47	0.0046	-2	11	27
48	0.0047	9	23	23
49	0.0048	10	18	7
50	0.0049	3	-8	-8
51	0.0050	13	7	13
52	0.0051	0	6	11
53	0.0052	-3	19	22
54	0.0053	-2	14	9
55	0.0054	1	-4	-6
56	0.0055	15	18	10
57	0.0056	6	7	15
58	0.0057	10	30	28
59	0.0058	14	23	16
60	0.0059	3	13	-2
61	0.0060	13	14	20
62	0.0061	1	5	15
63	0.0062	2	13	18
64	0.0063	2	9	6
65	0.0064	3	7	1
66	0.0065	18	24	19
67	0.0066	10	13	19
68	0.0067	2	6	14
69	0.0068	-2	10	7
70	0.0069	-4	13	5
71	0.0070	14	30	19
72	0.0071	0	6	11
73	0.0072	5	9	13
74	0.0073	2	11	10
75	0.0074	0	13	7
76	0.0075	27	39	27
77	0.0076	11	5	14
78	0.0077	-4	10	15
79	0.0078	5	9	5
80	0.0079	-8	5	0
81	0.0080	33	30	23
82	0.0081	10	-2	18
83	0.0082	2	13	31
84	0.0083	9	15	7
85	0.0084	-8	6	-3
86	0.0085	20	30	23
87	0.0086	0	-10	11
88	0.0087	-3	13	26
89	0.0088	11	27	16
90	0.0089	0	9	0
91	0.0090	19	28	18
92	0.0091	-6	-2	16
93	0.0092	1	30	26
94	0.0093	15	40	11
95	0.0094	1	14	11
96	0.0095	16	18	26
97	0.0096	1	-7	14
98	0.0097	11	28	30
99	0.0098	15	33	20
100	0.0099	7	9	6

电流增量数据 [1000Hz, 10点]
采样序号	时间(s)	A相电流(INT)	B相电流(INT)	C相电流(INT)
1	0.000	-4	1921	0
2	0.001	28	-2483	-21
3	0.002	-17	-104	-5
4	0.003	24	-752	-22
5	0.004	21	586	-11
6	0.005	24	122	-3
7	0.006	7	1131	-6
8	0.007	20	975	-11
9	0.008	9	33	-10
10	0.009	10	-194	-2
================================================================================

=== 采集时间: 2025-12-05 15:12:27 (增量周期: 10.0ms) ===
振动增量数据 [等效10000Hz, 100点]
时序序号	时间(s)	X振动(INT)	Y振动(INT)	Z振动(INT)
1	0.0000	20	22	28
2	0.0001	2	5	23
3	0.0002	2	19	20
4	0.0003	9	18	13
5	0.0004	5	13	-2
6	0.0005	16	15	24
7	0.0006	5	9	23
8	0.0007	9	19	27
9	0.0008	19	19	15
10	0.0009	5	9	2
11	0.0010	5	11	19
12	0.0011	-6	9	24
13	0.0012	2	22	23
14	0.0013	13	20	11
15	0.0014	10	10	1
16	0.0015	13	6	22
17	0.0016	-7	16	22
18	0.0017	3	35	27
19	0.0018	14	33	16
20	0.0019	7	2	1
21	0.0020	13	5	15
22	0.0021	-2	7	14
23	0.0022	10	41	31
24	0.0023	19	31	18
25	0.0024	13	-3	-6
26	0.0025	3	0	19
27	0.0026	-14	6	20
28	0.0027	3	36	30
29	0.0028	14	19	14
30	0.0029	13	-7	1
31	0.0030	11	9	20
32	0.0031	-3	19	28
33	0.0032	3	35	30
34	0.0033	11	13	13
35	0.0034	-2	6	-2
36	0.0035	14	26	27
37	0.0036	-3	19	27
38	0.0037	9	26	27
39	0.0038	10	15	14
40	0.0039	2	10	1
41	0.0040	13	23	15
42	0.0041	-3	9	11
43	0.0042	0	19	24
44	0.0043	2	15	13
45	0.0044	3	9	2
46	0.0045	15	22	20
47	0.0046	-2	-6	18
48	0.0047	6	19	24
49	0.0048	9	14	14
50	0.0049	7	9	2
51	0.0050	10	26	27
52	0.0051	-6	6	31
53	0.0052	6	15	27
54	0.0053	15	22	14
55	0.0054	2	7	-6
56	0.0055	7	13	19
57	0.0056	-7	0	14
58	0.0057	5	18	24
59	0.0058	13	23	13
60	0.0059	1	3	5
61	0.0060	5	9	18
62	0.0061	-6	2	15
63	0.0062	10	22	16
64	0.0063	15	19	9
65	0.0064	10	9	0
66	0.0065	5	14	26
67	0.0066	-2	18	26
68	0.0067	11	35	23
69	0.0068	13	30	13
70	0.0069	9	-6	0
71	0.0070	9	5	23
72	0.0071	11	24	31
73	0.0072	20	33	28
74	0.0073	13	22	16
75	0.0074	1	2	0
76	0.0075	7	2	18
77	0.0076	13	23	24
78	0.0077	19	23	33
79	0.0078	9	10	16
80	0.0079	13	5	0
81	0.0080	-2	10	20
82	0.0081	0	19	23
83	0.0082	5	14	20
84	0.0083	-4	0	5
85	0.0084	5	-2	1
86	0.0085	7	23	23
87	0.0086	3	26	26
88	0.0087	6	9	20
89	0.0088	-3	2	6
90	0.0089	3	19	-11
91	0.0090	3	26	22
92	0.0091	-6	14	18
93	0.0092	-2	-8	13
94	0.0093	9	13	10
95	0.0094	7	19	3
96	0.0095	13	11	15
97	0.0096	0	2	11
98	0.0097	-10	-12	15
99	0.0098	7	14	11
100	0.0099	1	19	2

电流增量数据 [1000Hz, 10点]
采样序号	时间(s)	A相电流(INT)	B相电流(INT)	C相电流(INT)
1	0.000	-12	-328	1
2	0.001	27	1217	-3
3	0.002	-13	1229	-10
4	0.003	-23	1945	9
5	0.004	18	-2345	-5
6	0.005	-6	-23	0
7	0.006	-6	-372	-20
8	0.007	-28	246	-10
9	0.008	-16	141	2
10	0.009	33	948	-3
================================================================================

=== 采集时间: 2025-12-05 15:12:28 (增量周期: 10.0ms) ===
振动增量数据 [等效10000Hz, 100点]
时序序号	时间(s)	X振动(INT)	Y振动(INT)	Z振动(INT)
1	0.0000	15	13	22
2	0.0001	-6	0	14
3	0.0002	7	30	19
4	0.0003	0	19	15
5	0.0004	-6	11	2
6	0.0005	9	9	30
7	0.0006	3	9	19
8	0.0007	13	13	16
9	0.0008	6	14	10
10	0.0009	2	2	2
11	0.0010	2	10	19
12	0.0011	-4	6	13
13	0.0012	-8	14	16
14	0.0013	0	9	14
15	0.0014	1	13	-4
16	0.0015	11	19	18
17	0.0016	1	3	14
18	0.0017	5	9	7
19	0.0018	13	14	6
20	0.0019	2	16	7
21	0.0020	9	14	19
22	0.0021	-3	15	20
23	0.0022	1	7	15
24	0.0023	10	18	7
25	0.0024	9	11	2
26	0.0025	13	30	28
27	0.0026	1	2	23
28	0.0027	3	6	14
29	0.0028	11	10	6
30	0.0029	2	11	0
31	0.0030	11	19	32
32	0.0031	-4	5	24
33	0.0032	7	13	22
34	0.0033	11	14	9
35	0.0034	3	7	-2
36	0.0035	5	20	23
37	0.0036	-6	5	19
38	0.0037	1	9	19
39	0.0038	7	20	13
40	0.0039	7	13	0
41	0.0040	10	15	24
42	0.0041	-8	2	26
43	0.0042	0	31	23
44	0.0043	9	32	14
45	0.0044	-6	-2	2
46	0.0045	6	6	23
47	0.0046	1	3	24
48	0.0047	9	30	28
49	0.0048	28	26	15
50	0.0049	3	-7	0
51	0.0050	5	0	20
52	0.0051	-16	7	23
53	0.0052	-2	26	24
54	0.0053	23	22	13
55	0.0054	1	-12	-4
56	0.0055	23	16	27
57	0.0056	2	19	26
58	0.0057	3	30	26
59	0.0058	11	11	-2
60	0.0059	-4	-10	-3
61	0.0060	6	6	20
62	0.0061	9	20	19
63	0.0062	14	20	23
64	0.0063	18	16	10
65	0.0064	9	5	-6
66	0.0065	18	15	23
67	0.0066	2	19	26
68	0.0067	2	19	20
69	0.0068	1	11	9
70	0.0069	-2	9	2
71	0.0070	19	20	27
72	0.0071	7	18	24
73	0.0072	10	13	20
74	0.0073	10	16	16
75	0.0074	7	22	6
76	0.0075	10	37	28
77	0.0076	-6	15	23
78	0.0077	-2	9	18
79	0.0078	10	19	14
80	0.0079	9	27	7
81	0.0080	13	26	24
82	0.0081	0	2	11
83	0.0082	-4	1	14
84	0.0083	9	13	9
85	0.0084	14	28	14
86	0.0085	7	15	24
87	0.0086	-4	-4	18
88	0.0087	3	5	9
89	0.0088	19	28	11
90	0.0089	7	11	5
91	0.0090	7	13	23
92	0.0091	-4	6	23
93	0.0092	5	23	18
94	0.0093	15	36	15
95	0.0094	5	11	0
96	0.0095	6	5	22
97	0.0096	0	13	26
98	0.0097	18	28	27
99	0.0098	13	33	11
100	0.0099	2	2	-4

电流增量数据 [1000Hz, 10点]
采样序号	时间(s)	A相电流(INT)	B相电流(INT)	C相电流(INT)
1	0.000	18	94	-2
2	0.001	30	1108	12
3	0.002	18	1796	-14
4	0.003	4	122	-19
5	0.004	-5	-304	-17
6	0.005	32	-517	-15
7	0.006	32	3777	-6
8	0.007	-10	831	1
9	0.008	37	1541	-12
10	0.009	34	1203	-11
================================================================================

=== 采集时间: 2025-12-05 15:12:28 (增量周期: 10.0ms) ===
振动增量数据 [等效10000Hz, 100点]
时序序号	时间(s)	X振动(INT)	Y振动(INT)	Z振动(INT)
1	0.0000	11	16	26
2	0.0001	-3	0	14
3	0.0002	7	22	9
4	0.0003	10	19	10
5	0.0004	7	11	7
6	0.0005	13	19	23
7	0.0006	-7	5	23
8	0.0007	5	31	23
9	0.0008	10	31	18
10	0.0009	1	14	2
11	0.0010	16	15	16
12	0.0011	2	3	20
13	0.0012	15	27	20
14	0.0013	18	23	19
15	0.0014	3	13	2
16	0.0015	3	10	24
17	0.0016	-2	5	20
18	0.0017	13	23	20
19	0.0018	15	23	11
20	0.0019	14	6	6
21	0.0020	18	15	27
22	0.0021	11	14	22
23	0.0022	11	28	22
24	0.0023	9	19	9
25	0.0024	-3	6	2
26	0.0025	7	19	28
27	0.0026	7	18	27
28	0.0027	11	19	23
29	0.0028	15	14	6
30	0.0029	3	5	3
31	0.0030	11	24	31
32	0.0031	7	23	24
33	0.0032	5	18	20
34	0.0033	14	9	9
35	0.0034	6	6	2
36	0.0035	7	19	20
37	0.0036	5	20	31
38	0.0037	-4	7	10
39	0.0038	11	10	2
40	0.0039	0	2	7
41	0.0040	13	23	37
42	0.0041	-4	18	26
43	0.0042	2	9	14
44	0.0043	10	11	3
45	0.0044	0	0	-4
46	0.0045	14	24	31
47	0.0046	-3	10	23
48	0.0047	3	14	19
49	0.0048	13	16	7
50	0.0049	2	9	-2
51	0.0050	10	23	31
52	0.0051	1	11	24
53	0.0052	10	22	20
54	0.0053	14	24	13
55	0.0054	-4	-3	-2
56	0.0055	1	16	22
57	0.0056	-11	2	23
58	0.0057	2	19	26
59	0.0058	19	20	13
60	0.0059	-2	2	5
61	0.0060	6	9	22
62	0.0061	-2	3	19
63	0.0062	5	20	19
64	0.0063	11	18	7
65	0.0064	-7	-4	2
66	0.0065	0	10	16
67	0.0066	-6	6	10
68	0.0067	3	19	16
69	0.0068	13	16	6
70	0.0069	-2	1	-2
71	0.0070	9	10	14
72	0.0071	-6	9	14
73	0.0072	2	11	11
74	0.0073	5	16	10
75	0.0074	-4	2	0
76	0.0075	11	13	22
77	0.0076	3	14	15
78	0.0077	10	16	14
79	0.0078	6	11	9
80	0.0079	11	9	1
81	0.0080	13	14	26
82	0.0081	-2	10	14
83	0.0082	3	18	18
84	0.0083	14	26	14
85	0.0084	11	14	3
86	0.0085	14	13	24
87	0.0086	3	13	20
88	0.0087	7	19	11
89	0.0088	10	19	13
90	0.0089	3	3	-3
91	0.0090	14	14	22
92	0.0091	0	7	16
93	0.0092	6	10	13
94	0.0093	11	13	3
95	0.0094	1	3	0
96	0.0095	10	16	31
97	0.0096	-4	13	23
98	0.0097	5	16	15
99	0.0098	13	7	6
100	0.0099	6	15	7

电流增量数据 [1000Hz, 10点]
采样序号	时间(s)	A相电流(INT)	B相电流(INT)	C相电流(INT)
1	0.000	36	1521	-3
2	0.001	3	-2133	-13
3	0.002	23	-159	-13
4	0.003	9	-47	-16
5	0.004	-32	-814	-2
6	0.005	0	-61	-24
7	0.006	31	1037	-6
8	0.007	60	1931	-3
9	0.008	-35	194	-6
10	0.009	18	-246	-13
================================================================================

=== 采集时间: 2025-12-05 15:12:29 (增量周期: 10.0ms) ===
振动增量数据 [等效10000Hz, 100点]
时序序号	时间(s)	X振动(INT)	Y振动(INT)	Z振动(INT)
1	0.0000	7	6	16
2	0.0001	0	9	18
3	0.0002	2	18	19
4	0.0003	16	28	16
5	0.0004	9	7	0
6	0.0005	11	9	16
7	0.0006	0	2	13
8	0.0007	7	22	13
9	0.0008	14	26	14
10	0.0009	9	9	0
11	0.0010	15	16	27
12	0.0011	-3	10	18
13	0.0012	7	27	20
14	0.0013	19	33	23
15	0.0014	23	16	10
16	0.0015	22	24	30
17	0.0016	0	13	26
18	0.0017	2	28	24
19	0.0018	13	22	22
20	0.0019	18	13	16
21	0.0020	22	24	40
22	0.0021	-2	10	28
23	0.0022	9	23	15
24	0.0023	11	16	14
25	0.0024	14	11	14
26	0.0025	19	19	33
27	0.0026	-4	13	23
28	0.0027	6	22	11
29	0.0028	9	13	2
30	0.0029	13	14	10
31	0.0030	16	19	30
32	0.0031	1	14	24
33	0.0032	7	26	16
34	0.0033	6	22	19
35	0.0034	2	16	3
36	0.0035	5	19	24
37	0.0036	-3	14	19
38	0.0037	9	27	20
39	0.0038	23	18	19
40	0.0039	5	9	13
41	0.0040	7	11	28
42	0.0041	-7	9	15
43	0.0042	0	24	13
44	0.0043	9	13	11
45	0.0044	5	0	2
46	0.0045	16	10	26
47	0.0046	10	19	26
48	0.0047	9	26	13
49	0.0048	7	18	2
50	0.0049	3	1	-3
51	0.0050	15	27	31
52	0.0051	-3	3	14
53	0.0052	5	9	13
54	0.0053	14	18	14
55	0.0054	9	6	2
56	0.0055	10	16	28
57	0.0056	-11	6	18
58	0.0057	1	13	13
59	0.0058	13	23	13
60	0.0059	3	3	7
61	0.0060	5	13	26
62	0.0061	6	7	22
63	0.0062	9	23	22
64	0.0063	9	26	14
65	0.0064	-2	11	2
66	0.0065	7	14	23
67	0.0066	0	18	26
68	0.0067	10	27	22
69	0.0068	18	27	18
70	0.0069	-2	-2	2
71	0.0070	7	13	22
72	0.0071	3	11	18
73	0.0072	5	20	13
74	0.0073	6	10	15
75	0.0074	-7	-8	2
76	0.0075	5	14	26
77	0.0076	0	13	19
78	0.0077	13	19	16
79	0.0078	19	18	9
80	0.0079	10	0	6
81	0.0080	11	14	36
82	0.0081	-4	14	23
83	0.0082	0	23	20
84	0.0083	11	23	14
85	0.0084	5	3	7
86	0.0085	15	24	28
87	0.0086	5	14	24
88	0.0087	10	26	22
89	0.0088	16	24	19
90	0.0089	1	6	3
91	0.0090	11	20	23
92	0.0091	-3	11	28
93	0.0092	9	22	14
94	0.0093	20	16	13
95	0.0094	11	6	7
96	0.0095	15	11	22
97	0.0096	3	19	18
98	0.0097	5	19	10
99	0.0098	15	19	10
100	0.0099	10	1	2

电流增量数据 [1000Hz, 10点]
采样序号	时间(s)	A相电流(INT)	B相电流(INT)	C相电流(INT)
1	0.000	-15	1822	-6
2	0.001	20	856	-19
3	0.002	-16	-75	4
4	0.003	31	-531	-11
5	0.004	0	1294	-17
6	0.005	25	1088	-15
7	0.006	-8	1344	-11
8	0.007	19	-1873	-16
9	0.008	13	-381	13
10	0.009	5	-6	-21
================================================================================

=== 采集时间: 2025-12-05 15:12:29 (增量周期: 10.0ms) ===
振动增量数据 [等效10000Hz, 100点]
时序序号	时间(s)	X振动(INT)	Y振动(INT)	Z振动(INT)
1	0.0000	6	14	31
2	0.0001	2	18	32
3	0.0002	15	30	19
4	0.0003	16	26	10
5	0.0004	-4	-2	-3
6	0.0005	1	10	22
7	0.0006	-3	16	23
8	0.0007	14	26	23
9	0.0008	13	27	16
10	0.0009	3	-2	5
11	0.0010	10	13	23
12	0.0011	3	15	20
13	0.0012	15	24	19
14	0.0013	10	15	16
15	0.0014	-3	3	9
16	0.0015	0	13	24
17	0.0016	3	14	22
18	0.0017	13	27	16
19	0.0018	13	11	10
20	0.0019	7	7	6
21	0.0020	3	14	27
22	0.0021	0	13	24
23	0.0022	5	23	14
24	0.0023	7	16	10
25	0.0024	3	16	1
26	0.0025	9	16	23
27	0.0026	1	10	18
28	0.0027	13	18	9
29	0.0028	13	14	10
30	0.0029	9	11	7
31	0.0030	5	19	28
32	0.0031	-4	7	14
33	0.0032	14	10	6
34	0.0033	20	19	13
35	0.0034	14	16	10
36	0.0035	7	19	27
37	0.0036	-2	3	16
38	0.0037	6	10	10
39	0.0038	22	30	19
40	0.0039	10	16	19
41	0.0040	10	19	31
42	0.0041	1	5	15
43	0.0042	2	10	5
44	0.0043	20	35	16
45	0.0044	7	23	16
46	0.0045	9	18	31
47	0.0046	0	5	11
48	0.0047	1	7	2
49	0.0048	15	27	10
50	0.0049	0	6	14
51	0.0050	10	16	36
52	0.0051	3	16	23
53	0.0052	11	19	10
54	0.0053	13	23	3
55	0.0054	7	9	9
56	0.0055	1	15	30
57	0.0056	2	7	23
58	0.0057	11	16	7
59	0.0058	16	26	6
60	0.0059	13	14	10
61	0.0060	6	14	28
62	0.0061	-4	5	23
63	0.0062	2	14	6
64	0.0063	10	20	7
65	0.0064	5	1	7
66	0.0065	7	13	27
67	0.0066	14	14	28
68	0.0067	15	11	14
69	0.0068	14	15	15
70	0.0069	-2	5	6
71	0.0070	1	16	24
72	0.0071	-2	22	26
73	0.0072	11	9	18
74	0.0073	11	13	11
75	0.0074	10	10	7
76	0.0075	6	19	23
77	0.0076	-2	13	16
78	0.0077	0	6	6
79	0.0078	7	16	9
80	0.0079	1	15	13
81	0.0080	5	16	31
82	0.0081	3	16	13
83	0.0082	5	5	3
84	0.0083	15	13	5
85	0.0084	3	11	6
86	0.0085	2	16	27
87	0.0086	-11	7	18
88	0.0087	-4	3	6
89	0.0088	11	13	3
90	0.0089	7	9	11
91	0.0090	5	13	22
92	0.0091	-4	10	15
93	0.0092	0	9	2
94	0.0093	13	13	6
95	0.0094	1	5	5
96	0.0095	5	16	28
97	0.0096	-7	9	13
98	0.0097	-3	7	1
99	0.0098	14	16	7
100	0.0099	3	6	5

电流增量数据 [1000Hz, 10点]
采样序号	时间(s)	A相电流(INT)	B相电流(INT)	C相电流(INT)
1	0.000	0	1356	-17
2	0.001	31	1235	0
3	0.002	29	1263	-20
4	0.003	12	-1445	-5
5	0.004	38	-450	-12
6	0.005	65	23	-4
7	0.006	19	-910	-4
8	0.007	-4	590	-17
9	0.008	-3	1015	-7
10	0.009	75	2146	6
================================================================================

=== 采集时间: 2025-12-05 15:12:30 (增量周期: 10.0ms) ===
振动增量数据 [等效10000Hz, 100点]
时序序号	时间(s)	X振动(INT)	Y振动(INT)	Z振动(INT)
1	0.0000	6	18	26
2	0.0001	-6	13	19
3	0.0002	6	19	18
4	0.0003	20	19	15
5	0.0004	3	1	2
6	0.0005	6	9	19
7	0.0006	-8	15	18
8	0.0007	2	19	11
9	0.0008	20	22	11
10	0.0009	3	1	5
11	0.0010	6	16	28
12	0.0011	3	19	20
13	0.0012	15	28	13
14	0.0013	28	30	13
15	0.0014	7	5	9
16	0.0015	2	23	27
17	0.0016	2	23	19
18	0.0017	9	22	11
19	0.0018	26	16	15
20	0.0019	3	-2	6
21	0.0020	1	20	27
22	0.0021	5	19	19
23	0.0022	5	18	7
24	0.0023	20	14	7
25	0.0024	3	-6	6
26	0.0025	7	20	27
27	0.0026	1	16	23
28	0.0027	2	11	5
29	0.0028	11	10	7
30	0.0029	3	-2	11
31	0.0030	10	31	32
32	0.0031	0	22	26
33	0.0032	1	10	10
34	0.0033	13	9	10
35	0.0034	0	-4	1
36	0.0035	16	35	33
37	0.0036	7	26	28
38	0.0037	7	13	13
39	0.0038	6	7	6
40	0.0039	-6	-2	13
41	0.0040	9	31	30
42	0.0041	-2	18	15
43	0.0042	1	2	1
44	0.0043	15	1	1
45	0.0044	6	-2	6
46	0.0045	16	27	40
47	0.0046	-4	9	14
48	0.0047	-6	2	-8
49	0.0048	6	10	1
50	0.0049	0	6	16
51	0.0050	13	26	37
52	0.0051	3	11	20
53	0.0052	3	11	3
54	0.0053	16	16	11
55	0.0054	6	10	16
56	0.0055	9	23	35
57	0.0056	0	13	23
58	0.0057	1	11	6
59	0.0058	10	18	6
60	0.0059	6	7	11
61	0.0060	3	10	27
62	0.0061	-6	9	13
63	0.0062	10	24	0
64	0.0063	14	13	7
65	0.0064	10	2	9
66	0.0065	11	19	39
67	0.0066	-3	19	22
68	0.0067	5	13	-3
69	0.0068	18	18	0
70	0.0069	3	0	2
71	0.0070	14	23	31
72	0.0071	1	23	23
73	0.0072	2	16	6
74	0.0073	13	2	1
75	0.0074	2	-2	-2
76	0.0075	7	24	26
77	0.0076	9	19	20
78	0.0077	0	2	5
79	0.0078	7	5	11
80	0.0079	-12	9	6
81	0.0080	7	32	33
82	0.0081	1	23	16
83	0.0082	5	11	6
84	0.0083	14	6	11
85	0.0084	7	6	13
86	0.0085	13	31	33
87	0.0086	2	18	22
88	0.0087	-6	10	6
89	0.0088	5	9	9
90	0.0089	2	15	15
91	0.0090	15	30	37
92	0.0091	6	9	24
93	0.0092	13	6	2
94	0.0093	7	9	5
95	0.0094	14	15	11
96	0.0095	11	28	36
97	0.0096	-3	9	19
98	0.0097	-6	6	2
99	0.0098	7	18	6
100	0.0099	0	6	11

电流增量数据 [1000Hz, 10点]
采样序号	时间(s)	A相电流(INT)	B相电流(INT)	C相电流(INT)
1	0.000	47	-1163	-6
2	0.001	1	-804	13
3	0.002	3	101	-15
4	0.003	9	-1045	11
5	0.004	0	915	-6
6	0.005	-5	728	1
7	0.006	-16	2043	12
8	0.007	28	103	-11
9	0.008	14	-272	-2
10	0.009	2	181	-15
================================================================================

=== 采集时间: 2025-12-05 15:12:30 (增量周期: 10.0ms) ===
振动增量数据 [等效10000Hz, 100点]
时序序号	时间(s)	X振动(INT)	Y振动(INT)	Z振动(INT)
1	0.0000	-7	10	31
2	0.0001	-2	31	19
3	0.0002	0	10	-4
4	0.0003	7	-6	-2
5	0.0004	-2	-14	13
6	0.0005	5	19	30
7	0.0006	6	30	16
8	0.0007	-6	-2	-7
9	0.0008	5	-3	-3
10	0.0009	-3	-2	6
11	0.0010	5	18	35
12	0.0011	9	28	23
13	0.0012	-2	7	2
14	0.0013	5	13	7
15	0.0014	5	6	6
16	0.0015	13	22	32
17	0.0016	14	16	22
18	0.0017	2	13	10
19	0.0018	10	20	14
20	0.0019	3	13	15
21	0.0020	6	15	31
22	0.0021	1	10	16
23	0.0022	2	3	-6
24	0.0023	15	14	5
25	0.0024	3	6	14
26	0.0025	16	18	40
27	0.0026	9	20	20
28	0.0027	3	6	2
29	0.0028	7	18	5
30	0.0029	0	14	9
31	0.0030	3	23	31
32	0.0031	6	14	16
33	0.0032	11	10	7
34	0.0033	14	16	9
35	0.0034	5	14	14
36	0.0035	7	19	32
37	0.0036	2	13	18
38	0.0037	14	14	0
39	0.0038	15	23	9
40	0.0039	0	14	19
41	0.0040	5	22	33
42	0.0041	14	15	18
43	0.0042	14	15	3
44	0.0043	15	16	14
45	0.0044	-7	6	13
46	0.0045	0	18	32
47	0.0046	9	27	23
48	0.0047	9	18	9
49	0.0048	16	15	14
50	0.0049	-2	3	2
51	0.0050	0	13	30
52	0.0051	13	33	33
53	0.0052	9	26	14
54	0.0053	14	9	5
55	0.0054	0	-11	-3
56	0.0055	3	16	24
57	0.0056	15	37	27
58	0.0057	13	18	10
59	0.0058	10	3	0
60	0.0059	-4	-8	0
61	0.0060	-4	23	33
62	0.0061	13	39	23
63	0.0062	9	14	7
64	0.0063	18	11	3
65	0.0064	7	3	6
66	0.0065	2	19	35
67	0.0066	7	23	26
68	0.0067	5	14	3
69	0.0068	9	16	7
70	0.0069	-4	9	13
71	0.0070	5	18	30
72	0.0071	13	22	20
73	0.0072	7	-2	10
74	0.0073	13	20	10
75	0.0074	-4	9	7
76	0.0075	7	16	23
77	0.0076	3	13	20
78	0.0077	3	7	7
79	0.0078	19	22	11
80	0.0079	-4	1	3
81	0.0080	-2	9	24
82	0.0081	1	10	16
83	0.0082	9	18	13
84	0.0083	26	31	23
85	0.0084	14	9	20
86	0.0085	5	13	27
87	0.0086	1	9	15
88	0.0087	10	15	7
89	0.0088	26	35	20
90	0.0089	7	13	19
91	0.0090	6	16	31
92	0.0091	5	16	20
93	0.0092	9	13	9
94	0.0093	19	26	16
95	0.0094	3	10	15
96	0.0095	3	10	32
97	0.0096	11	14	27
98	0.0097	11	14	11
99	0.0098	26	27	16
100	0.0099	5	15	14

电流增量数据 [1000Hz, 10点]
采样序号	时间(s)	A相电流(INT)	B相电流(INT)	C相电流(INT)
1	0.000	-17	2088	6
2	0.001	10	150	5
3	0.002	-14	-274	1
4	0.003	40	205	2
5	0.004	15	2370	11
6	0.005	19	2043	-13
7	0.006	13	1348	-11
8	0.007	-7	1586	-6
9	0.008	30	275	-20
10	0.009	10	309	-13
================================================================================

=== 采集时间: 2025-12-05 15:12:30 (增量周期: 10.0ms) ===
振动增量数据 [等效10000Hz, 100点]
时序序号	时间(s)	X振动(INT)	Y振动(INT)	Z振动(INT)
1	0.0000	10	9	30
2	0.0001	2	23	23
3	0.0002	7	27	0
4	0.0003	10	14	6
5	0.0004	5	-8	3
6	0.0005	9	9	26
7	0.0006	11	32	26
8	0.0007	13	33	10
9	0.0008	15	9	3
10	0.0009	-2	-3	2
11	0.0010	3	9	26
12	0.0011	5	26	22
13	0.0012	7	30	11
14	0.0013	11	7	15
15	0.0014	2	0	13
16	0.0015	2	18	30
17	0.0016	7	23	23
18	0.0017	5	24	6
19	0.0018	15	13	18
20	0.0019	-2	2	15
21	0.0020	11	11	32
22	0.0021	5	24	24
23	0.0022	7	15	2
24	0.0023	15	16	14
25	0.0024	-6	-6	9
26	0.0025	9	16	28
27	0.0026	9	27	18
28	0.0027	10	19	13
29	0.0028	18	18	15
30	0.0029	2	-4	1
31	0.0030	5	13	22
32	0.0031	5	22	20
33	0.0032	5	18	7
34	0.0033	10	15	14
35	0.0034	-3	-2	13
36	0.0035	5	18	27
37	0.0036	10	19	23
38	0.0037	10	20	9
39	0.0038	15	15	18
40	0.0039	5	2	10
41	0.0040	7	9	24
42	0.0041	5	19	24
43	0.0042	5	32	13
44	0.0043	16	23	22
45	0.0044	7	0	6
46	0.0045	6	2	24
47	0.0046	1	14	22
48	0.0047	9	35	16
49	0.0048	22	26	10
50	0.0049	5	-4	6
51	0.0050	3	7	24
52	0.0051	0	2	15
53	0.0052	7	22	7
54	0.0053	22	32	19
55	0.0054	2	7	14
56	0.0055	2	1	26
57	0.0056	3	6	14
58	0.0057	7	26	-2
59	0.0058	19	33	14
60	0.0059	-7	1	9
61	0.0060	3	2	23
62	0.0061	1	10	15
63	0.0062	11	22	6
64	0.0063	14	27	19
65	0.0064	-6	0	10
66	0.0065	10	2	20
67	0.0066	14	15	22
68	0.0067	18	26	27
69	0.0068	20	32	19
70	0.0069	2	-2	9
71	0.0070	3	5	23
72	0.0071	11	16	20
73	0.0072	20	36	13
74	0.0073	20	26	22
75	0.0074	6	-4	11
76	0.0075	9	18	28
77	0.0076	11	18	26
78	0.0077	18	33	16
79	0.0078	22	18	19
80	0.0079	9	10	16
81	0.0080	5	16	30
82	0.0081	7	24	15
83	0.0082	9	22	14
84	0.0083	24	22	22
85	0.0084	10	11	18
86	0.0085	10	16	28
87	0.0086	7	16	15
88	0.0087	3	15	11
89	0.0088	18	30	27
90	0.0089	7	14	16
91	0.0090	5	16	32
92	0.0091	0	13	19
93	0.0092	7	15	10
94	0.0093	18	33	26
95	0.0094	9	15	16
96	0.0095	6	22	19
97	0.0096	0	-2	15
98	0.0097	-2	18	13
99	0.0098	32	40	28
100	0.0099	1	16	10

电流增量数据 [1000Hz, 10点]
采样序号	时间(s)	A相电流(INT)	B相电流(INT)	C相电流(INT)
1	0.000	37	-238	7
2	0.001	11	150	1
3	0.002	-5	2194	13
4	0.003	19	2255	6
5	0.004	46	1281	3
6	0.005	-24	2659	-12
7	0.006	20	286	13
8	0.007	5	327	-20
9	0.008	28	-609	-5
10	0.009	0	1476	-16
================================================================================

=== 采集时间: 2025-12-05 15:12:31 (增量周期: 10.0ms) ===
振动增量数据 [等效10000Hz, 100点]
时序序号	时间(s)	X振动(INT)	Y振动(INT)	Z振动(INT)
1	0.0000	7	24	32
2	0.0001	0	13	13
3	0.0002	3	6	-4
4	0.0003	9	10	16
5	0.0004	-6	6	10
6	0.0005	3	18	26
7	0.0006	-2	10	16
8	0.0007	5	3	5
9	0.0008	9	18	13
10	0.0009	2	6	10
11	0.0010	3	13	22
12	0.0011	1	7	11
13	0.0012	2	11	2
14	0.0013	7	13	14
15	0.0014	-4	-3	10
16	0.0015	5	13	18
17	0.0016	2	6	9
18	0.0017	-4	6	0
19	0.0018	13	7	10
20	0.0019	-4	5	10
21	0.0020	5	18	31
22	0.0021	2	13	16
23	0.0022	7	9	-2
24	0.0023	20	14	14
25	0.0024	2	3	20
26	0.0025	5	16	28
27	0.0026	-2	13	15
28	0.0027	3	9	-3
29	0.0028	15	10	19
30	0.0029	2	13	18
31	0.0030	13	19	24
32	0.0031	2	9	7
33	0.0032	6	2	0
34	0.0033	15	13	14
35	0.0034	1	2	9
36	0.0035	7	23	31
37	0.0036	1	19	14
38	0.0037	6	13	-6
39	0.0038	14	15	16
40	0.0039	-3	-3	18
41	0.0040	9	33	33
42	0.0041	10	33	24
43	0.0042	14	14	6
44	0.0043	13	9	14
45	0.0044	-4	5	19
46	0.0045	3	26	32
47	0.0046	7	28	26
48	0.0047	2	13	6
49	0.0048	16	10	19
50	0.0049	0	2	14
51	0.0050	10	31	27
52	0.0051	5	30	20
53	0.0052	7	24	6
54	0.0053	10	10	16
55	0.0054	2	5	15
56	0.0055	10	33	32
57	0.0056	2	27	19
58	0.0057	6	15	1
59	0.0058	13	9	16
60	0.0059	6	6	16
61	0.0060	10	23	26
62	0.0061	3	19	19
63	0.0062	-3	14	-2
64	0.0063	10	11	10
65	0.0064	0	18	16
66	0.0065	13	20	32
67	0.0066	5	18	13
68	0.0067	-2	11	-2
69	0.0068	11	18	14
70	0.0069	3	14	16
71	0.0070	10	16	33
72	0.0071	6	13	18
73	0.0072	11	16	7
74	0.0073	15	26	15
75	0.0074	-2	7	16
76	0.0075	7	13	27
77	0.0076	2	10	15
78	0.0077	5	13	5
79	0.0078	9	19	10
80	0.0079	5	1	14
81	0.0080	2	10	26
82	0.0081	11	19	15
83	0.0082	11	11	3
84	0.0083	13	10	13
85	0.0084	-4	2	10
86	0.0085	0	19	28
87	0.0086	2	19	18
88	0.0087	5	19	-3
89	0.0088	11	6	6
90	0.0089	-4	-11	9
91	0.0090	2	18	39
92	0.0091	16	32	23
93	0.0092	5	27	6
94	0.0093	10	9	7
95	0.0094	-6	-12	3
96	0.0095	10	23	37
97	0.0096	23	39	33
98	0.0097	13	24	15
99	0.0098	20	13	15
100	0.0099	-2	1	10

电流增量数据 [1000Hz, 10点]
采样序号	时间(s)	A相电流(INT)	B相电流(INT)	C相电流(INT)
1	0.000	9	296	-11
2	0.001	41	1833	18
3	0.002	15	50	9
4	0.003	28	-115	-8
5	0.004	-8	192	-8
6	0.005	4	1998	9
7	0.006	-17	2257	-11
8	0.007	39	1137	2
9	0.008	6	2797	14
10	0.009	32	249	-4
================================================================================

=== 采集时间: 2025-12-05 15:12:31 (增量周期: 10.0ms) ===
振动增量数据 [等效10000Hz, 100点]
时序序号	时间(s)	X振动(INT)	Y振动(INT)	Z振动(INT)
1	0.0000	7	19	28
2	0.0001	5	15	7
3	0.0002	5	9	-3
4	0.0003	5	16	23
5	0.0004	-2	10	18
6	0.0005	13	24	30
7	0.0006	13	16	20
8	0.0007	5	13	2
9	0.0008	16	23	14
10	0.0009	-3	5	16
11	0.0010	2	10	22
12	0.0011	6	20	18
13	0.0012	-2	19	2
14	0.0013	14	19	22
15	0.0014	0	6	16
16	0.0015	10	10	20
17	0.0016	15	27	16
18	0.0017	2	13	2
19	0.0018	11	18	19
20	0.0019	1	14	11
21	0.0020	13	18	24
22	0.0021	9	19	16
23	0.0022	9	13	6
24	0.0023	7	18	14
25	0.0024	3	13	18
26	0.0025	16	23	23
27	0.0026	11	22	14
28	0.0027	14	14	9
29	0.0028	7	11	15
30	0.0029	7	18	15
31	0.0030	11	23	24
32	0.0031	13	15	15
33	0.0032	16	11	3
34	0.0033	16	20	22
35	0.0034	-6	19	23
36	0.0035	3	19	31
37	0.0036	5	15	9
38	0.0037	13	15	6
39	0.0038	14	16	23
40	0.0039	5	11	16
41	0.0040	9	14	26
42	0.0041	9	16	18
43	0.0042	13	15	3
44	0.0043	11	26	16
45	0.0044	-3	9	9
46	0.0045	7	15	28
47	0.0046	13	18	24
48	0.0047	19	23	2
49	0.0048	23	24	20
50	0.0049	-3	2	19
51	0.0050	1	14	26
52	0.0051	13	27	23
53	0.0052	13	23	10
54	0.0053	19	16	23
55	0.0054	2	6	14
56	0.0055	13	19	28
57	0.0056	16	27	18
58	0.0057	18	19	3
59	0.0058	14	13	18
60	0.0059	-2	3	19
61	0.0060	5	14	30
62	0.0061	6	30	22
63	0.0062	15	16	19
64	0.0063	18	19	20
65	0.0064	10	11	22
66	0.0065	9	19	31
67	0.0066	11	27	31
68	0.0067	5	16	11
69	0.0068	10	26	28
70	0.0069	-2	1	13
71	0.0070	9	18	26
72	0.0071	16	33	30
73	0.0072	10	22	15
74	0.0073	16	18	20
75	0.0074	-2	7	14
76	0.0075	7	14	27
77	0.0076	15	30	23
78	0.0077	11	14	11
79	0.0078	18	23	32
80	0.0079	5	6	18
81	0.0080	3	15	30
82	0.0081	3	24	11
83	0.0082	11	16	6
84	0.0083	19	27	32
85	0.0084	5	6	22
86	0.0085	5	9	26
87	0.0086	2	18	19
88	0.0087	10	16	5
89	0.0088	13	24	23
90	0.0089	5	3	16
91	0.0090	-2	3	22
92	0.0091	3	19	16
93	0.0092	2	10	9
94	0.0093	19	19	19
95	0.0094	3	13	22
96	0.0095	0	9	24
97	0.0096	7	18	18
98	0.0097	7	13	7
99	0.0098	11	13	24
100	0.0099	-8	14	23

电流增量数据 [1000Hz, 10点]
采样序号	时间(s)	A相电流(INT)	B相电流(INT)	C相电流(INT)
1	0.000	49	1782	7
2	0.001	-16	2411	3
3	0.002	6	1010	-2
4	0.003	15	2164	-24
5	0.004	-11	181	6
6	0.005	38	563	-6
7	0.006	27	-644	6
8	0.007	29	1319	15
9	0.008	1	1069	-11
10	0.009	16	1171	-2
================================================================================

=== 采集时间: 2025-12-05 15:12:32 (增量周期: 10.0ms) ===
振动增量数据 [等效10000Hz, 100点]
时序序号	时间(s)	X振动(INT)	Y振动(INT)	Z振动(INT)
1	0.0000	10	32	27
2	0.0001	3	22	16
3	0.0002	5	6	2
4	0.0003	16	26	22
5	0.0004	7	9	26
6	0.0005	11	23	27
7	0.0006	13	18	10
8	0.0007	10	13	6
9	0.0008	13	18	18
10	0.0009	-2	10	19
11	0.0010	6	22	30
12	0.0011	5	15	19
13	0.0012	9	14	6
14	0.0013	20	23	26
15	0.0014	9	10	18
16	0.0015	15	19	20
17	0.0016	9	16	10
18	0.0017	3	13	9
19	0.0018	11	22	20
20	0.0019	-2	7	18
21	0.0020	0	22	26
22	0.0021	15	22	14
23	0.0022	10	10	0
24	0.0023	20	24	16
25	0.0024	-4	2	20
26	0.0025	2	18	27
27	0.0026	11	19	11
28	0.0027	6	13	6
29	0.0028	23	27	24
30	0.0029	-3	10	26
31	0.0030	10	19	32
32	0.0031	18	20	15
33	0.0032	9	9	3
34	0.0033	13	23	28
35	0.0034	-6	11	24
36	0.0035	9	26	35
37	0.0036	13	23	23
38	0.0037	13	6	0
39	0.0038	15	23	22
40	0.0039	2	9	28
41	0.0040	9	35	37
42	0.0041	14	35	19
43	0.0042	5	6	3
44	0.0043	10	10	20
45	0.0044	5	6	27
46	0.0045	9	26	31
47	0.0046	20	32	24
48	0.0047	5	5	-3
49	0.0048	14	13	11
50	0.0049	5	15	20
51	0.0050	1	31	36
52	0.0051	15	24	19
53	0.0052	11	-3	-3
54	0.0053	19	19	23
55	0.0054	5	18	27
56	0.0055	3	26	31
57	0.0056	10	26	9
58	0.0057	-3	-8	-4
59	0.0058	5	22	22
60	0.0059	1	24	27
61	0.0060	5	15	28
62	0.0061	10	23	5
63	0.0062	7	9	1
64	0.0063	13	9	16
65	0.0064	0	15	16
66	0.0065	-2	18	24
67	0.0066	-4	15	11
68	0.0067	2	14	2
69	0.0068	15	19	20
70	0.0069	10	13	18
71	0.0070	6	6	24
72	0.0071	7	11	11
73	0.0072	3	19	7
74	0.0073	9	18	26
75	0.0074	2	13	16
76	0.0075	2	7	22
77	0.0076	9	13	11
78	0.0077	14	20	6
79	0.0078	19	24	22
80	0.0079	-6	3	14
81	0.0080	3	6	16
82	0.0081	6	13	11
83	0.0082	5	18	7
84	0.0083	15	27	23
85	0.0084	-3	10	19
86	0.0085	9	11	20
87	0.0086	11	19	10
88	0.0087	9	18	7
89	0.0088	19	23	27
90	0.0089	2	3	19
91	0.0090	5	18	27
92	0.0091	10	18	14
93	0.0092	3	22	6
94	0.0093	19	11	26
95	0.0094	3	6	23
96	0.0095	15	16	30
97	0.0096	6	22	13
98	0.0097	5	19	-3
99	0.0098	15	16	11
100	0.0099	0	3	23

电流增量数据 [1000Hz, 10点]
采样序号	时间(s)	A相电流(INT)	B相电流(INT)	C相电流(INT)
1	0.000	21	773	12
2	0.001	-4	2569	-4
3	0.002	19	383	-16
4	0.003	5	579	-11
5	0.004	49	-724	5
6	0.005	-5	1061	4
7	0.006	21	1062	-8
8	0.007	16	985	18
9	0.008	23	-687	0
10	0.009	38	-1383	-8
================================================================================

=== 采集时间: 2025-12-05 15:12:32 (增量周期: 10.0ms) ===
振动增量数据 [等效10000Hz, 100点]
时序序号	时间(s)	X振动(INT)	Y振动(INT)	Z振动(INT)
1	0.0000	3	9	19
2	0.0001	5	16	11
3	0.0002	-2	19	5
4	0.0003	15	28	26
5	0.0004	6	13	22
6	0.0005	10	10	27
7	0.0006	10	16	11
8	0.0007	6	26	11
9	0.0008	10	24	31
10	0.0009	-3	11	27
11	0.0010	10	13	22
12	0.0011	10	14	11
13	0.0012	13	18	5
14	0.0013	20	22	26
15	0.0014	0	10	20
16	0.0015	6	14	22
17	0.0016	10	22	10
18	0.0017	9	16	-2
19	0.0018	13	23	30
20	0.0019	1	3	19
21	0.0020	11	11	22
22	0.0021	14	23	5
23	0.0022	6	13	1
24	0.0023	5	19	23
25	0.0024	-7	10	20
26	0.0025	1	19	19
27	0.0026	11	18	16
28	0.0027	11	7	2
29	0.0028	15	19	27
30	0.0029	7	6	20
31	0.0030	5	16	19
32	0.0031	14	10	10
33	0.0032	2	3	-2
34	0.0033	11	16	27
35	0.0034	1	18	24
36	0.0035	9	22	23
37	0.0036	13	11	16
38	0.0037	2	7	7
39	0.0038	14	18	18
40	0.0039	5	27	22
41	0.0040	0	14	22
42	0.0041	6	19	10
43	0.0042	3	13	9
44	0.0043	14	24	26
45	0.0044	5	14	19
46	0.0045	5	13	20
47	0.0046	7	15	13
48	0.0047	2	3	0
49	0.0048	14	16	16
50	0.0049	3	14	20
51	0.0050	5	11	24
52	0.0051	9	14	18
53	0.0052	6	3	-3
54	0.0053	19	23	16
55	0.0054	2	11	18
56	0.0055	9	19	27
57	0.0056	15	23	23
58	0.0057	11	13	11
59	0.0058	15	28	28
60	0.0059	-2	14	18
61	0.0060	1	6	16
62	0.0061	14	22	18
63	0.0062	16	26	7
64	0.0063	15	24	33
65	0.0064	-4	7	20
66	0.0065	5	15	19
67	0.0066	18	26	14
68	0.0067	11	15	13
69	0.0068	19	20	26
70	0.0069	5	15	22
71	0.0070	9	13	19
72	0.0071	10	26	13
73	0.0072	7	26	10
74	0.0073	10	23	28
75	0.0074	2	6	23
76	0.0075	10	10	22
77	0.0076	26	27	16
78	0.0077	19	20	13
79	0.0078	19	30	32
80	0.0079	0	7	18
81	0.0080	5	16	18
82	0.0081	5	23	14
83	0.0082	6	15	9
84	0.0083	23	23	27
85	0.0084	15	14	24
86	0.0085	15	23	26
87	0.0086	9	22	7
88	0.0087	3	7	1
89	0.0088	9	22	18
90	0.0089	2	16	18
91	0.0090	5	18	27
92	0.0091	6	15	15
93	0.0092	9	11	6
94	0.0093	19	24	27
95	0.0094	6	11	18
96	0.0095	7	19	22
97	0.0096	0	15	11
98	0.0097	-2	14	14
99	0.0098	11	24	24
100	0.0099	9	13	16

电流增量数据 [1000Hz, 10点]
采样序号	时间(s)	A相电流(INT)	B相电流(INT)	C相电流(INT)
1	0.000	4	-14	16
2	0.001	-11	1577	22
3	0.002	27	2667	5
4	0.003	2	975	1
5	0.004	1	2648	-13
6	0.005	-8	65	-8
7	0.006	29	498	-10
8	0.007	-6	-756	20
9	0.008	30	1063	-2
10	0.009	9	947	-12
================================================================================

=== 采集时间: 2025-12-05 15:12:32 (增量周期: 10.0ms) ===
振动增量数据 [等效10000Hz, 100点]
时序序号	时间(s)	X振动(INT)	Y振动(INT)	Z振动(INT)
1	0.0000	14	15	16
2	0.0001	11	18	13
3	0.0002	0	5	1
4	0.0003	9	20	23
5	0.0004	-2	5	13
6	0.0005	10	16	15
7	0.0006	18	18	9
8	0.0007	9	13	7
9	0.0008	11	15	24
10	0.0009	-8	-2	16
11	0.0010	-4	20	14
12	0.0011	-2	19	7
13	0.0012	5	15	6
14	0.0013	13	9	19
15	0.0014	1	-3	20
16	0.0015	3	13	18
17	0.0016	11	28	13
18	0.0017	0	10	0
19	0.0018	6	9	13
20	0.0019	-12	-11	11
21	0.0020	2	18	22
22	0.0021	18	27	16
23	0.0022	2	6	-3
24	0.0023	7	3	13
25	0.0024	-19	-8	11
26	0.0025	5	24	23
27	0.0026	9	27	16
28	0.0027	3	9	6
29	0.0028	10	10	23
30	0.0029	-6	-3	16
31	0.0030	15	33	26
32	0.0031	15	31	22
33	0.0032	5	9	7
34	0.0033	5	10	23
35	0.0034	-11	1	20
36	0.0035	5	24	27
37	0.0036	13	22	19
38	0.0037	9	10	1
39	0.0038	13	11	19
40	0.0039	2	5	19
41	0.0040	6	16	19
42	0.0041	14	14	10
43	0.0042	0	9	1
44	0.0043	5	16	20
45	0.0044	0	7	16
46	0.0045	1	18	22
47	0.0046	16	19	14
48	0.0047	10	13	7
49	0.0048	13	24	26
50	0.0049	-4	7	19
51	0.0050	1	5	18
52	0.0051	5	11	11
53	0.0052	2	14	5
54	0.0053	14	28	33
55	0.0054	9	9	19
56	0.0055	13	11	20
57	0.0056	15	27	16
58	0.0057	2	22	2
59	0.0058	9	19	24
60	0.0059	-7	-3	16
61	0.0060	7	19	20
62	0.0061	14	32	16
63	0.0062	11	19	2
64	0.0063	9	3	9
65	0.0064	-10	-4	10
66	0.0065	0	18	20
67	0.0066	15	35	16
68	0.0067	13	15	6
69	0.0068	10	2	23
70	0.0069	-6	-12	13
71	0.0070	5	16	10
72	0.0071	13	31	16
73	0.0072	7	16	7
74	0.0073	7	9	23
75	0.0074	-4	3	15
76	0.0075	9	18	16
77	0.0076	20	26	14
78	0.0077	18	19	7
79	0.0078	14	16	16
80	0.0079	5	13	18
81	0.0080	1	16	18
82	0.0081	11	32	18
83	0.0082	6	19	5
84	0.0083	9	10	14
85	0.0084	0	-2	15
86	0.0085	13	22	18
87	0.0086	24	31	20
88	0.0087	16	9	10
89	0.0088	5	9	19
90	0.0089	-14	6	5
91	0.0090	-11	13	13
92	0.0091	6	23	16
93	0.0092	11	6	10
94	0.0093	23	18	23
95	0.0094	5	14	23
96	0.0095	2	19	22
97	0.0096	15	27	18
98	0.0097	3	13	7
99	0.0098	15	26	31
100	0.0099	2	14	28

电流增量数据 [1000Hz, 10点]
采样序号	时间(s)	A相电流(INT)	B相电流(INT)	C相电流(INT)
1	0.000	23	72	10
2	0.001	5	1315	24
3	0.002	21	-372	5
4	0.003	-3	-383	13
5	0.004	43	-307	14
6	0.005	36	926	9
7	0.006	6	2602	2
8	0.007	32	937	9
9	0.008	-5	2657	3
10	0.009	18	-110	-5
================================================================================

=== 采集时间: 2025-12-05 15:12:33 (增量周期: 10.0ms) ===
振动增量数据 [等效10000Hz, 100点]
时序序号	时间(s)	X振动(INT)	Y振动(INT)	Z振动(INT)
1	0.0000	-2	13	15
2	0.0001	5	10	5
3	0.0002	5	-3	2
4	0.0003	6	13	22
5	0.0004	1	13	27
6	0.0005	5	19	13
7	0.0006	7	19	10
8	0.0007	-6	-6	-4
9	0.0008	0	20	24
10	0.0009	-4	15	20
11	0.0010	5	18	16
12	0.0011	15	13	10
13	0.0012	3	-7	-4
14	0.0013	10	19	22
15	0.0014	-3	19	18
16	0.0015	2	16	14
17	0.0016	3	9	10
18	0.0017	-3	-10	-7
19	0.0018	10	13	20
20	0.0019	6	30	20
21	0.0020	10	13	15
22	0.0021	9	13	10
23	0.0022	-2	-2	7
24	0.0023	9	24	22
25	0.0024	0	23	20
26	0.0025	0	6	19
27	0.0026	13	6	14
28	0.0027	15	16	10
29	0.0028	15	27	35
30	0.0029	-4	18	24
31	0.0030	-4	3	14
32	0.0031	2	19	9
33	0.0032	10	22	14
34	0.0033	19	24	33
35	0.0034	13	6	27
36	0.0035	7	5	11
37	0.0036	2	19	2
38	0.0037	9	30	5
39	0.0038	9	20	23
40	0.0039	0	10	16
41	0.0040	5	16	16
42	0.0041	13	24	13
43	0.0042	9	13	2
44	0.0043	18	5	22
45	0.0044	2	-2	13
46	0.0045	5	16	16
47	0.0046	9	37	18
48	0.0047	1	11	7
49	0.0048	11	18	32
50	0.0049	0	5	18
51	0.0050	11	5	13
52	0.0051	19	7	3
53	0.0052	2	10	0
54	0.0053	5	24	26
55	0.0054	-4	13	18
56	0.0055	10	16	5
57	0.0056	3	9	6
58	0.0057	0	5	6
59	0.0058	7	26	31
60	0.0059	9	15	23
61	0.0060	18	18	16
62	0.0061	11	13	2
63	0.0062	-2	3	5
64	0.0063	2	24	36
65	0.0064	5	22	27
66	0.0065	13	23	16
67	0.0066	15	16	5
68	0.0067	3	1	1
69	0.0068	5	18	22
70	0.0069	14	33	33
71	0.0070	15	19	13
72	0.0071	6	9	2
73	0.0072	-6	2	2
74	0.0073	3	23	30
75	0.0074	6	28	28
76	0.0075	20	16	15
77	0.0076	9	9	3
78	0.0077	6	9	2
79	0.0078	6	27	33
80	0.0079	3	24	27
81	0.0080	2	3	13
82	0.0081	1	9	10
83	0.0082	6	23	9
84	0.0083	9	28	30
85	0.0084	7	18	19
86	0.0085	9	-3	10
87	0.0086	15	27	18
88	0.0087	7	30	15
89	0.0088	3	22	31
90	0.0089	3	7	14
91	0.0090	3	-4	11
92	0.0091	19	27	18
93	0.0092	24	28	13
94	0.0093	18	19	35
95	0.0094	2	-3	15
96	0.0095	-2	2	11
97	0.0096	18	32	19
98	0.0097	9	32	16
99	0.0098	15	15	27
100	0.0099	10	3	18

电流增量数据 [1000Hz, 10点]
采样序号	时间(s)	A相电流(INT)	B相电流(INT)	C相电流(INT)
1	0.000	33	1226	5
2	0.001	20	-254	10
3	0.002	36	-326	9
4	0.003	5	-294	18
5	0.004	41	828	18
6	0.005	2	2625	4
7	0.006	19	820	18
8	0.007	22	2724	10
9	0.008	41	148	6
10	0.009	7	377	-3
================================================================================

=== 采集时间: 2025-12-05 15:12:33 (增量周期: 10.0ms) ===
振动增量数据 [等效10000Hz, 100点]
时序序号	时间(s)	X振动(INT)	Y振动(INT)	Z振动(INT)
1	0.0000	11	19	7
2	0.0001	15	19	11
3	0.0002	-2	2	6
4	0.0003	3	15	30
5	0.0004	6	22	23
6	0.0005	19	14	13
7	0.0006	20	18	10
8	0.0007	3	15	7
9	0.0008	9	20	33
10	0.0009	2	13	18
11	0.0010	7	7	10
12	0.0011	11	20	10
13	0.0012	9	23	16
14	0.0013	14	30	31
15	0.0014	2	9	15
16	0.0015	5	3	9
17	0.0016	14	15	13
18	0.0017	13	30	16
19	0.0018	7	30	37
20	0.0019	-11	-2	14
21	0.0020	-8	-11	0
22	0.0021	11	13	2
23	0.0022	15	31	13
24	0.0023	19	28	36
25	0.0024	-2	5	19
26	0.0025	0	-2	2
27	0.0026	9	13	3
28	0.0027	6	27	10
29	0.0028	10	22	31
30	0.0029	3	10	16
31	0.0030	11	5	7
32	0.0031	18	19	15
33	0.0032	11	28	20
34	0.0033	2	24	32
35	0.0034	-6	3	14
36	0.0035	3	7	1
37	0.0036	24	23	19
38	0.0037	14	19	22
39	0.0038	19	22	32
40	0.0039	2	9	15
41	0.0040	1	13	5
42	0.0041	11	24	14
43	0.0042	0	14	7
44	0.0043	10	15	28
45	0.0044	5	3	14
46	0.0045	5	9	7
47	0.0046	13	13	6
48	0.0047	-2	3	-2
49	0.0048	13	19	24
50	0.0049	1	9	13
51	0.0050	5	3	7
52	0.0051	15	27	19
53	0.0052	11	15	16
54	0.0053	10	13	26
55	0.0054	-7	5	7
56	0.0055	7	5	0
57	0.0056	16	16	6
58	0.0057	9	13	14
59	0.0058	2	13	37
60	0.0059	-11	9	19
61	0.0060	7	6	0
62	0.0061	5	9	-3
63	0.0062	13	11	6
64	0.0063	14	16	28
65	0.0064	-6	11	18
66	0.0065	-2	0	5
67	0.0066	-6	13	2
68	0.0067	2	24	2
69	0.0068	7	22	28
70	0.0069	5	7	23
71	0.0070	11	2	5
72	0.0071	13	14	10
73	0.0072	9	10	9
74	0.0073	3	13	30
75	0.0074	-2	13	16
76	0.0075	1	7	13
77	0.0076	9	7	16
78	0.0077	11	14	11
79	0.0078	15	14	28
80	0.0079	1	10	16
81	0.0080	-7	1	5
82	0.0081	9	20	9
83	0.0082	1	15	7
84	0.0083	10	13	30
85	0.0084	-7	9	15
86	0.0085	1	9	3
87	0.0086	15	18	11
88	0.0087	13	18	7
89	0.0088	11	16	32
90	0.0089	-2	11	18
91	0.0090	1	13	7
92	0.0091	11	16	10
93	0.0092	1	6	1
94	0.0093	13	11	33
95	0.0094	0	10	18
96	0.0095	16	14	16
97	0.0096	5	19	15
98	0.0097	7	2	9
99	0.0098	15	15	22
100	0.0099	0	9	24

电流增量数据 [1000Hz, 10点]
采样序号	时间(s)	A相电流(INT)	B相电流(INT)	C相电流(INT)
1	0.000	0	186	9
2	0.001	12	-2154	-6
3	0.002	14	-137	7
4	0.003	5	-2278	5
5	0.004	46	553	19
6	0.005	28	155	-2
7	0.006	72	1306	15
8	0.007	4	-114	10
9	0.008	15	-473	22
10	0.009	13	-143	-3
================================================================================

=== 采集时间: 2025-12-05 15:12:34 (增量周期: 10.0ms) ===
振动增量数据 [等效10000Hz, 100点]
时序序号	时间(s)	X振动(INT)	Y振动(INT)	Z振动(INT)
1	0.0000	15	18	20
2	0.0001	18	26	16
3	0.0002	-3	3	6
4	0.0003	2	14	28
5	0.0004	-10	6	20
6	0.0005	6	10	11
7	0.0006	23	16	14
8	0.0007	6	0	11
9	0.0008	10	14	30
10	0.0009	-4	6	18
11	0.0010	2	10	11
12	0.0011	13	16	9
13	0.0012	0	10	10
14	0.0013	5	20	32
15	0.0014	-2	13	23
16	0.0015	14	16	14
17	0.0016	20	14	6
18	0.0017	6	14	13
19	0.0018	0	19	31
20	0.0019	-8	7	19
21	0.0020	10	18	13
22	0.0021	18	15	16
23	0.0022	7	11	13
24	0.0023	9	19	32
25	0.0024	-2	14	18
26	0.0025	16	9	3
27	0.0026	13	10	11
28	0.0027	2	9	11
29	0.0028	7	24	40
30	0.0029	5	10	28
31	0.0030	16	13	6
32	0.0031	16	11	2
33	0.0032	2	9	5
34	0.0033	3	18	31
35	0.0034	3	13	19
36	0.0035	6	16	14
37	0.0036	13	14	15
38	0.0037	11	18	10
39	0.0038	18	28	27
40	0.0039	3	19	19
41	0.0040	10	9	10
42	0.0041	15	14	14
43	0.0042	9	19	18
44	0.0043	14	30	36
45	0.0044	-3	11	19
46	0.0045	3	6	2
47	0.0046	15	9	3
48	0.0047	10	6	14
49	0.0048	15	19	35
50	0.0049	-2	11	20
51	0.0050	1	13	13
52	0.0051	18	20	11
53	0.0052	10	13	15
54	0.0053	3	15	31
55	0.0054	-8	9	16
56	0.0055	0	9	6
57	0.0056	15	15	11
58	0.0057	5	9	11
59	0.0058	9	14	35
60	0.0059	-7	9	24
61	0.0060	-2	5	7
62	0.0061	13	9	-6
63	0.0062	0	1	3
64	0.0063	10	15	35
65	0.0064	0	16	27
66	0.0065	5	18	11
67	0.0066	14	15	3
68	0.0067	10	11	9
69	0.0068	15	27	36
70	0.0069	2	11	23
71	0.0070	11	22	14
72	0.0071	20	18	15
73	0.0072	11	13	16
74	0.0073	16	32	33
75	0.0074	5	22	20
76	0.0075	5	14	6
77	0.0076	22	14	16
78	0.0077	11	18	19
79	0.0078	18	23	43
80	0.0079	6	15	22
81	0.0080	14	15	3
82	0.0081	16	7	7
83	0.0082	10	14	13
84	0.0083	11	24	41
85	0.0084	5	24	30
86	0.0085	9	16	11
87	0.0086	23	19	7
88	0.0087	11	13	3
89	0.0088	30	30	32
90	0.0089	9	18	24
91	0.0090	5	16	13
92	0.0091	9	19	11
93	0.0092	-10	14	15
94	0.0093	18	32	31
95	0.0094	2	19	19
96	0.0095	14	13	14
97	0.0096	16	10	10
98	0.0097	9	11	9
99	0.0098	10	19	33
100	0.0099	-10	2	13

电流增量数据 [1000Hz, 10点]
采样序号	时间(s)	A相电流(INT)	B相电流(INT)	C相电流(INT)
1	0.000	32	-571	10
2	0.001	20	-316	13
3	0.002	12	-105	18
4	0.003	55	2661	10
5	0.004	41	315	6
6	0.005	16	2787	-3
7	0.006	51	-145	-12
8	0.007	-14	145	4
9	0.008	40	-1042	11
10	0.009	48	558	13
================================================================================

=== 采集时间: 2025-12-05 15:12:34 (增量周期: 10.0ms) ===
振动增量数据 [等效10000Hz, 100点]
时序序号	时间(s)	X振动(INT)	Y振动(INT)	Z振动(INT)
1	0.0000	11	22	13
2	0.0001	19	23	13
3	0.0002	0	-2	2
4	0.0003	11	13	23
5	0.0004	2	19	22
6	0.0005	9	19	15
7	0.0006	9	20	15
8	0.0007	1	9	9
9	0.0008	7	19	26
10	0.0009	3	10	20
11	0.0010	3	14	7
12	0.0011	15	19	11
13	0.0012	3	6	10
14	0.0013	9	18	27
15	0.0014	1	9	14
16	0.0015	2	14	6
17	0.0016	6	13	10
18	0.0017	10	14	7
19	0.0018	11	19	24
20	0.0019	11	14	22
21	0.0020	11	16	10
22	0.0021	18	19	10
23	0.0022	6	9	10
24	0.0023	7	19	31
25	0.0024	1	11	20
26	0.0025	5	19	14
27	0.0026	22	20	19
28	0.0027	10	14	13
29	0.0028	7	23	36
30	0.0029	-3	19	26
31	0.0030	9	23	9
32	0.0031	22	30	18
33	0.0032	2	6	15
34	0.0033	7	11	27
35	0.0034	5	16	14
36	0.0035	9	22	10
37	0.0036	19	30	11
38	0.0037	-11	-6	5
39	0.0038	-7	5	27
40	0.0039	-2	3	6
41	0.0040	2	11	0
42	0.0041	23	19	15
43	0.0042	-4	-6	6
44	0.0043	3	10	27
45	0.0044	-4	2	13
46	0.0045	-11	13	1
47	0.0046	10	20	10
48	0.0047	-6	-2	6
49	0.0048	10	15	32
50	0.0049	11	13	23
51	0.0050	2	15	5
52	0.0051	15	24	7
53	0.0052	-7	-2	7
54	0.0053	3	20	28
55	0.0054	3	15	22
56	0.0055	0	10	14
57	0.0056	16	19	7
58	0.0057	6	-6	6
59	0.0058	10	18	18
60	0.0059	1	7	14
61	0.0060	11	19	15
62	0.0061	7	16	10
63	0.0062	-6	-4	-3
64	0.0063	-2	20	20
65	0.0064	3	19	23
66	0.0065	10	23	13
67	0.0066	22	15	16
68	0.0067	10	10	6
69	0.0068	13	27	31
70	0.0069	6	18	23
71	0.0070	9	16	5
72	0.0071	23	13	10
73	0.0072	3	2	10
74	0.0073	10	16	32
75	0.0074	2	16	22
76	0.0075	3	9	5
77	0.0076	19	10	7
78	0.0077	3	5	2
79	0.0078	10	20	32
80	0.0079	-4	18	27
81	0.0080	3	16	16
82	0.0081	18	15	6
83	0.0082	9	9	6
84	0.0083	5	19	35
85	0.0084	-4	23	16
86	0.0085	6	18	6
87	0.0086	15	13	7
88	0.0087	5	11	14
89	0.0088	9	22	30
90	0.0089	-2	7	23
91	0.0090	14	11	7
92	0.0091	27	14	10
93	0.0092	1	-2	11
94	0.0093	0	14	32
95	0.0094	-7	1	19
96	0.0095	9	14	7
97	0.0096	22	16	15
98	0.0097	3	6	13
99	0.0098	14	23	35
100	0.0099	1	15	20

电流增量数据 [1000Hz, 10点]
采样序号	时间(s)	A相电流(INT)	B相电流(INT)	C相电流(INT)
1	0.000	5	-2268	-4
2	0.001	19	-231	0
3	0.002	29	-2469	1
4	0.003	-2	411	15
5	0.004	14	333	11
6	0.005	5	1718	0
7	0.006	27	-281	18
8	0.007	47	-598	-3
9	0.008	45	-586	16
10	0.009	42	-309	6
================================================================================

=== 采集时间: 2025-12-05 15:12:35 (增量周期: 10.0ms) ===
振动增量数据 [等效10000Hz, 100点]
时序序号	时间(s)	X振动(INT)	Y振动(INT)	Z振动(INT)
1	0.0000	10	11	9
2	0.0001	19	16	20
3	0.0002	9	23	19
4	0.0003	14	30	33
5	0.0004	10	27	28
6	0.0005	13	16	14
7	0.0006	24	28	23
8	0.0007	13	23	22
9	0.0008	14	28	40
10	0.0009	5	23	18
11	0.0010	7	11	2
12	0.0011	14	15	18
13	0.0012	3	7	14
14	0.0013	11	15	35
15	0.0014	7	19	16
16	0.0015	6	16	2
17	0.0016	10	15	13
18	0.0017	-2	6	5
19	0.0018	2	9	28
20	0.0019	3	14	20
21	0.0020	6	18	5
22	0.0021	13	20	19
23	0.0022	-3	9	7
24	0.0023	2	13	28
25	0.0024	5	23	20
26	0.0025	6	18	14
27	0.0026	15	22	16
28	0.0027	5	10	13
29	0.0028	5	26	28
30	0.0029	11	23	15
31	0.0030	13	16	1
32	0.0031	19	5	10
33	0.0032	1	5	16
34	0.0033	13	27	36
35	0.0034	-2	22	19
36	0.0035	10	9	-7
37	0.0036	15	-2	-6
38	0.0037	6	6	16
39	0.0038	14	23	32
40	0.0039	-4	23	28
41	0.0040	5	10	5
42	0.0041	10	9	5
43	0.0042	-3	10	9
44	0.0043	18	30	32
45	0.0044	-4	13	13
46	0.0045	9	16	9
47	0.0046	9	15	18
48	0.0047	0	15	14
49	0.0048	9	26	28
50	0.0049	-6	14	20
51	0.0050	9	23	9
52	0.0051	16	16	18
53	0.0052	7	9	13
54	0.0053	13	11	27
55	0.0054	1	18	24
56	0.0055	11	30	11
57	0.0056	13	16	15
58	0.0057	11	11	6
59	0.0058	7	5	28
60	0.0059	13	18	20
61	0.0060	5	11	7
62	0.0061	15	20	18
63	0.0062	-2	13	11
64	0.0063	7	18	32
65	0.0064	0	6	16
66	0.0065	10	5	3
67	0.0066	14	11	7
68	0.0067	11	6	16
69	0.0068	5	16	33
70	0.0069	7	9	19
71	0.0070	9	10	7
72	0.0071	7	14	9
73	0.0072	0	10	16
74	0.0073	5	19	36
75	0.0074	9	14	20
76	0.0075	11	16	9
77	0.0076	18	27	16
78	0.0077	6	10	11
79	0.0078	7	27	26
80	0.0079	1	18	15
81	0.0080	2	19	14
82	0.0081	7	18	19
83	0.0082	1	2	13
84	0.0083	10	23	32
85	0.0084	10	23	24
86	0.0085	5	9	6
87	0.0086	9	2	5
88	0.0087	-3	-10	-2
89	0.0088	-3	14	30
90	0.0089	5	19	24
91	0.0090	-2	-4	-4
92	0.0091	15	5	6
93	0.0092	-4	-2	7
94	0.0093	5	19	27
95	0.0094	0	14	13
96	0.0095	-4	3	0
97	0.0096	15	15	10
98	0.0097	6	15	15
99	0.0098	9	19	31
100	0.0099	2	16	10

电流增量数据 [1000Hz, 10点]
采样序号	时间(s)	A相电流(INT)	B相电流(INT)	C相电流(INT)
1	0.000	-4	-901	-14
2	0.001	29	266	19
3	0.002	5	442	0
4	0.003	33	491	13
5	0.004	72	666	4
6	0.005	57	-2556	-3
7	0.006	15	-176	9
8	0.007	36	-2363	-5
9	0.008	14	478	18
10	0.009	22	-87	9
================================================================================

=== 采集时间: 2025-12-05 15:12:35 (增量周期: 10.0ms) ===
振动增量数据 [等效10000Hz, 100点]
时序序号	时间(s)	X振动(INT)	Y振动(INT)	Z振动(INT)
1	0.0000	13	20	3
2	0.0001	19	24	16
3	0.0002	-2	5	18
4	0.0003	11	19	30
5	0.0004	10	18	16
6	0.0005	10	16	1
7	0.0006	20	23	19
8	0.0007	-2	-4	11
9	0.0008	0	6	28
10	0.0009	1	13	10
11	0.0010	3	15	-4
12	0.0011	20	19	10
13	0.0012	1	-15	7
14	0.0013	3	9	27
15	0.0014	10	16	16
16	0.0015	6	18	-2
17	0.0016	9	13	6
18	0.0017	-14	-7	9
19	0.0018	5	20	26
20	0.0019	7	30	24
21	0.0020	7	13	9
22	0.0021	15	15	10
23	0.0022	-3	3	9
24	0.0023	6	26	33
25	0.0024	11	26	24
26	0.0025	7	9	6
27	0.0026	23	19	9
28	0.0027	-3	2	20
29	0.0028	9	26	36
30	0.0029	13	16	18
31	0.0030	6	5	1
32	0.0031	20	16	14
33	0.0032	-2	3	13
34	0.0033	9	18	27
35	0.0034	2	10	13
36	0.0035	9	5	1
37	0.0036	16	18	7
38	0.0037	-2	0	13
39	0.0038	-2	18	27
40	0.0039	-2	13	14
41	0.0040	11	22	2
42	0.0041	19	30	23
43	0.0042	2	13	24
44	0.0043	2	19	30
45	0.0044	3	14	9
46	0.0045	9	18	7
47	0.0046	16	24	24
48	0.0047	7	13	19
49	0.0048	5	19	24
50	0.0049	1	13	13
51	0.0050	9	22	7
52	0.0051	11	27	18
53	0.0052	9	6	20
54	0.0053	9	13	26
55	0.0054	7	13	15
56	0.0055	6	13	1
57	0.0056	15	24	15
58	0.0057	-6	5	14
59	0.0058	7	18	32
60	0.0059	6	23	23
61	0.0060	18	15	1
62	0.0061	19	9	7
63	0.0062	-3	-3	5
64	0.0063	9	18	26
65	0.0064	7	15	9
66	0.0065	14	9	1
67	0.0066	13	7	14
68	0.0067	2	9	19
69	0.0068	11	30	35
70	0.0069	10	23	23
71	0.0070	22	20	6
72	0.0071	19	20	22
73	0.0072	9	19	27
74	0.0073	13	33	43
75	0.0074	10	20	20
76	0.0075	6	13	6
77	0.0076	14	24	22
78	0.0077	10	22	22
79	0.0078	18	27	41
80	0.0079	14	11	19
81	0.0080	13	14	3
82	0.0081	11	15	11
83	0.0082	3	15	16
84	0.0083	13	27	30
85	0.0084	5	7	16
86	0.0085	13	13	1
87	0.0086	19	15	10
88	0.0087	5	15	16
89	0.0088	9	22	30
90	0.0089	5	10	10
91	0.0090	5	14	6
92	0.0091	18	24	20
93	0.0092	7	24	20
94	0.0093	10	27	37
95	0.0094	5	14	22
96	0.0095	7	19	5
97	0.0096	15	33	24
98	0.0097	5	19	26
99	0.0098	7	14	35
100	0.0099	2	6	13

电流增量数据 [1000Hz, 10点]
采样序号	时间(s)	A相电流(INT)	B相电流(INT)	C相电流(INT)
1	0.000	38	-654	11
2	0.001	81	-660	5
3	0.002	32	-873	10
4	0.003	9	2515	18
5	0.004	36	214	6
6	0.005	25	2315	9
7	0.006	50	-209	10
8	0.007	38	157	1
9	0.008	32	-952	15
10	0.009	37	118	27
================================================================================

=== 采集时间: 2025-12-05 15:12:36 (增量周期: 10.0ms) ===
振动增量数据 [等效10000Hz, 100点]
时序序号	时间(s)	X振动(INT)	Y振动(INT)	Z振动(INT)
1	0.0000	0	-3	-2
2	0.0001	11	20	27
3	0.0002	2	24	26
4	0.0003	14	14	24
5	0.0004	2	-7	10
6	0.0005	14	13	6
7	0.0006	28	40	30
8	0.0007	7	26	22
9	0.0008	10	13	23
10	0.0009	-7	1	10
11	0.0010	15	27	7
12	0.0011	20	31	22
13	0.0012	10	16	28
14	0.0013	10	10	20
15	0.0014	10	7	11
16	0.0015	11	20	-3
17	0.0016	22	14	13
18	0.0017	7	7	7
19	0.0018	10	9	22
20	0.0019	5	11	10
21	0.0020	10	10	0
22	0.0021	14	15	9
23	0.0022	9	9	10
24	0.0023	7	23	24
25	0.0024	9	14	14
26	0.0025	10	13	5
27	0.0026	18	13	16
28	0.0027	7	14	20
29	0.0028	14	27	33
30	0.0029	7	22	20
31	0.0030	9	18	6
32	0.0031	14	23	27
33	0.0032	3	7	19
34	0.0033	11	18	30
35	0.0034	14	19	16
36	0.0035	14	18	9
37	0.0036	28	26	23
38	0.0037	9	2	15
39	0.0038	7	20	32
40	0.0039	2	19	20
41	0.0040	2	19	9
42	0.0041	16	16	20
43	0.0042	9	1	22
44	0.0043	20	20	32
45	0.0044	14	28	28
46	0.0045	14	20	9
47	0.0046	15	13	19
48	0.0047	3	10	20
49	0.0048	11	32	39
50	0.0049	11	36	27
51	0.0050	6	-2	0
52	0.0051	10	7	7
53	0.0052	2	3	13
54	0.0053	13	35	41
55	0.0054	31	31	27
56	0.0055	5	2	2
57	0.0056	16	15	14
58	0.0057	-3	9	18
59	0.0058	6	30	41
60	0.0059	24	31	19
61	0.0060	1	-3	-7
62	0.0061	15	19	18
63	0.0062	1	10	19
64	0.0063	9	40	35
65	0.0064	16	27	20
66	0.0065	-2	-7	-4
67	0.0066	19	28	13
68	0.0067	-6	11	15
69	0.0068	5	22	35
70	0.0069	10	15	14
71	0.0070	3	-2	-7
72	0.0071	16	24	10
73	0.0072	-6	0	11
74	0.0073	5	15	24
75	0.0074	5	10	15
76	0.0075	9	-6	5
77	0.0076	15	23	15
78	0.0077	-2	0	14
79	0.0078	5	10	22
80	0.0079	3	13	18
81	0.0080	7	15	7
82	0.0081	15	40	20
83	0.0082	-6	3	16
84	0.0083	3	19	30
85	0.0084	11	23	19
86	0.0085	10	24	14
87	0.0086	24	33	20
88	0.0087	-2	0	6
89	0.0088	2	18	24
90	0.0089	0	19	19
91	0.0090	9	23	5
92	0.0091	16	27	23
93	0.0092	-2	-8	6
94	0.0093	13	10	23
95	0.0094	15	20	16
96	0.0095	15	20	10
97	0.0096	15	22	22
98	0.0097	-7	-6	10
99	0.0098	-2	6	15
100	0.0099	9	19	14

电流增量数据 [1000Hz, 10点]
采样序号	时间(s)	A相电流(INT)	B相电流(INT)	C相电流(INT)
1	0.000	25	255	4
2	0.001	19	1921	20
3	0.002	23	-621	9
4	0.003	24	-24	20
5	0.004	42	-1394	4
6	0.005	28	311	20
7	0.006	32	516	12
8	0.007	40	483	13
9	0.008	-7	344	-5
10	0.009	9	-2782	4
================================================================================

=== 采集时间: 2025-12-05 15:12:36 (增量周期: 10.0ms) ===
振动增量数据 [等效10000Hz, 100点]
时序序号	时间(s)	X振动(INT)	Y振动(INT)	Z振动(INT)
1	0.0000	9	14	-6
2	0.0001	7	5	7
3	0.0002	-8	-2	7
4	0.0003	2	9	24
5	0.0004	13	30	22
6	0.0005	13	6	2
7	0.0006	5	9	10
8	0.0007	-3	0	11
9	0.0008	5	28	32
10	0.0009	19	27	24
11	0.0010	18	5	-3
12	0.0011	9	5	9
13	0.0012	-2	9	14
14	0.0013	11	33	33
15	0.0014	18	33	18
16	0.0015	6	-3	-8
17	0.0016	10	18	14
18	0.0017	2	23	19
19	0.0018	9	30	26
20	0.0019	18	22	9
21	0.0020	7	-11	-7
22	0.0021	13	24	14
23	0.0022	1	13	20
24	0.0023	2	15	20
25	0.0024	7	6	6
26	0.0025	2	-7	-6
27	0.0026	18	15	20
28	0.0027	2	15	22
29	0.0028	13	9	24
30	0.0029	13	10	5
31	0.0030	9	1	5
32	0.0031	16	31	23
33	0.0032	-2	23	22
34	0.0033	2	14	27
35	0.0034	9	15	15
36	0.0035	9	14	13
37	0.0036	32	39	33
38	0.0037	6	13	20
39	0.0038	11	13	26
40	0.0039	7	15	10
41	0.0040	6	10	5
42	0.0041	14	30	33
43	0.0042	-4	2	15
44	0.0043	0	2	15
45	0.0044	6	5	5
46	0.0045	6	10	-4
47	0.0046	18	20	23
48	0.0047	-3	3	14
49	0.0048	1	0	16
50	0.0049	5	9	1
51	0.0050	20	22	14
52	0.0051	20	27	24
53	0.0052	5	5	23
54	0.0053	10	11	23
55	0.0054	14	19	16
56	0.0055	14	14	5
57	0.0056	18	13	22
58	0.0057	2	2	19
59	0.0058	3	13	22
60	0.0059	11	23	13
61	0.0060	9	14	5
62	0.0061	10	14	9
63	0.0062	2	11	16
64	0.0063	7	20	28
65	0.0064	7	23	14
66	0.0065	2	11	0
67	0.0066	15	22	10
68	0.0067	1	13	7
69	0.0068	14	27	30
70	0.0069	9	20	16
71	0.0070	7	3	-3
72	0.0071	9	15	13
73	0.0072	5	6	13
74	0.0073	11	13	20
75	0.0074	13	13	10
76	0.0075	13	2	3
77	0.0076	19	19	26
78	0.0077	7	14	24
79	0.0078	7	22	32
80	0.0079	10	16	11
81	0.0080	13	7	7
82	0.0081	24	26	26
83	0.0082	13	22	27
84	0.0083	9	18	36
85	0.0084	7	16	14
86	0.0085	9	13	0
87	0.0086	19	33	18
88	0.0087	3	23	22
89	0.0088	5	26	33
90	0.0089	15	19	18
91	0.0090	14	14	-2
92	0.0091	23	26	16
93	0.0092	5	23	20
94	0.0093	5	19	32
95	0.0094	5	16	16
96	0.0095	7	9	3
97	0.0096	13	20	27
98	0.0097	2	15	20
99	0.0098	13	22	31
100	0.0099	15	18	14

电流增量数据 [1000Hz, 10点]
采样序号	时间(s)	A相电流(INT)	B相电流(INT)	C相电流(INT)
1	0.000	23	-493	14
2	0.001	-12	-894	7
3	0.002	11	-815	4
4	0.003	46	-770	5
5	0.004	2	2724	12
6	0.005	25	-42	4
7	0.006	52	1966	15
8	0.007	50	-778	0
9	0.008	22	-86	9
10	0.009	39	-1388	9
================================================================================

=== 采集时间: 2025-12-05 15:12:36 (增量周期: 10.0ms) ===
振动增量数据 [等效10000Hz, 100点]
时序序号	时间(s)	X振动(INT)	Y振动(INT)	Z振动(INT)
1	0.0000	14	16	-2
2	0.0001	3	6	20
3	0.0002	0	14	10
4	0.0003	-7	14	23
5	0.0004	6	28	10
6	0.0005	5	-2	5
7	0.0006	13	9	15
8	0.0007	9	11	7
9	0.0008	-3	11	16
10	0.0009	5	13	10
11	0.0010	-7	-7	-7
12	0.0011	13	10	20
13	0.0012	-2	15	14
14	0.0013	0	9	11
15	0.0014	7	6	3
16	0.0015	7	-4	1
17	0.0016	15	19	16
18	0.0017	3	30	18
19	0.0018	-7	14	9
20	0.0019	5	10	2
21	0.0020	2	9	0
22	0.0021	28	24	24
23	0.0022	13	27	20
24	0.0023	9	9	16
25	0.0024	11	11	7
26	0.0025	3	9	-2
27	0.0026	15	24	22
28	0.0027	-2	14	23
29	0.0028	2	9	20
30	0.0029	7	3	5
31	0.0030	13	9	-4
32	0.0031	22	14	23
33	0.0032	9	9	18
34	0.0033	6	13	16
35	0.0034	3	10	6
36	0.0035	-4	0	-6
37	0.0036	10	19	20
38	0.0037	1	13	20
39	0.0038	9	19	19
40	0.0039	14	19	7
41	0.0040	11	7	0
42	0.0041	16	28	22
43	0.0042	9	13	24
44	0.0043	-2	5	20
45	0.0044	6	9	9
46	0.0045	6	11	3
47	0.0046	14	22	14
48	0.0047	6	13	15
49	0.0048	3	9	9
50	0.0049	14	22	14
51	0.0050	11	18	5
52	0.0051	16	23	18
53	0.0052	1	16	13
54	0.0053	5	16	22
55	0.0054	11	31	7
56	0.0055	16	27	3
57	0.0056	15	16	23
58	0.0057	7	10	20
59	0.0058	3	23	28
60	0.0059	14	24	11
61	0.0060	11	10	-2
62	0.0061	14	10	28
63	0.0062	10	6	23
64	0.0063	15	19	22
65	0.0064	10	19	7
66	0.0065	1	-4	-11
67	0.0066	9	9	15
68	0.0067	0	18	22
69	0.0068	10	20	26
70	0.0069	14	20	7
71	0.0070	6	2	1
72	0.0071	13	14	18
73	0.0072	6	15	19
74	0.0073	10	28	27
75	0.0074	5	19	11
76	0.0075	0	10	1
77	0.0076	9	22	23
78	0.0077	11	20	24
79	0.0078	9	19	28
80	0.0079	11	11	7
81	0.0080	9	10	-2
82	0.0081	10	13	13
83	0.0082	1	10	26
84	0.0083	3	18	27
85	0.0084	11	16	13
86	0.0085	2	-4	-7
87	0.0086	15	5	15
88	0.0087	2	11	19
89	0.0088	16	23	31
90	0.0089	16	19	16
91	0.0090	6	6	-6
92	0.0091	10	13	10
93	0.0092	-6	9	20
94	0.0093	7	19	28
95	0.0094	14	30	11
96	0.0095	15	14	2
97	0.0096	11	11	19
98	0.0097	1	15	13
99	0.0098	13	27	30
100	0.0099	16	40	23

电流增量数据 [1000Hz, 10点]
采样序号	时间(s)	A相电流(INT)	B相电流(INT)	C相电流(INT)
1	0.000	7	-388	-4
2	0.001	76	527	14
3	0.002	19	-574	2
4	0.003	5	-833	15
5	0.004	76	-1022	18
6	0.005	38	-1135	18
7	0.006	10	2300	2
8	0.007	12	113	7
9	0.008	12	1952	23
10	0.009	34	-757	9
================================================================================

=== 采集时间: 2025-12-05 15:12:37 (增量周期: 10.0ms) ===
振动增量数据 [等效10000Hz, 100点]
时序序号	时间(s)	X振动(INT)	Y振动(INT)	Z振动(INT)
1	0.0000	7	6	-3
2	0.0001	20	20	18
3	0.0002	7	14	15
4	0.0003	10	11	19
5	0.0004	10	9	16
6	0.0005	3	10	9
7	0.0006	20	27	24
8	0.0007	2	9	19
9	0.0008	5	14	28
10	0.0009	15	16	15
11	0.0010	11	15	1
12	0.0011	15	18	19
13	0.0012	-6	3	23
14	0.0013	5	26	23
15	0.0014	9	23	11
16	0.0015	7	13	0
17	0.0016	11	2	6
18	0.0017	-3	-2	23
19	0.0018	18	31	23
20	0.0019	15	26	15
21	0.0020	2	11	0
22	0.0021	7	2	7
23	0.0022	-10	-8	13
24	0.0023	18	28	32
25	0.0024	23	28	23
26	0.0025	3	6	5
27	0.0026	15	6	13
28	0.0027	-14	-3	10
29	0.0028	13	40	28
30	0.0029	15	19	13
31	0.0030	-4	2	-3
32	0.0031	18	18	20
33	0.0032	-12	2	22
34	0.0033	26	35	30
35	0.0034	14	22	15
36	0.0035	5	13	2
37	0.0036	11	24	23
38	0.0037	-12	2	16
39	0.0038	9	31	22
40	0.0039	10	15	10
41	0.0040	10	10	0
42	0.0041	18	28	20
43	0.0042	2	1	23
44	0.0043	6	18	15
45	0.0044	7	3	2
46	0.0045	2	16	0
47	0.0046	5	23	19
48	0.0047	0	13	23
49	0.0048	13	18	16
50	0.0049	19	10	13
51	0.0050	11	11	5
52	0.0051	14	13	19
53	0.0052	-4	6	19
54	0.0053	6	19	20
55	0.0054	5	18	13
56	0.0055	5	9	5
57	0.0056	9	11	24
58	0.0057	5	2	18
59	0.0058	16	13	15
60	0.0059	16	15	13
61	0.0060	10	1	6
62	0.0061	14	18	23
63	0.0062	-2	9	15
64	0.0063	2	15	19
65	0.0064	7	19	15
66	0.0065	7	7	2
67	0.0066	18	26	24
68	0.0067	3	18	20
69	0.0068	10	22	18
70	0.0069	6	15	6
71	0.0070	5	5	-2
72	0.0071	16	33	23
73	0.0072	2	20	23
74	0.0073	-2	13	23
75	0.0074	10	6	5
76	0.0075	6	3	-3
77	0.0076	23	23	23
78	0.0077	1	9	15
79	0.0078	-6	-2	13
80	0.0079	0	0	5
81	0.0080	0	2	-3
82	0.0081	10	16	14
83	0.0082	-3	3	11
84	0.0083	-3	1	13
85	0.0084	7	13	3
86	0.0085	3	6	2
87	0.0086	5	18	16
88	0.0087	-8	6	14
89	0.0088	-8	10	11
90	0.0089	15	18	6
91	0.0090	9	7	-2
92	0.0091	18	18	22
93	0.0092	-2	6	14
94	0.0093	1	13	18
95	0.0094	3	20	9
96	0.0095	9	6	-4
97	0.0096	16	9	24
98	0.0097	6	-2	22
99	0.0098	7	16	27
100	0.0099	11	19	11

电流增量数据 [1000Hz, 10点]
采样序号	时间(s)	A相电流(INT)	B相电流(INT)	C相电流(INT)
1	0.000	36	581	1
2	0.001	51	279	12
3	0.002	-26	78	-3
4	0.003	6	-2902	-10
5	0.004	-7	-496	6
6	0.005	20	-2780	-7
7	0.006	42	-114	18
8	0.007	11	-407	5
9	0.008	50	575	3
10	0.009	32	-659	-4
================================================================================

=== 采集时间: 2025-12-05 15:12:37 (增量周期: 10.0ms) ===
振动增量数据 [等效10000Hz, 100点]
时序序号	时间(s)	X振动(INT)	Y振动(INT)	Z振动(INT)
1	0.0000	14	13	7
2	0.0001	26	30	33
3	0.0002	2	3	18
4	0.0003	5	11	16
5	0.0004	11	19	13
6	0.0005	5	16	11
7	0.0006	14	32	36
8	0.0007	0	14	30
9	0.0008	7	15	20
10	0.0009	19	13	7
11	0.0010	11	10	5
12	0.0011	19	32	30
13	0.0012	-3	14	23
14	0.0013	3	19	23
15	0.0014	9	23	13
16	0.0015	6	11	3
17	0.0016	10	27	24
18	0.0017	-3	6	18
19	0.0018	9	18	16
20	0.0019	15	20	16
21	0.0020	10	6	6
22	0.0021	9	23	24
23	0.0022	-6	5	19
24	0.0023	5	13	13
25	0.0024	10	18	6
26	0.0025	10	9	6
27	0.0026	13	15	23
28	0.0027	3	15	26
29	0.0028	10	18	16
30	0.0029	10	16	6
31	0.0030	3	5	-2
32	0.0031	11	19	24
33	0.0032	2	16	24
34	0.0033	9	24	19
35	0.0034	16	11	5
36	0.0035	9	11	0
37	0.0036	15	37	28
38	0.0037	3	18	18
39	0.0038	0	10	7
40	0.0039	10	7	0
41	0.0040	3	13	5
42	0.0041	20	39	37
43	0.0042	14	24	23
44	0.0043	3	6	13
45	0.0044	13	10	2
46	0.0045	6	10	2
47	0.0046	15	28	33
48	0.0047	10	9	23
49	0.0048	3	6	15
50	0.0049	24	24	10
51	0.0050	13	10	3
52	0.0051	7	24	27
53	0.0052	-2	3	15
54	0.0053	-10	13	7
55	0.0054	13	31	15
56	0.0055	10	11	10
57	0.0056	24	23	24
58	0.0057	19	18	19
59	0.0058	3	13	15
60	0.0059	11	27	3
61	0.0060	11	0	2
62	0.0061	11	14	23
63	0.0062	2	13	24
64	0.0063	0	20	22
65	0.0064	2	10	-2
66	0.0065	2	18	-2
67	0.0066	13	28	33
68	0.0067	10	14	32
69	0.0068	14	22	22
70	0.0069	11	16	9
71	0.0070	2	13	0
72	0.0071	9	28	22
73	0.0072	0	19	24
74	0.0073	7	10	20
75	0.0074	18	13	9
76	0.0075	5	13	5
77	0.0076	10	20	20
78	0.0077	-4	6	16
79	0.0078	2	9	13
80	0.0079	10	10	6
81	0.0080	-4	5	0
82	0.0081	7	14	27
83	0.0082	-7	7	16
84	0.0083	7	13	18
85	0.0084	13	13	5
86	0.0085	7	9	1
87	0.0086	2	27	27
88	0.0087	-8	9	22
89	0.0088	2	18	18
90	0.0089	9	19	6
91	0.0090	10	1	-2
92	0.0091	2	10	18
93	0.0092	-2	5	20
94	0.0093	3	24	13
95	0.0094	11	20	5
96	0.0095	1	5	-6
97	0.0096	3	1	6
98	0.0097	-6	2	20
99	0.0098	7	11	15
100	0.0099	19	16	7

电流增量数据 [1000Hz, 10点]
采样序号	时间(s)	A相电流(INT)	B相电流(INT)	C相电流(INT)
1	0.000	33	-129	9
2	0.001	32	297	-7
3	0.002	-13	232	7
4	0.003	36	111	5
5	0.004	-14	-2902	-2
6	0.005	25	-456	0
7	0.006	12	-3011	-12
8	0.007	5	-176	14
9	0.008	83	-396	7
10	0.009	19	512	3
================================================================================

=== 采集时间: 2025-12-05 15:12:38 (增量周期: 10.0ms) ===
振动增量数据 [等效10000Hz, 100点]
时序序号	时间(s)	X振动(INT)	Y振动(INT)	Z振动(INT)
1	0.0000	13	9	2
2	0.0001	2	14	20
3	0.0002	-8	19	9
4	0.0003	-6	14	9
5	0.0004	-3	15	2
6	0.0005	5	2	9
7	0.0006	11	11	23
8	0.0007	6	14	18
9	0.0008	7	9	5
10	0.0009	10	11	6
11	0.0010	-2	1	1
12	0.0011	5	15	27
13	0.0012	3	19	24
14	0.0013	0	16	19
15	0.0014	16	18	9
16	0.0015	7	1	-3
17	0.0016	15	16	19
18	0.0017	3	16	14
19	0.0018	9	33	16
20	0.0019	18	28	16
21	0.0020	2	13	5
22	0.0021	14	13	20
23	0.0022	-2	19	10
24	0.0023	9	20	11
25	0.0024	18	18	9
26	0.0025	3	9	3
27	0.0026	13	13	27
28	0.0027	-2	13	19
29	0.0028	0	10	15
30	0.0029	11	15	6
31	0.0030	7	2	3
32	0.0031	18	11	26
33	0.0032	5	5	18
34	0.0033	6	14	18
35	0.0034	7	13	10
36	0.0035	5	13	6
37	0.0036	7	19	26
38	0.0037	0	11	23
39	0.0038	0	14	20
40	0.0039	16	26	14
41	0.0040	14	23	9
42	0.0041	14	18	28
43	0.0042	5	15	18
44	0.0043	2	24	14
45	0.0044	7	19	14
46	0.0045	0	11	1
47	0.0046	14	13	31
48	0.0047	6	19	20
49	0.0048	20	19	16
50	0.0049	15	11	14
51	0.0050	11	7	0
52	0.0051	15	23	18
53	0.0052	1	22	20
54	0.0053	5	23	20
55	0.0054	18	23	10
56	0.0055	0	7	3
57	0.0056	11	13	22
58	0.0057	9	13	11
59	0.0058	14	19	14
60	0.0059	23	22	15
61	0.0060	5	7	9
62	0.0061	5	14	30
63	0.0062	-7	1	19
64	0.0063	3	11	14
65	0.0064	15	22	10
66	0.0065	14	6	7
67	0.0066	16	15	30
68	0.0067	1	11	24
69	0.0068	2	31	22
70	0.0069	5	26	9
71	0.0070	5	9	3
72	0.0071	5	19	15
73	0.0072	5	19	28
74	0.0073	13	28	24
75	0.0074	15	26	18
76	0.0075	2	9	5
77	0.0076	0	14	19
78	0.0077	-11	11	18
79	0.0078	5	23	20
80	0.0079	19	19	14
81	0.0080	16	5	2
82	0.0081	13	15	26
83	0.0082	2	11	20
84	0.0083	0	15	7
85	0.0084	9	16	2
86	0.0085	2	6	0
87	0.0086	15	13	28
88	0.0087	2	16	36
89	0.0088	10	20	20
90	0.0089	22	24	14
91	0.0090	10	9	1
92	0.0091	9	14	31
93	0.0092	-10	20	24
94	0.0093	2	32	23
95	0.0094	16	33	15
96	0.0095	6	5	7
97	0.0096	15	22	28
98	0.0097	-2	14	24
99	0.0098	9	27	20
100	0.0099	28	28	10

电流增量数据 [1000Hz, 10点]
采样序号	时间(s)	A相电流(INT)	B相电流(INT)	C相电流(INT)
1	0.000	18	441	14
2	0.001	31	-832	-7
3	0.002	30	-1111	14
4	0.003	-8	-1146	3
5	0.004	7	-998	14
6	0.005	22	2164	14
7	0.006	13	-218	13
8	0.007	5	1622	27
9	0.008	23	-1036	1
10	0.009	5	-382	0
================================================================================

=== 采集时间: 2025-12-05 15:12:38 (增量周期: 10.0ms) ===
振动增量数据 [等效10000Hz, 100点]
时序序号	时间(s)	X振动(INT)	Y振动(INT)	Z振动(INT)
1	0.0000	6	-4	5
2	0.0001	19	23	30
3	0.0002	6	13	23
4	0.0003	13	30	7
5	0.0004	14	13	1
6	0.0005	-6	-7	0
7	0.0006	5	18	27
8	0.0007	2	18	27
9	0.0008	18	30	18
10	0.0009	23	13	6
11	0.0010	9	-4	0
12	0.0011	14	19	23
13	0.0012	5	18	18
14	0.0013	5	23	16
15	0.0014	10	14	11
16	0.0015	3	3	3
17	0.0016	7	19	26
18	0.0017	3	14	19
19	0.0018	3	23	13
20	0.0019	15	22	6
21	0.0020	5	9	10
22	0.0021	9	24	33
23	0.0022	-4	24	32
24	0.0023	5	22	14
25	0.0024	11	19	2
26	0.0025	9	2	0
27	0.0026	5	16	31
28	0.0027	-7	11	19
29	0.0028	2	14	11
30	0.0029	5	13	2
31	0.0030	1	-7	-4
32	0.0031	1	10	20
33	0.0032	-2	6	22
34	0.0033	5	10	14
35	0.0034	14	13	9
36	0.0035	5	-3	-3
37	0.0036	5	10	27
38	0.0037	-11	13	19
39	0.0038	-3	16	11
40	0.0039	10	20	10
41	0.0040	1	-2	-2
42	0.0041	7	13	28
43	0.0042	3	14	19
44	0.0043	10	27	16
45	0.0044	13	30	9
46	0.0045	-4	-2	6
47	0.0046	-4	6	20
48	0.0047	-11	9	18
49	0.0048	3	19	13
50	0.0049	22	24	11
51	0.0050	11	23	6
52	0.0051	18	23	27
53	0.0052	14	11	13
54	0.0053	9	13	10
55	0.0054	20	32	18
56	0.0055	9	28	9
57	0.0056	7	16	33
58	0.0057	-8	0	20
59	0.0058	0	10	10
60	0.0059	14	32	18
61	0.0060	11	15	1
62	0.0061	18	18	30
63	0.0062	3	5	19
64	0.0063	2	7	10
65	0.0064	11	23	7
66	0.0065	-4	2	2
67	0.0066	7	11	20
68	0.0067	3	9	18
69	0.0068	9	14	16
70	0.0069	18	28	24
71	0.0070	2	14	10
72	0.0071	2	13	22
73	0.0072	-6	10	11
74	0.0073	11	27	18
75	0.0074	15	35	19
76	0.0075	14	11	14
77	0.0076	7	5	20
78	0.0077	0	10	20
79	0.0078	3	23	9
80	0.0079	10	23	10
81	0.0080	0	3	7
82	0.0081	14	1	27
83	0.0082	9	7	22
84	0.0083	13	19	14
85	0.0084	13	26	11
86	0.0085	2	2	-3
87	0.0086	10	10	19
88	0.0087	-4	15	16
89	0.0088	5	20	19
90	0.0089	15	30	16
91	0.0090	9	10	7
92	0.0091	16	15	28
93	0.0092	6	10	18
94	0.0093	5	23	14
95	0.0094	10	30	14
96	0.0095	3	9	3
97	0.0096	7	18	28
98	0.0097	-6	11	18
99	0.0098	2	16	9
100	0.0099	15	19	15

电流增量数据 [1000Hz, 10点]
采样序号	时间(s)	A相电流(INT)	B相电流(INT)	C相电流(INT)
1	0.000	55	-770	-8
2	0.001	9	-2941	-11
3	0.002	-4	-282	9
4	0.003	0	-271	-7
5	0.004	25	465	-2
6	0.005	50	-902	-6
7	0.006	25	-1115	-3
8	0.007	-7	-1306	0
9	0.008	37	-966	25
10	0.009	-4	1994	18
================================================================================

=== 采集时间: 2025-12-05 15:12:38 (增量周期: 10.0ms) ===
振动增量数据 [等效10000Hz, 100点]
时序序号	时间(s)	X振动(INT)	Y振动(INT)	Z振动(INT)
1	0.0000	9	13	14
2	0.0001	9	19	23
3	0.0002	9	18	20
4	0.0003	-2	10	10
5	0.0004	16	18	9
6	0.0005	7	16	6
7	0.0006	15	30	31
8	0.0007	5	11	22
9	0.0008	3	13	6
10	0.0009	20	23	5
11	0.0010	0	11	6
12	0.0011	2	19	33
13	0.0012	-3	19	26
14	0.0013	7	13	6
15	0.0014	20	13	6
16	0.0015	0	-2	10
17	0.0016	13	27	30
18	0.0017	9	23	27
19	0.0018	11	16	15
20	0.0019	15	10	14
21	0.0020	1	9	6
22	0.0021	10	23	32
23	0.0022	3	19	27
24	0.0023	16	15	14
25	0.0024	20	16	13
26	0.0025	5	2	9
27	0.0026	9	27	33
28	0.0027	5	26	27
29	0.0028	5	19	13
30	0.0029	15	15	14
31	0.0030	5	13	13
32	0.0031	14	23	31
33	0.0032	14	39	23
34	0.0033	15	33	18
35	0.0034	16	16	13
36	0.0035	0	6	7
37	0.0036	13	23	33
38	0.0037	5	27	27
39	0.0038	20	30	15
40	0.0039	20	13	15
41	0.0040	-2	-2	10
42	0.0041	9	23	31
43	0.0042	-6	24	20
44	0.0043	6	22	7
45	0.0044	19	2	3
46	0.0045	7	3	13
47	0.0046	20	27	40
48	0.0047	-2	23	26
49	0.0048	7	16	9
50	0.0049	1	7	1
51	0.0050	1	0	11
52	0.0051	6	23	28
53	0.0052	-2	18	20
54	0.0053	7	22	7
55	0.0054	11	2	7
56	0.0055	3	-2	6
57	0.0056	16	26	33
58	0.0057	3	27	31
59	0.0058	9	20	15
60	0.0059	5	7	1
61	0.0060	-7	3	-2
62	0.0061	9	22	30
63	0.0062	5	26	26
64	0.0063	16	22	13
65	0.0064	18	13	5
66	0.0065	3	5	3
67	0.0066	2	20	23
68	0.0067	-14	20	18
69	0.0068	0	14	2
70	0.0069	14	6	5
71	0.0070	6	3	9
72	0.0071	15	23	37
73	0.0072	2	13	24
74	0.0073	9	10	2
75	0.0074	15	14	1
76	0.0075	-3	5	6
77	0.0076	6	16	35
78	0.0077	2	15	27
79	0.0078	9	15	6
80	0.0079	18	18	11
81	0.0080	3	13	6
82	0.0081	10	26	33
83	0.0082	2	27	26
84	0.0083	10	23	15
85	0.0084	20	19	10
86	0.0085	0	9	7
87	0.0086	7	18	31
88	0.0087	7	22	24
89	0.0088	13	18	13
90	0.0089	16	14	5
91	0.0090	-8	-2	-3
92	0.0091	0	16	27
93	0.0092	-3	16	20
94	0.0093	16	16	6
95	0.0094	23	9	6
96	0.0095	0	-6	1
97	0.0096	11	16	26
98	0.0097	1	19	18
99	0.0098	7	20	6
100	0.0099	15	11	5

电流增量数据 [1000Hz, 10点]
采样序号	时间(s)	A相电流(INT)	B相电流(INT)	C相电流(INT)
1	0.000	-8	1798	28
2	0.001	5	-1178	-6
3	0.002	16	-414	-5
4	0.003	43	-1616	0
5	0.004	-2	-352	11
6	0.005	2	209	6
7	0.006	-2	-58	6
8	0.007	-11	-417	-2
9	0.008	47	-3085	-5
10	0.009	14	-1010	9
================================================================================

=== 采集时间: 2025-12-05 15:12:39 (增量周期: 10.0ms) ===
振动增量数据 [等效10000Hz, 100点]
时序序号	时间(s)	X振动(INT)	Y振动(INT)	Z振动(INT)
1	0.0000	7	6	5
2	0.0001	10	22	32
3	0.0002	1	18	26
4	0.0003	5	19	14
5	0.0004	18	16	7
6	0.0005	5	2	-2
7	0.0006	7	15	30
8	0.0007	6	23	24
9	0.0008	7	33	6
10	0.0009	19	22	7
11	0.0010	0	2	0
12	0.0011	7	15	26
13	0.0012	0	24	31
14	0.0013	11	30	16
15	0.0014	26	19	9
16	0.0015	-3	-3	3
17	0.0016	6	10	28
18	0.0017	2	23	27
19	0.0018	16	36	22
20	0.0019	18	22	16
21	0.0020	3	-8	6
22	0.0021	15	11	31
23	0.0022	0	13	23
24	0.0023	15	28	16
25	0.0024	9	15	7
26	0.0025	1	2	2
27	0.0026	2	23	28
28	0.0027	0	24	27
29	0.0028	18	31	19
30	0.0029	18	14	14
31	0.0030	5	0	9
32	0.0031	16	27	27
33	0.0032	2	28	28
34	0.0033	5	23	11
35	0.0034	5	0	11
36	0.0035	-2	7	7
37	0.0036	6	33	37
38	0.0037	9	26	30
39	0.0038	19	13	11
40	0.0039	16	-2	6
41	0.0040	6	2	14
42	0.0041	5	19	30
43	0.0042	-7	14	19
44	0.0043	-4	6	6
45	0.0044	10	5	15
46	0.0045	1	10	16
47	0.0046	10	24	33
48	0.0047	-2	6	10
49	0.0048	2	7	-6
50	0.0049	13	18	7
51	0.0050	-6	-2	1
52	0.0051	3	9	30
53	0.0052	-10	7	19
54	0.0053	0	18	9
55	0.0054	10	23	9
56	0.0055	7	0	0
57	0.0056	14	16	20
58	0.0057	0	13	14
59	0.0058	10	11	3
60	0.0059	11	23	3
61	0.0060	1	6	3
62	0.0061	3	14	27
63	0.0062	-7	11	16
64	0.0063	10	10	1
65	0.0064	14	23	6
66	0.0065	7	11	9
67	0.0066	5	13	27
68	0.0067	-10	7	18
69	0.0068	3	10	2
70	0.0069	14	19	6
71	0.0070	5	10	5
72	0.0071	10	13	27
73	0.0072	-6	5	20
74	0.0073	-2	13	11
75	0.0074	14	27	11
76	0.0075	-3	3	1
77	0.0076	1	5	20
78	0.0077	-3	9	19
79	0.0078	13	19	13
80	0.0079	26	27	16
81	0.0080	-3	1	2
82	0.0081	-3	7	26
83	0.0082	-11	16	11
84	0.0083	3	28	14
85	0.0084	15	22	10
86	0.0085	2	-4	2
87	0.0086	13	10	31
88	0.0087	3	16	20
89	0.0088	11	30	7
90	0.0089	11	9	7
91	0.0090	-2	-2	6
92	0.0091	5	15	31
93	0.0092	0	18	28
94	0.0093	13	13	7
95	0.0094	19	5	5
96	0.0095	10	5	9
97	0.0096	10	20	27
98	0.0097	5	22	19
99	0.0098	3	16	6
100	0.0099	7	9	10

电流增量数据 [1000Hz, 10点]
采样序号	时间(s)	A相电流(INT)	B相电流(INT)	C相电流(INT)
1	0.000	10	-526	-4
2	0.001	22	-3080	-8
3	0.002	22	-705	12
4	0.003	12	-3133	-10
5	0.004	14	-272	9
6	0.005	31	-465	7
7	0.006	6	253	7
8	0.007	40	-1136	6
9	0.008	11	-1176	15
10	0.009	31	-1208	16
================================================================================

=== 采集时间: 2025-12-05 15:12:39 (增量周期: 10.0ms) ===
振动增量数据 [等效10000Hz, 100点]
时序序号	时间(s)	X振动(INT)	Y振动(INT)	Z振动(INT)
1	0.0000	2	10	13
2	0.0001	2	15	22
3	0.0002	-2	6	13
4	0.0003	2	22	10
5	0.0004	9	19	16
6	0.0005	1	10	11
7	0.0006	7	15	24
8	0.0007	9	13	14
9	0.0008	13	18	6
10	0.0009	13	15	14
11	0.0010	0	7	6
12	0.0011	2	26	23
13	0.0012	-10	13	15
14	0.0013	1	20	5
15	0.0014	13	15	13
16	0.0015	13	16	15
17	0.0016	19	32	31
18	0.0017	9	19	16
19	0.0018	2	9	5
20	0.0019	10	13	11
21	0.0020	2	11	18
22	0.0021	13	37	35
23	0.0022	9	16	20
24	0.0023	2	10	2
25	0.0024	20	18	18
26	0.0025	5	14	18
27	0.0026	14	24	27
28	0.0027	1	5	6
29	0.0028	0	2	0
30	0.0029	24	28	18
31	0.0030	7	19	16
32	0.0031	9	22	28
33	0.0032	0	6	6
34	0.0033	-3	15	3
35	0.0034	15	35	20
36	0.0035	0	11	19
37	0.0036	10	22	33
38	0.0037	1	1	11
39	0.0038	0	10	-2
40	0.0039	15	27	9
41	0.0040	-6	1	6
42	0.0041	3	10	27
43	0.0042	-3	5	10
44	0.0043	2	9	2
45	0.0044	11	15	6
46	0.0045	3	-8	5
47	0.0046	9	15	23
48	0.0047	5	7	10
49	0.0048	3	11	-2
50	0.0049	2	13	2
51	0.0050	6	10	7
52	0.0051	9	23	31
53	0.0052	2	22	13
54	0.0053	2	10	3
55	0.0054	13	13	2
56	0.0055	0	-4	2
57	0.0056	14	15	26
58	0.0057	10	14	15
59	0.0058	14	9	0
60	0.0059	15	11	2
61	0.0060	-12	-7	2
62	0.0061	-4	18	23
63	0.0062	-3	18	16
64	0.0063	10	13	6
65	0.0064	20	13	9
66	0.0065	3	-2	10
67	0.0066	7	23	32
68	0.0067	5	26	18
69	0.0068	10	19	2
70	0.0069	11	23	13
71	0.0070	-8	3	10
72	0.0071	0	16	35
73	0.0072	10	22	24
74	0.0073	18	20	6
75	0.0074	11	7	2
76	0.0075	-6	-7	2
77	0.0076	-4	16	27
78	0.0077	9	28	27
79	0.0078	11	16	7
80	0.0079	7	3	7
81	0.0080	-2	-2	2
82	0.0081	0	19	30
83	0.0082	10	27	26
84	0.0083	11	13	1
85	0.0084	6	5	2
86	0.0085	3	11	13
87	0.0086	-4	26	31
88	0.0087	9	33	20
89	0.0088	11	6	1
90	0.0089	14	7	10
91	0.0090	13	16	13
92	0.0091	3	27	35
93	0.0092	1	27	22
94	0.0093	-2	-2	2
95	0.0094	13	10	13
96	0.0095	7	27	13
97	0.0096	13	19	35
98	0.0097	5	19	23
99	0.0098	9	-6	3
100	0.0099	19	23	13

电流增量数据 [1000Hz, 10点]
采样序号	时间(s)	A相电流(INT)	B相电流(INT)	C相电流(INT)
1	0.000	30	-2961	3
2	0.001	0	-810	-5
3	0.002	13	-3255	3
4	0.003	37	-292	23
5	0.004	24	-385	18
6	0.005	9	189	5
7	0.006	41	-1101	4
8	0.007	3	-1249	3
9	0.008	22	-1218	15
10	0.009	11	-613	18
================================================================================
