
=== 采集时间: 2025-12-05 15:45:57 (增量周期: 10.0ms) ===
振动增量数据 [等效10000Hz, 100点]
时序序号	时间(s)	X振动(INT)	Y振动(INT)	Z振动(INT)
1	0.0000	-2	-3	-10
2	0.0001	-8	-11	-4
3	0.0002	-7	-2	13
4	0.0003	-10	14	10
5	0.0004	-2	11	-3
6	0.0005	1	-4	-11
7	0.0006	-7	-11	-12
8	0.0007	-6	7	11
9	0.0008	-11	9	3
10	0.0009	-6	9	-4
11	0.0010	-2	-3	-2
12	0.0011	-14	5	-2
13	0.0012	-10	14	16
14	0.0013	-12	5	5
15	0.0014	1	6	-8
16	0.0015	0	-4	-3
17	0.0016	-4	0	-2
18	0.0017	-8	5	11
19	0.0018	-12	6	1
20	0.0019	-6	5	-10
21	0.0020	-2	1	-3
22	0.0021	-6	-6	-4
23	0.0022	-7	3	13
24	0.0023	-14	5	2
25	0.0024	-3	6	-4
26	0.0025	0	2	-2
27	0.0026	-8	3	0
28	0.0027	-8	6	11
29	0.0028	-10	5	0
30	0.0029	-2	9	-8
31	0.0030	0	6	-2
32	0.0031	-2	7	6
33	0.0032	-11	6	10
34	0.0033	-12	3	0
35	0.0034	-3	5	-14
36	0.0035	2	9	-4
37	0.0036	-4	1	1
38	0.0037	-2	5	18
39	0.0038	-10	-3	1
40	0.0039	-7	10	-8
41	0.0040	2	15	2
42	0.0041	-10	-3	-4
43	0.0042	-6	-3	6
44	0.0043	-15	-8	-4
45	0.0044	-10	2	-15
46	0.0045	5	3	1
47	0.0046	-6	1	-2
48	0.0047	-12	-3	5
49	0.0048	-21	-7	-8
50	0.0049	-11	-2	-24
51	0.0050	-3	-2	-14
52	0.0051	-11	0	2
53	0.0052	-6	11	24
54	0.0053	-7	6	-2
55	0.0054	-2	0	-23
56	0.0055	1	3	-10
57	0.0056	-14	1	2
58	0.0057	-6	14	16
59	0.0058	-12	-2	-3
60	0.0059	-7	-6	-16
61	0.0060	-6	-3	-7
62	0.0061	-14	-8	-4
63	0.0062	-10	-3	7
64	0.0063	-8	11	-4
65	0.0064	-6	2	-17
66	0.0065	-8	-2	-8
67	0.0066	-8	-2	-3
68	0.0067	-7	10	14
69	0.0068	-6	6	2
70	0.0069	-7	-10	-15
71	0.0070	-4	-3	-11
72	0.0071	-14	-7	-10
73	0.0072	-11	10	7
74	0.0073	-14	2	2
75	0.0074	-14	-4	-14
76	0.0075	2	2	-6
77	0.0076	-11	2	-2
78	0.0077	-6	2	18
79	0.0078	-12	2	1
80	0.0079	-12	-3	-16
81	0.0080	0	5	-4
82	0.0081	-14	1	2
83	0.0082	-7	13	19
84	0.0083	-10	6	2
85	0.0084	-7	1	-12
86	0.0085	-3	3	-10
87	0.0086	-12	5	-10
88	0.0087	-3	13	19
89	0.0088	-11	9	10
90	0.0089	-3	6	-4
91	0.0090	-3	7	-3
92	0.0091	-10	2	-3
93	0.0092	-8	9	13
94	0.0093	-11	1	2
95	0.0094	-7	-3	-4
96	0.0095	5	5	-8
97	0.0096	-7	-3	-2
98	0.0097	-6	6	18
99	0.0098	-10	1	0
100	0.0099	-10	-2	-15

电流增量数据 [1000Hz, 10点]
采样序号	时间(s)	A相电流(INT)	B相电流(INT)	C相电流(INT)
1	0.000	10	456	-5
2	0.001	5	-1868	-10
3	0.002	22	145	-4
4	0.003	-23	-2248	-3
5	0.004	-22	662	-15
6	0.005	-6	-102	-11
7	0.006	-23	1160	12
8	0.007	12	-245	-2
9	0.008	-5	-434	5
10	0.009	-4	-101	-8
================================================================================

=== 采集时间: 2025-12-05 15:45:58 (增量周期: 10.0ms) ===
振动增量数据 [等效10000Hz, 100点]
时序序号	时间(s)	X振动(INT)	Y振动(INT)	Z振动(INT)
1	0.0000	0	0	-6
2	0.0001	-15	-8	-8
3	0.0002	-8	7	7
4	0.0003	-8	13	2
5	0.0004	-8	0	-16
6	0.0005	6	1	-14
7	0.0006	-11	-10	-11
8	0.0007	-3	9	18
9	0.0008	-4	16	9
10	0.0009	0	7	-4
11	0.0010	2	9	-3
12	0.0011	-8	-7	-4
13	0.0012	-6	3	18
14	0.0013	-8	7	2
15	0.0014	-3	7	-6
16	0.0015	6	9	2
17	0.0016	-7	-7	-2
18	0.0017	-7	7	14
19	0.0018	-14	1	0
20	0.0019	-6	6	-10
21	0.0020	7	14	1
22	0.0021	-11	-3	7
23	0.0022	-8	2	19
24	0.0023	-7	5	7
25	0.0024	1	19	-2
26	0.0025	7	11	-2
27	0.0026	-4	-2	-6
28	0.0027	-19	-2	9
29	0.0028	-12	10	7
30	0.0029	1	14	-3
31	0.0030	15	14	1
32	0.0031	0	-8	-6
33	0.0032	-8	5	11
34	0.0033	-11	10	2
35	0.0034	-6	15	-7
36	0.0035	9	14	0
37	0.0036	-11	-21	-4
38	0.0037	-10	7	18
39	0.0038	0	7	0
40	0.0039	-3	6	-12
41	0.0040	1	3	-8
42	0.0041	-14	-17	-12
43	0.0042	-8	10	13
44	0.0043	-7	13	7
45	0.0044	-10	6	-10
46	0.0045	3	6	-2
47	0.0046	-10	-8	-8
48	0.0047	0	9	11
49	0.0048	-6	11	10
50	0.0049	-10	2	-3
51	0.0050	-2	3	-6
52	0.0051	-8	-12	-6
53	0.0052	-7	7	10
54	0.0053	-14	6	-2
55	0.0054	-16	-3	-14
56	0.0055	-2	1	-10
57	0.0056	-7	-2	-3
58	0.0057	-4	6	13
59	0.0058	-8	5	2
60	0.0059	-4	-2	-14
61	0.0060	-2	5	1
62	0.0061	-10	-3	-4
63	0.0062	-4	13	9
64	0.0063	-4	10	1
65	0.0064	-10	1	-7
66	0.0065	6	11	1
67	0.0066	-7	7	-2
68	0.0067	-4	16	15
69	0.0068	-14	-4	0
70	0.0069	-16	-8	-19
71	0.0070	0	1	-4
72	0.0071	-16	-8	-4
73	0.0072	0	13	20
74	0.0073	-8	5	1
75	0.0074	-7	-6	-17
76	0.0075	-3	5	-7
77	0.0076	-12	0	-3
78	0.0077	-7	9	15
79	0.0078	-8	2	6
80	0.0079	-10	5	-4
81	0.0080	0	7	-8
82	0.0081	-8	1	-6
83	0.0082	-6	3	14
84	0.0083	-10	6	2
85	0.0084	-10	7	-7
86	0.0085	-4	7	-2
87	0.0086	-11	-4	-4
88	0.0087	-4	5	10
89	0.0088	-4	9	2
90	0.0089	-2	9	-14
91	0.0090	1	1	-10
92	0.0091	-8	0	1
93	0.0092	-11	11	19
94	0.0093	-7	13	5
95	0.0094	-7	1	-10
96	0.0095	-2	5	-8
97	0.0096	-7	3	1
98	0.0097	-3	6	18
99	0.0098	-2	2	-6
100	0.0099	-8	3	-16

电流增量数据 [1000Hz, 10点]
采样序号	时间(s)	A相电流(INT)	B相电流(INT)	C相电流(INT)
1	0.000	-29	32	1
2	0.001	0	665	2
3	0.002	-15	18	-2
4	0.003	-20	515	7
5	0.004	-20	1037	3
6	0.005	1	776	3
7	0.006	-14	1032	-4
8	0.007	-2	-2760	-20
9	0.008	-14	73	-7
10	0.009	1	-2529	-14
================================================================================

=== 采集时间: 2025-12-05 15:45:58 (增量周期: 10.0ms) ===
振动增量数据 [等效10000Hz, 100点]
时序序号	时间(s)	X振动(INT)	Y振动(INT)	Z振动(INT)
1	0.0000	1	6	-4
2	0.0001	-23	-10	-3
3	0.0002	-8	5	13
4	0.0003	-8	3	-4
5	0.0004	-12	-2	-15
6	0.0005	-6	-2	-7
7	0.0006	-15	-15	-8
8	0.0007	-11	1	13
9	0.0008	-6	11	0
10	0.0009	-6	6	-14
11	0.0010	-6	-3	-7
12	0.0011	-21	-16	-12
13	0.0012	-8	1	6
14	0.0013	-8	1	-3
15	0.0014	-7	-4	-7
16	0.0015	-4	7	-3
17	0.0016	-15	-2	3
18	0.0017	-4	9	9
19	0.0018	-6	9	-7
20	0.0019	-12	-3	-10
21	0.0020	-12	5	-4
22	0.0021	-12	2	-2
23	0.0022	0	15	10
24	0.0023	-6	0	-3
25	0.0024	-7	-6	-16
26	0.0025	-10	9	-7
27	0.0026	-23	-8	-7
28	0.0027	-12	2	9
29	0.0028	-6	0	-3
30	0.0029	-10	1	-10
31	0.0030	6	13	1
32	0.0031	-4	-4	-7
33	0.0032	-10	-6	5
34	0.0033	-10	-3	-7
35	0.0034	-11	0	-14
36	0.0035	3	14	1
37	0.0036	-15	-6	-3
38	0.0037	-10	3	9
39	0.0038	-7	3	-4
40	0.0039	-6	9	-12
41	0.0040	9	13	-2
42	0.0041	-11	-7	6
43	0.0042	-11	5	14
44	0.0043	-2	10	1
45	0.0044	0	13	-10
46	0.0045	9	10	-4
47	0.0046	-15	-11	0
48	0.0047	-12	0	5
49	0.0048	-11	7	2
50	0.0049	-3	13	0
51	0.0050	5	9	1
52	0.0051	-11	-12	-2
53	0.0052	-12	-8	10
54	0.0053	-11	0	-4
55	0.0054	0	7	-8
56	0.0055	-2	6	-6
57	0.0056	-19	-15	-6
58	0.0057	-14	3	14
59	0.0058	-8	14	-2
60	0.0059	-7	13	-15
61	0.0060	0	13	1
62	0.0061	-14	-17	-7
63	0.0062	-10	1	13
64	0.0063	-4	0	1
65	0.0064	-8	1	-6
66	0.0065	5	14	2
67	0.0066	-20	-12	-3
68	0.0067	-14	1	0
69	0.0068	-14	0	-11
70	0.0069	-11	-3	-11
71	0.0070	3	6	3
72	0.0071	-8	3	7
73	0.0072	-4	6	11
74	0.0073	-4	7	-7
75	0.0074	-4	-8	-16
76	0.0075	0	11	3
77	0.0076	-14	7	7
78	0.0077	-14	9	16
79	0.0078	-10	-2	-3
80	0.0079	-6	-2	-15
81	0.0080	3	11	2
82	0.0081	-3	6	6
83	0.0082	-11	-4	5
84	0.0083	-15	-4	-8
85	0.0084	-14	-7	-10
86	0.0085	-4	14	6
87	0.0086	-7	-2	2
88	0.0087	-11	-6	7
89	0.0088	-7	2	-7
90	0.0089	-2	0	-16
91	0.0090	6	10	-3
92	0.0091	-4	-4	-2
93	0.0092	-11	-4	16
94	0.0093	-11	6	-6
95	0.0094	-14	6	-15
96	0.0095	0	2	-4
97	0.0096	-12	-12	-8
98	0.0097	-6	-3	16
99	0.0098	-7	9	-2
100	0.0099	-2	6	-15

电流增量数据 [1000Hz, 10点]
采样序号	时间(s)	A相电流(INT)	B相电流(INT)	C相电流(INT)
1	0.000	-8	-410	12
2	0.001	-38	680	-5
3	0.002	-43	1119	10
4	0.003	15	-248	14
5	0.004	-11	-357	13
6	0.005	-41	-401	9
7	0.006	1	3305	-3
8	0.007	7	558	0
9	0.008	15	1221	10
10	0.009	-10	803	-11
================================================================================

=== 采集时间: 2025-12-05 15:45:58 (增量周期: 10.0ms) ===
振动增量数据 [等效10000Hz, 100点]
时序序号	时间(s)	X振动(INT)	Y振动(INT)	Z振动(INT)
1	0.0000	0	5	1
2	0.0001	-7	1	11
3	0.0002	-2	5	11
4	0.0003	-4	9	-4
5	0.0004	-3	-2	-15
6	0.0005	2	-6	-4
7	0.0006	-12	-11	2
8	0.0007	-6	9	13
9	0.0008	-15	6	0
10	0.0009	-6	0	-16
11	0.0010	-6	6	-7
12	0.0011	-15	-8	-6
13	0.0012	-2	3	7
14	0.0013	-12	6	0
15	0.0014	-10	5	-11
16	0.0015	-3	2	-2
17	0.0016	-17	-12	-3
18	0.0017	-12	13	16
19	0.0018	-7	14	2
20	0.0019	-10	-2	-10
21	0.0020	1	-2	-8
22	0.0021	-8	-8	-10
23	0.0022	2	16	18
24	0.0023	2	19	6
25	0.0024	-4	3	-11
26	0.0025	-8	-10	-11
27	0.0026	-14	-15	-10
28	0.0027	-8	13	14
29	0.0028	-6	9	6
30	0.0029	-6	2	-2
31	0.0030	5	2	0
32	0.0031	-4	0	-6
33	0.0032	1	10	15
34	0.0033	-17	6	1
35	0.0034	-8	10	-14
36	0.0035	-10	0	-10
37	0.0036	-6	-4	-2
38	0.0037	-4	-2	15
39	0.0038	-8	13	7
40	0.0039	-3	13	-7
41	0.0040	-3	-2	-8
42	0.0041	-8	-16	-8
43	0.0042	-16	-6	9
44	0.0043	-10	16	2
45	0.0044	0	16	-6
46	0.0045	9	2	-4
47	0.0046	-12	-16	-12
48	0.0047	-8	-2	6
49	0.0048	-10	23	0
50	0.0049	2	16	-4
51	0.0050	0	13	-2
52	0.0051	-17	-8	-2
53	0.0052	-4	6	11
54	0.0053	-6	-3	-3
55	0.0054	-7	-3	-17
56	0.0055	-2	1	-10
57	0.0056	-27	-14	-6
58	0.0057	-14	5	3
59	0.0058	-10	0	-4
60	0.0059	-10	-2	-15
61	0.0060	-2	7	-10
62	0.0061	-19	-14	-8
63	0.0062	-11	0	5
64	0.0063	-4	1	-6
65	0.0064	-3	6	-12
66	0.0065	2	3	-6
67	0.0066	-24	-14	-7
68	0.0067	-12	6	7
69	0.0068	-12	3	-4
70	0.0069	-7	-3	-11
71	0.0070	2	1	-4
72	0.0071	-17	-16	-11
73	0.0072	-7	6	9
74	0.0073	-8	6	-2
75	0.0074	-11	2	-10
76	0.0075	0	9	-3
77	0.0076	-27	-19	-10
78	0.0077	-11	1	3
79	0.0078	-14	-2	-3
80	0.0079	-6	1	-8
81	0.0080	3	6	-3
82	0.0081	-17	-14	-7
83	0.0082	-8	7	0
84	0.0083	-11	-7	-15
85	0.0084	-8	-3	-11
86	0.0085	5	14	10
87	0.0086	-17	0	2
88	0.0087	-12	7	6
89	0.0088	-7	-2	-10
90	0.0089	-11	-2	-16
91	0.0090	9	16	5
92	0.0091	-10	-2	11
93	0.0092	-10	0	10
94	0.0093	-6	-4	-11
95	0.0094	-11	-2	-17
96	0.0095	7	23	3
97	0.0096	-10	-2	1
98	0.0097	-12	0	6
99	0.0098	-14	-8	0
100	0.0099	-14	3	-8

电流增量数据 [1000Hz, 10点]
采样序号	时间(s)	A相电流(INT)	B相电流(INT)	C相电流(INT)
1	0.000	-24	846	-7
2	0.001	16	-2037	-14
3	0.002	39	-958	5
4	0.003	-5	-206	-26
5	0.004	-21	-1306	-6
6	0.005	-22	48	-32
7	0.006	-16	620	0
8	0.007	-16	1465	-5
9	0.008	-50	-716	-19
10	0.009	-31	-451	-6
================================================================================

=== 采集时间: 2025-12-05 15:45:58 (增量周期: 10.0ms) ===
振动增量数据 [等效10000Hz, 100点]
时序序号	时间(s)	X振动(INT)	Y振动(INT)	Z振动(INT)
1	0.0000	-7	-4	-6
2	0.0001	-7	-2	1
3	0.0002	-19	-2	2
4	0.0003	-11	1	-3
5	0.0004	-8	-2	-27
6	0.0005	-6	-4	-6
7	0.0006	-17	-10	1
8	0.0007	-17	-8	15
9	0.0008	-6	14	-3
10	0.0009	-3	3	-23
11	0.0010	-6	-6	-2
12	0.0011	-16	-4	-2
13	0.0012	-12	2	16
14	0.0013	-4	15	1
15	0.0014	-2	7	-20
16	0.0015	-3	1	-3
17	0.0016	-16	-8	0
18	0.0017	-8	11	16
19	0.0018	-6	16	3
20	0.0019	-4	6	-14
21	0.0020	-3	2	0
22	0.0021	-20	-6	-3
23	0.0022	-8	6	11
24	0.0023	-4	10	2
25	0.0024	-7	1	-19
26	0.0025	-7	-10	-6
27	0.0026	-17	-7	-4
28	0.0027	-8	5	9
29	0.0028	-7	18	3
30	0.0029	-8	1	-14
31	0.0030	-10	-11	-11
32	0.0031	-17	0	1
33	0.0032	-14	10	11
34	0.0033	-6	16	7
35	0.0034	-4	5	-11
36	0.0035	-3	-8	-7
37	0.0036	-10	-7	2
38	0.0037	-6	9	10
39	0.0038	-3	11	1
40	0.0039	-3	7	-8
41	0.0040	0	-2	1
42	0.0041	-10	-2	0
43	0.0042	-11	2	10
44	0.0043	-7	7	2
45	0.0044	2	11	-8
46	0.0045	5	9	3
47	0.0046	-7	2	0
48	0.0047	-6	-11	6
49	0.0048	-12	2	1
50	0.0049	6	27	-2
51	0.0050	0	2	-2
52	0.0051	-20	-12	2
53	0.0052	-4	13	10
54	0.0053	-6	1	-3
55	0.0054	-10	-6	-15
56	0.0055	0	2	-3
57	0.0056	-12	-3	0
58	0.0057	-6	13	11
59	0.0058	-6	6	2
60	0.0059	-3	6	-14
61	0.0060	7	9	0
62	0.0061	-12	-4	1
63	0.0062	-8	11	15
64	0.0063	-12	6	1
65	0.0064	-8	6	-7
66	0.0065	1	9	-2
67	0.0066	-10	-4	2
68	0.0067	-11	9	9
69	0.0068	-10	6	-3
70	0.0069	-11	1	-14
71	0.0070	3	6	-6
72	0.0071	-12	-4	5
73	0.0072	-7	3	10
74	0.0073	-7	3	-2
75	0.0074	-6	0	-15
76	0.0075	7	6	-3
77	0.0076	-10	-7	1
78	0.0077	-7	9	13
79	0.0078	-11	1	-4
80	0.0079	-10	1	-14
81	0.0080	5	11	-2
82	0.0081	-14	-2	-2
83	0.0082	-7	9	10
84	0.0083	-11	6	2
85	0.0084	-7	14	-3
86	0.0085	14	26	7
87	0.0086	-7	2	5
88	0.0087	-3	7	18
89	0.0088	-6	11	-3
90	0.0089	0	13	-7
91	0.0090	7	13	3
92	0.0091	-17	-14	2
93	0.0092	-4	13	13
94	0.0093	-2	14	-2
95	0.0094	-2	6	-8
96	0.0095	1	-3	-6
97	0.0096	-10	-15	-2
98	0.0097	-6	7	15
99	0.0098	-8	13	6
100	0.0099	-2	11	-4

电流增量数据 [1000Hz, 10点]
采样序号	时间(s)	A相电流(INT)	B相电流(INT)	C相电流(INT)
1	0.000	-14	1513	14
2	0.001	-10	-403	-8
3	0.002	-24	-346	19
4	0.003	-25	86	4
5	0.004	-10	1941	3
6	0.005	-30	1845	-22
7	0.006	6	622	-7
8	0.007	2	2570	-10
9	0.008	-15	58	5
10	0.009	-8	153	16
================================================================================

=== 采集时间: 2025-12-05 15:45:59 (增量周期: 10.0ms) ===
振动增量数据 [等效10000Hz, 100点]
时序序号	时间(s)	X振动(INT)	Y振动(INT)	Z振动(INT)
1	0.0000	3	11	11
2	0.0001	-3	9	6
3	0.0002	0	-4	5
4	0.0003	-2	-7	-4
5	0.0004	-7	-2	-19
6	0.0005	2	10	-3
7	0.0006	-14	7	5
8	0.0007	-14	-4	10
9	0.0008	-4	-2	-6
10	0.0009	0	2	-23
11	0.0010	2	6	2
12	0.0011	-8	1	6
13	0.0012	-7	3	11
14	0.0013	-10	-3	-4
15	0.0014	-6	-4	-10
16	0.0015	-8	3	0
17	0.0016	-12	9	6
18	0.0017	-12	3	2
19	0.0018	-6	-2	-6
20	0.0019	-4	1	-16
21	0.0020	-2	7	0
22	0.0021	-19	5	6
23	0.0022	-12	3	10
24	0.0023	-8	6	-6
25	0.0024	-7	6	-14
26	0.0025	-7	9	3
27	0.0026	-20	2	6
28	0.0027	-11	3	11
29	0.0028	-10	1	-4
30	0.0029	-6	-3	-14
31	0.0030	3	9	3
32	0.0031	-12	2	0
33	0.0032	-6	6	3
34	0.0033	-8	3	-3
35	0.0034	-10	0	-8
36	0.0035	-4	2	5
37	0.0036	-16	6	6
38	0.0037	-8	11	16
39	0.0038	-7	3	-2
40	0.0039	-2	-7	-11
41	0.0040	-2	0	3
42	0.0041	-15	6	14
43	0.0042	-4	19	15
44	0.0043	-7	-2	-7
45	0.0044	-6	-8	-20
46	0.0045	-3	2	5
47	0.0046	-16	10	9
48	0.0047	-3	16	11
49	0.0048	-7	-12	-8
50	0.0049	-8	-8	-16
51	0.0050	2	7	-4
52	0.0051	-14	-8	6
53	0.0052	0	19	18
54	0.0053	1	13	0
55	0.0054	-7	-3	-16
56	0.0055	1	-2	-6
57	0.0056	-17	-8	2
58	0.0057	0	28	15
59	0.0058	2	19	2
60	0.0059	-7	-10	-10
61	0.0060	2	0	-4
62	0.0061	-11	-2	1
63	0.0062	-3	16	16
64	0.0063	-2	7	2
65	0.0064	-12	-7	-17
66	0.0065	-4	-3	1
67	0.0066	-19	-12	-6
68	0.0067	-10	9	5
69	0.0068	-8	6	-8
70	0.0069	-21	-16	-20
71	0.0070	0	-3	-8
72	0.0071	-21	-7	-4
73	0.0072	-10	13	11
74	0.0073	-11	6	-4
75	0.0074	-8	-11	-21
76	0.0075	-2	2	-10
77	0.0076	-12	-6	2
78	0.0077	-12	9	13
79	0.0078	-8	3	-7
80	0.0079	-14	-10	-16
81	0.0080	0	-3	-8
82	0.0081	-14	-3	-2
83	0.0082	-7	7	2
84	0.0083	-6	2	-4
85	0.0084	-4	-2	-16
86	0.0085	2	3	-7
87	0.0086	-19	-7	6
88	0.0087	-10	6	11
89	0.0088	0	7	-2
90	0.0089	-10	-3	-16
91	0.0090	1	3	-6
92	0.0091	-20	-23	-4
93	0.0092	-14	2	16
94	0.0093	5	22	2
95	0.0094	-8	6	-20
96	0.0095	-6	2	-4
97	0.0096	-21	-25	-14
98	0.0097	-20	-2	9
99	0.0098	11	27	10
100	0.0099	-11	5	-11

电流增量数据 [1000Hz, 10点]
采样序号	时间(s)	A相电流(INT)	B相电流(INT)	C相电流(INT)
1	0.000	-48	946	-14
2	0.001	5	620	-19
3	0.002	-19	240	-20
4	0.003	-26	-2022	-5
5	0.004	-7	281	-5
6	0.005	-23	-2139	-5
7	0.006	-5	811	-6
8	0.007	19	104	-14
9	0.008	18	811	5
10	0.009	-6	-179	0
================================================================================

=== 采集时间: 2025-12-05 15:45:59 (增量周期: 10.0ms) ===
振动增量数据 [等效10000Hz, 100点]
时序序号	时间(s)	X振动(INT)	Y振动(INT)	Z振动(INT)
1	0.0000	2	14	2
2	0.0001	-6	2	11
3	0.0002	-10	2	6
4	0.0003	-7	1	-2
5	0.0004	-7	-3	-4
6	0.0005	5	11	7
7	0.0006	-15	-2	5
8	0.0007	-12	-4	3
9	0.0008	-8	1	-8
10	0.0009	-6	9	-11
11	0.0010	5	18	5
12	0.0011	-15	-7	3
13	0.0012	-10	-6	6
14	0.0013	-12	6	-4
15	0.0014	-6	5	-11
16	0.0015	9	16	3
17	0.0016	-14	-7	0
18	0.0017	-15	-11	7
19	0.0018	-14	7	-4
20	0.0019	-4	20	-3
21	0.0020	3	24	7
22	0.0021	-8	-2	-4
23	0.0022	-7	3	10
24	0.0023	-4	7	0
25	0.0024	-7	10	-4
26	0.0025	-3	13	7
27	0.0026	-14	-3	3
28	0.0027	-7	2	7
29	0.0028	-11	7	-2
30	0.0029	-7	11	-11
31	0.0030	-3	3	1
32	0.0031	-8	-7	6
33	0.0032	-4	0	10
34	0.0033	-4	7	-2
35	0.0034	-4	14	-3
36	0.0035	-2	6	7
37	0.0036	-7	6	6
38	0.0037	-6	-2	7
39	0.0038	-7	5	0
40	0.0039	-7	0	-4
41	0.0040	7	15	16
42	0.0041	1	5	10
43	0.0042	0	13	13
44	0.0043	-2	9	-7
45	0.0044	-12	-4	-19
46	0.0045	3	9	10
47	0.0046	-2	6	7
48	0.0047	-7	11	11
49	0.0048	-6	2	-4
50	0.0049	-12	-8	-16
51	0.0050	-3	-6	0
52	0.0051	-11	5	1
53	0.0052	-4	11	15
54	0.0053	-3	5	-4
55	0.0054	-7	-7	-14
56	0.0055	-3	1	2
57	0.0056	-7	2	6
58	0.0057	-7	11	16
59	0.0058	-7	2	-2
60	0.0059	-12	-7	-15
61	0.0060	-6	1	-2
62	0.0061	-14	-2	2
63	0.0062	-7	9	13
64	0.0063	-4	1	-4
65	0.0064	-6	1	-16
66	0.0065	-7	-6	-2
67	0.0066	-8	2	0
68	0.0067	-11	3	13
69	0.0068	-11	2	-3
70	0.0069	0	3	-10
71	0.0070	3	10	0
72	0.0071	-8	-3	2
73	0.0072	-7	6	7
74	0.0073	-6	6	-6
75	0.0074	-7	-2	-14
76	0.0075	-2	5	2
77	0.0076	-14	-3	6
78	0.0077	-2	13	11
79	0.0078	-11	3	-3
80	0.0079	-6	3	-19
81	0.0080	-2	5	-2
82	0.0081	-14	-7	5
83	0.0082	-6	7	13
84	0.0083	0	14	2
85	0.0084	0	9	-10
86	0.0085	1	9	9
87	0.0086	-14	-2	5
88	0.0087	-10	7	5
89	0.0088	-7	2	-3
90	0.0089	-10	7	-8
91	0.0090	0	5	2
92	0.0091	-12	-8	-2
93	0.0092	-4	0	5
94	0.0093	-3	2	-7
95	0.0094	-10	3	-14
96	0.0095	-11	-8	-2
97	0.0096	-16	-6	2
98	0.0097	-6	3	0
99	0.0098	0	11	-3
100	0.0099	-7	7	-12

电流增量数据 [1000Hz, 10点]
采样序号	时间(s)	A相电流(INT)	B相电流(INT)	C相电流(INT)
1	0.000	-28	2084	6
2	0.001	-8	377	-17
3	0.002	-29	760	-17
4	0.003	6	82	2
5	0.004	3	498	-4
6	0.005	-29	1127	-8
7	0.006	-6	936	14
8	0.007	-44	1326	-2
9	0.008	9	-2235	-6
10	0.009	-46	176	-6
================================================================================

=== 采集时间: 2025-12-05 15:45:59 (增量周期: 10.0ms) ===
振动增量数据 [等效10000Hz, 100点]
时序序号	时间(s)	X振动(INT)	Y振动(INT)	Z振动(INT)
1	0.0000	0	9	-2
2	0.0001	-15	-8	0
3	0.0002	-12	2	6
4	0.0003	-6	1	-7
5	0.0004	-15	-2	-19
6	0.0005	-2	9	-2
7	0.0006	-20	-8	-8
8	0.0007	-10	-7	6
9	0.0008	-10	-7	-15
10	0.0009	-15	-12	-20
11	0.0010	-3	14	7
12	0.0011	-19	6	7
13	0.0012	-12	-3	2
14	0.0013	-11	-12	-15
15	0.0014	-11	-19	-19
16	0.0015	-7	14	13
17	0.0016	-8	20	10
18	0.0017	-10	2	11
19	0.0018	-14	-10	-14
20	0.0019	-10	-15	-20
21	0.0020	-8	13	10
22	0.0021	-2	13	10
23	0.0022	-7	3	5
24	0.0023	-8	-6	-4
25	0.0024	-6	-4	-10
26	0.0025	-2	15	7
27	0.0026	-10	11	7
28	0.0027	-12	-3	7
29	0.0028	-3	13	-7
30	0.0029	-3	-2	-12
31	0.0030	0	3	6
32	0.0031	-2	6	14
33	0.0032	-7	1	10
34	0.0033	2	13	-10
35	0.0034	-12	-7	-20
36	0.0035	-4	-6	1
37	0.0036	-16	6	6
38	0.0037	-15	6	16
39	0.0038	0	13	0
40	0.0039	-2	-8	-16
41	0.0040	2	-8	1
42	0.0041	-12	1	3
43	0.0042	-8	7	14
44	0.0043	-8	16	-4
45	0.0044	-12	-8	-15
46	0.0045	-7	-4	0
47	0.0046	-15	-4	-2
48	0.0047	-6	13	11
49	0.0048	2	13	-3
50	0.0049	-7	-16	-17
51	0.0050	0	10	6
52	0.0051	-16	5	10
53	0.0052	-7	5	7
54	0.0053	-7	-8	-12
55	0.0054	-12	-7	-16
56	0.0055	-3	10	2
57	0.0056	-14	7	2
58	0.0057	-7	5	7
59	0.0058	-4	-3	-7
60	0.0059	-4	-4	-19
61	0.0060	1	14	9
62	0.0061	-11	5	16
63	0.0062	-2	10	5
64	0.0063	-2	6	-11
65	0.0064	-11	-6	-12
66	0.0065	-10	1	6
67	0.0066	-6	7	13
68	0.0067	5	18	11
69	0.0068	2	2	-7
70	0.0069	-8	-4	-21
71	0.0070	-7	2	-3
72	0.0071	-11	1	5
73	0.0072	3	14	10
74	0.0073	-15	-2	-7
75	0.0074	-11	-2	-16
76	0.0075	-12	-3	-4
77	0.0076	-8	2	6
78	0.0077	-3	6	10
79	0.0078	-8	-2	-8
80	0.0079	-14	-4	-19
81	0.0080	-7	5	6
82	0.0081	-12	9	6
83	0.0082	3	9	14
84	0.0083	0	6	1
85	0.0084	-6	2	-14
86	0.0085	-7	2	2
87	0.0086	-10	0	5
88	0.0087	-3	7	11
89	0.0088	3	9	6
90	0.0089	-2	13	-4
91	0.0090	2	9	6
92	0.0091	-15	-2	2
93	0.0092	-4	5	13
94	0.0093	-3	9	0
95	0.0094	3	18	-6
96	0.0095	0	6	6
97	0.0096	-8	1	0
98	0.0097	-8	3	7
99	0.0098	1	14	10
100	0.0099	-2	10	-6

电流增量数据 [1000Hz, 10点]
采样序号	时间(s)	A相电流(INT)	B相电流(INT)	C相电流(INT)
1	0.000	-37	1406	-20
2	0.001	-16	-178	2
3	0.002	-3	-165	10
4	0.003	2	-353	-23
5	0.004	-29	3442	14
6	0.005	11	939	2
7	0.006	-52	1502	4
8	0.007	-4	885	-2
9	0.008	-43	872	-19
10	0.009	16	49	-23
================================================================================

=== 采集时间: 2025-12-05 15:46:00 (增量周期: 10.0ms) ===
振动增量数据 [等效10000Hz, 100点]
时序序号	时间(s)	X振动(INT)	Y振动(INT)	Z振动(INT)
1	0.0000	0	-4	1
2	0.0001	-15	-3	6
3	0.0002	-11	7	13
4	0.0003	-2	15	-7
5	0.0004	-2	-3	-16
6	0.0005	-3	-7	-8
7	0.0006	-15	-7	3
8	0.0007	-12	11	11
9	0.0008	-3	2	-2
10	0.0009	-7	-4	-15
11	0.0010	1	1	3
12	0.0011	-11	-2	3
13	0.0012	-10	14	14
14	0.0013	-3	13	0
15	0.0014	1	1	-12
16	0.0015	6	2	7
17	0.0016	-6	3	11
18	0.0017	-2	15	15
19	0.0018	-2	18	0
20	0.0019	-4	-6	-21
21	0.0020	-2	-2	-2
22	0.0021	-16	0	5
23	0.0022	-17	7	7
24	0.0023	1	18	-8
25	0.0024	-4	-14	-19
26	0.0025	6	-2	6
27	0.0026	-17	-6	3
28	0.0027	-14	9	2
29	0.0028	-8	-2	-15
30	0.0029	-15	-19	-27
31	0.0030	-8	-4	2
32	0.0031	-21	-3	7
33	0.0032	-15	16	11
34	0.0033	-14	5	-8
35	0.0034	-7	-14	-21
36	0.0035	-3	-3	-4
37	0.0036	-14	-4	9
38	0.0037	-16	6	10
39	0.0038	-15	3	-14
40	0.0039	-12	-10	-15
41	0.0040	-12	-8	-7
42	0.0041	-11	6	2
43	0.0042	-8	13	5
44	0.0043	-4	2	-7
45	0.0044	-10	-7	-20
46	0.0045	-2	-2	0
47	0.0046	-10	2	5
48	0.0047	-10	16	11
49	0.0048	0	7	-7
50	0.0049	-21	-11	-15
51	0.0050	1	6	6
52	0.0051	-7	13	10
53	0.0052	-3	15	15
54	0.0053	-2	5	-4
55	0.0054	-12	-16	-19
56	0.0055	-4	6	6
57	0.0056	-15	3	6
58	0.0057	-14	5	10
59	0.0058	-6	-2	-8
60	0.0059	-14	-6	-23
61	0.0060	-2	2	-3
62	0.0061	-10	-7	1
63	0.0062	-4	9	10
64	0.0063	-6	10	-3
65	0.0064	-8	-3	-23
66	0.0065	-4	-2	-4
67	0.0066	-12	-2	0
68	0.0067	-11	6	7
69	0.0068	-8	11	-3
70	0.0069	-6	7	-15
71	0.0070	-11	-2	0
72	0.0071	-15	-10	1
73	0.0072	-15	-2	7
74	0.0073	-6	13	2
75	0.0074	-8	1	-11
76	0.0075	1	0	-6
77	0.0076	-10	-14	-6
78	0.0077	-17	-7	7
79	0.0078	-14	15	1
80	0.0079	-19	7	-15
81	0.0080	-7	-3	-4
82	0.0081	-17	-19	-4
83	0.0082	-10	-2	16
84	0.0083	1	19	9
85	0.0084	-6	11	-10
86	0.0085	-6	-2	-4
87	0.0086	-21	-20	-3
88	0.0087	-14	3	10
89	0.0088	-11	18	3
90	0.0089	-10	10	-15
91	0.0090	-6	-4	-2
92	0.0091	-15	-12	1
93	0.0092	-3	7	10
94	0.0093	-3	15	-4
95	0.0094	-3	5	-10
96	0.0095	-6	3	3
97	0.0096	-12	-4	2
98	0.0097	-10	14	9
99	0.0098	-4	7	-3
100	0.0099	0	3	-11

电流增量数据 [1000Hz, 10点]
采样序号	时间(s)	A相电流(INT)	B相电流(INT)	C相电流(INT)
1	0.000	-39	-199	-12
2	0.001	-4	-1245	9
3	0.002	-2	388	-7
4	0.003	-17	554	9
5	0.004	-26	1773	-4
6	0.005	-20	-19	-10
7	0.006	16	-299	-3
8	0.007	-15	39	-6
9	0.008	3	3116	7
10	0.009	-4	1266	-12
================================================================================

=== 采集时间: 2025-12-05 15:46:00 (增量周期: 10.0ms) ===
振动增量数据 [等效10000Hz, 100点]
时序序号	时间(s)	X振动(INT)	Y振动(INT)	Z振动(INT)
1	0.0000	5	-4	1
2	0.0001	-12	-6	7
3	0.0002	-3	16	14
4	0.0003	2	19	0
5	0.0004	7	2	-11
6	0.0005	1	1	5
7	0.0006	-10	1	9
8	0.0007	-3	16	14
9	0.0008	-7	14	7
10	0.0009	0	7	-14
11	0.0010	6	-3	7
12	0.0011	-17	-3	6
13	0.0012	-6	14	10
14	0.0013	0	18	-4
15	0.0014	-4	2	-14
16	0.0015	1	-2	1
17	0.0016	-12	-2	3
18	0.0017	-7	16	6
19	0.0018	-8	11	2
20	0.0019	-12	-6	-19
21	0.0020	-3	-10	2
22	0.0021	-17	-3	5
23	0.0022	0	19	10
24	0.0023	-8	15	2
25	0.0024	-11	-6	-15
26	0.0025	-4	-12	-2
27	0.0026	-10	-4	1
28	0.0027	-10	11	9
29	0.0028	-4	9	-3
30	0.0029	-3	-7	-17
31	0.0030	-6	-2	2
32	0.0031	-14	2	11
33	0.0032	-6	16	11
34	0.0033	-12	0	-6
35	0.0034	-4	-2	-16
36	0.0035	-7	3	5
37	0.0036	-8	9	11
38	0.0037	-8	5	9
39	0.0038	-4	2	-7
40	0.0039	-6	0	-19
41	0.0040	-2	5	-2
42	0.0041	-17	3	7
43	0.0042	-8	0	6
44	0.0043	-3	2	-4
45	0.0044	-2	-4	-17
46	0.0045	-4	2	1
47	0.0046	-16	-4	3
48	0.0047	-14	6	5
49	0.0048	-6	3	-3
50	0.0049	-7	2	-19
51	0.0050	2	-2	6
52	0.0051	-7	-7	7
53	0.0052	-6	7	14
54	0.0053	-4	13	0
55	0.0054	-8	2	-19
56	0.0055	-7	-7	0
57	0.0056	-17	-14	-6
58	0.0057	-11	14	10
59	0.0058	-7	11	1
60	0.0059	-7	1	-11
61	0.0060	-6	-6	0
62	0.0061	-11	-11	-4
63	0.0062	-6	11	5
64	0.0063	-3	9	0
65	0.0064	-3	5	-4
66	0.0065	-6	3	2
67	0.0066	-19	-4	-3
68	0.0067	-12	10	5
69	0.0068	-3	18	1
70	0.0069	3	6	-15
71	0.0070	5	6	5
72	0.0071	-15	-8	2
73	0.0072	-4	9	9
74	0.0073	0	14	1
75	0.0074	-10	-2	-14
76	0.0075	0	2	3
77	0.0076	-20	-8	2
78	0.0077	-2	10	5
79	0.0078	2	16	0
80	0.0079	-8	-2	-11
81	0.0080	-4	1	-4
82	0.0081	-20	-4	-4
83	0.0082	-12	9	9
84	0.0083	-6	7	-4
85	0.0084	-10	-4	-20
86	0.0085	-4	-3	0
87	0.0086	-20	-10	1
88	0.0087	-7	10	6
89	0.0088	-7	3	-8
90	0.0089	-12	-7	-20
91	0.0090	-4	2	2
92	0.0091	-15	-2	1
93	0.0092	-10	7	5
94	0.0093	-12	0	-8
95	0.0094	-11	-3	-16
96	0.0095	-4	6	-2
97	0.0096	-12	0	1
98	0.0097	-10	9	7
99	0.0098	-8	-2	-2
100	0.0099	-7	7	-8

电流增量数据 [1000Hz, 10点]
采样序号	时间(s)	A相电流(INT)	B相电流(INT)	C相电流(INT)
1	0.000	18	-552	-10
2	0.001	1	1403	-10
3	0.002	-21	883	-5
4	0.003	14	772	-14
5	0.004	-37	-1031	-23
6	0.005	-2	-1287	-4
7	0.006	-13	-4	-4
8	0.007	5	-1739	-5
9	0.008	3	519	-24
10	0.009	12	543	10
================================================================================

=== 采集时间: 2025-12-05 15:46:00 (增量周期: 10.0ms) ===
振动增量数据 [等效10000Hz, 100点]
时序序号	时间(s)	X振动(INT)	Y振动(INT)	Z振动(INT)
1	0.0000	1	9	6
2	0.0001	-23	-8	5
3	0.0002	-8	9	-6
4	0.0003	2	3	-14
5	0.0004	-2	2	-17
6	0.0005	7	5	7
7	0.0006	-21	-14	5
8	0.0007	-8	10	1
9	0.0008	-8	9	-10
10	0.0009	-15	0	-7
11	0.0010	-2	5	-2
12	0.0011	-14	-8	2
13	0.0012	-6	10	1
14	0.0013	-2	7	2
15	0.0014	-8	0	-8
16	0.0015	3	6	5
17	0.0016	-19	-10	2
18	0.0017	-12	7	5
19	0.0018	-8	7	-6
20	0.0019	-17	0	-10
21	0.0020	6	14	13
22	0.0021	-14	-7	6
23	0.0022	-3	13	2
24	0.0023	-8	3	-7
25	0.0024	-14	-3	-14
26	0.0025	5	9	10
27	0.0026	-19	-2	1
28	0.0027	-15	6	3
29	0.0028	-11	6	-3
30	0.0029	-12	-2	-23
31	0.0030	2	6	-3
32	0.0031	-17	-12	-4
33	0.0032	-12	1	0
34	0.0033	-3	6	-16
35	0.0034	-4	-7	-17
36	0.0035	6	5	2
37	0.0036	-20	-23	0
38	0.0037	-20	2	-3
39	0.0038	-17	7	-15
40	0.0039	-12	-7	-19
41	0.0040	2	0	0
42	0.0041	-20	-14	2
43	0.0042	-6	10	7
44	0.0043	-6	7	-2
45	0.0044	-8	-4	-21
46	0.0045	0	-7	-8
47	0.0046	-24	-14	-4
48	0.0047	-14	14	13
49	0.0048	-6	11	0
50	0.0049	-12	-6	-16
51	0.0050	1	11	7
52	0.0051	-21	-2	3
53	0.0052	-6	13	5
54	0.0053	-4	6	-11
55	0.0054	-15	-12	-15
56	0.0055	0	7	7
57	0.0056	-17	2	7
58	0.0057	-2	19	3
59	0.0058	-2	2	-15
60	0.0059	-12	-15	-24
61	0.0060	-2	16	11
62	0.0061	-8	-2	9
63	0.0062	-4	3	3
64	0.0063	7	9	0
65	0.0064	-15	-2	-14
66	0.0065	-3	10	5
67	0.0066	-11	5	1
68	0.0067	-11	2	3
69	0.0068	-3	7	-4
70	0.0069	-12	2	-7
71	0.0070	-2	10	15
72	0.0071	-12	-6	5
73	0.0072	-6	0	-2
74	0.0073	-3	7	-11
75	0.0074	-11	-4	-11
76	0.0075	-7	1	6
77	0.0076	-11	-4	7
78	0.0077	-10	-3	0
79	0.0078	0	7	-11
80	0.0079	-15	3	-12
81	0.0080	-6	9	7
82	0.0081	-10	0	2
83	0.0082	-3	6	2
84	0.0083	9	16	0
85	0.0084	-7	5	-10
86	0.0085	6	18	9
87	0.0086	-4	-3	5
88	0.0087	-4	0	2
89	0.0088	-3	13	-3
90	0.0089	-15	6	-10
91	0.0090	-6	13	3
92	0.0091	-11	-7	-4
93	0.0092	-8	-17	2
94	0.0093	7	10	0
95	0.0094	-2	3	-10
96	0.0095	-8	7	7
97	0.0096	-12	-10	-6
98	0.0097	-14	-12	-8
99	0.0098	-6	7	-2
100	0.0099	-6	9	0

电流增量数据 [1000Hz, 10点]
采样序号	时间(s)	A相电流(INT)	B相电流(INT)	C相电流(INT)
1	0.000	-19	464	-15
2	0.001	-11	-2044	1
3	0.002	-13	962	-13
4	0.003	-34	223	23
5	0.004	-22	1239	-11
6	0.005	33	-55	-15
7	0.006	-23	-290	2
8	0.007	3	181	-7
9	0.008	-41	1144	21
10	0.009	-22	2682	-10
================================================================================

=== 采集时间: 2025-12-05 15:46:00 (增量周期: 10.0ms) ===
振动增量数据 [等效10000Hz, 100点]
时序序号	时间(s)	X振动(INT)	Y振动(INT)	Z振动(INT)
1	0.0000	-6	6	11
2	0.0001	-15	5	13
3	0.0002	-12	0	2
4	0.0003	-6	3	-11
5	0.0004	-10	-2	-15
6	0.0005	-8	11	14
7	0.0006	-19	-2	6
8	0.0007	-12	-6	0
9	0.0008	0	-2	-12
10	0.0009	-10	-2	-4
11	0.0010	-6	9	16
12	0.0011	-23	-7	2
13	0.0012	-12	-3	1
14	0.0013	-6	3	-4
15	0.0014	-3	5	-14
16	0.0015	-2	9	15
17	0.0016	-12	-3	6
18	0.0017	0	9	2
19	0.0018	0	10	-7
20	0.0019	-11	-4	-10
21	0.0020	-2	6	9
22	0.0021	-12	2	10
23	0.0022	1	16	6
24	0.0023	1	2	-3
25	0.0024	-14	-12	-14
26	0.0025	-8	7	6
27	0.0026	-16	9	7
28	0.0027	-6	5	3
29	0.0028	-4	-10	-17
30	0.0029	-10	-12	-20
31	0.0030	-10	2	7
32	0.0031	-10	10	13
33	0.0032	-6	6	2
34	0.0033	-11	-16	-14
35	0.0034	-16	-14	-21
36	0.0035	-4	10	7
37	0.0036	-7	9	15
38	0.0037	-3	-2	1
39	0.0038	-2	-14	-15
40	0.0039	-14	-11	-16
41	0.0040	1	19	7
42	0.0041	-14	9	1
43	0.0042	-2	-2	-2
44	0.0043	-3	-11	-12
45	0.0044	1	3	-10
46	0.0045	7	22	18
47	0.0046	-8	0	9
48	0.0047	-10	2	1
49	0.0048	-8	1	-8
50	0.0049	-8	6	-12
51	0.0050	-4	11	14
52	0.0051	-17	-8	3
53	0.0052	-7	-2	-2
54	0.0053	-3	3	-10
55	0.0054	-11	3	-15
56	0.0055	-7	9	10
57	0.0056	-27	-11	2
58	0.0057	-6	2	0
59	0.0058	-8	5	-3
60	0.0059	-14	-7	-14
61	0.0060	-11	7	5
62	0.0061	-11	6	7
63	0.0062	-7	7	3
64	0.0063	-2	2	-15
65	0.0064	-7	-10	-19
66	0.0065	-11	2	-2
67	0.0066	-20	5	2
68	0.0067	-14	3	-4
69	0.0068	0	0	-10
70	0.0069	-8	-10	-14
71	0.0070	-7	7	3
72	0.0071	-19	-7	-7
73	0.0072	-15	2	-3
74	0.0073	-2	2	-6
75	0.0074	-15	-11	-15
76	0.0075	-6	6	10
77	0.0076	-27	-3	6
78	0.0077	-12	5	5
79	0.0078	-2	15	-7
80	0.0079	-10	-6	-17
81	0.0080	-8	3	7
82	0.0081	-16	1	6
83	0.0082	-11	14	6
84	0.0083	6	16	-6
85	0.0084	-11	-7	-15
86	0.0085	-6	-2	5
87	0.0086	-27	-4	0
88	0.0087	-4	16	7
89	0.0088	13	13	-4
90	0.0089	-7	-12	-16
91	0.0090	0	6	10
92	0.0091	-17	2	7
93	0.0092	-3	18	3
94	0.0093	10	11	-8
95	0.0094	-11	-15	-19
96	0.0095	-3	11	7
97	0.0096	-21	9	14
98	0.0097	-8	16	9
99	0.0098	2	-2	-10
100	0.0099	-20	-11	-12

电流增量数据 [1000Hz, 10点]
采样序号	时间(s)	A相电流(INT)	B相电流(INT)	C相电流(INT)
1	0.000	-8	1516	-21
2	0.001	41	-2389	9
3	0.002	-6	286	-7
4	0.003	-19	-1411	-11
5	0.004	-3	786	0
6	0.005	23	-62	3
7	0.006	5	956	-2
8	0.007	-24	231	-5
9	0.008	9	-56	-4
10	0.009	-35	121	-6
================================================================================

=== 采集时间: 2025-12-05 15:46:01 (增量周期: 10.0ms) ===
振动增量数据 [等效10000Hz, 100点]
时序序号	时间(s)	X振动(INT)	Y振动(INT)	Z振动(INT)
1	0.0000	0	9	9
2	0.0001	-14	1	5
3	0.0002	-6	-2	0
4	0.0003	-3	2	-6
5	0.0004	-12	-7	-14
6	0.0005	2	10	11
7	0.0006	-17	-2	5
8	0.0007	-12	1	2
9	0.0008	-4	-2	-12
10	0.0009	-6	1	-11
11	0.0010	0	11	13
12	0.0011	-12	2	7
13	0.0012	-10	3	0
14	0.0013	-6	9	-7
15	0.0014	-7	5	-7
16	0.0015	-3	14	14
17	0.0016	-15	-7	6
18	0.0017	-10	-2	-2
19	0.0018	6	11	-3
20	0.0019	0	11	-4
21	0.0020	-4	1	14
22	0.0021	-20	-6	-4
23	0.0022	-8	2	-10
24	0.0023	0	9	-10
25	0.0024	-2	-4	-11
26	0.0025	-7	-8	6
27	0.0026	-15	-7	10
28	0.0027	-10	6	1
29	0.0028	2	9	-4
30	0.0029	-14	-12	-20
31	0.0030	-12	-11	6
32	0.0031	-15	-2	7
33	0.0032	-6	13	7
34	0.0033	-3	9	-7
35	0.0034	-14	-15	-21
36	0.0035	-11	-2	5
37	0.0036	-12	9	3
38	0.0037	-8	19	9
39	0.0038	-3	3	-7
40	0.0039	-11	-19	-15
41	0.0040	-2	2	14
42	0.0041	-7	15	16
43	0.0042	-2	19	7
44	0.0043	0	3	-8
45	0.0044	-6	-11	-14
46	0.0045	3	3	16
47	0.0046	-11	9	10
48	0.0047	-3	18	7
49	0.0048	0	3	-7
50	0.0049	-7	-4	-17
51	0.0050	-2	9	11
52	0.0051	-14	5	14
53	0.0052	-12	14	10
54	0.0053	-3	6	0
55	0.0054	-6	1	-7
56	0.0055	0	7	11
57	0.0056	-10	2	11
58	0.0057	-10	14	7
59	0.0058	1	7	-8
60	0.0059	-6	2	-11
61	0.0060	-6	1	3
62	0.0061	-20	-4	6
63	0.0062	-4	18	6
64	0.0063	3	13	-3
65	0.0064	-7	-2	-14
66	0.0065	-3	5	13
67	0.0066	-14	5	6
68	0.0067	-3	18	13
69	0.0068	3	-2	-8
70	0.0069	-11	-11	-16
71	0.0070	-6	3	13
72	0.0071	-14	6	7
73	0.0072	3	14	5
74	0.0073	1	-4	-4
75	0.0074	-15	-10	-20
76	0.0075	-4	3	6
77	0.0076	-8	6	6
78	0.0077	2	2	1
79	0.0078	-3	-6	2
80	0.0079	-8	2	-4
81	0.0080	2	13	15
82	0.0081	-11	1	1
83	0.0082	-8	1	5
84	0.0083	-8	6	-2
85	0.0084	-7	6	-3
86	0.0085	1	11	14
87	0.0086	-12	-7	15
88	0.0087	-2	7	7
89	0.0088	-4	11	-4
90	0.0089	0	10	-4
91	0.0090	-7	5	9
92	0.0091	-17	2	6
93	0.0092	-8	6	7
94	0.0093	0	9	2
95	0.0094	-2	6	-3
96	0.0095	-3	6	2
97	0.0096	-20	-11	-3
98	0.0097	-12	-4	0
99	0.0098	-7	5	-4
100	0.0099	-4	6	-11

电流增量数据 [1000Hz, 10点]
采样序号	时间(s)	A相电流(INT)	B相电流(INT)	C相电流(INT)
1	0.000	-14	3603	6
2	0.001	18	803	-12
3	0.002	-25	1500	14
4	0.003	-4	1081	-19
5	0.004	30	1041	-6
6	0.005	-21	220	-12
7	0.006	2	263	4
8	0.007	-30	1056	-3
9	0.008	-2	945	-17
10	0.009	-22	1546	14
================================================================================

=== 采集时间: 2025-12-05 15:46:01 (增量周期: 10.0ms) ===
振动增量数据 [等效10000Hz, 100点]
时序序号	时间(s)	X振动(INT)	Y振动(INT)	Z振动(INT)
1	0.0000	-3	11	11
2	0.0001	-19	-4	5
3	0.0002	-12	9	-2
4	0.0003	-2	10	-6
5	0.0004	-8	-7	-16
6	0.0005	-4	6	15
7	0.0006	-19	7	5
8	0.0007	-7	13	-3
9	0.0008	-8	-3	-14
10	0.0009	-10	-15	-16
11	0.0010	-4	2	18
12	0.0011	-11	10	14
13	0.0012	6	18	-3
14	0.0013	-2	-8	-16
15	0.0014	-14	-21	-23
16	0.0015	-7	14	11
17	0.0016	-17	18	11
18	0.0017	-2	13	-3
19	0.0018	-3	-11	-15
20	0.0019	-3	-11	-12
21	0.0020	5	16	11
22	0.0021	-12	11	7
23	0.0022	-7	2	-11
24	0.0023	-16	-12	-17
25	0.0024	-10	2	-10
26	0.0025	-2	18	11
27	0.0026	-2	10	16
28	0.0027	-2	-3	-3
29	0.0028	0	-14	-15
30	0.0029	-6	3	-16
31	0.0030	-6	6	6
32	0.0031	-15	1	11
33	0.0032	-11	9	-2
34	0.0033	-8	5	-11
35	0.0034	-8	2	-15
36	0.0035	-4	2	3
37	0.0036	-10	2	6
38	0.0037	-6	2	-2
39	0.0038	-2	3	-6
40	0.0039	-8	-2	-14
41	0.0040	-4	7	11
42	0.0041	-19	2	5
43	0.0042	-12	10	-4
44	0.0043	-6	6	-20
45	0.0044	-16	-6	-24
46	0.0045	-4	9	9
47	0.0046	-12	-2	9
48	0.0047	-4	6	2
49	0.0048	0	0	-15
50	0.0049	-15	-8	-16
51	0.0050	-7	5	7
52	0.0051	-21	-4	2
53	0.0052	-10	2	0
54	0.0053	-4	5	-6
55	0.0054	-7	-2	-14
56	0.0055	-6	6	3
57	0.0056	-17	-14	-6
58	0.0057	-6	1	-12
59	0.0058	-7	9	-12
60	0.0059	-6	3	-6
61	0.0060	-17	-16	-2
62	0.0061	-19	-6	2
63	0.0062	-3	15	2
64	0.0063	1	14	-10
65	0.0064	-11	-17	-21
66	0.0065	-10	-12	-3
67	0.0066	-27	-15	1
68	0.0067	0	20	6
69	0.0068	2	13	-3
70	0.0069	-14	-19	-23
71	0.0070	-8	-14	1
72	0.0071	-19	-2	2
73	0.0072	-4	22	5
74	0.0073	0	9	-8
75	0.0074	-15	-17	-20
76	0.0075	-8	-4	3
77	0.0076	-20	1	6
78	0.0077	-2	22	5
79	0.0078	0	-2	-10
80	0.0079	-8	-12	-20
81	0.0080	-4	1	5
82	0.0081	-17	6	7
83	0.0082	-2	14	0
84	0.0083	-7	-7	-15
85	0.0084	-8	-15	-21
86	0.0085	1	9	7
87	0.0086	-7	2	7
88	0.0087	-8	9	5
89	0.0088	-2	-3	-6
90	0.0089	-7	0	-10
91	0.0090	-6	6	9
92	0.0091	-12	1	10
93	0.0092	-12	6	1
94	0.0093	1	3	-2
95	0.0094	-3	9	-4
96	0.0095	2	11	11
97	0.0096	-15	2	3
98	0.0097	-8	3	3
99	0.0098	0	13	-3
100	0.0099	-8	5	-8

电流增量数据 [1000Hz, 10点]
采样序号	时间(s)	A相电流(INT)	B相电流(INT)	C相电流(INT)
1	0.000	-2	-1664	-12
2	0.001	-44	-821	14
3	0.002	-44	-41	-21
4	0.003	-43	-1208	15
5	0.004	22	392	-12
6	0.005	-28	685	12
7	0.006	-6	1818	-5
8	0.007	37	-75	12
9	0.008	-2	-346	-3
10	0.009	-7	180	-20
================================================================================

=== 采集时间: 2025-12-05 15:46:01 (增量周期: 10.0ms) ===
振动增量数据 [等效10000Hz, 100点]
时序序号	时间(s)	X振动(INT)	Y振动(INT)	Z振动(INT)
1	0.0000	3	19	18
2	0.0001	-12	6	13
3	0.0002	-6	-7	-3
4	0.0003	-3	1	-10
5	0.0004	-10	-2	-10
6	0.0005	-7	10	22
7	0.0006	-3	10	13
8	0.0007	0	5	-3
9	0.0008	1	5	-7
10	0.0009	-2	0	-10
11	0.0010	-3	14	16
12	0.0011	-8	11	15
13	0.0012	0	6	2
14	0.0013	2	6	-7
15	0.0014	-3	10	0
16	0.0015	-4	13	22
17	0.0016	-11	9	9
18	0.0017	-6	9	-3
19	0.0018	5	3	-8
20	0.0019	0	-2	-11
21	0.0020	5	16	16
22	0.0021	-8	14	13
23	0.0022	-10	13	5
24	0.0023	-2	1	-11
25	0.0024	-15	-7	-16
26	0.0025	-8	-2	5
27	0.0026	-15	2	9
28	0.0027	-6	14	2
29	0.0028	5	2	-4
30	0.0029	-6	-17	-17
31	0.0030	-8	-4	10
32	0.0031	-23	7	0
33	0.0032	-16	11	0
34	0.0033	-2	-2	-14
35	0.0034	-2	-8	-10
36	0.0035	-4	7	11
37	0.0036	-10	10	10
38	0.0037	-10	13	-4
39	0.0038	-7	-2	-12
40	0.0039	-8	-6	-10
41	0.0040	-6	13	19
42	0.0041	-12	15	16
43	0.0042	-6	16	5
44	0.0043	-6	-3	-15
45	0.0044	-4	-4	-16
46	0.0045	-8	2	3
47	0.0046	-11	3	5
48	0.0047	-15	5	-2
49	0.0048	-11	2	-7
50	0.0049	-10	-6	-14
51	0.0050	-6	5	10
52	0.0051	-12	-6	2
53	0.0052	-12	-4	-4
54	0.0053	-12	-4	-11
55	0.0054	-14	-2	-12
56	0.0055	0	7	9
57	0.0056	-15	-4	7
58	0.0057	-12	-2	-3
59	0.0058	-11	7	-14
60	0.0059	-11	1	-23
61	0.0060	-3	3	14
62	0.0061	-11	5	9
63	0.0062	-12	2	-3
64	0.0063	-6	-4	-15
65	0.0064	-12	-11	-16
66	0.0065	-7	7	11
67	0.0066	-11	9	13
68	0.0067	-6	7	-6
69	0.0068	-2	1	-19
70	0.0069	-4	-7	-15
71	0.0070	-3	3	13
72	0.0071	-7	9	9
73	0.0072	-3	11	-2
74	0.0073	-7	-2	-6
75	0.0074	-12	-8	-19
76	0.0075	-8	-10	0
77	0.0076	-11	-3	10
78	0.0077	2	9	10
79	0.0078	5	18	-14
80	0.0079	-7	-3	-12
81	0.0080	-8	-14	6
82	0.0081	-19	-14	5
83	0.0082	-2	18	7
84	0.0083	5	18	-2
85	0.0084	-17	-8	-11
86	0.0085	1	-4	9
87	0.0086	-23	-3	10
88	0.0087	-2	27	10
89	0.0088	0	16	-7
90	0.0089	-15	-8	-19
91	0.0090	-6	0	7
92	0.0091	-19	0	9
93	0.0092	1	27	5
94	0.0093	-3	6	-15
95	0.0094	-16	-11	-16
96	0.0095	-7	6	10
97	0.0096	-24	-7	1
98	0.0097	-10	14	-2
99	0.0098	-12	-11	-11
100	0.0099	-12	-7	-15

电流增量数据 [1000Hz, 10点]
采样序号	时间(s)	A相电流(INT)	B相电流(INT)	C相电流(INT)
1	0.000	-14	442	-6
2	0.001	1	-426	-20
3	0.002	12	1572	-29
4	0.003	-11	1135	-19
5	0.004	6	912	4
6	0.005	-30	-1092	-16
7	0.006	-11	-1325	0
8	0.007	-38	209	-14
9	0.008	-38	-1779	-11
10	0.009	-17	900	5
================================================================================

=== 采集时间: 2025-12-05 15:46:02 (增量周期: 10.0ms) ===
振动增量数据 [等效10000Hz, 100点]
时序序号	时间(s)	X振动(INT)	Y振动(INT)	Z振动(INT)
1	0.0000	0	3	14
2	0.0001	-15	-3	9
3	0.0002	-7	2	-2
4	0.0003	-2	1	-10
5	0.0004	-2	-4	-12
6	0.0005	-6	-2	9
7	0.0006	-12	3	5
8	0.0007	-6	13	5
9	0.0008	-4	7	-7
10	0.0009	-2	9	-4
11	0.0010	-10	5	11
12	0.0011	-12	7	11
13	0.0012	-7	18	-8
14	0.0013	-8	-2	-16
15	0.0014	-3	-2	-15
16	0.0015	0	0	13
17	0.0016	-11	11	10
18	0.0017	-10	16	-4
19	0.0018	-11	-3	-20
20	0.0019	-16	-19	-23
21	0.0020	-12	-14	7
22	0.0021	-16	0	10
23	0.0022	-6	22	6
24	0.0023	-3	2	-3
25	0.0024	-12	-27	-23
26	0.0025	-8	-7	3
27	0.0026	-23	1	6
28	0.0027	-8	22	2
29	0.0028	-3	2	-3
30	0.0029	-4	-11	-10
31	0.0030	7	6	19
32	0.0031	-11	10	18
33	0.0032	-4	19	3
34	0.0033	-2	-7	-11
35	0.0034	-19	-7	-15
36	0.0035	-4	11	19
37	0.0036	-6	14	18
38	0.0037	6	22	10
39	0.0038	5	-2	-7
40	0.0039	-2	-11	-16
41	0.0040	3	9	1
42	0.0041	-11	6	11
43	0.0042	-2	9	6
44	0.0043	-2	5	-6
45	0.0044	-7	-2	-2
46	0.0045	-4	6	15
47	0.0046	-12	-7	6
48	0.0047	2	2	-4
49	0.0048	2	-2	-7
50	0.0049	-7	-2	-2
51	0.0050	-6	10	18
52	0.0051	-7	11	15
53	0.0052	-7	1	-6
54	0.0053	-6	0	-10
55	0.0054	-11	-10	-7
56	0.0055	-3	7	15
57	0.0056	-10	10	11
58	0.0057	-10	3	-7
59	0.0058	-3	-7	-14
60	0.0059	-14	-3	-19
61	0.0060	-7	11	18
62	0.0061	-14	6	11
63	0.0062	-6	2	-3
64	0.0063	-3	1	-14
65	0.0064	-10	-4	-10
66	0.0065	-6	10	16
67	0.0066	-7	10	11
68	0.0067	-7	9	1
69	0.0068	-2	5	-7
70	0.0069	-12	0	-14
71	0.0070	-11	-2	9
72	0.0071	-7	6	10
73	0.0072	5	13	9
74	0.0073	9	9	-7
75	0.0074	-7	-4	-17
76	0.0075	-7	-10	1
77	0.0076	-14	1	7
78	0.0077	0	15	11
79	0.0078	5	13	0
80	0.0079	-7	-11	-16
81	0.0080	-6	-8	2
82	0.0081	-14	-3	7
83	0.0082	2	20	5
84	0.0083	1	9	-14
85	0.0084	-17	-15	-19
86	0.0085	-6	-2	10
87	0.0086	-16	9	10
88	0.0087	5	20	0
89	0.0088	2	1	-12
90	0.0089	-8	-15	-19
91	0.0090	-7	1	7
92	0.0091	-11	3	6
93	0.0092	-4	14	6
94	0.0093	-6	-6	-7
95	0.0094	-6	-8	-16
96	0.0095	-7	9	5
97	0.0096	-15	-6	2
98	0.0097	0	7	-8
99	0.0098	3	-2	-8
100	0.0099	1	2	-10

电流增量数据 [1000Hz, 10点]
采样序号	时间(s)	A相电流(INT)	B相电流(INT)	C相电流(INT)
1	0.000	-41	587	14
2	0.001	0	3292	16
3	0.002	15	162	-25
4	0.003	42	650	-4
5	0.004	-12	106	-11
6	0.005	-33	1202	2
7	0.006	-21	1069	-6
8	0.007	-14	902	9
9	0.008	3	128	-19
10	0.009	-37	-1596	-7
================================================================================

=== 采集时间: 2025-12-05 15:46:02 (增量周期: 10.0ms) ===
振动增量数据 [等效10000Hz, 100点]
时序序号	时间(s)	X振动(INT)	Y振动(INT)	Z振动(INT)
1	0.0000	-10	-2	10
2	0.0001	-12	3	1
3	0.0002	-17	-8	-15
4	0.0003	-4	9	-14
5	0.0004	-15	-3	-8
6	0.0005	-7	1	6
7	0.0006	-16	-6	-6
8	0.0007	-15	-10	-7
9	0.0008	2	6	-4
10	0.0009	-6	5	-10
11	0.0010	-7	0	2
12	0.0011	-16	-8	-10
13	0.0012	-12	-2	-10
14	0.0013	-6	10	-7
15	0.0014	-6	6	2
16	0.0015	-15	0	5
17	0.0016	-15	-6	-6
18	0.0017	-12	3	-11
19	0.0018	-2	11	-4
20	0.0019	-4	5	-8
21	0.0020	-15	-2	9
22	0.0021	-20	-4	2
23	0.0022	-14	3	-7
24	0.0023	-3	13	-4
25	0.0024	-10	-3	-14
26	0.0025	-8	-4	1
27	0.0026	-15	-2	-3
28	0.0027	-12	1	-4
29	0.0028	-3	10	-3
30	0.0029	-15	-6	-16
31	0.0030	-7	-4	7
32	0.0031	-19	-2	2
33	0.0032	-10	10	-4
34	0.0033	-4	13	-3
35	0.0034	-11	-2	-10
36	0.0035	-8	-3	7
37	0.0036	-10	2	2
38	0.0037	-7	5	-7
39	0.0038	-2	14	-8
40	0.0039	-7	-3	-14
41	0.0040	-2	6	7
42	0.0041	-11	3	0
43	0.0042	-17	-2	-6
44	0.0043	-8	-3	-6
45	0.0044	0	6	-7
46	0.0045	1	7	16
47	0.0046	-15	2	6
48	0.0047	-4	-7	-7
49	0.0048	-10	-15	-11
50	0.0049	1	-2	-6
51	0.0050	-2	9	13
52	0.0051	-14	2	5
53	0.0052	-7	-3	-8
54	0.0053	-6	-2	-14
55	0.0054	-6	5	-6
56	0.0055	0	7	15
57	0.0056	-19	-2	6
58	0.0057	-6	5	-3
59	0.0058	-2	3	-3
60	0.0059	3	14	-4
61	0.0060	5	9	16
62	0.0061	-14	-2	1
63	0.0062	-10	-3	-2
64	0.0063	-4	0	-4
65	0.0064	-10	5	-10
66	0.0065	0	9	13
67	0.0066	-17	-2	3
68	0.0067	-7	2	-4
69	0.0068	-6	7	-10
70	0.0069	-10	5	-7
71	0.0070	-4	5	13
72	0.0071	-14	0	9
73	0.0072	-7	13	-3
74	0.0073	5	9	-4
75	0.0074	-2	1	-6
76	0.0075	-4	-2	13
77	0.0076	-21	-6	-2
78	0.0077	-10	2	-11
79	0.0078	-3	3	-11
80	0.0079	-10	-7	-4
81	0.0080	-4	-3	11
82	0.0081	-11	-6	-4
83	0.0082	0	1	-8
84	0.0083	-4	0	-8
85	0.0084	-11	-2	-3
86	0.0085	-8	9	18
87	0.0086	-17	-2	3
88	0.0087	-2	7	-3
89	0.0088	0	3	-11
90	0.0089	-7	2	-8
91	0.0090	0	10	14
92	0.0091	-15	2	6
93	0.0092	-4	15	-4
94	0.0093	-8	9	-4
95	0.0094	-12	-4	-8
96	0.0095	-2	9	14
97	0.0096	-8	9	10
98	0.0097	1	13	-2
99	0.0098	-2	7	-4
100	0.0099	-7	-7	-8

电流增量数据 [1000Hz, 10点]
采样序号	时间(s)	A相电流(INT)	B相电流(INT)	C相电流(INT)
1	0.000	15	-30	-5
2	0.001	-14	943	9
3	0.002	-28	752	-4
4	0.003	-14	-57	11
5	0.004	-10	40	20
6	0.005	0	-260	4
7	0.006	-34	3563	5
8	0.007	-16	435	6
9	0.008	-2	2747	16
10	0.009	-5	285	-21
================================================================================

=== 采集时间: 2025-12-05 15:46:02 (增量周期: 10.0ms) ===
振动增量数据 [等效10000Hz, 100点]
时序序号	时间(s)	X振动(INT)	Y振动(INT)	Z振动(INT)
1	0.0000	-8	3	2
2	0.0001	-12	-6	-3
3	0.0002	-12	6	-8
4	0.0003	0	16	-3
5	0.0004	-10	5	-14
6	0.0005	-3	6	7
7	0.0006	-19	-11	-3
8	0.0007	-8	-4	-10
9	0.0008	-6	9	0
10	0.0009	-4	6	0
11	0.0010	-2	1	9
12	0.0011	-15	-7	-8
13	0.0012	-17	-11	-15
14	0.0013	-7	0	-10
15	0.0014	0	10	1
16	0.0015	-7	5	15
17	0.0016	-17	-4	2
18	0.0017	-8	-4	-16
19	0.0018	-6	-2	-7
20	0.0019	-8	0	0
21	0.0020	-8	6	7
22	0.0021	-17	0	-3
23	0.0022	-15	-4	-11
24	0.0023	-7	3	-8
25	0.0024	-8	2	-15
26	0.0025	-8	5	9
27	0.0026	-12	-2	0
28	0.0027	-11	1	-14
29	0.0028	-2	2	-8
30	0.0029	-14	-2	-15
31	0.0030	-10	-10	15
32	0.0031	-16	2	2
33	0.0032	-14	5	-10
34	0.0033	0	2	-8
35	0.0034	-14	-11	-19
36	0.0035	-7	-8	10
37	0.0036	-14	-3	5
38	0.0037	-12	7	-8
39	0.0038	-4	2	-14
40	0.0039	-16	-12	-15
41	0.0040	-12	-8	10
42	0.0041	-10	6	7
43	0.0042	-6	13	-3
44	0.0043	-6	7	-3
45	0.0044	-4	-7	-10
46	0.0045	-3	2	14
47	0.0046	-6	10	10
48	0.0047	-2	23	0
49	0.0048	0	3	-8
50	0.0049	-11	-11	-10
51	0.0050	-8	3	10
52	0.0051	-15	2	7
53	0.0052	-6	1	-3
54	0.0053	2	9	-6
55	0.0054	-4	2	-4
56	0.0055	-2	16	11
57	0.0056	-11	5	6
58	0.0057	-10	6	-10
59	0.0058	-6	9	0
60	0.0059	-11	-2	-8
61	0.0060	-2	10	15
62	0.0061	-10	6	7
63	0.0062	-3	10	-2
64	0.0063	0	5	-8
65	0.0064	-8	-4	-10
66	0.0065	-7	-3	13
67	0.0066	-8	2	1
68	0.0067	-7	9	-12
69	0.0068	-7	-2	-14
70	0.0069	-20	-17	-21
71	0.0070	-15	-8	9
72	0.0071	-19	7	6
73	0.0072	-7	7	-10
74	0.0073	-3	2	-8
75	0.0074	-15	-15	-12
76	0.0075	-2	-4	13
77	0.0076	-12	6	2
78	0.0077	-8	5	-4
79	0.0078	-6	3	-8
80	0.0079	-15	-2	-8
81	0.0080	-8	3	7
82	0.0081	-15	9	7
83	0.0082	0	13	-2
84	0.0083	0	10	-8
85	0.0084	-2	2	-8
86	0.0085	-8	-4	11
87	0.0086	-12	-4	6
88	0.0087	-3	13	-4
89	0.0088	2	7	1
90	0.0089	-3	-4	-4
91	0.0090	-8	2	6
92	0.0091	-11	3	1
93	0.0092	-10	14	-4
94	0.0093	0	3	-7
95	0.0094	-7	-7	-14
96	0.0095	-3	-3	7
97	0.0096	-12	-2	2
98	0.0097	-10	9	-6
99	0.0098	2	13	-7
100	0.0099	-16	-3	-7

电流增量数据 [1000Hz, 10点]
采样序号	时间(s)	A相电流(INT)	B相电流(INT)	C相电流(INT)
1	0.000	14	-24	1
2	0.001	-4	870	13
3	0.002	4	1571	1
4	0.003	32	-92	-10
5	0.004	-6	-230	18
6	0.005	25	-154	10
7	0.006	-21	3664	9
8	0.007	20	892	-6
9	0.008	-2	1486	1
10	0.009	-7	1000	-14
================================================================================

=== 采集时间: 2025-12-05 15:46:03 (增量周期: 10.0ms) ===
振动增量数据 [等效10000Hz, 100点]
时序序号	时间(s)	X振动(INT)	Y振动(INT)	Z振动(INT)
1	0.0000	-2	10	7
2	0.0001	-10	3	9
3	0.0002	-6	13	3
4	0.0003	0	18	-3
5	0.0004	-11	0	-7
6	0.0005	-7	0	10
7	0.0006	-11	2	6
8	0.0007	0	11	1
9	0.0008	10	22	1
10	0.0009	-3	6	-4
11	0.0010	-11	-10	-2
12	0.0011	-19	-16	-7
13	0.0012	-14	-4	-7
14	0.0013	0	15	0
15	0.0014	-8	10	-3
16	0.0015	-7	-7	6
17	0.0016	-19	-17	-4
18	0.0017	-7	7	-8
19	0.0018	0	18	-3
20	0.0019	-11	-4	-12
21	0.0020	-15	-12	7
22	0.0021	-12	-7	0
23	0.0022	-2	19	0
24	0.0023	5	15	1
25	0.0024	-4	-2	-10
26	0.0025	-6	1	11
27	0.0026	-12	9	5
28	0.0027	-2	18	-4
29	0.0028	10	15	7
30	0.0029	0	1	-4
31	0.0030	-2	5	16
32	0.0031	-7	13	6
33	0.0032	0	6	-10
34	0.0033	5	7	-7
35	0.0034	-7	-2	-2
36	0.0035	-6	10	20
37	0.0036	-3	9	6
38	0.0037	-6	6	-6
39	0.0038	-2	3	-2
40	0.0039	-8	0	-2
41	0.0040	-7	3	10
42	0.0041	-12	7	5
43	0.0042	-10	5	-7
44	0.0043	6	11	0
45	0.0044	-3	2	1
46	0.0045	-2	7	11
47	0.0046	-12	9	3
48	0.0047	-17	9	-8
49	0.0048	-2	10	-10
50	0.0049	-10	-3	-2
51	0.0050	-6	1	13
52	0.0051	-11	-2	2
53	0.0052	-6	7	-8
54	0.0053	6	14	1
55	0.0054	-8	-3	0
56	0.0055	-2	6	6
57	0.0056	-8	-2	1
58	0.0057	-10	-2	-7
59	0.0058	5	14	-2
60	0.0059	-4	5	-6
61	0.0060	-6	9	10
62	0.0061	-16	-7	-7
63	0.0062	-16	-8	-3
64	0.0063	-3	9	6
65	0.0064	1	2	-3
66	0.0065	-7	6	7
67	0.0066	-19	-8	0
68	0.0067	-16	-11	-15
69	0.0068	-4	0	-3
70	0.0069	7	7	6
71	0.0070	-10	2	13
72	0.0071	-14	0	1
73	0.0072	-15	-3	-10
74	0.0073	-3	11	-4
75	0.0074	1	9	2
76	0.0075	-11	0	18
77	0.0076	-16	5	7
78	0.0077	-8	6	-7
79	0.0078	0	14	0
80	0.0079	3	10	-6
81	0.0080	-11	0	13
82	0.0081	-14	10	0
83	0.0082	-15	6	-15
84	0.0083	-2	10	1
85	0.0084	-11	-8	-4
86	0.0085	-14	-10	10
87	0.0086	-12	9	-3
88	0.0087	-19	2	-7
89	0.0088	0	5	-6
90	0.0089	-6	-3	-8
91	0.0090	-11	-14	14
92	0.0091	-11	9	6
93	0.0092	-8	10	-10
94	0.0093	-2	5	-11
95	0.0094	-7	-3	-10
96	0.0095	-6	-2	14
97	0.0096	-7	14	6
98	0.0097	-11	13	-4
99	0.0098	-7	0	-6
100	0.0099	-4	2	-10

电流增量数据 [1000Hz, 10点]
采样序号	时间(s)	A相电流(INT)	B相电流(INT)	C相电流(INT)
1	0.000	15	1138	3
2	0.001	-17	2668	-19
3	0.002	-12	437	7
4	0.003	0	354	6
5	0.004	-21	-748	4
6	0.005	3	1444	-13
7	0.006	5	1106	11
8	0.007	0	1126	11
9	0.008	5	-1664	-7
10	0.009	-5	-622	12
================================================================================

=== 采集时间: 2025-12-05 15:46:03 (增量周期: 10.0ms) ===
振动增量数据 [等效10000Hz, 100点]
时序序号	时间(s)	X振动(INT)	Y振动(INT)	Z振动(INT)
1	0.0000	-11	3	13
2	0.0001	-11	2	3
3	0.0002	-16	-3	-14
4	0.0003	-6	-2	-8
5	0.0004	-8	-2	-8
6	0.0005	0	10	15
7	0.0006	-7	-6	1
8	0.0007	-6	-2	-7
9	0.0008	7	10	-2
10	0.0009	-7	3	-3
11	0.0010	-8	9	23
12	0.0011	-19	7	7
13	0.0012	-8	13	-11
14	0.0013	3	19	-2
15	0.0014	-7	-8	-7
16	0.0015	5	5	14
17	0.0016	0	18	13
18	0.0017	0	23	0
19	0.0018	3	9	-7
20	0.0019	-10	-8	-14
21	0.0020	-10	-7	10
22	0.0021	-14	9	2
23	0.0022	-4	13	-4
24	0.0023	6	6	1
25	0.0024	-2	-16	-3
26	0.0025	3	3	15
27	0.0026	-6	16	10
28	0.0027	-11	10	-2
29	0.0028	-6	-4	-14
30	0.0029	-14	-11	-8
31	0.0030	-4	13	22
32	0.0031	-3	16	11
33	0.0032	-4	11	-3
34	0.0033	-7	5	-8
35	0.0034	-12	-10	-11
36	0.0035	-2	13	13
37	0.0036	-10	10	10
38	0.0037	-6	14	-3
39	0.0038	-2	1	-3
40	0.0039	-10	-11	-8
41	0.0040	-3	11	9
42	0.0041	-8	3	1
43	0.0042	-10	2	-11
44	0.0043	-6	0	-8
45	0.0044	-10	-8	-12
46	0.0045	-2	2	13
47	0.0046	1	13	3
48	0.0047	-3	5	-7
49	0.0048	-4	0	-11
50	0.0049	-16	-8	-12
51	0.0050	-10	0	11
52	0.0051	-10	3	2
53	0.0052	-8	6	-11
54	0.0053	-4	-6	-14
55	0.0054	-6	-4	-7
56	0.0055	-3	-6	7
57	0.0056	-8	1	7
58	0.0057	-11	-4	-8
59	0.0058	-8	-3	-15
60	0.0059	-16	-4	-12
61	0.0060	-10	5	11
62	0.0061	-10	9	3
63	0.0062	-10	1	-12
64	0.0063	1	2	-11
65	0.0064	-8	-10	-10
66	0.0065	-7	5	10
67	0.0066	-8	13	5
68	0.0067	-7	14	-4
69	0.0068	-3	10	-6
70	0.0069	-12	-7	-12
71	0.0070	-7	-3	10
72	0.0071	-10	0	6
73	0.0072	2	16	1
74	0.0073	10	18	0
75	0.0074	-8	1	-11
76	0.0075	-7	-4	6
77	0.0076	-19	-7	5
78	0.0077	-3	11	-3
79	0.0078	2	16	-3
80	0.0079	-19	-11	-7
81	0.0080	-11	-7	5
82	0.0081	-15	0	1
83	0.0082	0	14	-2
84	0.0083	-3	9	-4
85	0.0084	-21	-6	-8
86	0.0085	-14	-3	7
87	0.0086	-17	2	3
88	0.0087	1	24	2
89	0.0088	3	1	-8
90	0.0089	-4	2	-7
91	0.0090	-11	6	3
92	0.0091	-15	0	1
93	0.0092	-4	18	-8
94	0.0093	0	-2	-2
95	0.0094	-10	-4	-3
96	0.0095	-7	9	10
97	0.0096	-10	7	2
98	0.0097	3	10	-12
99	0.0098	9	0	-2
100	0.0099	-11	-11	-7

电流增量数据 [1000Hz, 10点]
采样序号	时间(s)	A相电流(INT)	B相电流(INT)	C相电流(INT)
1	0.000	-24	213	3
2	0.001	3	496	-7
3	0.002	-5	-379	-10
4	0.003	-30	1457	7
5	0.004	-19	1179	-6
6	0.005	-32	971	7
7	0.006	-22	-972	-12
8	0.007	-44	-1397	18
9	0.008	19	305	7
10	0.009	-7	-1915	18
================================================================================

=== 采集时间: 2025-12-05 15:46:03 (增量周期: 10.0ms) ===
振动增量数据 [等效10000Hz, 100点]
时序序号	时间(s)	X振动(INT)	Y振动(INT)	Z振动(INT)
1	0.0000	-175	53	11
2	0.0001	240	192	-165
3	0.0002	-20	-142	37
4	0.0003	-255	-245	303
5	0.0004	651	479	-902
6	0.0005	-341	-341	596
7	0.0006	-145	120	32
8	0.0007	270	-48	-311
9	0.0008	-49	27	-32
10	0.0009	-89	-142	139
11	0.0010	84	175	310
12	0.0011	0	394	120
13	0.0012	-7	-257	-3
14	0.0013	-11	5	-131
15	0.0014	189	49	-207
16	0.0015	-195	-27	187
17	0.0016	-168	28	-42
18	0.0017	263	111	-114
19	0.0018	-233	-15	226
20	0.0019	75	-104	90
21	0.0020	67	116	-205
22	0.0021	-59	41	163
23	0.0022	-89	19	-54
24	0.0023	-161	-203	7
25	0.0024	112	47	-186
26	0.0025	133	-119	-83
27	0.0026	31	-100	37
28	0.0027	-166	-49	220
29	0.0028	-54	101	-128
30	0.0029	67	5	-323
31	0.0030	48	-174	-191
32	0.0031	-357	117	828
33	0.0032	503	50	-1090
34	0.0033	244	-144	216
35	0.0034	-798	-160	549
36	0.0035	374	-87	-619
37	0.0036	133	197	-230
38	0.0037	-281	-331	417
39	0.0038	-72	144	35
40	0.0039	194	128	-220
41	0.0040	-75	-45	349
42	0.0041	-166	-223	-102
43	0.0042	313	208	-166
44	0.0043	-114	-15	-66
45	0.0044	-305	-7	580
46	0.0045	103	301	-370
47	0.0046	199	-85	-237
48	0.0047	-24	20	639
49	0.0048	-181	-95	-110
50	0.0049	284	218	-321
51	0.0050	19	77	37
52	0.0051	-251	-381	-122
53	0.0052	104	107	-85
54	0.0053	35	154	160
55	0.0054	-105	-85	169
56	0.0055	-49	199	264
57	0.0056	-84	-11	103
58	0.0057	10	-29	-273
59	0.0058	315	-241	-629
60	0.0059	-302	346	1052
61	0.0060	-152	-152	129
62	0.0061	169	97	-312
63	0.0062	140	-190	120
64	0.0063	-3	137	-50
65	0.0064	142	37	-16
66	0.0065	-217	-54	63
67	0.0066	-238	-87	-124
68	0.0067	87	69	-93
69	0.0068	-70	88	361
70	0.0069	-118	176	296
71	0.0070	3	-59	-10
72	0.0071	-151	80	2
73	0.0072	-7	56	200
74	0.0073	-23	50	91
75	0.0074	315	18	-328
76	0.0075	56	-196	-216
77	0.0076	-51	-40	156
78	0.0077	-33	152	-6
79	0.0078	-7	-11	-200
80	0.0079	174	2	-126
81	0.0080	-264	-255	226
82	0.0081	-134	90	14
83	0.0082	-61	122	-68
84	0.0083	134	126	27
85	0.0084	-211	-57	251
86	0.0085	203	24	156
87	0.0086	-134	-54	-182
88	0.0087	112	248	219
89	0.0088	-339	-48	106
90	0.0089	308	-217	-564
91	0.0090	48	92	136
92	0.0091	-81	-85	307
93	0.0092	-88	135	-38
94	0.0093	-58	45	104
95	0.0094	96	165	-312
96	0.0095	-100	-228	240
97	0.0096	-84	60	-16
98	0.0097	131	45	-164
99	0.0098	20	36	9
100	0.0099	0	-109	-70

电流增量数据 [1000Hz, 10点]
采样序号	时间(s)	A相电流(INT)	B相电流(INT)	C相电流(INT)
1	0.000	1272	129	-1176
2	0.001	1971	-1171	-391
3	0.002	366	-1208	1045
4	0.003	259	-236	1197
5	0.004	-863	779	1434
6	0.005	-1675	1436	1254
7	0.006	-4936	3667	2358
8	0.007	-4562	1589	-112
9	0.008	-5	4891	-4309
10	0.009	1713	1280	-4974
================================================================================

=== 采集时间: 2025-12-05 15:46:03 (增量周期: 10.0ms) ===
振动增量数据 [等效10000Hz, 100点]
时序序号	时间(s)	X振动(INT)	Y振动(INT)	Z振动(INT)
1	0.0000	-54	-138	-153
2	0.0001	-16	73	100
3	0.0002	-220	-7	10
4	0.0003	140	73	86
5	0.0004	112	67	-53
6	0.0005	287	-159	-139
7	0.0006	-290	-78	23
8	0.0007	-63	-29	-37
9	0.0008	-15	253	106
10	0.0009	44	-14	7
11	0.0010	-23	-134	160
12	0.0011	186	114	-445
13	0.0012	-429	-157	453
14	0.0013	75	31	-334
15	0.0014	202	9	-161
16	0.0015	-42	-135	253
17	0.0016	-123	-62	-68
18	0.0017	3	141	212
19	0.0018	-83	192	-97
20	0.0019	-25	-258	57
21	0.0020	312	5	-320
22	0.0021	-81	101	219
23	0.0022	-123	124	348
24	0.0023	46	79	-338
25	0.0024	78	-21	-59
26	0.0025	-188	-51	470
27	0.0026	-152	-17	-53
28	0.0027	263	252	-254
29	0.0028	18	-83	70
30	0.0029	-286	-223	23
31	0.0030	219	73	-205
32	0.0031	7	92	84
33	0.0032	121	27	73
34	0.0033	3	-28	11
35	0.0034	36	-121	-274
36	0.0035	-55	-15	133
37	0.0036	-177	-6	45
38	0.0037	234	-45	-409
39	0.0038	-245	210	961
40	0.0039	20	101	-475
41	0.0040	271	-258	-278
42	0.0041	-379	-23	343
43	0.0042	6	-221	-218
44	0.0043	748	236	-876
45	0.0044	-221	-298	347
46	0.0045	44	-172	-114
47	0.0046	30	66	-241
48	0.0047	11	-98	146
49	0.0048	-474	-25	87
50	0.0049	237	158	14
51	0.0050	-105	216	193
52	0.0051	-301	-279	275
53	0.0052	280	160	-237
54	0.0053	-62	83	101
55	0.0054	138	-170	-177
56	0.0055	157	-75	-316
57	0.0056	-53	77	23
58	0.0057	-64	79	62
59	0.0058	-100	173	538
60	0.0059	-91	225	-63
61	0.0060	233	194	1
62	0.0061	-102	-19	84
63	0.0062	-62	-147	-139
64	0.0063	-138	37	0
65	0.0064	-104	19	14
66	0.0065	92	-246	-117
67	0.0066	330	442	-393
68	0.0067	-320	-352	673
69	0.0068	-302	-135	-349
70	0.0069	334	50	-290
71	0.0070	-92	278	365
72	0.0071	-286	-220	125
73	0.0072	392	233	37
74	0.0073	-88	57	-32
75	0.0074	-105	-245	75
76	0.0075	27	3	-290
77	0.0076	49	242	150
78	0.0077	-87	33	315
79	0.0078	-100	-126	-230
80	0.0079	254	117	-85
81	0.0080	-596	-173	423
82	0.0081	124	-17	-234
83	0.0082	215	104	-288
84	0.0083	-7	-98	300
85	0.0084	-144	152	211
86	0.0085	113	-81	-308
87	0.0086	60	-109	-226
88	0.0087	-47	-161	131
89	0.0088	75	186	148
90	0.0089	40	148	-160
91	0.0090	46	-101	44
92	0.0091	-251	56	61
93	0.0092	187	-97	-170
94	0.0093	-28	-152	-74
95	0.0094	258	203	-439
96	0.0095	-277	-130	694
97	0.0096	-318	39	-194
98	0.0097	624	79	-568
99	0.0098	-135	60	487
100	0.0099	-346	-328	164

电流增量数据 [1000Hz, 10点]
采样序号	时间(s)	A相电流(INT)	B相电流(INT)	C相电流(INT)
1	0.000	903	288	-10
2	0.001	-2127	-1778	2724
3	0.002	-1576	576	1539
4	0.003	-450	975	715
5	0.004	-813	1323	594
6	0.005	-231	1940	317
7	0.006	-1063	-810	92
8	0.007	-293	1830	-693
9	0.008	-541	-352	-897
10	0.009	494	809	-393
================================================================================

=== 采集时间: 2025-12-05 15:46:04 (增量周期: 10.0ms) ===
振动增量数据 [等效10000Hz, 100点]
时序序号	时间(s)	X振动(INT)	Y振动(INT)	Z振动(INT)
1	0.0000	-2	-159	-34
2	0.0001	129	256	37
3	0.0002	79	-29	-8
4	0.0003	-130	-155	78
5	0.0004	135	138	-357
6	0.0005	37	-16	-59
7	0.0006	101	87	6
8	0.0007	108	-386	-224
9	0.0008	131	292	-59
10	0.0009	-570	-294	551
11	0.0010	40	152	-547
12	0.0011	312	269	332
13	0.0012	-482	-148	250
14	0.0013	313	-112	-195
15	0.0014	-141	86	79
16	0.0015	-170	-112	32
17	0.0016	93	276	134
18	0.0017	185	5	-328
19	0.0018	60	-134	215
20	0.0019	-156	-174	13
21	0.0020	6	66	-344
22	0.0021	-125	233	251
23	0.0022	35	-37	-36
24	0.0023	208	-81	-227
25	0.0024	-51	-28	279
26	0.0025	-202	-84	46
27	0.0026	129	104	-302
28	0.0027	-165	114	292
29	0.0028	-145	3	144
30	0.0029	369	103	-242
31	0.0030	-72	-122	63
32	0.0031	-331	-126	279
33	0.0032	134	304	-152
34	0.0033	100	-3	-203
35	0.0034	28	-80	211
36	0.0035	-203	-165	79
37	0.0036	439	210	-813
38	0.0037	-705	-224	939
39	0.0038	-100	130	-113
40	0.0039	561	317	-199
41	0.0040	-162	-140	262
42	0.0041	-319	-310	200
43	0.0042	185	318	-158
44	0.0043	36	165	-216
45	0.0044	0	-136	127
46	0.0045	101	-53	-2
47	0.0046	23	74	-41
48	0.0047	56	92	163
49	0.0048	-259	-37	73
50	0.0049	202	128	-254
51	0.0050	-212	-3	293
52	0.0051	-119	-92	125
53	0.0052	52	178	-154
54	0.0053	-68	33	230
55	0.0054	-106	1	49
56	0.0055	-7	-304	-118
57	0.0056	134	201	16
58	0.0057	207	64	-165
59	0.0058	-61	-161	-47
60	0.0059	-147	-44	67
61	0.0060	37	-41	-59
62	0.0061	67	182	322
63	0.0062	-179	-125	-83
64	0.0063	-149	352	757
65	0.0064	104	50	-816
66	0.0065	375	-266	-34
67	0.0066	-275	33	230
68	0.0067	22	-189	-117
69	0.0068	326	382	-201
70	0.0069	-147	-300	-114
71	0.0070	-68	-44	313
72	0.0071	-74	30	-124
73	0.0072	3	181	202
74	0.0073	-243	77	317
75	0.0074	140	-87	-374
76	0.0075	-46	31	203
77	0.0076	-8	-119	-261
78	0.0077	201	52	20
79	0.0078	-199	35	191
80	0.0079	5	-196	-362
81	0.0080	84	60	-167
82	0.0081	-204	-49	253
83	0.0082	-78	52	66
84	0.0083	206	150	127
85	0.0084	43	15	187
86	0.0085	-80	-51	-115
87	0.0086	83	-38	-192
88	0.0087	-158	-2	39
89	0.0088	44	-31	-63
90	0.0089	113	135	-97
91	0.0090	22	-259	-248
92	0.0091	-106	393	861
93	0.0092	-502	-21	174
94	0.0093	447	-45	-687
95	0.0094	-155	9	266
96	0.0095	-37	-292	-269
97	0.0096	112	108	-101
98	0.0097	23	-98	26
99	0.0098	365	-15	-410
100	0.0099	15	-243	76

电流增量数据 [1000Hz, 10点]
采样序号	时间(s)	A相电流(INT)	B相电流(INT)	C相电流(INT)
1	0.000	384	3803	-1025
2	0.001	2518	-331	-1164
3	0.002	1253	-457	385
4	0.003	849	289	203
5	0.004	-429	186	1423
6	0.005	-1955	337	1505
7	0.006	-1563	1657	328
8	0.007	-592	1607	461
9	0.008	-697	1163	609
10	0.009	-868	2471	171
================================================================================

=== 采集时间: 2025-12-05 15:46:04 (增量周期: 10.0ms) ===
振动增量数据 [等效10000Hz, 100点]
时序序号	时间(s)	X振动(INT)	Y振动(INT)	Z振动(INT)
1	0.0000	-57	-41	220
2	0.0001	-199	-131	-36
3	0.0002	140	48	-304
4	0.0003	19	-33	-140
5	0.0004	40	50	75
6	0.0005	15	-76	-20
7	0.0006	-10	-105	44
8	0.0007	-183	60	13
9	0.0008	3	18	50
10	0.0009	-130	-46	-169
11	0.0010	309	-108	-68
12	0.0011	-246	24	65
13	0.0012	293	-179	-243
14	0.0013	-155	58	84
15	0.0014	-134	-115	151
16	0.0015	164	242	-171
17	0.0016	-130	-145	36
18	0.0017	120	-143	-144
19	0.0018	-319	385	752
20	0.0019	14	-62	-376
21	0.0020	549	-44	-533
22	0.0021	-477	-119	881
23	0.0022	-242	-166	-263
24	0.0023	322	438	-61
25	0.0024	-431	-65	229
26	0.0025	93	-129	-126
27	0.0026	171	218	120
28	0.0027	-297	-46	284
29	0.0028	152	65	-119
30	0.0029	30	-40	-173
31	0.0030	48	-2	-50
32	0.0031	50	-65	-2
33	0.0032	-131	49	-109
34	0.0033	395	-23	-175
35	0.0034	-440	-207	173
36	0.0035	195	-149	-324
37	0.0036	-235	159	185
38	0.0037	-165	-170	32
39	0.0038	178	28	-295
40	0.0039	-128	-55	240
41	0.0040	53	69	174
42	0.0041	-151	5	-38
43	0.0042	116	118	-21
44	0.0043	77	-65	-85
45	0.0044	147	-149	-290
46	0.0045	-132	28	170
47	0.0046	417	84	-541
48	0.0047	-354	-277	469
49	0.0048	-108	13	-161
50	0.0049	147	-8	-209
51	0.0050	-149	52	164
52	0.0051	-41	-25	117
53	0.0052	-19	11	185
54	0.0053	-72	13	15
55	0.0054	50	-193	-329
56	0.0055	409	3	-431
57	0.0056	-292	-85	461
58	0.0057	-111	-96	-171
59	0.0058	129	70	-229
60	0.0059	-182	-127	112
61	0.0060	-541	-362	747
62	0.0061	174	208	-221
63	0.0062	163	113	-449
64	0.0063	-55	-138	-53
65	0.0064	-87	-134	-25
66	0.0065	270	61	-257
67	0.0066	-51	137	370
68	0.0067	-284	-50	337
69	0.0068	147	90	-354
70	0.0069	-204	-45	90
71	0.0070	37	-89	-77
72	0.0071	378	41	-469
73	0.0072	229	-375	-361
74	0.0073	-407	365	1307
75	0.0074	245	135	-916
76	0.0075	532	-159	-461
77	0.0076	-519	-199	491
78	0.0077	-250	-151	-24
79	0.0078	373	517	-297
80	0.0079	-149	-102	340
81	0.0080	-119	-45	228
82	0.0081	232	215	-87
83	0.0082	-179	9	157
84	0.0083	135	-97	-96
85	0.0084	124	70	-231
86	0.0085	-234	-233	121
87	0.0086	315	74	-160
88	0.0087	37	165	-250
89	0.0088	-122	103	759
90	0.0089	-134	-84	-334
91	0.0090	310	-340	-525
92	0.0091	-375	275	447
93	0.0092	-119	-25	-3
94	0.0093	483	165	-359
95	0.0094	-102	-170	62
96	0.0095	-75	-293	173
97	0.0096	-100	355	-32
98	0.0097	-105	39	37
99	0.0098	50	31	80
100	0.0099	160	-59	-98

电流增量数据 [1000Hz, 10点]
采样序号	时间(s)	A相电流(INT)	B相电流(INT)	C相电流(INT)
1	0.000	144	899	707
2	0.001	-2355	532	2422
3	0.002	-2362	2386	476
4	0.003	-1342	842	257
5	0.004	-263	2193	-233
6	0.005	-860	1893	310
7	0.006	-455	1738	5
8	0.007	166	-1293	-944
9	0.008	777	23	-1138
10	0.009	1198	-151	-1073
================================================================================

=== 采集时间: 2025-12-05 15:46:04 (增量周期: 10.0ms) ===
振动增量数据 [等效10000Hz, 100点]
时序序号	时间(s)	X振动(INT)	Y振动(INT)	Z振动(INT)
1	0.0000	-87	308	-10
2	0.0001	-91	-25	340
3	0.0002	-170	108	-140
4	0.0003	279	-151	-110
5	0.0004	109	165	-49
6	0.0005	-118	-168	96
7	0.0006	66	283	86
8	0.0007	-125	-59	-67
9	0.0008	255	-307	-499
10	0.0009	-188	222	674
11	0.0010	-318	53	271
12	0.0011	249	86	-585
13	0.0012	207	33	-160
14	0.0013	-118	-194	546
15	0.0014	40	33	-388
16	0.0015	714	205	-391
17	0.0016	-320	107	322
18	0.0017	-205	-374	-72
19	0.0018	323	297	-285
20	0.0019	-174	3	177
21	0.0020	-71	-72	182
22	0.0021	215	124	-94
23	0.0022	-169	52	225
24	0.0023	50	156	58
25	0.0024	-61	-112	-77
26	0.0025	57	-109	-105
27	0.0026	20	-8	-195
28	0.0027	33	-28	41
29	0.0028	-106	143	93
30	0.0029	-31	-65	13
31	0.0030	201	121	-127
32	0.0031	-101	-245	-21
33	0.0032	110	-4	-221
34	0.0033	-23	293	343
35	0.0034	-371	-72	99
36	0.0035	323	-106	-342
37	0.0036	33	-170	-186
38	0.0037	-187	258	533
39	0.0038	-70	144	268
40	0.0039	57	-57	-370
41	0.0040	-16	-19	-101
42	0.0041	61	-119	14
43	0.0042	-117	-44	-29
44	0.0043	160	-36	2
45	0.0044	-162	74	-36
46	0.0045	155	-174	-282
47	0.0046	31	114	-29
48	0.0047	-323	-41	410
49	0.0048	-44	211	114
50	0.0049	44	1	-239
51	0.0050	83	69	82
52	0.0051	-125	-130	99
53	0.0052	203	-29	-88
54	0.0053	-114	143	-28
55	0.0054	-37	-172	-24
56	0.0055	184	148	-98
57	0.0056	23	-142	-17
58	0.0057	-80	-36	39
59	0.0058	362	146	-239
60	0.0059	-237	-136	56
61	0.0060	-177	6	328
62	0.0061	-78	225	-91
63	0.0062	281	-41	-96
64	0.0063	15	-74	-117
65	0.0064	-301	-170	382
66	0.0065	610	389	-714
67	0.0066	-470	-242	680
68	0.0067	-8	-109	-328
69	0.0068	198	88	-216
70	0.0069	-162	-70	163
71	0.0070	-139	-187	15
72	0.0071	150	194	65
73	0.0072	5	142	135
74	0.0073	-45	-126	46
75	0.0074	-79	-7	-151
76	0.0075	3	107	82
77	0.0076	-250	35	71
78	0.0077	177	18	-231
79	0.0078	148	192	233
80	0.0079	-388	-209	297
81	0.0080	259	7	-181
82	0.0081	-68	-11	-135
83	0.0082	-254	-153	133
84	0.0083	97	151	-234
85	0.0084	92	15	39
86	0.0085	-11	-79	280
87	0.0086	-19	-7	-104
88	0.0087	140	-53	-147
89	0.0088	-172	-135	-68
90	0.0089	-416	197	576
91	0.0090	345	215	-474
92	0.0091	223	-89	-278
93	0.0092	-409	11	1266
94	0.0093	263	41	-1034
95	0.0094	501	-70	-67
96	0.0095	-461	-113	267
97	0.0096	-105	-204	-451
98	0.0097	379	421	-196
99	0.0098	-454	-317	243
100	0.0099	167	-91	91

电流增量数据 [1000Hz, 10点]
采样序号	时间(s)	A相电流(INT)	B相电流(INT)	C相电流(INT)
1	0.000	187	665	-452
2	0.001	525	1954	-37
3	0.002	784	-426	1608
4	0.003	-283	-103	1238
5	0.004	-235	1761	1435
6	0.005	-2431	2046	1031
7	0.006	-2000	2622	108
8	0.007	-114	1450	-1361
9	0.008	-257	2073	-163
10	0.009	-491	1630	20
================================================================================

=== 采集时间: 2025-12-05 15:46:05 (增量周期: 10.0ms) ===
振动增量数据 [等效10000Hz, 100点]
时序序号	时间(s)	X振动(INT)	Y振动(INT)	Z振动(INT)
1	0.0000	-168	-41	96
2	0.0001	-125	11	5
3	0.0002	278	223	-93
4	0.0003	-216	-85	177
5	0.0004	176	-96	-61
6	0.0005	-81	47	-45
7	0.0006	-70	7	40
8	0.0007	-42	75	-88
9	0.0008	-161	-16	530
10	0.0009	122	122	-264
11	0.0010	124	-25	-29
12	0.0011	31	66	226
13	0.0012	-224	-78	-29
14	0.0013	143	178	14
15	0.0014	-134	124	-50
16	0.0015	107	-123	65
17	0.0016	156	45	-426
18	0.0017	-285	37	917
19	0.0018	295	50	-897
20	0.0019	351	-70	-145
21	0.0020	-533	-50	614
22	0.0021	-7	-305	-621
23	0.0022	352	338	16
24	0.0023	-434	-122	63
25	0.0024	165	-74	226
26	0.0025	11	159	-235
27	0.0026	-136	-209	182
28	0.0027	-178	23	-91
29	0.0028	191	-49	-371
30	0.0029	-58	36	79
31	0.0030	-57	-131	247
32	0.0031	238	144	-222
33	0.0032	-83	-10	53
34	0.0033	-54	-92	108
35	0.0034	-164	14	-10
36	0.0035	-67	258	143
37	0.0036	24	-97	-32
38	0.0037	151	-50	-88
39	0.0038	-67	0	240
40	0.0039	-196	19	76
41	0.0040	150	111	-97
42	0.0041	-220	-108	-7
43	0.0042	422	-51	-718
44	0.0043	22	-115	256
45	0.0044	-173	-375	-302
46	0.0045	565	470	-178
47	0.0046	-613	-49	918
48	0.0047	-118	-20	-507
49	0.0048	291	101	-11
50	0.0049	-456	-200	249
51	0.0050	-149	-242	37
52	0.0051	610	534	-27
53	0.0052	-47	-57	126
54	0.0053	-216	-207	103
55	0.0054	-79	-40	-199
56	0.0055	-147	159	-102
57	0.0056	-118	-63	247
58	0.0057	135	103	-259
59	0.0058	125	-14	199
60	0.0059	-258	-72	451
61	0.0060	126	71	-348
62	0.0061	-2	79	-59
63	0.0062	-179	-71	202
64	0.0063	289	53	-424
65	0.0064	-89	-44	221
66	0.0065	-215	-11	283
67	0.0066	334	41	-545
68	0.0067	13	-143	-34
69	0.0068	-298	-178	323
70	0.0069	-67	24	-357
71	0.0070	370	265	-156
72	0.0071	-191	-284	-89
73	0.0072	-209	128	1009
74	0.0073	287	416	-560
75	0.0074	276	-369	-392
76	0.0075	-332	33	807
77	0.0076	-219	-242	-773
78	0.0077	780	194	-484
79	0.0078	-516	-135	473
80	0.0079	-10	-255	-16
81	0.0080	265	625	-115
82	0.0081	-420	-331	297
83	0.0082	-128	-96	-106
84	0.0083	157	202	-143
85	0.0084	-75	10	170
86	0.0085	147	-155	-11
87	0.0086	87	71	-157
88	0.0087	-62	6	-12
89	0.0088	-54	-176	133
90	0.0089	-101	-106	-137
91	0.0090	177	180	-186
92	0.0091	-53	155	288
93	0.0092	63	-97	93
94	0.0093	-219	2	75
95	0.0094	-58	-14	-40
96	0.0095	144	90	-254
97	0.0096	-25	5	178
98	0.0097	-68	35	86
99	0.0098	220	181	-145
100	0.0099	36	-515	-558

电流增量数据 [1000Hz, 10点]
采样序号	时间(s)	A相电流(INT)	B相电流(INT)	C相电流(INT)
1	0.000	419	2261	-2242
2	0.001	-7	701	-886
3	0.002	176	1592	-402
4	0.003	112	1933	-729
5	0.004	711	1134	-820
6	0.005	657	-604	-579
7	0.006	925	-1674	-394
8	0.007	297	-845	657
9	0.008	578	-3456	1006
10	0.009	-646	709	788
================================================================================

=== 采集时间: 2025-12-05 15:46:05 (增量周期: 10.0ms) ===
振动增量数据 [等效10000Hz, 100点]
时序序号	时间(s)	X振动(INT)	Y振动(INT)	Z振动(INT)
1	0.0000	-111	73	20
2	0.0001	-155	-213	-106
3	0.0002	7	41	108
4	0.0003	-15	241	144
5	0.0004	389	9	-372
6	0.0005	-89	-213	273
7	0.0006	-297	96	256
8	0.0007	-80	37	-166
9	0.0008	207	144	-397
10	0.0009	-23	-181	258
11	0.0010	31	-25	268
12	0.0011	32	250	-24
13	0.0012	-109	-181	-20
14	0.0013	-158	-113	-182
15	0.0014	58	-45	-234
16	0.0015	362	30	-273
17	0.0016	-156	30	320
18	0.0017	-258	69	357
19	0.0018	-17	188	-173
20	0.0019	206	-221	-351
21	0.0020	-254	39	687
22	0.0021	242	197	-559
23	0.0022	415	-130	-246
24	0.0023	-528	-145	549
25	0.0024	26	-126	-585
26	0.0025	644	327	108
27	0.0026	-750	-172	494
28	0.0027	338	-62	-316
29	0.0028	-38	399	-17
30	0.0029	-331	-345	322
31	0.0030	-134	91	-27
32	0.0031	261	158	-70
33	0.0032	176	23	-62
34	0.0033	-114	-156	264
35	0.0034	30	121	-256
36	0.0035	-164	-42	-4
37	0.0036	27	-42	-132
38	0.0037	-17	30	163
39	0.0038	-32	182	213
40	0.0039	84	50	-83
41	0.0040	-96	-71	144
42	0.0041	-273	-34	69
43	0.0042	391	114	-271
44	0.0043	228	39	-165
45	0.0044	-251	-202	194
46	0.0045	-118	148	112
47	0.0046	-36	118	-53
48	0.0047	206	-289	-674
49	0.0048	-119	27	594
50	0.0049	-397	327	649
51	0.0050	400	-19	-781
52	0.0051	-310	9	459
53	0.0052	-358	-226	343
54	0.0053	332	135	-804
55	0.0054	469	114	215
56	0.0055	-583	-129	618
57	0.0056	133	48	-422
58	0.0057	374	211	-409
59	0.0058	-399	-358	309
60	0.0059	-10	151	297
61	0.0060	-119	-74	54
62	0.0061	-61	26	206
63	0.0062	-94	65	76
64	0.0063	-94	-113	-174
65	0.0064	165	-28	43
66	0.0065	-246	52	54
67	0.0066	163	83	-80
68	0.0067	-127	19	106
69	0.0068	-38	-132	37
70	0.0069	165	77	-281
71	0.0070	100	9	138
72	0.0071	-293	37	369
73	0.0072	-64	156	-67
74	0.0073	228	286	-100
75	0.0074	-40	-370	-85
76	0.0075	-247	-92	285
77	0.0076	451	347	-654
78	0.0077	-225	-217	529
79	0.0078	-386	-74	166
80	0.0079	302	44	-507
81	0.0080	283	61	-201
82	0.0081	-354	-306	276
83	0.0082	-100	214	637
84	0.0083	120	459	-379
85	0.0084	198	-200	-80
86	0.0085	-327	-140	186
87	0.0086	137	75	-54
88	0.0087	62	240	-89
89	0.0088	-53	-166	-94
90	0.0089	74	-12	-29
91	0.0090	-191	18	148
92	0.0091	140	32	58
93	0.0092	-41	53	11
94	0.0093	-49	-170	-67
95	0.0094	-55	169	-25
96	0.0095	-222	-93	238
97	0.0096	339	-8	-445
98	0.0097	-111	41	459
99	0.0098	-68	-161	-81
100	0.0099	116	82	-199

电流增量数据 [1000Hz, 10点]
采样序号	时间(s)	A相电流(INT)	B相电流(INT)	C相电流(INT)
1	0.000	632	545	-801
2	0.001	1109	-53	-1089
3	0.002	624	-191	-361
4	0.003	117	-714	672
5	0.004	-1271	3460	1261
6	0.005	-1514	1299	800
7	0.006	-2298	5375	115
8	0.007	-1001	1671	-366
9	0.008	1545	2108	-2621
10	0.009	1437	211	-1406
================================================================================

=== 采集时间: 2025-12-05 15:46:05 (增量周期: 10.0ms) ===
振动增量数据 [等效10000Hz, 100点]
时序序号	时间(s)	X振动(INT)	Y振动(INT)	Z振动(INT)
1	0.0000	142	254	-318
2	0.0001	-50	-388	32
3	0.0002	-307	-10	196
4	0.0003	-14	-123	-368
5	0.0004	214	189	22
6	0.0005	-277	-40	416
7	0.0006	160	79	86
8	0.0007	-211	176	57
9	0.0008	-174	-279	69
10	0.0009	7	107	-244
11	0.0010	117	159	-66
12	0.0011	124	-42	96
13	0.0012	-54	-95	-98
14	0.0013	-132	-10	277
15	0.0014	32	201	-123
16	0.0015	221	-134	-212
17	0.0016	-46	53	96
18	0.0017	-153	-12	284
19	0.0018	109	90	-285
20	0.0019	122	-155	-147
21	0.0020	22	-160	-291
22	0.0021	-76	64	542
23	0.0022	-152	330	-53
24	0.0023	144	13	14
25	0.0024	-361	-156	-64
26	0.0025	135	-67	-10
27	0.0026	127	-96	-294
28	0.0027	78	267	574
29	0.0028	-245	206	194
30	0.0029	497	-416	-1017
31	0.0030	-234	-15	305
32	0.0031	-220	-371	37
33	0.0032	267	498	-290
34	0.0033	154	16	208
35	0.0034	-258	-310	87
36	0.0035	-75	-24	-63
37	0.0036	-199	69	161
38	0.0037	-91	164	28
39	0.0038	127	-7	-4
40	0.0039	66	-108	-96
41	0.0040	-211	-58	144
42	0.0041	96	11	-33
43	0.0042	-161	134	-114
44	0.0043	95	27	365
45	0.0044	242	32	-353
46	0.0045	71	-8	114
47	0.0046	-459	-57	233
48	0.0047	103	-81	-431
49	0.0048	227	228	-241
50	0.0049	-64	-275	450
51	0.0050	-33	246	48
52	0.0051	9	49	-54
53	0.0052	-198	11	15
54	0.0053	-53	-204	-55
55	0.0054	152	-70	-251
56	0.0055	215	646	388
57	0.0056	-410	-215	671
58	0.0057	-45	-279	-833
59	0.0058	270	96	44
60	0.0059	-407	-15	405
61	0.0060	-510	-2	229
62	0.0061	259	-65	-19
63	0.0062	-89	202	-278
64	0.0063	-38	-356	187
65	0.0064	-226	-23	35
66	0.0065	-91	178	169
67	0.0066	-41	249	120
68	0.0067	237	-78	-230
69	0.0068	-110	-84	146
70	0.0069	-156	35	112
71	0.0070	206	50	-233
72	0.0071	61	-88	-83
73	0.0072	-114	-17	246
74	0.0073	-128	210	129
75	0.0074	148	-174	-290
76	0.0075	-158	-118	11
77	0.0076	266	-157	-246
78	0.0077	33	137	54
79	0.0078	-21	2	22
80	0.0079	-131	-2	229
81	0.0080	-258	30	-92
82	0.0081	232	-155	-318
83	0.0082	185	250	30
84	0.0083	-555	-45	784
85	0.0084	236	128	-406
86	0.0085	238	-38	-250
87	0.0086	-83	-206	74
88	0.0087	-3	-29	26
89	0.0088	18	165	93
90	0.0089	-127	147	156
91	0.0090	-97	-61	56
92	0.0091	259	-140	-477
93	0.0092	-46	7	211
94	0.0093	-221	73	213
95	0.0094	110	27	-175
96	0.0095	-12	22	-2
97	0.0096	-256	-196	219
98	0.0097	50	75	-212
99	0.0098	231	62	-221
100	0.0099	-70	-130	204

电流增量数据 [1000Hz, 10点]
采样序号	时间(s)	A相电流(INT)	B相电流(INT)	C相电流(INT)
1	0.000	858	479	-552
2	0.001	526	-634	-19
3	0.002	387	-426	117
4	0.003	-498	-635	740
5	0.004	-725	3701	711
6	0.005	-1269	3136	-856
7	0.006	-906	3297	-323
8	0.007	1260	1771	-2446
9	0.008	3014	85	-2249
10	0.009	1468	-1208	-257
================================================================================

=== 采集时间: 2025-12-05 15:46:05 (增量周期: 10.0ms) ===
振动增量数据 [等效10000Hz, 100点]
时序序号	时间(s)	X振动(INT)	Y振动(INT)	Z振动(INT)
1	0.0000	368	156	-302
2	0.0001	-47	-127	317
3	0.0002	-271	33	307
4	0.0003	-109	249	-6
5	0.0004	80	47	-194
6	0.0005	-246	-140	44
7	0.0006	74	96	229
8	0.0007	240	112	-102
9	0.0008	73	-55	-3
10	0.0009	-191	-6	187
11	0.0010	-147	-95	-158
12	0.0011	79	-31	-237
13	0.0012	46	-97	-58
14	0.0013	-135	48	333
15	0.0014	121	181	75
16	0.0015	-168	-87	22
17	0.0016	-102	-115	-17
18	0.0017	19	66	-36
19	0.0018	114	58	-164
20	0.0019	87	30	43
21	0.0020	-136	13	178
22	0.0021	30	35	-201
23	0.0022	91	-33	-2
24	0.0023	75	-93	-301
25	0.0024	266	82	-153
26	0.0025	-640	-25	674
27	0.0026	305	64	-514
28	0.0027	71	77	-3
29	0.0028	-217	-117	216
30	0.0029	237	67	-124
31	0.0030	9	3	49
32	0.0031	-187	-40	112
33	0.0032	-165	-143	-251
34	0.0033	280	182	-131
35	0.0034	-110	28	330
36	0.0035	103	-321	-374
37	0.0036	101	159	13
38	0.0037	-222	1	206
39	0.0038	-262	7	104
40	0.0039	249	148	-181
41	0.0040	69	-27	-77
42	0.0041	-51	-156	314
43	0.0042	-121	56	-64
44	0.0043	50	45	-11
45	0.0044	-58	71	15
46	0.0045	15	-147	-231
47	0.0046	207	271	576
48	0.0047	-284	168	104
49	0.0048	178	-2	-214
50	0.0049	75	-2	-77
51	0.0050	-100	-230	14
52	0.0051	161	130	-233
53	0.0052	-92	348	481
54	0.0053	-382	-37	443
55	0.0054	297	-160	-915
56	0.0055	171	-217	-24
57	0.0056	-425	-44	416
58	0.0057	154	99	-319
59	0.0058	278	339	-29
60	0.0059	-362	-217	353
61	0.0060	-32	-59	166
62	0.0061	-179	-165	125
63	0.0062	185	192	-318
64	0.0063	101	61	-124
65	0.0064	-104	-202	32
66	0.0065	0	28	-10
67	0.0066	70	22	-144
68	0.0067	-71	1	146
69	0.0068	14	-51	74
70	0.0069	-110	88	-186
71	0.0070	107	-68	-34
72	0.0071	-105	-51	163
73	0.0072	-27	-65	-74
74	0.0073	122	180	-25
75	0.0074	-54	20	236
76	0.0075	-58	-42	-87
77	0.0076	15	31	2
78	0.0077	125	-8	-167
79	0.0078	36	-287	-487
80	0.0079	-71	372	534
81	0.0080	-497	105	722
82	0.0081	476	144	-671
83	0.0082	27	-140	127
84	0.0083	-313	-292	127
85	0.0084	212	138	-227
86	0.0085	207	312	-121
87	0.0086	-272	-66	251
88	0.0087	18	-72	134
89	0.0088	265	2	-333
90	0.0089	-245	-108	330
91	0.0090	107	107	-100
92	0.0091	-149	189	13
93	0.0092	-49	-3	133
94	0.0093	-46	-54	54
95	0.0094	-20	13	6
96	0.0095	207	137	26
97	0.0096	-84	-106	-6
98	0.0097	-61	69	61
99	0.0098	-138	-55	-222
100	0.0099	134	-46	-81

电流增量数据 [1000Hz, 10点]
采样序号	时间(s)	A相电流(INT)	B相电流(INT)	C相电流(INT)
1	0.000	258	1034	462
2	0.001	81	-534	482
3	0.002	-49	-517	461
4	0.003	-1062	796	459
5	0.004	-1583	4904	91
6	0.005	851	2999	-2538
7	0.006	630	2312	-1417
8	0.007	-14	2582	-914
9	0.008	2455	-2206	291
10	0.009	845	-487	-13
================================================================================

=== 采集时间: 2025-12-05 15:46:06 (增量周期: 10.0ms) ===
振动增量数据 [等效10000Hz, 100点]
时序序号	时间(s)	X振动(INT)	Y振动(INT)	Z振动(INT)
1	0.0000	-152	-74	-621
2	0.0001	433	151	-298
3	0.0002	-345	-275	146
4	0.0003	-217	6	459
5	0.0004	-46	471	294
6	0.0005	99	16	-304
7	0.0006	13	-62	219
8	0.0007	-386	-183	163
9	0.0008	382	292	-197
10	0.0009	61	23	95
11	0.0010	-135	-267	-62
12	0.0011	182	186	-153
13	0.0012	-311	-15	196
14	0.0013	187	10	-152
15	0.0014	-75	66	196
16	0.0015	97	108	90
17	0.0016	70	77	-127
18	0.0017	-186	-266	110
19	0.0018	-145	66	-41
20	0.0019	232	-2	-276
21	0.0020	116	77	56
22	0.0021	61	-71	116
23	0.0022	-313	-15	96
24	0.0023	46	152	70
25	0.0024	133	-34	-290
26	0.0025	-316	-63	576
27	0.0026	305	394	-458
28	0.0027	79	-75	195
29	0.0028	-183	-196	6
30	0.0029	462	-219	-817
31	0.0030	-27	-143	310
32	0.0031	-275	45	13
33	0.0032	283	130	-273
34	0.0033	-238	64	110
35	0.0034	65	-345	-57
36	0.0035	-91	-46	-41
37	0.0036	122	235	53
38	0.0037	88	147	58
39	0.0038	161	-152	-88
40	0.0039	-51	-78	-123
41	0.0040	-412	6	377
42	0.0041	144	201	-68
43	0.0042	154	208	-207
44	0.0043	-33	-102	357
45	0.0044	-106	95	2
46	0.0045	-67	-173	-75
47	0.0046	-42	141	91
48	0.0047	-21	-37	-84
49	0.0048	285	-166	-333
50	0.0049	83	208	157
51	0.0050	-615	-126	820
52	0.0051	-114	419	-161
53	0.0052	664	-219	-903
54	0.0053	-139	239	940
55	0.0054	-481	13	808
56	0.0055	530	284	-1057
57	0.0056	127	-149	-144
58	0.0057	-311	-433	168
59	0.0058	104	95	-156
60	0.0059	133	404	174
61	0.0060	-123	280	476
62	0.0061	-262	-67	245
63	0.0062	237	-132	-618
64	0.0063	165	186	-47
65	0.0064	-271	-148	414
66	0.0065	-55	152	50
67	0.0066	126	61	-178
68	0.0067	5	90	208
69	0.0068	-195	-130	16
70	0.0069	138	-54	-307
71	0.0070	-70	148	228
72	0.0071	45	-48	-50
73	0.0072	-44	111	-105
74	0.0073	27	-65	70
75	0.0074	3	28	-76
76	0.0075	177	16	52
77	0.0076	-28	78	44
78	0.0077	-46	-74	-68
79	0.0078	74	69	-58
80	0.0079	20	-139	-213
81	0.0080	-36	-24	363
82	0.0081	328	254	-708
83	0.0082	-182	-285	620
84	0.0083	-96	-40	-457
85	0.0084	28	-195	-154
86	0.0085	23	266	241
87	0.0086	-260	-183	-42
88	0.0087	161	181	211
89	0.0088	-74	141	13
90	0.0089	28	-277	40
91	0.0090	-80	178	-3
92	0.0091	79	33	-28
93	0.0092	74	53	-15
94	0.0093	105	9	-124
95	0.0094	-91	16	383
96	0.0095	-273	20	43
97	0.0096	255	1	-248
98	0.0097	-64	-34	-161
99	0.0098	114	23	245
100	0.0099	-186	138	103

电流增量数据 [1000Hz, 10点]
采样序号	时间(s)	A相电流(INT)	B相电流(INT)	C相电流(INT)
1	0.000	1398	-233	-950
2	0.001	2135	464	-138
3	0.002	-128	-2550	2752
4	0.003	-30	-532	905
5	0.004	-208	-984	551
6	0.005	19	901	581
7	0.006	41	407	688
8	0.007	-677	1550	293
9	0.008	-1798	-1026	1328
10	0.009	-1396	640	23
================================================================================

=== 采集时间: 2025-12-05 15:46:06 (增量周期: 10.0ms) ===
振动增量数据 [等效10000Hz, 100点]
时序序号	时间(s)	X振动(INT)	Y振动(INT)	Z振动(INT)
1	0.0000	238	-58	-246
2	0.0001	-70	-58	-195
3	0.0002	-92	-142	319
4	0.0003	96	233	-212
5	0.0004	-51	-93	7
6	0.0005	-215	91	279
7	0.0006	56	9	-181
8	0.0007	360	-98	-427
9	0.0008	-239	41	361
10	0.0009	-36	206	407
11	0.0010	144	198	-276
12	0.0011	-46	-242	-121
13	0.0012	-177	-267	-98
14	0.0013	-31	186	-3
15	0.0014	201	67	-29
16	0.0015	92	11	-2
17	0.0016	-84	-75	200
18	0.0017	-136	50	-68
19	0.0018	10	-84	-277
20	0.0019	-81	70	317
21	0.0020	-213	150	320
22	0.0021	220	40	-244
23	0.0022	109	-79	-15
24	0.0023	-228	-61	280
25	0.0024	43	19	-199
26	0.0025	265	118	-217
27	0.0026	-211	-112	174
28	0.0027	-114	-127	-29
29	0.0028	241	244	-208
30	0.0029	-67	-139	49
31	0.0030	50	-162	-119
32	0.0031	45	133	71
33	0.0032	-78	19	108
34	0.0033	5	48	-127
35	0.0034	-87	-117	-63
36	0.0035	-7	-203	-307
37	0.0036	-32	527	697
38	0.0037	-128	44	232
39	0.0038	301	-75	-529
40	0.0039	165	-279	-83
41	0.0040	-397	-147	250
42	0.0041	57	244	-375
43	0.0042	322	193	-20
44	0.0043	-113	-23	79
45	0.0044	-106	-313	196
46	0.0045	-32	142	33
47	0.0046	46	150	-153
48	0.0047	-50	31	-3
49	0.0048	-173	-44	120
50	0.0049	46	10	76
51	0.0050	75	103	78
52	0.0051	-106	43	224
53	0.0052	139	58	-109
54	0.0053	74	-55	-227
55	0.0054	-93	75	134
56	0.0055	-281	57	337
57	0.0056	374	-65	-751
58	0.0057	71	-123	49
59	0.0058	-349	9	777
60	0.0059	-102	283	-122
61	0.0060	-195	-109	271
62	0.0061	-297	-160	267
63	0.0062	207	-174	-452
64	0.0063	245	441	26
65	0.0064	-665	-106	874
66	0.0065	245	188	-368
67	0.0066	95	263	44
68	0.0067	-109	-228	114
69	0.0068	357	-125	-259
70	0.0069	-61	177	211
71	0.0070	-320	40	377
72	0.0071	309	30	-770
73	0.0072	322	-249	-299
74	0.0073	-553	14	575
75	0.0074	58	107	212
76	0.0075	30	280	-222
77	0.0076	-87	-245	45
78	0.0077	-260	107	593
79	0.0078	124	147	-478
80	0.0079	510	35	-50
81	0.0080	-523	-33	709
82	0.0081	104	53	-405
83	0.0082	348	312	-337
84	0.0083	-476	-267	487
85	0.0084	7	1	-291
86	0.0085	458	134	-256
87	0.0086	-70	-106	237
88	0.0087	-187	-155	49
89	0.0088	197	406	-47
90	0.0089	-307	-96	131
91	0.0090	293	-600	-731
92	0.0091	101	591	233
93	0.0092	-806	-65	1082
94	0.0093	716	129	-1249
95	0.0094	172	-246	123
96	0.0095	-439	-280	362
97	0.0096	220	66	-624
98	0.0097	432	286	2
99	0.0098	-606	-113	512
100	0.0099	49	-207	-57

电流增量数据 [1000Hz, 10点]
采样序号	时间(s)	A相电流(INT)	B相电流(INT)	C相电流(INT)
1	0.000	1811	1045	-1713
2	0.001	1643	1418	-784
3	0.002	982	-617	-24
4	0.003	-4	1404	1729
5	0.004	-1316	-1565	2125
6	0.005	-1687	315	1590
7	0.006	-514	-379	594
8	0.007	-633	1464	597
9	0.008	-165	1278	238
10	0.009	-782	1745	88
================================================================================

=== 采集时间: 2025-12-05 15:46:06 (增量周期: 10.0ms) ===
振动增量数据 [等效10000Hz, 100点]
时序序号	时间(s)	X振动(INT)	Y振动(INT)	Z振动(INT)
1	0.0000	-187	-135	215
2	0.0001	28	44	-316
3	0.0002	-220	30	6
4	0.0003	62	-50	6
5	0.0004	126	142	27
6	0.0005	130	-88	52
7	0.0006	-217	36	109
8	0.0007	114	-96	-183
9	0.0008	-44	126	-118
10	0.0009	-114	-142	83
11	0.0010	212	176	-55
12	0.0011	-71	-14	-46
13	0.0012	46	-71	136
14	0.0013	-267	126	412
15	0.0014	399	-33	-705
16	0.0015	193	-149	-50
17	0.0016	-222	-243	97
18	0.0017	133	90	-314
19	0.0018	-80	161	-20
20	0.0019	19	-142	181
21	0.0020	99	48	46
22	0.0021	-75	48	236
23	0.0022	11	53	-58
24	0.0023	-262	13	-3
25	0.0024	-63	165	-55
26	0.0025	165	44	-4
27	0.0026	182	-58	120
28	0.0027	124	45	-11
29	0.0028	-119	-11	53
30	0.0029	-42	-92	-118
31	0.0030	-162	-46	-141
32	0.0031	65	41	-75
33	0.0032	144	131	97
34	0.0033	-181	-174	117
35	0.0034	35	65	101
36	0.0035	-25	100	-62
37	0.0036	-123	-29	127
38	0.0037	-49	100	-167
39	0.0038	140	-29	-97
40	0.0039	-41	10	1
41	0.0040	-20	-2	246
42	0.0041	-3	197	272
43	0.0042	114	48	-85
44	0.0043	-138	-113	69
45	0.0044	73	73	-194
46	0.0045	57	-38	-114
47	0.0046	-185	78	170
48	0.0047	44	-85	104
49	0.0048	165	146	-149
50	0.0049	-6	-142	35
51	0.0050	-191	-53	44
52	0.0051	-89	-7	-87
53	0.0052	36	111	-234
54	0.0053	65	-8	247
55	0.0054	-105	-42	189
56	0.0055	237	87	-234
57	0.0056	19	19	-14
58	0.0057	-68	-228	-109
59	0.0058	-125	-89	-254
60	0.0059	140	137	97
61	0.0060	-110	-148	-10
62	0.0061	240	-87	153
63	0.0062	-362	13	160
64	0.0063	118	35	45
65	0.0064	-113	155	-304
66	0.0065	133	-161	262
67	0.0066	62	310	79
68	0.0067	-16	-403	-239
69	0.0068	-360	244	551
70	0.0069	394	-11	-495
71	0.0070	-280	-101	305
72	0.0071	157	143	-47
73	0.0072	-61	-143	-91
74	0.0073	7	37	-218
75	0.0074	-141	-8	123
76	0.0075	48	66	18
77	0.0076	177	134	-91
78	0.0077	-97	-65	84
79	0.0078	-29	31	318
80	0.0079	-128	35	-256
81	0.0080	52	-25	-118
82	0.0081	177	151	169
83	0.0082	-239	-164	-40
84	0.0083	326	117	-101
85	0.0084	-78	-7	100
86	0.0085	-319	-215	-17
87	0.0086	-47	257	49
88	0.0087	-19	-15	-40
89	0.0088	82	-7	50
90	0.0089	187	-50	-41
91	0.0090	-212	-44	298
92	0.0091	-165	111	9
93	0.0092	77	-100	-375
94	0.0093	27	-2	67
95	0.0094	-44	-38	110
96	0.0095	65	-67	-115
97	0.0096	190	296	58
98	0.0097	-420	-186	429
99	0.0098	131	57	-435
100	0.0099	417	130	-294

电流增量数据 [1000Hz, 10点]
采样序号	时间(s)	A相电流(INT)	B相电流(INT)	C相电流(INT)
1	0.000	279	-1236	1
2	0.001	-211	307	748
3	0.002	-553	174	640
4	0.003	-1090	1680	356
5	0.004	-796	1317	135
6	0.005	-286	-950	-310
7	0.006	757	587	-926
8	0.007	1377	-226	-1388
9	0.008	2053	352	660
10	0.009	778	-460	433
================================================================================

=== 采集时间: 2025-12-05 15:46:07 (增量周期: 10.0ms) ===
振动增量数据 [等效10000Hz, 100点]
时序序号	时间(s)	X振动(INT)	Y振动(INT)	Z振动(INT)
1	0.0000	682	11	-719
2	0.0001	-301	-230	288
3	0.0002	-237	-168	112
4	0.0003	449	305	-361
5	0.0004	93	113	2
6	0.0005	-273	-102	258
7	0.0006	-121	-144	-36
8	0.0007	97	219	44
9	0.0008	-281	-17	134
10	0.0009	447	111	-164
11	0.0010	-297	9	246
12	0.0011	-11	-105	245
13	0.0012	-75	288	-251
14	0.0013	168	-11	-42
15	0.0014	174	67	-164
16	0.0015	50	-196	11
17	0.0016	-256	103	293
18	0.0017	-33	15	-295
19	0.0018	39	-121	-139
20	0.0019	-113	92	330
21	0.0020	-40	-117	13
22	0.0021	104	161	-47
23	0.0022	-118	-42	32
24	0.0023	-102	-155	91
25	0.0024	154	241	-140
26	0.0025	159	9	-58
27	0.0026	11	87	408
28	0.0027	-216	-113	-61
29	0.0028	116	13	-439
30	0.0029	101	-38	22
31	0.0030	-307	-34	237
32	0.0031	220	173	31
33	0.0032	151	272	-33
34	0.0033	-40	-237	-68
35	0.0034	-221	-50	168
36	0.0035	190	147	-208
37	0.0036	74	26	-16
38	0.0037	-20	50	256
39	0.0038	-37	-58	-20
40	0.0039	-54	-37	-187
41	0.0040	-40	32	-40
42	0.0041	-10	2	196
43	0.0042	95	-12	-337
44	0.0043	184	-25	-15
45	0.0044	-493	-113	326
46	0.0045	203	-93	-359
47	0.0046	69	188	-98
48	0.0047	28	13	396
49	0.0048	-148	70	91
50	0.0049	87	-92	-268
51	0.0050	-45	-19	-67
52	0.0051	-149	-105	207
53	0.0052	67	254	-29
54	0.0053	87	67	-29
55	0.0054	104	109	221
56	0.0055	-478	-257	258
57	0.0056	144	-55	-458
58	0.0057	84	222	52
59	0.0058	-74	39	181
60	0.0059	-46	-38	169
61	0.0060	-147	47	187
62	0.0061	80	69	-77
63	0.0062	-51	-23	147
64	0.0063	-126	-211	-199
65	0.0064	308	92	-295
66	0.0065	-175	41	320
67	0.0066	-181	0	200
68	0.0067	204	151	-235
69	0.0068	-114	-126	-64
70	0.0069	6	-109	169
71	0.0070	-111	95	-169
72	0.0071	118	160	44
73	0.0072	-175	39	302
74	0.0073	199	-250	-481
75	0.0074	251	214	180
76	0.0075	-250	-177	232
77	0.0076	-63	193	80
78	0.0077	24	112	-98
79	0.0078	-64	-130	-170
80	0.0079	41	54	178
81	0.0080	199	-186	-537
82	0.0081	-61	411	750
83	0.0082	-461	-110	347
84	0.0083	451	-58	-983
85	0.0084	-66	30	399
86	0.0085	-382	-294	90
87	0.0086	355	218	-427
88	0.0087	163	168	251
89	0.0088	-252	-67	181
90	0.0089	152	88	41
91	0.0090	-123	189	62
92	0.0091	-113	-225	-154
93	0.0092	275	118	-105
94	0.0093	-208	37	48
95	0.0094	139	39	331
96	0.0095	-105	134	-77
97	0.0096	109	-216	-145
98	0.0097	-72	130	22
99	0.0098	-254	-229	23
100	0.0099	437	399	-405

电流增量数据 [1000Hz, 10点]
采样序号	时间(s)	A相电流(INT)	B相电流(INT)	C相电流(INT)
1	0.000	124	153	-624
2	0.001	970	-349	-798
3	0.002	1323	-1183	-214
4	0.003	70	1674	2297
5	0.004	-154	-11	1181
6	0.005	-2827	2256	1602
7	0.006	-2623	3649	184
8	0.007	-1099	1968	-5
9	0.008	-138	903	-263
10	0.009	-879	624	238
================================================================================

=== 采集时间: 2025-12-05 15:46:07 (增量周期: 10.0ms) ===
振动增量数据 [等效10000Hz, 100点]
时序序号	时间(s)	X振动(INT)	Y振动(INT)	Z振动(INT)
1	0.0000	120	-54	-25
2	0.0001	-204	-28	293
3	0.0002	45	118	-66
4	0.0003	143	-102	-260
5	0.0004	-19	-85	-62
6	0.0005	18	28	147
7	0.0006	-19	-4	-182
8	0.0007	32	69	-87
9	0.0008	-152	22	54
10	0.0009	-8	33	127
11	0.0010	121	118	-24
12	0.0011	1	-242	153
13	0.0012	161	287	-468
14	0.0013	-224	-365	345
15	0.0014	129	30	-641
16	0.0015	292	-118	-85
17	0.0016	-211	70	283
18	0.0017	2	-29	-29
19	0.0018	93	206	46
20	0.0019	-166	10	127
21	0.0020	-302	-140	153
22	0.0021	63	86	-212
23	0.0022	142	49	-148
24	0.0023	-138	130	589
25	0.0024	3	-28	-29
26	0.0025	426	-59	-755
27	0.0026	159	-236	-229
28	0.0027	-350	-297	212
29	0.0028	-36	141	-304
30	0.0029	71	77	-123
31	0.0030	-165	27	249
32	0.0031	-322	-234	413
33	0.0032	154	335	-50
34	0.0033	147	78	95
35	0.0034	-259	-276	6
36	0.0035	67	113	-216
37	0.0036	100	121	66
38	0.0037	218	56	-306
39	0.0038	134	-207	-122
40	0.0039	-289	13	437
41	0.0040	372	24	-898
42	0.0041	-164	-81	557
43	0.0042	-574	-57	105
44	0.0043	364	-12	-344
45	0.0044	49	223	97
46	0.0045	-258	-388	360
47	0.0046	-33	369	180
48	0.0047	257	48	-213
49	0.0048	-6	-76	-181
50	0.0049	-115	-147	-71
51	0.0050	148	-117	-148
52	0.0051	20	129	-44
53	0.0052	-78	-194	-66
54	0.0053	103	173	130
55	0.0054	-100	33	106
56	0.0055	-17	-159	-126
57	0.0056	43	100	13
58	0.0057	-362	-185	-37
59	0.0058	229	194	-105
60	0.0059	206	-110	-286
61	0.0060	-64	19	467
62	0.0061	-40	228	144
63	0.0062	-17	-173	-274
64	0.0063	22	73	-162
65	0.0064	-149	-21	217
66	0.0065	105	163	-117
67	0.0066	359	-115	-368
68	0.0067	117	26	134
69	0.0068	-890	-36	1016
70	0.0069	343	193	-928
71	0.0070	301	144	-77
72	0.0071	-519	-170	979
73	0.0072	97	-42	-452
74	0.0073	483	36	-267
75	0.0074	-352	-8	246
76	0.0075	-49	-138	-67
77	0.0076	334	336	-183
78	0.0077	-164	-109	108
79	0.0078	-42	-251	43
80	0.0079	3	233	-301
81	0.0080	26	14	41
82	0.0081	-36	124	174
83	0.0082	16	19	242
84	0.0083	-94	67	-63
85	0.0084	62	-125	-83
86	0.0085	-188	2	65
87	0.0086	24	53	-6
88	0.0087	342	169	-157
89	0.0088	-24	-70	53
90	0.0089	-147	-224	138
91	0.0090	-132	118	-102
92	0.0091	107	176	-92
93	0.0092	135	54	-94
94	0.0093	-87	-234	146
95	0.0094	-233	270	451
96	0.0095	486	-32	-1034
97	0.0096	-109	-290	455
98	0.0097	-358	-29	127
99	0.0098	186	65	-361
100	0.0099	233	338	233

电流增量数据 [1000Hz, 10点]
采样序号	时间(s)	A相电流(INT)	B相电流(INT)	C相电流(INT)
1	0.000	-534	-1752	13
2	0.001	-699	858	18
3	0.002	78	651	-586
4	0.003	383	2667	-1272
5	0.004	516	30	-753
6	0.005	459	-1054	-13
7	0.006	720	-334	4
8	0.007	-1272	1725	2399
9	0.008	-1920	2025	1402
10	0.009	-1097	1308	1047
================================================================================

=== 采集时间: 2025-12-05 15:46:07 (增量周期: 10.0ms) ===
振动增量数据 [等效10000Hz, 100点]
时序序号	时间(s)	X振动(INT)	Y振动(INT)	Z振动(INT)
1	0.0000	-326	-80	233
2	0.0001	319	112	-547
3	0.0002	50	-75	104
4	0.0003	-367	-161	-94
5	0.0004	385	53	-157
6	0.0005	9	173	-8
7	0.0006	-122	-228	393
8	0.0007	-143	252	-88
9	0.0008	165	-91	-177
10	0.0009	-371	64	500
11	0.0010	40	22	-224
12	0.0011	460	178	-307
13	0.0012	-215	-169	211
14	0.0013	79	-155	39
15	0.0014	193	199	-336
16	0.0015	-207	-49	74
17	0.0016	-144	69	54
18	0.0017	107	-2	-88
19	0.0018	77	-135	-154
20	0.0019	3	-28	221
21	0.0020	-127	117	271
22	0.0021	67	64	-195
23	0.0022	50	-155	-88
24	0.0023	-98	-162	-110
25	0.0024	87	-54	-216
26	0.0025	-186	66	73
27	0.0026	-11	48	159
28	0.0027	578	131	-645
29	0.0028	-470	-270	937
30	0.0029	-36	7	-456
31	0.0030	195	43	-406
32	0.0031	-97	178	331
33	0.0032	-239	-270	-84
34	0.0033	483	192	-24
35	0.0034	-224	86	377
36	0.0035	-155	-267	-119
37	0.0036	298	124	-398
38	0.0037	-369	-110	159
39	0.0038	-64	13	30
40	0.0039	108	101	-161
41	0.0040	83	15	163
42	0.0041	-183	-101	369
43	0.0042	229	69	-255
44	0.0043	-71	141	-42
45	0.0044	-153	-122	19
46	0.0045	118	31	-170
47	0.0046	122	-49	-4
48	0.0047	-126	19	377
49	0.0048	-54	228	90
50	0.0049	258	167	-94
51	0.0050	-34	246	-319
52	0.0051	44	-70	181
53	0.0052	-352	61	330
54	0.0053	422	-208	-607
55	0.0054	10	216	360
56	0.0055	-222	-62	537
57	0.0056	459	175	-804
58	0.0057	35	-54	172
59	0.0058	-280	-169	-68
60	0.0059	20	-136	-229
61	0.0060	-58	525	407
62	0.0061	146	2	82
63	0.0062	155	-33	-244
64	0.0063	-50	-37	236
65	0.0064	-306	-233	-88
66	0.0065	368	190	-569
67	0.0066	-138	-169	129
68	0.0067	387	-204	-734
69	0.0068	255	50	305
70	0.0069	-296	33	287
71	0.0070	78	-33	-153
72	0.0071	-57	225	116
73	0.0072	-93	-36	-157
74	0.0073	101	-168	10
75	0.0074	-32	99	215
76	0.0075	-34	90	-181
77	0.0076	178	32	-37
78	0.0077	-54	-2	58
79	0.0078	-172	-136	-115
80	0.0079	10	293	404
81	0.0080	-38	-79	-509
82	0.0081	-42	-129	481
83	0.0082	374	169	-629
84	0.0083	-138	-216	457
85	0.0084	-53	160	48
86	0.0085	5	-176	-269
87	0.0086	-72	35	-76
88	0.0087	-179	-37	53
89	0.0088	151	125	238
90	0.0089	-164	233	307
91	0.0090	62	-50	27
92	0.0091	-10	23	-147
93	0.0092	-166	-186	63
94	0.0093	9	-11	-267
95	0.0094	302	77	-102
96	0.0095	60	39	103
97	0.0096	-173	-149	88
98	0.0097	144	2	-126
99	0.0098	-229	108	130
100	0.0099	-58	19	-16

电流增量数据 [1000Hz, 10点]
采样序号	时间(s)	A相电流(INT)	B相电流(INT)	C相电流(INT)
1	0.000	-1391	1733	160
2	0.001	-1071	1958	-176
3	0.002	526	1645	-2283
4	0.003	2214	3018	-2202
5	0.004	2345	-2480	-254
6	0.005	172	790	-471
7	0.006	524	-643	-522
8	0.007	443	1128	-348
9	0.008	549	133	311
10	0.009	29	31	872
================================================================================

=== 采集时间: 2025-12-05 15:46:08 (增量周期: 10.0ms) ===
振动增量数据 [等效10000Hz, 100点]
时序序号	时间(s)	X振动(INT)	Y振动(INT)	Z振动(INT)
1	0.0000	-195	-33	-114
2	0.0001	135	158	-161
3	0.0002	-38	-92	-137
4	0.0003	-83	137	733
5	0.0004	101	197	-325
6	0.0005	15	-143	-41
7	0.0006	-194	67	109
8	0.0007	69	-193	-75
9	0.0008	297	327	-182
10	0.0009	-92	-117	281
11	0.0010	-115	-34	-122
12	0.0011	-68	111	11
13	0.0012	-219	23	292
14	0.0013	-91	135	44
15	0.0014	263	147	159
16	0.0015	-203	-74	39
17	0.0016	-149	-174	19
18	0.0017	-14	199	-196
19	0.0018	0	-3	-31
20	0.0019	283	27	-16
21	0.0020	-192	-102	236
22	0.0021	88	96	-94
23	0.0022	10	26	-311
24	0.0023	-252	-245	296
25	0.0024	-3	130	-68
26	0.0025	236	43	-63
27	0.0026	9	148	260
28	0.0027	-238	-138	169
29	0.0028	-203	97	95
30	0.0029	228	208	-181
31	0.0030	-23	-395	-244
32	0.0031	296	402	422
33	0.0032	-181	-46	-102
34	0.0033	137	-234	-281
35	0.0034	26	-19	-144
36	0.0035	-331	-181	343
37	0.0036	101	286	-265
38	0.0037	-92	-87	249
39	0.0038	-343	99	305
40	0.0039	15	-8	-94
41	0.0040	135	50	-55
42	0.0041	-10	95	354
43	0.0042	210	30	-354
44	0.0043	-28	-85	-49
45	0.0044	-311	-102	241
46	0.0045	-32	54	-286
47	0.0046	199	130	-61
48	0.0047	-37	-71	203
49	0.0048	144	-166	-126
50	0.0049	-21	223	117
51	0.0050	-49	-119	-227
52	0.0051	-25	-186	-244
53	0.0052	113	161	40
54	0.0053	19	-72	26
55	0.0054	152	-61	-213
56	0.0055	52	-71	-27
57	0.0056	-319	-132	108
58	0.0057	122	143	-165
59	0.0058	135	48	-184
60	0.0059	-476	303	1268
61	0.0060	117	-416	259
62	0.0061	-567	19	408
63	0.0062	11	-51	-260
64	0.0063	503	549	-131
65	0.0064	-373	-200	483
66	0.0065	-36	-8	199
67	0.0066	-74	128	-44
68	0.0067	-169	-155	-104
69	0.0068	73	75	-250
70	0.0069	155	139	279
71	0.0070	-47	-129	-147
72	0.0071	135	-159	-63
73	0.0072	-313	211	236
74	0.0073	-238	57	220
75	0.0074	178	66	-224
76	0.0075	334	-76	-187
77	0.0076	-128	-29	377
78	0.0077	-106	117	-98
79	0.0078	271	-61	-401
80	0.0079	-144	-29	169
81	0.0080	232	-50	-181
82	0.0081	43	-50	-114
83	0.0082	-125	-31	27
84	0.0083	-237	-16	26
85	0.0084	23	188	-76
86	0.0085	228	11	152
87	0.0086	-194	-177	427
88	0.0087	357	235	-771
89	0.0088	-391	-78	669
90	0.0089	-85	-41	-444
91	0.0090	399	-40	-350
92	0.0091	-92	67	453
93	0.0092	-160	-196	-10
94	0.0093	186	322	27
95	0.0094	-313	90	172
96	0.0095	-215	-183	48
97	0.0096	-4	43	-192
98	0.0097	246	27	-188
99	0.0098	-19	61	341
100	0.0099	-110	5	113

电流增量数据 [1000Hz, 10点]
采样序号	时间(s)	A相电流(INT)	B相电流(INT)	C相电流(INT)
1	0.000	2357	954	-628
2	0.001	1145	-1371	-17
3	0.002	428	-34	22
4	0.003	540	-518	163
5	0.004	971	369	-263
6	0.005	-164	945	507
7	0.006	-446	106	838
8	0.007	-1224	-1195	1662
9	0.008	-734	-1477	108
10	0.009	-662	978	39
================================================================================

=== 采集时间: 2025-12-05 15:46:08 (增量周期: 10.0ms) ===
振动增量数据 [等效10000Hz, 100点]
时序序号	时间(s)	X振动(INT)	Y振动(INT)	Z振动(INT)
1	0.0000	-161	-237	-29
2	0.0001	-71	1	80
3	0.0002	138	79	-169
4	0.0003	39	-41	-76
5	0.0004	50	16	-134
6	0.0005	-25	-41	67
7	0.0006	60	62	-45
8	0.0007	30	-41	-17
9	0.0008	-212	5	247
10	0.0009	-32	120	15
11	0.0010	79	103	-153
12	0.0011	1	-145	-79
13	0.0012	-16	-17	230
14	0.0013	-17	161	-42
15	0.0014	39	120	54
16	0.0015	-19	58	288
17	0.0016	-149	-139	-196
18	0.0017	328	-6	-212
19	0.0018	-75	-57	-201
20	0.0019	-221	-4	564
21	0.0020	592	344	-843
22	0.0021	-126	-255	597
23	0.0022	-504	-49	207
24	0.0023	392	-106	-691
25	0.0024	74	306	-36
26	0.0025	-366	-233	472
27	0.0026	135	133	-94
28	0.0027	223	113	-226
29	0.0028	-216	-259	202
30	0.0029	2	-65	-21
31	0.0030	199	318	-178
32	0.0031	-228	6	185
33	0.0032	62	-232	-231
34	0.0033	130	126	-4
35	0.0034	-510	92	842
36	0.0035	231	224	-394
37	0.0036	220	61	-160
38	0.0037	-589	-164	512
39	0.0038	-15	-29	-83
40	0.0039	245	175	-252
41	0.0040	35	-16	90
42	0.0041	-55	-144	96
43	0.0042	101	35	-195
44	0.0043	-11	33	70
45	0.0044	-332	-34	190
46	0.0045	302	150	-214
47	0.0046	-134	-88	-64
48	0.0047	-251	361	1106
49	0.0048	426	253	-736
50	0.0049	510	-240	-257
51	0.0050	-446	-152	508
52	0.0051	79	-179	-543
53	0.0052	315	415	-370
54	0.0053	-153	-258	23
55	0.0054	-165	79	416
56	0.0055	-272	167	327
57	0.0056	314	90	-400
58	0.0057	79	-138	199
59	0.0058	-420	82	537
60	0.0059	-58	95	-165
61	0.0060	-175	-151	136
62	0.0061	-199	-95	383
63	0.0062	254	175	-340
64	0.0063	35	-24	-54
65	0.0064	-299	-54	326
66	0.0065	-46	201	53
67	0.0066	317	-78	-584
68	0.0067	-88	-243	297
69	0.0068	-143	10	69
70	0.0069	-2	100	-226
71	0.0070	271	52	-169
72	0.0071	-149	-223	150
73	0.0072	-29	33	112
74	0.0073	190	50	-327
75	0.0074	-331	103	926
76	0.0075	355	134	-975
77	0.0076	204	-237	-3
78	0.0077	-311	31	328
79	0.0078	-57	-306	-384
80	0.0079	302	229	-179
81	0.0080	-258	-123	186
82	0.0081	-49	-70	-70
83	0.0082	223	214	7
84	0.0083	-175	-140	196
85	0.0084	-125	-8	-77
86	0.0085	198	211	-4
87	0.0086	-264	-84	263
88	0.0087	266	-4	-213
89	0.0088	61	295	120
90	0.0089	-260	-240	284
91	0.0090	161	-74	-578
92	0.0091	69	87	6
93	0.0092	-191	53	307
94	0.0093	124	-3	-267
95	0.0094	152	-7	66
96	0.0095	-255	-61	108
97	0.0096	146	125	-84
98	0.0097	65	111	13
99	0.0098	-98	-149	69
100	0.0099	28	14	16

电流增量数据 [1000Hz, 10点]
采样序号	时间(s)	A相电流(INT)	B相电流(INT)	C相电流(INT)
1	0.000	2349	3613	-2259
2	0.001	1053	773	-967
3	0.002	1191	-1134	2009
4	0.003	-133	-344	1271
5	0.004	454	137	432
6	0.005	225	-819	551
7	0.006	82	-206	678
8	0.007	-887	856	737
9	0.008	-1090	605	1384
10	0.009	-1408	1822	753
================================================================================

=== 采集时间: 2025-12-05 15:46:08 (增量周期: 10.0ms) ===
振动增量数据 [等效10000Hz, 100点]
时序序号	时间(s)	X振动(INT)	Y振动(INT)	Z振动(INT)
1	0.0000	171	124	54
2	0.0001	104	-160	-94
3	0.0002	-100	-258	-207
4	0.0003	-110	91	183
5	0.0004	-58	184	120
6	0.0005	-10	37	-338
7	0.0006	193	-117	-3
8	0.0007	-495	-76	430
9	0.0008	95	35	-243
10	0.0009	288	208	-117
11	0.0010	-117	-72	328
12	0.0011	135	-36	-97
13	0.0012	9	-140	-394
14	0.0013	54	74	341
15	0.0014	-345	69	-59
16	0.0015	304	43	-123
17	0.0016	228	-36	-264
18	0.0017	-414	-16	893
19	0.0018	67	368	-375
20	0.0019	242	-281	-431
21	0.0020	-10	64	323
22	0.0021	-318	-195	78
23	0.0022	447	271	-203
24	0.0023	-46	-65	-225
25	0.0024	-85	-224	93
26	0.0025	-109	154	153
27	0.0026	125	-91	-77
28	0.0027	96	244	-42
29	0.0028	-20	-72	202
30	0.0029	-221	-49	30
31	0.0030	99	-44	-415
32	0.0031	-44	104	288
33	0.0032	-380	118	405
34	0.0033	331	-41	-248
35	0.0034	-88	-6	-134
36	0.0035	-132	-118	331
37	0.0036	-130	173	-214
38	0.0037	216	-16	-161
39	0.0038	165	11	13
40	0.0039	-61	-182	100
41	0.0040	-58	-33	206
42	0.0041	-272	96	177
43	0.0042	23	125	-54
44	0.0043	155	39	-101
45	0.0044	-144	-3	430
46	0.0045	56	193	-384
47	0.0046	138	-321	-267
48	0.0047	-108	77	61
49	0.0048	-158	-290	138
50	0.0049	278	329	-192
51	0.0050	5	60	155
52	0.0051	-239	-159	242
53	0.0052	-114	-12	-166
54	0.0053	100	-95	-115
55	0.0054	262	134	-290
56	0.0055	-111	45	550
57	0.0056	163	-34	-166
58	0.0057	28	-219	-659
59	0.0058	-132	-65	260
60	0.0059	-333	137	135
61	0.0060	259	158	-199
62	0.0061	177	40	109
63	0.0062	-316	-337	187
64	0.0063	35	197	62
65	0.0064	2	-8	-332
66	0.0065	88	150	366
67	0.0066	5	54	258
68	0.0067	144	-34	-591
69	0.0068	176	96	323
70	0.0069	-653	-80	451
71	0.0070	143	164	-321
72	0.0071	314	56	-278
73	0.0072	-500	-78	872
74	0.0073	229	141	-646
75	0.0074	67	-147	-88
76	0.0075	-106	-49	106
77	0.0076	176	-217	-214
78	0.0077	33	297	138
79	0.0078	112	44	74
80	0.0079	-61	-14	-149
81	0.0080	54	-91	-81
82	0.0081	-260	-132	187
83	0.0082	-25	60	-63
84	0.0083	369	387	-10
85	0.0084	-212	-287	238
86	0.0085	-264	-113	31
87	0.0086	146	189	-241
88	0.0087	-255	-85	-63
89	0.0088	242	208	309
90	0.0089	-298	3	181
91	0.0090	161	167	-96
92	0.0091	218	121	6
93	0.0092	-286	-290	195
94	0.0093	90	91	-68
95	0.0094	125	61	-61
96	0.0095	-10	-7	-91
97	0.0096	-46	-57	-21
98	0.0097	-148	-44	23
99	0.0098	152	39	-32
100	0.0099	198	-53	-501

电流增量数据 [1000Hz, 10点]
采样序号	时间(s)	A相电流(INT)	B相电流(INT)	C相电流(INT)
1	0.000	-833	247	-635
2	0.001	-183	359	-844
3	0.002	1668	-576	-1805
4	0.003	1605	2427	-998
5	0.004	696	620	-480
6	0.005	506	-1685	3218
7	0.006	-829	592	1889
8	0.007	-107	-136	768
9	0.008	279	-843	460
10	0.009	-332	-1179	837
================================================================================

=== 采集时间: 2025-12-05 15:46:08 (增量周期: 10.0ms) ===
振动增量数据 [等效10000Hz, 100点]
时序序号	时间(s)	X振动(INT)	Y振动(INT)	Z振动(INT)
1	0.0000	107	16	35
2	0.0001	-246	130	331
3	0.0002	275	-34	-318
4	0.0003	-55	78	-57
5	0.0004	-121	-75	326
6	0.0005	-64	262	-83
7	0.0006	10	-132	-111
8	0.0007	-28	-92	174
9	0.0008	-127	-148	-148
10	0.0009	169	186	1
11	0.0010	-50	114	6
12	0.0011	-37	-191	103
13	0.0012	-34	86	-36
14	0.0013	195	-40	-128
15	0.0014	-14	116	61
16	0.0015	28	-46	103
17	0.0016	-126	61	49
18	0.0017	75	-45	-84
19	0.0018	90	-161	-465
20	0.0019	-63	373	739
21	0.0020	-339	138	186
22	0.0021	185	-104	-560
23	0.0022	13	-172	93
24	0.0023	-37	-165	-183
25	0.0024	114	118	303
26	0.0025	-50	147	-118
27	0.0026	-148	-127	53
28	0.0027	-63	-68	-85
29	0.0028	-80	-70	93
30	0.0029	-101	82	271
31	0.0030	44	83	-20
32	0.0031	101	24	-280
33	0.0032	189	-149	-46
34	0.0033	-260	122	258
35	0.0034	154	-51	-230
36	0.0035	-130	-50	6
37	0.0036	-128	3	130
38	0.0037	-12	58	-38
39	0.0038	48	208	-81
40	0.0039	-96	-297	31
41	0.0040	-19	18	-111
42	0.0041	99	50	65
43	0.0042	39	58	0
44	0.0043	46	44	170
45	0.0044	-144	-92	-127
46	0.0045	130	-117	-194
47	0.0046	26	-339	-555
48	0.0047	352	282	384
49	0.0048	-848	244	1063
50	0.0049	244	-42	-531
51	0.0050	172	87	-214
52	0.0051	-127	186	87
53	0.0052	-119	5	49
54	0.0053	107	57	223
55	0.0054	-332	87	310
56	0.0055	-42	3	170
57	0.0056	124	69	-255
58	0.0057	189	101	-162
59	0.0058	-71	-204	143
60	0.0059	65	-36	6
61	0.0060	103	165	-109
62	0.0061	-187	-58	114
63	0.0062	-47	-168	-91
64	0.0063	161	-42	-248
65	0.0064	-126	147	292
66	0.0065	-25	108	58
67	0.0066	-132	-78	-59
68	0.0067	3	23	-37
69	0.0068	-68	9	165
70	0.0069	31	7	-85
71	0.0070	70	109	11
72	0.0071	-404	155	371
73	0.0072	237	65	-208
74	0.0073	204	-279	-477
75	0.0074	-200	-224	622
76	0.0075	332	344	-732
77	0.0076	154	-229	191
78	0.0077	-252	56	186
79	0.0078	39	-170	-44
80	0.0079	244	233	-136
81	0.0080	-190	-361	-79
82	0.0081	-50	152	270
83	0.0082	15	390	-59
84	0.0083	-4	-135	-70
85	0.0084	-363	-156	195
86	0.0085	212	65	-259
87	0.0086	52	137	-32
88	0.0087	-85	36	393
89	0.0088	-100	-42	-75
90	0.0089	18	-55	-130
91	0.0090	9	-55	-44
92	0.0091	-118	-92	-27
93	0.0092	325	257	36
94	0.0093	-114	86	254
95	0.0094	-172	-51	164
96	0.0095	33	117	-121
97	0.0096	-87	-83	-135
98	0.0097	82	-59	-29
99	0.0098	-54	-70	-136
100	0.0099	-114	224	345

电流增量数据 [1000Hz, 10点]
采样序号	时间(s)	A相电流(INT)	B相电流(INT)	C相电流(INT)
1	0.000	-1040	3179	770
2	0.001	-715	532	-35
3	0.002	-612	363	400
4	0.003	-392	-463	22
5	0.004	126	2202	-525
6	0.005	-112	1236	-754
7	0.006	944	746	-929
8	0.007	979	-864	-1228
9	0.008	304	-802	-271
10	0.009	236	-965	1062
================================================================================

=== 采集时间: 2025-12-05 15:46:09 (增量周期: 10.0ms) ===
振动增量数据 [等效10000Hz, 100点]
时序序号	时间(s)	X振动(INT)	Y振动(INT)	Z振动(INT)
1	0.0000	-281	24	-3
2	0.0001	16	19	37
3	0.0002	-144	45	1
4	0.0003	147	40	11
5	0.0004	-170	-65	461
6	0.0005	407	121	-451
7	0.0006	73	-123	41
8	0.0007	-503	-149	153
9	0.0008	369	87	-666
10	0.0009	105	14	157
11	0.0010	-400	-118	268
12	0.0011	148	218	198
13	0.0012	-96	232	-38
14	0.0013	-260	-460	-83
15	0.0014	-54	44	186
16	0.0015	-71	171	-359
17	0.0016	309	44	2
18	0.0017	-200	-259	-67
19	0.0018	154	-108	-79
20	0.0019	-119	186	63
21	0.0020	40	30	152
22	0.0021	228	44	-173
23	0.0022	-71	-109	181
24	0.0023	-131	236	207
25	0.0024	1	-131	-151
26	0.0025	-169	-4	43
27	0.0026	77	54	297
28	0.0027	-54	92	-184
29	0.0028	167	-50	-162
30	0.0029	-299	-20	212
31	0.0030	-161	74	273
32	0.0031	342	295	-461
33	0.0032	3	-234	289
34	0.0033	-54	35	-247
35	0.0034	228	-322	-109
36	0.0035	-564	219	425
37	0.0036	455	-49	-524
38	0.0037	288	103	-233
39	0.0038	-357	-165	506
40	0.0039	-277	69	253
41	0.0040	63	245	-357
42	0.0041	144	-96	-10
43	0.0042	-376	-177	237
44	0.0043	177	111	10
45	0.0044	104	-7	-242
46	0.0045	-156	-100	53
47	0.0046	40	-11	-139
48	0.0047	23	151	-45
49	0.0048	87	-96	164
50	0.0049	1	-4	-239
51	0.0050	151	124	84
52	0.0051	-141	80	62
53	0.0052	46	-319	-187
54	0.0053	50	78	-23
55	0.0054	-49	87	220
56	0.0055	15	16	-96
57	0.0056	-101	-49	-29
58	0.0057	-157	88	250
59	0.0058	114	258	-111
60	0.0059	338	-112	-267
61	0.0060	125	684	887
62	0.0061	-311	-429	-246
63	0.0062	60	-166	-359
64	0.0063	-91	194	215
65	0.0064	39	91	-54
66	0.0065	312	263	223
67	0.0066	-196	-226	155
68	0.0067	-104	-176	-353
69	0.0068	157	205	74
70	0.0069	-341	52	240
71	0.0070	409	253	0
72	0.0071	62	-33	-24
73	0.0072	-341	-310	37
74	0.0073	186	198	62
75	0.0074	-186	198	-93
76	0.0075	293	9	-59
77	0.0076	77	-41	104
78	0.0077	-161	-223	18
79	0.0078	24	427	101
80	0.0079	-213	-161	-93
81	0.0080	154	27	43
82	0.0081	155	36	-100
83	0.0082	187	91	114
84	0.0083	-147	75	-31
85	0.0084	-110	-144	-11
86	0.0085	109	305	-158
87	0.0086	57	-91	147
88	0.0087	14	-169	-153
89	0.0088	499	220	-372
90	0.0089	-733	-486	634
91	0.0090	-91	6	-310
92	0.0091	302	86	-295
93	0.0092	140	107	79
94	0.0093	-281	-179	343
95	0.0094	-53	48	267
96	0.0095	-161	155	-254
97	0.0096	-29	-84	53
98	0.0097	19	77	-29
99	0.0098	176	116	45
100	0.0099	-74	-166	-140

电流增量数据 [1000Hz, 10点]
采样序号	时间(s)	A相电流(INT)	B相电流(INT)	C相电流(INT)
1	0.000	-742	-1477	-20
2	0.001	-1283	1380	0
3	0.002	14	863	-1264
4	0.003	376	1019	-439
5	0.004	605	-546	106
6	0.005	148	-2463	1976
7	0.006	369	-1156	1810
8	0.007	-95	-287	1201
9	0.008	-2294	2973	1172
10	0.009	-1731	1492	-80
================================================================================

=== 采集时间: 2025-12-05 15:46:09 (增量周期: 10.0ms) ===
振动增量数据 [等效10000Hz, 100点]
时序序号	时间(s)	X振动(INT)	Y振动(INT)	Z振动(INT)
1	0.0000	33	-25	-254
2	0.0001	53	218	70
3	0.0002	-175	-117	159
4	0.0003	198	-19	-84
5	0.0004	-113	-65	97
6	0.0005	3	66	-19
7	0.0006	-195	97	142
8	0.0007	-67	-78	-187
9	0.0008	335	-2	-45
10	0.0009	65	66	58
11	0.0010	7	30	229
12	0.0011	-264	151	305
13	0.0012	-108	208	-165
14	0.0013	195	-20	-169
15	0.0014	-237	-172	84
16	0.0015	-32	19	544
17	0.0016	648	403	-1107
18	0.0017	-205	-418	751
19	0.0018	-258	-41	-123
20	0.0019	142	-51	-585
21	0.0020	105	295	256
22	0.0021	-478	-301	160
23	0.0022	417	91	-157
24	0.0023	-108	235	249
25	0.0024	-262	-452	73
26	0.0025	168	134	-378
27	0.0026	124	101	-64
28	0.0027	-299	-83	318
29	0.0028	214	6	-269
30	0.0029	46	86	-144
31	0.0030	-279	-40	427
32	0.0031	122	-46	-178
33	0.0032	164	105	-137
34	0.0033	-104	-36	148
35	0.0034	-106	-29	-121
36	0.0035	105	84	-31
37	0.0036	-85	13	263
38	0.0037	20	-3	-28
39	0.0038	356	163	-54
40	0.0039	-413	-101	78
41	0.0040	100	-50	-80
42	0.0041	35	215	-130
43	0.0042	181	-223	-260
44	0.0043	-135	400	1114
45	0.0044	246	26	-869
46	0.0045	198	-277	-59
47	0.0046	-572	71	263
48	0.0047	99	-328	-500
49	0.0048	391	446	-208
50	0.0049	-207	-305	354
51	0.0050	-94	124	161
52	0.0051	74	173	-197
53	0.0052	-186	-224	95
54	0.0053	-326	61	134
55	0.0054	385	165	-231
56	0.0055	-25	-19	-128
57	0.0056	53	-162	375
58	0.0057	-199	175	-66
59	0.0058	65	-4	-11
60	0.0059	-20	-79	-23
61	0.0060	62	30	-263
62	0.0061	225	211	39
63	0.0062	-135	-41	397
64	0.0063	-122	-138	-171
65	0.0064	281	99	-355
66	0.0065	-157	54	200
67	0.0066	5	-182	-77
68	0.0067	159	253	-220
69	0.0068	-144	-80	363
70	0.0069	-117	24	-97
71	0.0070	-92	-67	174
72	0.0071	438	117	-629
73	0.0072	-161	-182	611
74	0.0073	-288	74	-8
75	0.0074	432	237	-578
76	0.0075	-166	-25	288
77	0.0076	-252	-131	336
78	0.0077	295	134	-98
79	0.0078	74	164	-96
80	0.0079	-132	-83	60
81	0.0080	-97	-177	-246
82	0.0081	122	181	-34
83	0.0082	-27	-29	32
84	0.0083	100	15	174
85	0.0084	142	61	-54
86	0.0085	-166	-102	-139
87	0.0086	71	-148	-8
88	0.0087	-293	69	138
89	0.0088	-136	274	463
90	0.0089	357	232	-448
91	0.0090	137	-250	-36
92	0.0091	-255	-172	367
93	0.0092	30	131	-284
94	0.0093	406	218	-362
95	0.0094	-238	-144	-42
96	0.0095	-68	-75	195
97	0.0096	-92	227	-104
98	0.0097	63	-134	-71
99	0.0098	-181	488	673
100	0.0099	248	-270	-396

电流增量数据 [1000Hz, 10点]
采样序号	时间(s)	A相电流(INT)	B相电流(INT)	C相电流(INT)
1	0.000	590	-825	-269
2	0.001	494	240	389
3	0.002	10	-52	967
4	0.003	272	-1658	1601
5	0.004	-1186	774	1058
6	0.005	-698	-1765	85
7	0.006	-432	572	-227
8	0.007	124	-1545	-590
9	0.008	223	1063	-1081
10	0.009	1167	-222	-1166
================================================================================

=== 采集时间: 2025-12-05 15:46:09 (增量周期: 10.0ms) ===
振动增量数据 [等效10000Hz, 100点]
时序序号	时间(s)	X振动(INT)	Y振动(INT)	Z振动(INT)
1	0.0000	240	274	114
2	0.0001	62	117	-231
3	0.0002	144	-139	133
4	0.0003	-500	6	16
5	0.0004	323	-74	-241
6	0.0005	301	364	-123
7	0.0006	130	-371	131
8	0.0007	-25	124	3
9	0.0008	-33	129	112
10	0.0009	-6	-165	-441
11	0.0010	-93	-315	266
12	0.0011	204	530	-479
13	0.0012	79	-131	516
14	0.0013	-249	-16	-85
15	0.0014	-400	-182	251
16	0.0015	69	377	87
17	0.0016	101	156	-114
18	0.0017	-164	-189	330
19	0.0018	-177	203	444
20	0.0019	28	-85	-471
21	0.0020	295	-123	-397
22	0.0021	-172	49	135
23	0.0022	160	-169	221
24	0.0023	-183	278	-134
25	0.0024	193	-213	-32
26	0.0025	-343	-101	-21
27	0.0026	265	45	-276
28	0.0027	101	79	-81
29	0.0028	11	-119	302
30	0.0029	44	86	-177
31	0.0030	-217	-67	-53
32	0.0031	-83	100	157
33	0.0032	-272	-209	-204
34	0.0033	319	97	-67
35	0.0034	-178	239	369
36	0.0035	117	-42	-77
37	0.0036	-27	91	79
38	0.0037	-198	-416	-204
39	0.0038	377	-79	-427
40	0.0039	-58	521	309
41	0.0040	-336	-243	469
42	0.0041	195	35	-559
43	0.0042	-148	-127	258
44	0.0043	-55	6	109
45	0.0044	349	97	-319
46	0.0045	-61	263	666
47	0.0046	-271	144	216
48	0.0047	88	-225	-353
49	0.0048	-74	-57	-256
50	0.0049	-199	-15	191
51	0.0050	302	275	-4
52	0.0051	199	118	-97
53	0.0052	-173	-237	82
54	0.0053	-384	-100	284
55	0.0054	22	173	-342
56	0.0055	1	32	-7
57	0.0056	103	105	617
58	0.0057	31	103	-320
59	0.0058	78	-173	-53
60	0.0059	-370	-10	314
61	0.0060	319	16	-303
62	0.0061	67	228	-53
63	0.0062	-75	-66	166
64	0.0063	-2	117	155
65	0.0064	35	65	-132
66	0.0065	14	-139	-75
67	0.0066	-57	-91	229
68	0.0067	87	167	-496
69	0.0068	426	-129	-61
70	0.0069	-455	-57	16
71	0.0070	33	-117	-114
72	0.0071	14	253	-8
73	0.0072	-179	-213	211
74	0.0073	-97	372	555
75	0.0074	-84	295	49
76	0.0075	41	-140	-15
77	0.0076	-266	-7	-2
78	0.0077	-63	-98	-209
79	0.0078	351	232	-174
80	0.0079	22	-119	138
81	0.0080	-114	-102	105
82	0.0081	-20	212	67
83	0.0082	0	-96	-195
84	0.0083	190	54	151
85	0.0084	-204	-144	247
86	0.0085	-59	70	-398
87	0.0086	249	5	-217
88	0.0087	-303	-148	223
89	0.0088	207	326	354
90	0.0089	-76	181	31
91	0.0090	50	-37	5
92	0.0091	-93	-21	-34
93	0.0092	-23	-38	-376
94	0.0093	355	71	-166
95	0.0094	-476	-12	632
96	0.0095	246	103	-361
97	0.0096	160	37	-115
98	0.0097	-200	-144	160
99	0.0098	-38	-117	-49
100	0.0099	36	214	-66

电流增量数据 [1000Hz, 10点]
采样序号	时间(s)	A相电流(INT)	B相电流(INT)	C相电流(INT)
1	0.000	-281	-773	462
2	0.001	-641	-316	546
3	0.002	-824	1279	249
4	0.003	-2033	1419	712
5	0.004	-941	1476	259
6	0.005	325	-2693	-536
7	0.006	735	-233	-906
8	0.007	661	-1423	-285
9	0.008	536	-526	166
10	0.009	331	-1132	650
================================================================================

=== 采集时间: 2025-12-05 15:46:10 (增量周期: 10.0ms) ===
振动增量数据 [等效10000Hz, 100点]
时序序号	时间(s)	X振动(INT)	Y振动(INT)	Z振动(INT)
1	0.0000	499	-196	-637
2	0.0001	104	222	66
3	0.0002	-416	-392	380
4	0.0003	57	306	-348
5	0.0004	212	28	-362
6	0.0005	-173	-260	302
7	0.0006	-464	192	512
8	0.0007	263	165	-165
9	0.0008	206	114	-37
10	0.0009	-152	-242	46
11	0.0010	35	-88	-101
12	0.0011	199	202	-181
13	0.0012	62	-83	-118
14	0.0013	-106	-25	164
15	0.0014	165	148	-4
16	0.0015	-122	-67	18
17	0.0016	-93	-27	127
18	0.0017	-45	-7	-119
19	0.0018	71	32	26
20	0.0019	-135	158	73
21	0.0020	-138	-76	217
22	0.0021	65	218	-302
23	0.0022	110	-139	88
24	0.0023	-160	-105	217
25	0.0024	234	100	-134
26	0.0025	86	-123	-423
27	0.0026	14	257	326
28	0.0027	-322	-92	170
29	0.0028	322	-254	-607
30	0.0029	268	195	-10
31	0.0030	-387	-425	489
32	0.0031	-6	271	-345
33	0.0032	270	105	-109
34	0.0033	-405	-42	311
35	0.0034	-127	-31	230
36	0.0035	308	113	-376
37	0.0036	75	114	229
38	0.0037	-205	-75	232
39	0.0038	23	79	-218
40	0.0039	146	169	-84
41	0.0040	-190	-100	234
42	0.0041	210	65	-166
43	0.0042	-16	-14	44
44	0.0043	-122	54	178
45	0.0044	-58	242	-123
46	0.0045	-79	-68	228
47	0.0046	-136	-191	-144
48	0.0047	310	-98	-134
49	0.0048	-58	244	249
50	0.0049	-127	-53	-58
51	0.0050	-58	126	-57
52	0.0051	167	192	-34
53	0.0052	118	-71	-119
54	0.0053	-131	-75	453
55	0.0054	505	71	-967
56	0.0055	-98	-324	418
57	0.0056	-260	192	-53
58	0.0057	305	9	-294
59	0.0058	-38	199	229
60	0.0059	-285	-215	241
61	0.0060	44	88	112
62	0.0061	7	182	24
63	0.0062	80	-343	-268
64	0.0063	93	165	15
65	0.0064	-314	30	367
66	0.0065	259	-87	-732
67	0.0066	56	-229	-68
68	0.0067	-222	-162	297
69	0.0068	-121	56	62
70	0.0069	195	257	-61
71	0.0070	-121	-121	31
72	0.0071	-132	-28	-84
73	0.0072	133	39	-164
74	0.0073	86	-108	2
75	0.0074	86	97	189
76	0.0075	50	147	-67
77	0.0076	157	16	63
78	0.0077	-186	-98	-119
79	0.0078	-101	79	311
80	0.0079	9	288	-50
81	0.0080	259	-328	-522
82	0.0081	-14	697	1270
83	0.0082	-597	7	213
84	0.0083	654	-148	-1159
85	0.0084	-115	15	210
86	0.0085	-544	-493	294
87	0.0086	604	428	-932
88	0.0087	229	14	54
89	0.0088	-454	-187	664
90	0.0089	18	14	-315
91	0.0090	322	111	-378
92	0.0091	-93	-96	65
93	0.0092	0	-230	-119
94	0.0093	-126	2	-42
95	0.0094	116	301	314
96	0.0095	-106	5	15
97	0.0096	40	14	195
98	0.0097	-7	-168	-325
99	0.0098	-132	-247	126
100	0.0099	-16	385	-70

电流增量数据 [1000Hz, 10点]
采样序号	时间(s)	A相电流(INT)	B相电流(INT)	C相电流(INT)
1	0.000	1939	-913	-1614
2	0.001	971	-2139	-498
3	0.002	824	-1226	-52
4	0.003	54	847	1554
5	0.004	-1659	299	1745
6	0.005	-1690	498	2028
7	0.006	-188	993	374
8	0.007	-365	189	652
9	0.008	-240	90	50
10	0.009	-527	-345	40
================================================================================

=== 采集时间: 2025-12-05 15:46:10 (增量周期: 10.0ms) ===
振动增量数据 [等效10000Hz, 100点]
时序序号	时间(s)	X振动(INT)	Y振动(INT)	Z振动(INT)
1	0.0000	-121	2	281
2	0.0001	343	148	-785
3	0.0002	-349	-360	423
4	0.0003	133	152	-191
5	0.0004	30	-114	53
6	0.0005	-23	205	225
7	0.0006	-31	-70	-272
8	0.0007	10	-63	46
9	0.0008	-224	164	280
10	0.0009	214	-168	-301
11	0.0010	-7	137	194
12	0.0011	-55	103	225
13	0.0012	26	-46	-370
14	0.0013	97	37	-62
15	0.0014	-288	-241	37
16	0.0015	-178	283	413
17	0.0016	364	168	-436
18	0.0017	54	-236	-306
19	0.0018	-168	-23	536
20	0.0019	-374	-54	116
21	0.0020	105	19	-402
22	0.0021	361	-78	-141
23	0.0022	-356	-70	195
24	0.0023	7	-32	166
25	0.0024	-91	137	1
26	0.0025	31	-61	-156
27	0.0026	13	225	311
28	0.0027	-46	-148	-135
29	0.0028	-6	22	416
30	0.0029	409	190	-944
31	0.0030	-168	-279	553
32	0.0031	-252	156	-58
33	0.0032	540	70	-435
34	0.0033	90	233	176
35	0.0034	-162	-412	87
36	0.0035	14	133	0
37	0.0036	-54	172	-174
38	0.0037	-134	-48	84
39	0.0038	-72	-41	164
40	0.0039	54	163	190
41	0.0040	-132	-113	32
42	0.0041	147	-12	-191
43	0.0042	122	62	-263
44	0.0043	-58	-174	23
45	0.0044	285	-159	-201
46	0.0045	-155	23	-237
47	0.0046	112	177	281
48	0.0047	-279	126	146
49	0.0048	236	-242	-124
50	0.0049	180	235	-234
51	0.0050	-564	-126	152
52	0.0051	327	-28	-818
53	0.0052	-23	39	-92
54	0.0053	-68	-302	279
55	0.0054	212	331	-42
56	0.0055	100	-245	-62
57	0.0056	513	138	-684
58	0.0057	-664	-260	1000
59	0.0058	-166	13	-404
60	0.0059	244	210	-265
61	0.0060	112	-65	148
62	0.0061	-322	-119	-21
63	0.0062	428	5	247
64	0.0063	-215	357	263
65	0.0064	-45	-183	-51
66	0.0065	193	169	-380
67	0.0066	-127	-202	-84
68	0.0067	18	-33	18
69	0.0068	-168	35	-94
70	0.0069	396	156	133
71	0.0070	-195	-15	73
72	0.0071	105	-306	-261
73	0.0072	-58	233	-233
74	0.0073	-70	-143	108
75	0.0074	14	142	9
76	0.0075	20	-92	87
77	0.0076	-72	91	225
78	0.0077	-76	14	-36
79	0.0078	-72	-185	75
80	0.0079	-205	54	-29
81	0.0080	54	207	92
82	0.0081	147	41	-205
83	0.0082	248	-288	-237
84	0.0083	-472	186	1005
85	0.0084	428	125	-965
86	0.0085	49	-257	-203
87	0.0086	-417	-161	507
88	0.0087	0	-95	-575
89	0.0088	368	410	48
90	0.0089	-198	-57	259
91	0.0090	33	-145	5
92	0.0091	-44	215	-24
93	0.0092	-195	-138	92
94	0.0093	-74	198	28
95	0.0094	15	155	125
96	0.0095	-29	-28	143
97	0.0096	216	-172	3
98	0.0097	53	138	-154
99	0.0098	-49	2	97
100	0.0099	-8	-48	-51

电流增量数据 [1000Hz, 10点]
采样序号	时间(s)	A相电流(INT)	B相电流(INT)	C相电流(INT)
1	0.000	-106	1622	-1522
2	0.001	-344	2906	-188
3	0.002	-197	-133	67
4	0.003	154	314	-413
5	0.004	635	-809	-711
6	0.005	776	670	-733
7	0.006	1726	599	-2053
8	0.007	1604	-1010	-124
9	0.008	-14	-2385	770
10	0.009	-211	-1832	416
================================================================================

=== 采集时间: 2025-12-05 15:46:10 (增量周期: 10.0ms) ===
振动增量数据 [等效10000Hz, 100点]
时序序号	时间(s)	X振动(INT)	Y振动(INT)	Z振动(INT)
1	0.0000	-135	-40	-187
2	0.0001	419	352	-225
3	0.0002	-141	-42	237
4	0.0003	-145	-199	118
5	0.0004	-12	201	45
6	0.0005	-57	112	110
7	0.0006	87	-21	-88
8	0.0007	-97	-203	0
9	0.0008	791	83	-860
10	0.0009	-677	-206	1149
11	0.0010	-401	2	-101
12	0.0011	300	257	-745
13	0.0012	-238	-57	524
14	0.0013	33	-202	-140
15	0.0014	154	-78	28
16	0.0015	-172	356	383
17	0.0016	-111	-15	-100
18	0.0017	198	-84	-428
19	0.0018	-80	-143	62
20	0.0019	-279	-183	262
21	0.0020	343	400	-161
22	0.0021	-158	103	292
23	0.0022	-188	-95	327
24	0.0023	295	77	-320
25	0.0024	233	-74	-323
26	0.0025	-225	-36	378
27	0.0026	24	122	-141
28	0.0027	176	58	-276
29	0.0028	-127	-75	147
30	0.0029	-108	-29	169
31	0.0030	57	99	-126
32	0.0031	83	35	14
33	0.0032	-181	-45	-37
34	0.0033	284	-2	-160
35	0.0034	74	-318	-436
36	0.0035	-144	126	752
37	0.0036	-55	299	-130
38	0.0037	421	-57	-496
39	0.0038	-55	-55	88
40	0.0039	-438	-441	120
41	0.0040	218	316	-277
42	0.0041	215	92	-113
43	0.0042	40	-71	157
44	0.0043	-156	125	168
45	0.0044	-135	-71	-93
46	0.0045	-190	-101	-53
47	0.0046	-23	159	183
48	0.0047	-92	56	-29
49	0.0048	378	-19	-111
50	0.0049	-58	15	142
51	0.0050	-8	83	-54
52	0.0051	-143	-8	20
53	0.0052	-108	-63	-131
54	0.0053	114	57	-67
55	0.0054	-74	60	76
56	0.0055	7	-2	134
57	0.0056	-83	26	164
58	0.0057	-8	-4	-244
59	0.0058	-28	-45	-45
60	0.0059	30	154	127
61	0.0060	-27	32	6
62	0.0061	71	67	-40
63	0.0062	-143	-15	240
64	0.0063	565	-70	-606
65	0.0064	-165	-152	453
66	0.0065	-113	-28	-217
67	0.0066	99	-16	-324
68	0.0067	-232	18	153
69	0.0068	-50	-40	156
70	0.0069	185	184	245
71	0.0070	-44	61	283
72	0.0071	-127	-55	193
73	0.0072	-228	77	-207
74	0.0073	280	105	-374
75	0.0074	-199	-152	-84
76	0.0075	240	-65	44
77	0.0076	-97	75	74
78	0.0077	-119	0	317
79	0.0078	-109	248	157
80	0.0079	-84	-309	-212
81	0.0080	-68	263	217
82	0.0081	77	-28	-102
83	0.0082	-109	-185	48
84	0.0083	118	111	118
85	0.0084	3	-28	-156
86	0.0085	-110	117	293
87	0.0086	-47	-11	-137
88	0.0087	-31	-162	-161
89	0.0088	23	154	84
90	0.0089	-114	-160	62
91	0.0090	144	488	521
92	0.0091	11	96	-134
93	0.0092	154	-496	-503
94	0.0093	135	215	-106
95	0.0094	-357	-270	230
96	0.0095	-58	250	-428
97	0.0096	189	-74	39
98	0.0097	-158	-91	-75
99	0.0098	186	-16	6
100	0.0099	-93	67	207

电流增量数据 [1000Hz, 10点]
采样序号	时间(s)	A相电流(INT)	B相电流(INT)	C相电流(INT)
1	0.000	141	-203	911
2	0.001	259	-1447	1705
3	0.002	-784	-502	1549
4	0.003	-363	536	69
5	0.004	-332	-2048	14
6	0.005	-245	243	-403
7	0.006	84	-1828	-1380
8	0.007	240	669	-610
9	0.008	407	-678	-165
10	0.009	652	-190	157
================================================================================

=== 采集时间: 2025-12-05 15:46:11 (增量周期: 10.0ms) ===
振动增量数据 [等效10000Hz, 100点]
时序序号	时间(s)	X振动(INT)	Y振动(INT)	Z振动(INT)
1	0.0000	-74	26	16
2	0.0001	-106	-41	67
3	0.0002	-62	-102	-151
4	0.0003	353	97	-184
5	0.0004	-168	13	279
6	0.0005	-72	-57	44
7	0.0006	148	235	-191
8	0.0007	-277	-194	305
9	0.0008	79	60	-179
10	0.0009	223	15	-91
11	0.0010	-173	86	129
12	0.0011	-98	-105	-63
13	0.0012	249	-25	-224
14	0.0013	28	75	-64
15	0.0014	32	-96	245
16	0.0015	-38	108	-158
17	0.0016	-42	-15	1
18	0.0017	-58	39	-40
19	0.0018	176	33	18
20	0.0019	62	-59	-152
21	0.0020	-258	148	617
22	0.0021	108	13	-257
23	0.0022	310	43	-405
24	0.0023	127	-394	-153
25	0.0024	-121	-101	108
26	0.0025	-147	109	-47
27	0.0026	86	224	-131
28	0.0027	-388	-71	305
29	0.0028	-61	-17	297
30	0.0029	-33	90	-81
31	0.0030	15	-63	213
32	0.0031	44	199	31
33	0.0032	134	-61	-319
34	0.0033	18	-36	76
35	0.0034	-94	-174	-141
36	0.0035	87	92	13
37	0.0036	50	169	-87
38	0.0037	-155	-233	28
39	0.0038	-136	9	45
40	0.0039	-84	-8	60
41	0.0040	-4	-44	-118
42	0.0041	37	18	198
43	0.0042	-54	171	159
44	0.0043	-16	-127	-169
45	0.0044	-104	56	211
46	0.0045	95	56	-288
47	0.0046	255	52	-107
48	0.0047	-66	6	6
49	0.0048	-109	91	798
50	0.0049	-339	60	-443
51	0.0050	652	-61	-642
52	0.0051	-196	-102	422
53	0.0052	-194	-283	-19
54	0.0053	193	312	-117
55	0.0054	-76	-85	-250
56	0.0055	-17	-149	-3
57	0.0056	-238	135	434
58	0.0057	60	91	-29
59	0.0058	236	100	-152
60	0.0059	-78	-66	196
61	0.0060	-96	-102	-152
62	0.0061	107	369	-137
63	0.0062	-195	-152	169
64	0.0063	241	16	-149
65	0.0064	-100	-75	112
66	0.0065	-101	112	164
67	0.0066	-78	79	-27
68	0.0067	-72	-217	-114
69	0.0068	193	172	49
70	0.0069	182	165	134
71	0.0070	-20	-31	-242
72	0.0071	-98	-270	-45
73	0.0072	-228	125	15
74	0.0073	250	180	-126
75	0.0074	172	-29	-25
76	0.0075	-407	43	921
77	0.0076	460	39	-1038
78	0.0077	60	-391	-182
79	0.0078	-395	-253	298
80	0.0079	172	2	-620
81	0.0080	499	327	-137
82	0.0081	-511	-340	410
83	0.0082	-101	-232	221
84	0.0083	-76	377	-201
85	0.0084	-33	40	211
86	0.0085	-94	5	58
87	0.0086	330	57	-164
88	0.0087	-139	-44	-29
89	0.0088	-24	-155	86
90	0.0089	151	295	-238
91	0.0090	-100	-11	225
92	0.0091	154	-42	-23
93	0.0092	-200	-183	-177
94	0.0093	-79	88	103
95	0.0094	-123	128	40
96	0.0095	142	-132	-44
97	0.0096	187	244	186
98	0.0097	-92	-100	230
99	0.0098	-58	122	-187
100	0.0099	-34	-23	-84

电流增量数据 [1000Hz, 10点]
采样序号	时间(s)	A相电流(INT)	B相电流(INT)	C相电流(INT)
1	0.000	765	-599	-747
2	0.001	757	-1640	-453
3	0.002	829	-606	-30
4	0.003	237	-1315	505
5	0.004	-31	-53	333
6	0.005	-607	395	441
7	0.006	-1119	184	-131
8	0.007	-1131	284	13
9	0.008	1412	222	-2423
10	0.009	2293	2263	-1819
================================================================================

=== 采集时间: 2025-12-05 15:46:11 (增量周期: 10.0ms) ===
振动增量数据 [等效10000Hz, 100点]
时序序号	时间(s)	X振动(INT)	Y振动(INT)	Z振动(INT)
1	0.0000	108	-44	183
2	0.0001	117	326	-57
3	0.0002	105	-11	461
4	0.0003	62	258	-36
5	0.0004	-24	-191	5
6	0.0005	-165	216	33
7	0.0006	44	-91	-234
8	0.0007	95	-59	-410
9	0.0008	-28	434	900
10	0.0009	-545	-122	366
11	0.0010	523	75	-654
12	0.0011	-316	207	667
13	0.0012	-249	-234	-119
14	0.0013	691	180	-658
15	0.0014	-149	-142	358
16	0.0015	-208	24	211
17	0.0016	391	284	-285
18	0.0017	-24	-21	256
19	0.0018	-318	-79	217
20	0.0019	139	43	-123
21	0.0020	-38	84	-332
22	0.0021	-179	-160	382
23	0.0022	-64	83	-70
24	0.0023	310	129	-328
25	0.0024	44	-102	120
26	0.0025	-125	-293	-165
27	0.0026	255	269	-74
28	0.0027	-70	10	-40
29	0.0028	30	-177	61
30	0.0029	14	190	93
31	0.0030	-36	39	69
32	0.0031	9	-15	57
33	0.0032	-119	-21	50
34	0.0033	-81	207	221
35	0.0034	31	61	-97
36	0.0035	54	-430	-598
37	0.0036	-2	404	684
38	0.0037	-826	-45	670
39	0.0038	785	262	-919
40	0.0039	-54	-119	245
41	0.0040	-665	-531	574
42	0.0041	204	322	-516
43	0.0042	352	146	-212
44	0.0043	-328	-176	396
45	0.0044	-21	-122	-36
46	0.0045	144	240	-204
47	0.0046	-314	30	251
48	0.0047	190	-65	28
49	0.0048	287	111	-453
50	0.0049	255	-98	324
51	0.0050	-196	30	39
52	0.0051	103	-126	-391
53	0.0052	-217	208	-38
54	0.0053	-158	-245	46
55	0.0054	171	284	67
56	0.0055	-104	-49	35
57	0.0056	185	-3	216
58	0.0057	-290	45	-41
59	0.0058	101	-306	-157
60	0.0059	43	306	-51
61	0.0060	148	-20	-12
62	0.0061	99	266	121
63	0.0062	-47	-177	-44
64	0.0063	-247	-76	370
65	0.0064	120	313	-405
66	0.0065	78	-78	131
67	0.0066	-135	-140	-28
68	0.0067	-45	-65	-104
69	0.0068	120	304	76
70	0.0069	-164	-112	-53
71	0.0070	218	-105	3
72	0.0071	-76	303	273
73	0.0072	-111	-263	32
74	0.0073	-7	-4	-479
75	0.0074	-140	-67	88
76	0.0075	-173	27	50
77	0.0076	182	-19	-165
78	0.0077	146	96	272
79	0.0078	-316	-36	344
80	0.0079	69	-118	-304
81	0.0080	-47	84	-217
82	0.0081	-126	-91	259
83	0.0082	120	160	-178
84	0.0083	278	26	-8
85	0.0084	-323	1	386
86	0.0085	7	50	-15
87	0.0086	30	182	-164
88	0.0087	-62	-216	-64
89	0.0088	138	49	-29
90	0.0089	-2	96	-91
91	0.0090	-2	-15	126
92	0.0091	96	19	-119
93	0.0092	71	-32	69
94	0.0093	50	-153	-234
95	0.0094	56	-46	-187
96	0.0095	-148	167	313
97	0.0096	-260	-4	10
98	0.0097	118	-98	-181
99	0.0098	-34	95	309
100	0.0099	-144	-65	122

电流增量数据 [1000Hz, 10点]
采样序号	时间(s)	A相电流(INT)	B相电流(INT)	C相电流(INT)
1	0.000	-73	-423	648
2	0.001	-649	-266	573
3	0.002	-824	-334	253
4	0.003	-2000	1654	1017
5	0.004	-170	838	-417
6	0.005	330	777	-397
7	0.006	781	-3063	-903
8	0.007	569	-889	-321
9	0.008	629	-1575	38
10	0.009	288	-934	122
================================================================================

=== 采集时间: 2025-12-05 15:46:11 (增量周期: 10.0ms) ===
振动增量数据 [等效10000Hz, 100点]
时序序号	时间(s)	X振动(INT)	Y振动(INT)	Z振动(INT)
1	0.0000	-242	-223	426
2	0.0001	-280	-40	96
3	0.0002	178	194	-74
4	0.0003	-140	16	16
5	0.0004	-17	-182	-98
6	0.0005	197	129	-107
7	0.0006	-335	-89	195
8	0.0007	82	-228	-244
9	0.0008	-63	222	-153
10	0.0009	11	-10	202
11	0.0010	-61	49	78
12	0.0011	-81	-129	-41
13	0.0012	-58	99	284
14	0.0013	-115	99	23
15	0.0014	438	73	-200
16	0.0015	-97	-72	266
17	0.0016	280	-40	-293
18	0.0017	-80	-33	-66
19	0.0018	-57	-122	-359
20	0.0019	40	-41	125
21	0.0020	-282	78	437
22	0.0021	13	13	-298
23	0.0022	-182	75	754
24	0.0023	-152	133	-418
25	0.0024	432	-211	-281
26	0.0025	-151	-67	133
27	0.0026	-4	-220	-316
28	0.0027	394	250	-171
29	0.0028	-290	23	185
30	0.0029	84	43	32
31	0.0030	155	-15	-204
32	0.0031	-200	-217	130
33	0.0032	-147	-145	-77
34	0.0033	15	355	-137
35	0.0034	-2	104	249
36	0.0035	-271	-223	328
37	0.0036	108	75	-226
38	0.0037	73	122	114
39	0.0038	-239	86	413
40	0.0039	381	6	-889
41	0.0040	171	-243	-77
42	0.0041	-221	-28	127
43	0.0042	280	-145	-145
44	0.0043	-148	269	307
45	0.0044	-273	-17	213
46	0.0045	19	-46	-217
47	0.0046	-239	44	-19
48	0.0047	90	-24	27
49	0.0048	107	271	31
50	0.0049	159	-104	30
51	0.0050	-108	312	497
52	0.0051	-153	-106	-182
53	0.0052	383	78	-473
54	0.0053	-228	-225	207
55	0.0054	-92	-57	49
56	0.0055	165	284	-77
57	0.0056	6	105	6
58	0.0057	-28	104	397
59	0.0058	-152	-221	-42
60	0.0059	61	10	-104
61	0.0060	173	476	46
62	0.0061	-143	-183	121
63	0.0062	312	-98	-380
64	0.0063	113	-25	-32
65	0.0064	-313	-130	150
66	0.0065	231	312	-47
67	0.0066	11	-33	-45
68	0.0067	-177	66	247
69	0.0068	95	180	93
70	0.0069	-24	-186	-237
71	0.0070	148	83	7
72	0.0071	-126	-63	49
73	0.0072	96	248	110
74	0.0073	-219	91	-85
75	0.0074	-54	-341	138
76	0.0075	-7	321	-153
77	0.0076	127	-364	-332
78	0.0077	-162	338	1116
79	0.0078	-58	-226	-890
80	0.0079	575	-139	-284
81	0.0080	-358	73	266
82	0.0081	-127	-531	-355
83	0.0082	451	542	-222
84	0.0083	-249	-193	190
85	0.0084	-106	31	497
86	0.0085	-122	380	143
87	0.0086	-141	-332	-246
88	0.0087	36	86	-92
89	0.0088	83	-54	-123
90	0.0089	198	96	-144
91	0.0090	-62	-102	226
92	0.0091	-281	-31	22
93	0.0092	60	150	-222
94	0.0093	150	-19	-41
95	0.0094	-118	-250	75
96	0.0095	-11	203	228
97	0.0096	-121	107	220
98	0.0097	129	-102	-281
99	0.0098	-51	-45	10
100	0.0099	-169	70	409

电流增量数据 [1000Hz, 10点]
采样序号	时间(s)	A相电流(INT)	B相电流(INT)	C相电流(INT)
1	0.000	-1417	987	1902
2	0.001	-2112	1851	1145
3	0.002	-396	-65	553
4	0.003	-600	1620	593
5	0.004	-639	311	-31
6	0.005	-450	-154	105
7	0.006	-181	-1132	-372
8	0.007	-738	1555	-726
9	0.008	-71	1235	-699
10	0.009	541	-306	-255
================================================================================

=== 采集时间: 2025-12-05 15:46:12 (增量周期: 10.0ms) ===
振动增量数据 [等效10000Hz, 100点]
时序序号	时间(s)	X振动(INT)	Y振动(INT)	Z振动(INT)
1	0.0000	101	-79	-46
2	0.0001	74	26	-28
3	0.0002	-220	-178	157
4	0.0003	-75	125	150
5	0.0004	151	212	-161
6	0.0005	-58	-155	-165
7	0.0006	107	-76	24
8	0.0007	-328	-46	54
9	0.0008	133	214	69
10	0.0009	-149	103	206
11	0.0010	20	-164	10
12	0.0011	144	222	53
13	0.0012	-50	-63	311
14	0.0013	-198	13	-231
15	0.0014	325	227	-42
16	0.0015	-263	-119	-97
17	0.0016	425	13	-63
18	0.0017	-141	-122	-222
19	0.0018	36	364	660
20	0.0019	-687	-135	123
21	0.0020	639	-65	-671
22	0.0021	-328	214	587
23	0.0022	-160	-482	-17
24	0.0023	253	275	-588
25	0.0024	-264	-102	557
26	0.0025	-297	107	87
27	0.0026	381	39	-297
28	0.0027	52	155	242
29	0.0028	-315	-225	241
30	0.0029	212	20	-398
31	0.0030	-138	186	54
32	0.0031	-263	-88	469
33	0.0032	212	87	-411
34	0.0033	296	-91	-42
35	0.0034	-585	-186	169
36	0.0035	207	-70	-94
37	0.0036	-168	320	-175
38	0.0037	-21	-290	164
39	0.0038	77	65	50
40	0.0039	174	-36	-91
41	0.0040	-50	142	91
42	0.0041	-237	-97	177
43	0.0042	-8	232	-64
44	0.0043	0	144	196
45	0.0044	185	-45	-218
46	0.0045	92	-253	-285
47	0.0046	198	269	-19
48	0.0047	-572	3	776
49	0.0048	268	96	-633
50	0.0049	227	32	99
51	0.0050	-242	-143	204
52	0.0051	19	-93	-230
53	0.0052	190	201	-105
54	0.0053	-241	-81	317
55	0.0054	266	36	-230
56	0.0055	-7	79	56
57	0.0056	-96	-24	253
58	0.0057	-117	-115	-230
59	0.0058	-32	128	-224
60	0.0059	-45	164	328
61	0.0060	71	274	35
62	0.0061	48	-7	251
63	0.0062	-75	-229	-115
64	0.0063	82	167	-21
65	0.0064	-98	-139	-54
66	0.0065	-12	169	230
67	0.0066	120	90	-139
68	0.0067	18	-2	100
69	0.0068	37	-11	143
70	0.0069	-96	-81	-268
71	0.0070	2	69	247
72	0.0071	-144	-54	-59
73	0.0072	211	-294	-671
74	0.0073	-182	423	699
75	0.0074	-303	-202	15
76	0.0075	340	-45	-484
77	0.0076	-31	11	434
78	0.0077	-341	-293	187
79	0.0078	270	351	-376
80	0.0079	-31	112	397
81	0.0080	-371	-106	216
82	0.0081	223	44	-153
83	0.0082	118	-123	-303
84	0.0083	50	44	170
85	0.0084	-61	105	123
86	0.0085	-108	-10	-191
87	0.0086	-14	-92	-134
88	0.0087	-113	-242	-169
89	0.0088	302	146	-175
90	0.0089	-335	-46	746
91	0.0090	10	138	-205
92	0.0091	359	189	-199
93	0.0092	-294	-191	275
94	0.0093	93	-76	-92
95	0.0094	268	198	-187
96	0.0095	-28	-11	100
97	0.0096	-123	-25	-74
98	0.0097	151	175	7
99	0.0098	-241	-7	249
100	0.0099	-61	61	277

电流增量数据 [1000Hz, 10点]
采样序号	时间(s)	A相电流(INT)	B相电流(INT)	C相电流(INT)
1	0.000	729	-459	-792
2	0.001	1302	-681	419
3	0.002	307	-1988	958
4	0.003	92	-2552	998
5	0.004	-2246	359	1434
6	0.005	-2030	2602	439
7	0.006	-1581	3068	-133
8	0.007	-251	229	68
9	0.008	-744	2586	199
10	0.009	-186	-226	-301
================================================================================

=== 采集时间: 2025-12-05 15:46:12 (增量周期: 10.0ms) ===
振动增量数据 [等效10000Hz, 100点]
时序序号	时间(s)	X振动(INT)	Y振动(INT)	Z振动(INT)
1	0.0000	20	-102	6
2	0.0001	104	168	-24
3	0.0002	-91	-234	80
4	0.0003	159	267	216
5	0.0004	-186	71	58
6	0.0005	-3	1	1
7	0.0006	60	205	86
8	0.0007	-46	-347	-255
9	0.0008	-181	316	799
10	0.0009	429	223	-871
11	0.0010	131	-398	104
12	0.0011	-382	-14	333
13	0.0012	-29	-209	-368
14	0.0013	430	420	-188
15	0.0014	-323	-250	206
16	0.0015	-80	134	439
17	0.0016	93	139	-492
18	0.0017	-119	-313	-20
19	0.0018	-294	40	279
20	0.0019	266	158	-160
21	0.0020	-12	9	110
22	0.0021	-16	-258	43
23	0.0022	-96	150	48
24	0.0023	-50	128	129
25	0.0024	70	-2	-3
26	0.0025	-8	-242	-158
27	0.0026	27	292	178
28	0.0027	50	0	-233
29	0.0028	-58	-87	133
30	0.0029	-375	101	396
31	0.0030	84	73	-234
32	0.0031	147	53	-118
33	0.0032	-79	-36	298
34	0.0033	-93	16	96
35	0.0034	27	192	-92
36	0.0035	82	-228	-297
37	0.0036	-226	201	967
38	0.0037	178	202	-545
39	0.0038	402	-65	-289
40	0.0039	-353	-194	413
41	0.0040	-190	-259	-303
42	0.0041	501	472	-346
43	0.0042	83	5	256
44	0.0043	-319	-46	566
45	0.0044	90	185	-132
46	0.0045	-152	86	-91
47	0.0046	-168	-139	-57
48	0.0047	202	124	-54
49	0.0048	-3	-50	-181
50	0.0049	203	-3	83
51	0.0050	-165	176	181
52	0.0051	-87	-165	-190
53	0.0052	79	-57	-272
54	0.0053	56	-3	237
55	0.0054	107	148	-19
56	0.0055	62	-207	-314
57	0.0056	-79	-59	-31
58	0.0057	-235	60	143
59	0.0058	143	22	-246
60	0.0059	155	172	45
61	0.0060	-174	-33	378
62	0.0061	-123	176	133
63	0.0062	280	60	-380
64	0.0063	-72	-417	-165
65	0.0064	79	161	-74
66	0.0065	-45	-81	311
67	0.0066	-127	32	-21
68	0.0067	83	129	147
69	0.0068	75	60	-68
70	0.0069	-20	-202	-14
71	0.0070	-84	-49	-32
72	0.0071	86	263	-81
73	0.0072	-122	138	126
74	0.0073	-75	-102	120
75	0.0074	118	19	-109
76	0.0075	-32	18	150
77	0.0076	-217	14	88
78	0.0077	211	278	-70
79	0.0078	-181	-176	15
80	0.0079	-21	-34	113
81	0.0080	99	69	-107
82	0.0081	287	24	-10
83	0.0082	-2	-57	-124
84	0.0083	83	-311	-183
85	0.0084	-74	231	43
86	0.0085	-162	30	236
87	0.0086	9	-37	-311
88	0.0087	99	37	-17
89	0.0088	-219	-88	289
90	0.0089	-68	65	-15
91	0.0090	201	99	-20
92	0.0091	-313	-412	-308
93	0.0092	193	185	-51
94	0.0093	-293	-91	369
95	0.0094	281	79	-470
96	0.0095	-84	84	417
97	0.0096	-293	47	490
98	0.0097	520	82	-959
99	0.0098	-123	-138	430
100	0.0099	-134	185	142

电流增量数据 [1000Hz, 10点]
采样序号	时间(s)	A相电流(INT)	B相电流(INT)	C相电流(INT)
1	0.000	722	-767	24
2	0.001	221	-2085	725
3	0.002	19	-892	946
4	0.003	431	-938	683
5	0.004	-446	474	149
6	0.005	-884	-41	262
7	0.006	2	-1810	-805
8	0.007	77	-105	-525
9	0.008	165	-2346	-703
10	0.009	662	-267	-505
================================================================================

=== 采集时间: 2025-12-05 15:46:12 (增量周期: 10.0ms) ===
振动增量数据 [等效10000Hz, 100点]
时序序号	时间(s)	X振动(INT)	Y振动(INT)	Z振动(INT)
1	0.0000	-151	-59	-67
2	0.0001	-141	-88	609
3	0.0002	-173	159	62
4	0.0003	63	131	125
5	0.0004	-140	225	82
6	0.0005	15	-208	-161
7	0.0006	127	30	-14
8	0.0007	-12	-8	174
9	0.0008	135	65	-88
10	0.0009	140	159	-171
11	0.0010	-376	-270	439
12	0.0011	-215	56	-124
13	0.0012	40	252	-54
14	0.0013	66	197	249
15	0.0014	-237	-260	88
16	0.0015	305	107	-40
17	0.0016	41	111	-89
18	0.0017	40	-126	-49
19	0.0018	-37	105	92
20	0.0019	20	-79	-32
21	0.0020	65	138	-53
22	0.0021	-149	-260	-28
23	0.0022	657	323	-654
24	0.0023	-525	-422	866
25	0.0024	56	32	-434
26	0.0025	265	90	-358
27	0.0026	-228	-33	263
28	0.0027	-348	-169	-46
29	0.0028	104	133	259
30	0.0029	-149	306	207
31	0.0030	172	-121	-67
32	0.0031	-6	185	151
33	0.0032	-271	-113	96
34	0.0033	23	-67	-214
35	0.0034	18	195	-208
36	0.0035	231	11	310
37	0.0036	-260	37	292
38	0.0037	216	-134	-312
39	0.0038	-47	50	-93
40	0.0039	-188	-179	-74
41	0.0040	417	180	-474
42	0.0041	-101	-74	336
43	0.0042	-238	-68	121
44	0.0043	182	279	-144
45	0.0044	-170	37	256
46	0.0045	-55	30	271
47	0.0046	-121	147	195
48	0.0047	101	54	-3
49	0.0048	13	-212	-430
50	0.0049	-105	154	486
51	0.0050	87	147	-594
52	0.0051	386	-262	15
53	0.0052	-280	-57	127
54	0.0053	281	-159	-516
55	0.0054	-138	201	206
56	0.0055	-225	-213	-247
57	0.0056	315	156	-77
58	0.0057	-224	171	429
59	0.0058	66	-44	88
60	0.0059	-85	16	-241
61	0.0060	218	142	-169
62	0.0061	-75	87	33
63	0.0062	52	-178	211
64	0.0063	35	108	-104
65	0.0064	5	69	78
66	0.0065	-97	84	18
67	0.0066	30	-83	-115
68	0.0067	122	-44	-494
69	0.0068	-83	-169	307
70	0.0069	-44	100	103
71	0.0070	240	228	-162
72	0.0071	-230	-19	497
73	0.0072	-81	28	-276
74	0.0073	74	-217	-297
75	0.0074	5	289	230
76	0.0075	156	-79	-54
77	0.0076	335	58	-118
78	0.0077	-83	121	110
79	0.0078	-437	-232	493
80	0.0079	-277	50	-264
81	0.0080	573	186	-790
82	0.0081	-81	-96	538
83	0.0082	-519	-279	493
84	0.0083	169	158	-267
85	0.0084	-47	330	-36
86	0.0085	-205	-204	103
87	0.0086	60	-202	-204
88	0.0087	9	167	174
89	0.0088	-181	-67	195
90	0.0089	133	165	-137
91	0.0090	2	19	173
92	0.0091	9	58	390
93	0.0092	-122	-140	-135
94	0.0093	92	-55	-340
95	0.0094	-246	96	258
96	0.0095	105	-20	-46
97	0.0096	-53	124	152
98	0.0097	-21	-67	241
99	0.0098	241	69	-383
100	0.0099	176	-71	-119

电流增量数据 [1000Hz, 10点]
采样序号	时间(s)	A相电流(INT)	B相电流(INT)	C相电流(INT)
1	0.000	-509	-931	564
2	0.001	-1654	-974	1820
3	0.002	-1631	1193	715
4	0.003	-23	312	-801
5	0.004	237	1215	-634
6	0.005	624	-3216	-639
7	0.006	752	-883	-685
8	0.007	584	-3004	-662
9	0.008	123	-761	424
10	0.009	45	-1712	803
================================================================================

=== 采集时间: 2025-12-05 15:46:13 (增量周期: 10.0ms) ===
振动增量数据 [等效10000Hz, 100点]
时序序号	时间(s)	X振动(INT)	Y振动(INT)	Z振动(INT)
1	0.0000	-132	84	189
2	0.0001	2	-37	-105
3	0.0002	99	114	-17
4	0.0003	-198	-130	-24
5	0.0004	-38	90	117
6	0.0005	91	114	-183
7	0.0006	-138	-140	388
8	0.0007	-106	278	123
9	0.0008	146	-132	-24
10	0.0009	96	18	-512
11	0.0010	249	-260	-182
12	0.0011	-125	41	15
13	0.0012	138	-50	-77
14	0.0013	-96	141	108
15	0.0014	-239	-3	352
16	0.0015	-158	47	-32
17	0.0016	-21	-10	-77
18	0.0017	124	96	202
19	0.0018	-194	35	105
20	0.0019	173	-173	-213
21	0.0020	-16	202	-229
22	0.0021	-40	-174	249
23	0.0022	-310	73	-6
24	0.0023	421	35	-131
25	0.0024	-81	28	221
26	0.0025	-280	-109	125
27	0.0026	-27	-91	-187
28	0.0027	108	7	-203
29	0.0028	-58	124	570
30	0.0029	-177	130	185
31	0.0030	501	114	-594
32	0.0031	-212	-115	190
33	0.0032	-242	-172	134
34	0.0033	84	168	-165
35	0.0034	36	158	215
36	0.0035	148	87	-371
37	0.0036	-309	-152	850
38	0.0037	-156	374	-55
39	0.0038	276	-140	-336
40	0.0039	88	84	90
41	0.0040	-339	-352	146
42	0.0041	159	274	-109
43	0.0042	11	288	112
44	0.0043	0	-237	-203
45	0.0044	-84	-251	43
46	0.0045	241	261	125
47	0.0046	-70	-32	-45
48	0.0047	31	-61	-140
49	0.0048	82	109	-40
50	0.0049	-132	-21	230
51	0.0050	13	-234	-75
52	0.0051	-91	58	101
53	0.0052	122	229	309
54	0.0053	-169	58	-191
55	0.0054	-106	-365	20
56	0.0055	381	20	-514
57	0.0056	-273	7	208
58	0.0057	-57	109	581
59	0.0058	-51	156	-83
60	0.0059	176	-34	-325
61	0.0060	242	-23	3
62	0.0061	-94	-391	-164
63	0.0062	-127	343	225
64	0.0063	-144	50	84
65	0.0064	178	-17	-225
66	0.0065	-57	-72	130
67	0.0066	255	6	-34
68	0.0067	-113	-17	-15
69	0.0068	-88	-6	41
70	0.0069	-130	192	31
71	0.0070	87	-161	-3
72	0.0071	50	44	44
73	0.0072	-208	-63	31
74	0.0073	134	125	110
75	0.0074	-221	-216	-494
76	0.0075	88	91	332
77	0.0076	-66	325	236
78	0.0077	198	-290	-370
79	0.0078	46	-41	-211
80	0.0079	-290	-162	247
81	0.0080	-81	254	-67
82	0.0081	362	-15	-265
83	0.0082	-57	-61	211
84	0.0083	11	-80	241
85	0.0084	-109	91	-222
86	0.0085	-27	24	93
87	0.0086	-109	199	288
88	0.0087	167	61	-192
89	0.0088	295	-41	-63
90	0.0089	-271	-336	-151
91	0.0090	-15	343	362
92	0.0091	-525	292	486
93	0.0092	389	-91	-555
94	0.0093	231	-101	66
95	0.0094	-284	-307	36
96	0.0095	88	131	-41
97	0.0096	18	338	99
98	0.0097	70	-25	-33
99	0.0098	117	-61	6
100	0.0099	-256	-46	164

电流增量数据 [1000Hz, 10点]
采样序号	时间(s)	A相电流(INT)	B相电流(INT)	C相电流(INT)
1	0.000	387	-580	235
2	0.001	-130	-3653	726
3	0.002	-364	-1627	489
4	0.003	-1004	-918	934
5	0.004	-809	-1293	169
6	0.005	13	67	-1263
7	0.006	922	516	-1358
8	0.007	1581	300	-1180
9	0.008	1153	-1333	-1119
10	0.009	1219	-3916	1310
================================================================================

=== 采集时间: 2025-12-05 15:46:13 (增量周期: 10.0ms) ===
振动增量数据 [等效10000Hz, 100点]
时序序号	时间(s)	X振动(INT)	Y振动(INT)	Z振动(INT)
1	0.0000	220	35	-534
2	0.0001	127	77	-94
3	0.0002	-262	-408	387
4	0.0003	113	330	76
5	0.0004	236	71	-147
6	0.0005	-158	82	211
7	0.0006	-267	-212	-188
8	0.0007	32	-132	-209
9	0.0008	-31	241	230
10	0.0009	54	-46	123
11	0.0010	231	289	-19
12	0.0011	-204	-195	208
13	0.0012	-106	-25	-17
14	0.0013	-36	48	-167
15	0.0014	124	-79	-97
16	0.0015	114	19	-177
17	0.0016	-207	-104	296
18	0.0017	-209	271	412
19	0.0018	-49	-68	-170
20	0.0019	155	95	-80
21	0.0020	80	120	198
22	0.0021	-139	-113	-130
23	0.0022	46	193	35
24	0.0023	-155	-14	-27
25	0.0024	331	2	-218
26	0.0025	63	-179	-93
27	0.0026	-134	333	670
28	0.0027	-144	-98	7
29	0.0028	163	-75	-769
30	0.0029	-51	-78	317
31	0.0030	-108	48	84
32	0.0031	408	233	-214
33	0.0032	-289	-164	405
34	0.0033	-301	-49	138
35	0.0034	155	82	-333
36	0.0035	-32	160	123
37	0.0036	-51	-185	151
38	0.0037	165	62	-135
39	0.0038	26	173	53
40	0.0039	-54	-272	-25
41	0.0040	23	295	142
42	0.0041	-2	26	142
43	0.0042	245	-101	-389
44	0.0043	-61	-179	105
45	0.0044	-360	208	247
46	0.0045	169	20	-227
47	0.0046	-67	-253	-128
48	0.0047	-20	-11	350
49	0.0048	-115	175	87
50	0.0049	10	33	-64
51	0.0050	-157	73	-14
52	0.0051	35	-127	-42
53	0.0052	215	69	-187
54	0.0053	-37	-228	-64
55	0.0054	27	425	483
56	0.0055	-473	14	273
57	0.0056	317	-203	-915
58	0.0057	108	-84	352
59	0.0058	-423	-204	253
60	0.0059	249	163	-192
61	0.0060	-207	-46	139
62	0.0061	-87	-63	-50
63	0.0062	-147	-20	62
64	0.0063	15	112	-196
65	0.0064	249	-27	131
66	0.0065	-132	47	88
67	0.0066	-109	-249	-27
68	0.0067	-71	69	-144
69	0.0068	-88	27	24
70	0.0069	84	20	-10
71	0.0070	-51	10	105
72	0.0071	-29	73	204
73	0.0072	-162	-101	-3
74	0.0073	127	-96	-346
75	0.0074	15	-29	-101
76	0.0075	7	297	666
77	0.0076	-131	107	-34
78	0.0077	241	-166	-123
79	0.0078	-279	69	112
80	0.0079	67	-194	-184
81	0.0080	146	224	-320
82	0.0081	-224	148	909
83	0.0082	234	-15	-771
84	0.0083	185	-288	-205
85	0.0084	-268	-100	320
86	0.0085	-70	121	-81
87	0.0086	301	309	15
88	0.0087	-45	-92	11
89	0.0088	-225	-245	298
90	0.0089	-136	163	-83
91	0.0090	83	128	-151
92	0.0091	78	65	156
93	0.0092	-40	-126	26
94	0.0093	-71	23	32
95	0.0094	-37	64	44
96	0.0095	0	35	-265
97	0.0096	-15	71	-55
98	0.0097	172	-87	300
99	0.0098	-61	92	-186
100	0.0099	-7	-19	164

电流增量数据 [1000Hz, 10点]
采样序号	时间(s)	A相电流(INT)	B相电流(INT)	C相电流(INT)
1	0.000	-651	-1818	229
2	0.001	-646	-2051	65
3	0.002	-474	-361	142
4	0.003	61	-2170	-993
5	0.004	998	-154	-1176
6	0.005	876	-1725	595
7	0.006	855	-5	140
8	0.007	999	-2454	83
9	0.008	-2404	-1368	2256
10	0.009	-2261	477	917
================================================================================

=== 采集时间: 2025-12-05 15:46:13 (增量周期: 10.0ms) ===
振动增量数据 [等效10000Hz, 100点]
时序序号	时间(s)	X振动(INT)	Y振动(INT)	Z振动(INT)
1	0.0000	-41	-53	15
2	0.0001	-63	128	1
3	0.0002	-15	-139	70
4	0.0003	147	-25	-238
5	0.0004	140	-17	-19
6	0.0005	-141	99	49
7	0.0006	-71	-109	110
8	0.0007	-390	245	356
9	0.0008	92	9	-58
10	0.0009	36	121	-96
11	0.0010	69	-238	0
12	0.0011	190	399	262
13	0.0012	-384	-136	200
14	0.0013	473	-8	-665
15	0.0014	-178	-115	49
16	0.0015	-172	-262	-32
17	0.0016	228	171	-171
18	0.0017	-110	84	198
19	0.0018	3	269	476
20	0.0019	101	-79	-191
21	0.0020	-10	-176	53
22	0.0021	-79	40	-10
23	0.0022	31	134	-209
24	0.0023	-29	66	221
25	0.0024	-108	-105	-55
26	0.0025	340	64	-29
27	0.0026	-185	78	221
28	0.0027	-98	-106	-2
29	0.0028	171	139	-366
30	0.0029	-234	-266	-117
31	0.0030	65	101	86
32	0.0031	-188	-48	410
33	0.0032	349	134	-337
34	0.0033	-44	-33	423
35	0.0034	-155	-83	243
36	0.0035	-61	186	-225
37	0.0036	215	64	-143
38	0.0037	-196	-161	-40
39	0.0038	83	-234	-106
40	0.0039	519	295	-667
41	0.0040	-382	-224	673
42	0.0041	-313	163	90
43	0.0042	-92	-46	-101
44	0.0043	-57	185	80
45	0.0044	-92	-234	2
46	0.0045	197	116	70
47	0.0046	-33	165	367
48	0.0047	-50	-40	-46
49	0.0048	187	-19	-273
50	0.0049	-45	-75	-75
51	0.0050	-266	-191	61
52	0.0051	87	126	-57
53	0.0052	-81	276	339
54	0.0053	-164	10	254
55	0.0054	295	56	-101
56	0.0055	-264	-230	-137
57	0.0056	79	141	-36
58	0.0057	-68	186	272
59	0.0058	101	-40	-183
60	0.0059	-51	-85	-80
61	0.0060	116	33	-111
62	0.0061	-170	-15	281
63	0.0062	-298	75	48
64	0.0063	221	182	-42
65	0.0064	-110	26	185
66	0.0065	-340	-420	70
67	0.0066	725	373	-919
68	0.0067	-542	-173	1106
69	0.0068	-443	253	333
70	0.0069	403	96	-701
71	0.0070	257	84	309
72	0.0071	-469	-317	272
73	0.0072	432	222	-64
74	0.0073	131	502	18
75	0.0074	-84	-468	-136
76	0.0075	24	75	-195
77	0.0076	-41	43	49
78	0.0077	-113	48	30
79	0.0078	399	-118	-517
80	0.0079	220	205	429
81	0.0080	-489	1	416
82	0.0081	287	-211	-577
83	0.0082	6	121	-400
84	0.0083	-329	-288	310
85	0.0084	65	257	-34
86	0.0085	176	112	230
87	0.0086	-34	50	233
88	0.0087	-153	-96	-282
89	0.0088	95	-161	-7
90	0.0089	-294	177	66
91	0.0090	122	26	75
92	0.0091	258	327	63
93	0.0092	-114	-420	-71
94	0.0093	-178	-122	260
95	0.0094	20	321	-423
96	0.0095	297	-191	-276
97	0.0096	-369	-7	512
98	0.0097	-174	-310	-324
99	0.0098	398	382	-224
100	0.0099	-190	7	253

电流增量数据 [1000Hz, 10点]
采样序号	时间(s)	A相电流(INT)	B相电流(INT)	C相电流(INT)
1	0.000	1423	222	-1522
2	0.001	370	1922	-355
3	0.002	302	-240	-559
4	0.003	376	2186	-429
5	0.004	548	-1652	165
6	0.005	132	-1449	743
7	0.006	877	-2590	267
8	0.007	487	-1595	1449
9	0.008	-984	11	930
10	0.009	-892	620	192
================================================================================

=== 采集时间: 2025-12-05 15:46:14 (增量周期: 10.0ms) ===
振动增量数据 [等效10000Hz, 100点]
时序序号	时间(s)	X振动(INT)	Y振动(INT)	Z振动(INT)
1	0.0000	105	-68	-10
2	0.0001	16	105	-225
3	0.0002	118	-14	118
4	0.0003	56	-20	-41
5	0.0004	-57	-41	-29
6	0.0005	23	143	-81
7	0.0006	-168	-4	195
8	0.0007	15	-153	-21
9	0.0008	-219	65	103
10	0.0009	160	78	-34
11	0.0010	-87	41	118
12	0.0011	-55	23	86
13	0.0012	-51	77	-77
14	0.0013	61	83	-36
15	0.0014	152	-247	-370
16	0.0015	-68	41	430
17	0.0016	-273	289	357
18	0.0017	201	202	-301
19	0.0018	-294	-87	447
20	0.0019	182	-217	-555
21	0.0020	330	154	242
22	0.0021	-147	-16	70
23	0.0022	326	54	-212
24	0.0023	-155	39	-165
25	0.0024	-58	-202	108
26	0.0025	-74	144	-114
27	0.0026	62	60	7
28	0.0027	71	148	7
29	0.0028	-254	-275	228
30	0.0029	19	198	-21
31	0.0030	65	48	-178
32	0.0031	-2	-65	148
33	0.0032	90	-87	-417
34	0.0033	-126	-105	309
35	0.0034	-79	232	117
36	0.0035	-87	-40	-110
37	0.0036	-140	41	256
38	0.0037	-19	50	129
39	0.0038	-74	-49	-20
40	0.0039	103	206	-8
41	0.0040	-102	-61	-34
42	0.0041	163	36	-20
43	0.0042	182	-78	-265
44	0.0043	73	-70	-64
45	0.0044	-339	160	504
46	0.0045	-55	-164	-696
47	0.0046	-117	50	296
48	0.0047	-100	186	354
49	0.0048	121	-41	-102
50	0.0049	193	83	310
51	0.0050	-127	206	-41
52	0.0051	-234	-409	-115
53	0.0052	0	159	96
54	0.0053	70	322	52
55	0.0054	185	-109	60
56	0.0055	193	-45	-282
57	0.0056	-136	-88	48
58	0.0057	-44	128	66
59	0.0058	82	0	-414
60	0.0059	238	-98	-61
61	0.0060	-443	-42	339
62	0.0061	75	41	13
63	0.0062	-128	150	86
64	0.0063	-36	-212	41
65	0.0064	169	159	116
66	0.0065	-72	-19	33
67	0.0066	-92	74	57
68	0.0067	-42	79	130
69	0.0068	-68	11	-147
70	0.0069	167	-191	-113
71	0.0070	251	198	217
72	0.0071	-105	122	-134
73	0.0072	63	-129	-113
74	0.0073	-703	-187	403
75	0.0074	374	78	-681
76	0.0075	305	385	203
77	0.0076	-533	-220	739
78	0.0077	204	164	-81
79	0.0078	83	24	-417
80	0.0079	-191	-293	177
81	0.0080	18	24	-87
82	0.0081	390	172	-404
83	0.0082	-143	40	366
84	0.0083	-145	-140	31
85	0.0084	61	160	-167
86	0.0085	-123	-7	48
87	0.0086	-83	-117	313
88	0.0087	65	287	37
89	0.0088	15	92	48
90	0.0089	-235	91	210
91	0.0090	-119	-220	-58
92	0.0091	224	143	-298
93	0.0092	295	7	159
94	0.0093	-64	58	221
95	0.0094	-160	30	-104
96	0.0095	37	118	-72
97	0.0096	-101	-255	-260
98	0.0097	88	-174	86
99	0.0098	-329	582	853
100	0.0099	-62	150	187

电流增量数据 [1000Hz, 10点]
采样序号	时间(s)	A相电流(INT)	B相电流(INT)	C相电流(INT)
1	0.000	-133	500	-227
2	0.001	178	320	-559
3	0.002	769	-57	-517
4	0.003	453	-3727	-76
5	0.004	788	-1686	182
6	0.005	63	-3413	373
7	0.006	40	-918	731
8	0.007	-1322	-400	685
9	0.008	-1255	1122	-32
10	0.009	-1061	148	-13
================================================================================

=== 采集时间: 2025-12-05 15:46:14 (增量周期: 10.0ms) ===
振动增量数据 [等效10000Hz, 100点]
时序序号	时间(s)	X振动(INT)	Y振动(INT)	Z振动(INT)
1	0.0000	-427	-263	-102
2	0.0001	171	308	-286
3	0.0002	62	124	-209
4	0.0003	15	-232	43
5	0.0004	129	92	86
6	0.0005	50	-37	163
7	0.0006	-141	-24	48
8	0.0007	-211	-127	-311
9	0.0008	9	109	18
10	0.0009	-205	185	485
11	0.0010	301	64	-474
12	0.0011	-36	353	975
13	0.0012	139	-190	-372
14	0.0013	578	-131	-848
15	0.0014	-306	-58	433
16	0.0015	-301	-255	-417
17	0.0016	381	336	-252
18	0.0017	-349	-121	493
19	0.0018	-24	-105	336
20	0.0019	-8	578	502
21	0.0020	-108	73	121
22	0.0021	40	-259	-348
23	0.0022	52	117	202
24	0.0023	-350	-37	-51
25	0.0024	523	-8	-398
26	0.0025	49	50	-104
27	0.0026	-157	-268	6
28	0.0027	-215	398	626
29	0.0028	-245	37	-106
30	0.0029	212	71	-338
31	0.0030	-209	-87	357
32	0.0031	67	-159	15
33	0.0032	347	266	-345
34	0.0033	-37	-155	297
35	0.0034	-266	-10	-109
36	0.0035	214	23	-288
37	0.0036	2	39	48
38	0.0037	-156	-164	73
39	0.0038	43	-179	-251
40	0.0039	182	565	285
41	0.0040	-491	-253	808
42	0.0041	159	-42	-714
43	0.0042	152	158	297
44	0.0043	-414	-57	216
45	0.0044	140	-12	-327
46	0.0045	214	236	104
47	0.0046	-315	-147	320
48	0.0047	-36	-16	-57
49	0.0048	174	79	-165
50	0.0049	-198	-102	173
51	0.0050	-169	86	-71
52	0.0051	257	5	-76
53	0.0052	69	-71	136
54	0.0053	-191	-63	123
55	0.0054	359	214	-333
56	0.0055	-217	-145	-71
57	0.0056	-153	-134	233
58	0.0057	-88	282	48
59	0.0058	236	40	-126
60	0.0059	221	-89	-92
61	0.0060	-84	-189	16
62	0.0061	186	107	-186
63	0.0062	-140	-87	-222
64	0.0063	-148	-19	163
65	0.0064	-58	77	152
66	0.0065	71	-143	-405
67	0.0066	156	335	765
68	0.0067	-91	-187	-582
69	0.0068	86	-159	-201
70	0.0069	-369	-10	211
71	0.0070	-105	-121	-199
72	0.0071	383	347	-75
73	0.0072	-235	-196	442
74	0.0073	-143	122	292
75	0.0074	-119	240	5
76	0.0075	-64	-12	18
77	0.0076	-100	-87	-217
78	0.0077	313	67	-70
79	0.0078	-66	64	63
80	0.0079	296	-114	93
81	0.0080	-104	147	-46
82	0.0081	-117	-113	123
83	0.0082	-148	52	-117
84	0.0083	75	-104	-88
85	0.0084	-32	151	78
86	0.0085	-119	-183	121
87	0.0086	-40	73	-3
88	0.0087	140	152	50
89	0.0088	-37	-153	-251
90	0.0089	90	-157	-40
91	0.0090	-207	-49	-96
92	0.0091	137	53	18
93	0.0092	114	286	-66
94	0.0093	-6	-435	-134
95	0.0094	60	481	704
96	0.0095	-587	-331	41
97	0.0096	616	192	-641
98	0.0097	-143	-8	326
99	0.0098	-354	-374	251
100	0.0099	215	336	-366

电流增量数据 [1000Hz, 10点]
采样序号	时间(s)	A相电流(INT)	B相电流(INT)	C相电流(INT)
1	0.000	111	-559	281
2	0.001	-582	321	402
3	0.002	-679	611	159
4	0.003	-635	578	-124
5	0.004	-809	175	-474
6	0.005	-32	-114	-1163
7	0.006	458	50	-410
8	0.007	355	129	-304
9	0.008	-131	248	545
10	0.009	104	-4212	571
================================================================================

=== 采集时间: 2025-12-05 15:46:14 (增量周期: 10.0ms) ===
振动增量数据 [等效10000Hz, 100点]
时序序号	时间(s)	X振动(INT)	Y振动(INT)	Z振动(INT)
1	0.0000	-58	-49	106
2	0.0001	-306	22	378
3	0.0002	315	141	-338
4	0.0003	-32	-148	-54
5	0.0004	-299	-2	491
6	0.0005	-6	253	-374
7	0.0006	187	13	-16
8	0.0007	-354	-76	217
9	0.0008	154	-220	-145
10	0.0009	125	355	2
11	0.0010	-64	-229	-11
12	0.0011	-327	152	469
13	0.0012	-131	96	-122
14	0.0013	514	-366	-923
15	0.0014	-17	423	1198
16	0.0015	-626	15	311
17	0.0016	1013	216	-1062
18	0.0017	-157	-44	344
19	0.0018	-339	-526	127
20	0.0019	535	492	-426
21	0.0020	-31	-83	73
22	0.0021	-111	73	127
23	0.0022	138	-115	-274
24	0.0023	-275	141	138
25	0.0024	-31	-20	67
26	0.0025	46	265	62
27	0.0026	53	113	186
28	0.0027	-219	-221	63
29	0.0028	177	74	-118
30	0.0029	-178	-151	-63
31	0.0030	97	-100	-207
32	0.0031	236	-66	-220
33	0.0032	-195	147	322
34	0.0033	-271	159	166
35	0.0034	160	-88	-186
36	0.0035	36	-65	-274
37	0.0036	190	-168	245
38	0.0037	-75	139	-208
39	0.0038	53	35	19
40	0.0039	-259	148	95
41	0.0040	-64	-208	2
42	0.0041	224	10	-449
43	0.0042	-202	80	647
44	0.0043	58	82	-126
45	0.0044	-21	-29	-195
46	0.0045	-239	-14	305
47	0.0046	-179	-108	106
48	0.0047	190	5	-241
49	0.0048	3	88	236
50	0.0049	-195	173	482
51	0.0050	-404	-387	76
52	0.0051	54	61	-276
53	0.0052	114	49	-153
54	0.0053	248	-34	-74
55	0.0054	110	-14	-187
56	0.0055	-114	176	420
57	0.0056	-390	-50	117
58	0.0057	62	-129	-415
59	0.0058	83	-20	-111
60	0.0059	-205	1	478
61	0.0060	215	216	-87
62	0.0061	48	-151	-81
63	0.0062	-156	-87	114
64	0.0063	83	-101	-207
65	0.0064	137	32	-144
66	0.0065	-93	240	236
67	0.0066	-269	13	215
68	0.0067	50	176	-197
69	0.0068	57	-59	330
70	0.0069	-399	103	637
71	0.0070	571	257	-882
72	0.0071	254	-213	-51
73	0.0072	-681	-294	309
74	0.0073	180	109	-387
75	0.0074	285	374	-400
76	0.0075	45	-161	494
77	0.0076	-250	-135	143
78	0.0077	13	218	93
79	0.0078	-216	-54	-66
80	0.0079	-117	-168	-29
81	0.0080	191	284	49
82	0.0081	66	60	240
83	0.0082	83	-258	-271
84	0.0083	-55	-129	-11
85	0.0084	-451	80	437
86	0.0085	23	148	-37
87	0.0086	171	-7	-337
88	0.0087	-14	-53	198
89	0.0088	-412	-242	283
90	0.0089	152	195	-84
91	0.0090	61	120	-17
92	0.0091	215	-76	49
93	0.0092	-245	-44	215
94	0.0093	130	201	-304
95	0.0094	-12	69	-17
96	0.0095	-434	-104	215
97	0.0096	279	-139	-418
98	0.0097	-58	241	538
99	0.0098	-75	190	253
100	0.0099	16	-328	-607

电流增量数据 [1000Hz, 10点]
采样序号	时间(s)	A相电流(INT)	B相电流(INT)	C相电流(INT)
1	0.000	158	1489	-540
2	0.001	795	-584	-740
3	0.002	1621	-943	-1696
4	0.003	1513	-2993	-442
5	0.004	56	-156	444
6	0.005	118	-579	813
7	0.006	-364	-164	596
8	0.007	-1013	-2904	913
9	0.008	-527	-966	335
10	0.009	-129	-825	-231
================================================================================

=== 采集时间: 2025-12-05 15:46:14 (增量周期: 10.0ms) ===
振动增量数据 [等效10000Hz, 100点]
时序序号	时间(s)	X振动(INT)	Y振动(INT)	Z振动(INT)
1	0.0000	548	-113	-768
2	0.0001	70	56	-97
3	0.0002	-50	-438	160
4	0.0003	204	211	-181
5	0.0004	118	190	-37
6	0.0005	-186	-25	-110
7	0.0006	83	-230	-169
8	0.0007	-311	-148	126
9	0.0008	-101	185	317
10	0.0009	224	333	-218
11	0.0010	97	-186	-6
12	0.0011	-232	-174	326
13	0.0012	-268	24	-7
14	0.0013	193	242	-411
15	0.0014	146	41	166
16	0.0015	-74	-254	190
17	0.0016	265	212	-91
18	0.0017	-225	143	-45
19	0.0018	57	-93	202
20	0.0019	-127	224	-55
21	0.0020	396	-109	-45
22	0.0021	-254	47	160
23	0.0022	-104	-220	24
24	0.0023	-29	367	-4
25	0.0024	-31	79	165
26	0.0025	44	-345	-251
27	0.0026	-38	429	781
28	0.0027	-396	105	289
29	0.0028	370	-165	-642
30	0.0029	-49	-91	-75
31	0.0030	-191	-243	264
32	0.0031	143	316	-79
33	0.0032	147	27	-47
34	0.0033	-32	-33	-68
35	0.0034	-242	-50	285
36	0.0035	-110	24	-167
37	0.0036	218	256	-45
38	0.0037	-49	36	302
39	0.0038	-114	-181	20
40	0.0039	112	113	230
41	0.0040	-79	-37	-225
42	0.0041	266	-96	2
43	0.0042	-106	6	83
44	0.0043	18	-145	-93
45	0.0044	33	300	-188
46	0.0045	-246	-229	131
47	0.0046	-58	148	-28
48	0.0047	355	-3	54
49	0.0048	-196	7	10
50	0.0049	-126	-46	324
51	0.0050	-174	292	-10
52	0.0051	53	-3	-178
53	0.0052	95	-83	74
54	0.0053	-361	-139	491
55	0.0054	507	381	-632
56	0.0055	0	-297	-29
57	0.0056	-290	-185	198
58	0.0057	-88	-11	-83
59	0.0058	182	207	-121
60	0.0059	75	-14	-61
61	0.0060	-256	-132	363
62	0.0061	-74	283	110
63	0.0062	135	-68	-332
64	0.0063	-25	49	83
65	0.0064	211	219	86
66	0.0065	62	-79	-152
67	0.0066	-187	-162	6
68	0.0067	27	-98	-93
69	0.0068	-360	117	297
70	0.0069	306	100	-374
71	0.0070	301	-75	-196
72	0.0071	-237	-234	293
73	0.0072	-122	52	-175
74	0.0073	176	92	-145
75	0.0074	-199	47	135
76	0.0075	26	-95	219
77	0.0076	-54	169	45
78	0.0077	44	52	93
79	0.0078	-21	-44	0
80	0.0079	105	-71	-432
81	0.0080	225	-88	-94
82	0.0081	-216	-138	208
83	0.0082	173	86	-580
84	0.0083	-378	-54	513
85	0.0084	-289	54	-130
86	0.0085	308	-127	-178
87	0.0086	-178	67	207
88	0.0087	-122	-104	336
89	0.0088	-4	330	-8
90	0.0089	-6	-23	-106
91	0.0090	-128	-200	69
92	0.0091	-88	178	125
93	0.0092	261	147	-87
94	0.0093	65	41	33
95	0.0094	-374	-266	199
96	0.0095	185	201	-105
97	0.0096	9	96	40
98	0.0097	-8	-151	151
99	0.0098	70	-172	-182
100	0.0099	-113	158	273

电流增量数据 [1000Hz, 10点]
采样序号	时间(s)	A相电流(INT)	B相电流(INT)	C相电流(INT)
1	0.000	608	-495	-550
2	0.001	464	1489	-286
3	0.002	802	-1978	-7
4	0.003	1245	-2258	390
5	0.004	390	-2804	506
6	0.005	-309	-150	407
7	0.006	-671	273	503
8	0.007	-705	387	-102
9	0.008	-628	-1944	-40
10	0.009	-5	-1016	-1490
================================================================================

=== 采集时间: 2025-12-05 15:46:15 (增量周期: 10.0ms) ===
振动增量数据 [等效10000Hz, 100点]
时序序号	时间(s)	X振动(INT)	Y振动(INT)	Z振动(INT)
1	0.0000	-44	-132	-12
2	0.0001	-15	30	216
3	0.0002	-127	239	129
4	0.0003	87	49	-83
5	0.0004	23	-46	86
6	0.0005	-272	-114	-62
7	0.0006	218	83	-33
8	0.0007	63	61	-229
9	0.0008	-203	-174	326
10	0.0009	-38	175	84
11	0.0010	46	49	-170
12	0.0011	91	-40	83
13	0.0012	-239	75	353
14	0.0013	-8	9	-229
15	0.0014	171	95	50
16	0.0015	-392	-131	69
17	0.0016	244	-45	-32
18	0.0017	16	269	-141
19	0.0018	-57	-178	183
20	0.0019	-267	48	226
21	0.0020	-138	-109	-128
22	0.0021	402	131	-302
23	0.0022	-44	33	333
24	0.0023	-126	-97	20
25	0.0024	327	239	-50
26	0.0025	-365	-65	18
27	0.0026	139	-203	-220
28	0.0027	53	270	33
29	0.0028	19	-76	40
30	0.0029	35	-54	-29
31	0.0030	2	-23	-273
32	0.0031	-190	41	366
33	0.0032	-54	18	-141
34	0.0033	-88	-80	-29
35	0.0034	135	188	226
36	0.0035	-211	22	26
37	0.0036	-54	-91	146
38	0.0037	11	241	27
39	0.0038	-139	-160	61
40	0.0039	125	114	53
41	0.0040	-102	-58	-33
42	0.0041	-36	-33	44
43	0.0042	9	75	-358
44	0.0043	77	-238	-106
45	0.0044	14	199	409
46	0.0045	-83	-113	-214
47	0.0046	262	39	-310
48	0.0047	-294	-121	217
49	0.0048	-49	-270	-98
50	0.0049	80	246	-212
51	0.0050	45	40	225
52	0.0051	-152	-2	168
53	0.0052	-59	-81	-136
54	0.0053	-40	-6	41
55	0.0054	11	66	45
56	0.0055	39	73	-24
57	0.0056	191	19	-197
58	0.0057	-169	-109	361
59	0.0058	-89	15	-252
60	0.0059	219	94	41
61	0.0060	263	58	-282
62	0.0061	-196	84	336
63	0.0062	96	-136	173
64	0.0063	-7	41	-152
65	0.0064	44	86	121
66	0.0065	-92	-36	-106
67	0.0066	-75	-108	-71
68	0.0067	292	180	-84
69	0.0068	-147	-147	0
70	0.0069	-235	-115	206
71	0.0070	50	258	-34
72	0.0071	-161	-16	92
73	0.0072	246	-33	-62
74	0.0073	-74	-59	-87
75	0.0074	19	22	166
76	0.0075	-130	195	22
77	0.0076	207	-186	-254
78	0.0077	276	-8	-255
79	0.0078	-194	-486	-75
80	0.0079	-64	304	328
81	0.0080	-322	158	143
82	0.0081	197	16	-357
83	0.0082	26	-28	326
84	0.0083	-222	-240	7
85	0.0084	40	224	336
86	0.0085	575	252	-991
87	0.0086	-162	-459	433
88	0.0087	-470	-102	-37
89	0.0088	176	16	-368
90	0.0089	-138	330	322
91	0.0090	-275	-92	352
92	0.0091	-2	175	371
93	0.0092	2	33	19
94	0.0093	-50	-104	-98
95	0.0094	-33	-59	-6
96	0.0095	148	173	-239
97	0.0096	-4	-155	-81
98	0.0097	87	45	156
99	0.0098	-204	122	147
100	0.0099	-64	26	229

电流增量数据 [1000Hz, 10点]
采样序号	时间(s)	A相电流(INT)	B相电流(INT)	C相电流(INT)
1	0.000	227	-4217	647
2	0.001	-1395	85	948
3	0.002	-1587	-191	847
4	0.003	-1174	542	419
5	0.004	1318	321	-2767
6	0.005	2027	-1304	-2285
7	0.006	1516	-1475	-986
8	0.007	434	-558	-322
9	0.008	482	1859	-720
10	0.009	514	-869	-329
================================================================================

=== 采集时间: 2025-12-05 15:46:15 (增量周期: 10.0ms) ===
振动增量数据 [等效10000Hz, 100点]
时序序号	时间(s)	X振动(INT)	Y振动(INT)	Z振动(INT)
1	0.0000	-57	-17	80
2	0.0001	121	-330	-394
3	0.0002	-192	263	341
4	0.0003	-298	97	478
5	0.0004	199	104	-674
6	0.0005	208	-44	298
7	0.0006	-305	-217	96
8	0.0007	242	88	-110
9	0.0008	137	335	27
10	0.0009	-243	-206	7
11	0.0010	35	-12	-44
12	0.0011	-42	24	-58
13	0.0012	-110	-40	33
14	0.0013	438	13	-301
15	0.0014	-161	-271	-19
16	0.0015	-57	-144	148
17	0.0016	-91	168	-243
18	0.0017	182	-20	-154
19	0.0018	-100	54	48
20	0.0019	-115	-245	187
21	0.0020	58	293	35
22	0.0021	-15	27	172
23	0.0022	-81	-100	-140
24	0.0023	177	-59	-161
25	0.0024	-152	13	114
26	0.0025	1	54	71
27	0.0026	-80	227	284
28	0.0027	-320	48	317
29	0.0028	112	121	-123
30	0.0029	56	-267	-272
31	0.0030	258	246	-203
32	0.0031	-478	-189	718
33	0.0032	50	-172	-697
34	0.0033	291	330	2
35	0.0034	-498	-51	721
36	0.0035	101	44	-370
37	0.0036	419	173	84
38	0.0037	-481	-38	538
39	0.0038	45	-169	-392
40	0.0039	596	125	-741
41	0.0040	-84	-213	24
42	0.0041	-192	-219	241
43	0.0042	99	180	-411
44	0.0043	52	50	148
45	0.0044	-298	54	319
46	0.0045	-79	-187	-46
47	0.0046	306	261	-260
48	0.0047	-191	-164	199
49	0.0048	223	36	-136
50	0.0049	-74	-15	-47
51	0.0050	-63	-294	27
52	0.0051	146	219	-204
53	0.0052	-110	-219	-25
54	0.0053	-40	116	-6
55	0.0054	-155	30	177
56	0.0055	-37	61	216
57	0.0056	-121	148	136
58	0.0057	168	-386	-225
59	0.0058	369	480	-649
60	0.0059	-540	-464	1072
61	0.0060	125	-78	122
62	0.0061	-239	-343	118
63	0.0062	122	24	-66
64	0.0063	131	357	57
65	0.0064	-127	30	225
66	0.0065	-50	-136	-213
67	0.0066	48	-117	-102
68	0.0067	-194	47	281
69	0.0068	-81	99	46
70	0.0069	224	168	-264
71	0.0070	-58	-115	173
72	0.0071	-136	-117	147
73	0.0072	75	90	-255
74	0.0073	-91	-8	233
75	0.0074	50	43	-75
76	0.0075	151	126	-34
77	0.0076	87	9	32
78	0.0077	-239	-177	86
79	0.0078	-6	-41	-269
80	0.0079	178	129	-27
81	0.0080	-7	-28	-36
82	0.0081	18	-61	-44
83	0.0082	44	225	177
84	0.0083	-216	-174	31
85	0.0084	274	-229	-640
86	0.0085	-38	448	649
87	0.0086	-534	-2	613
88	0.0087	411	-17	-769
89	0.0088	-130	41	386
90	0.0089	-357	-147	426
91	0.0090	172	168	-406
92	0.0091	537	33	-244
93	0.0092	-393	2	508
94	0.0093	-61	-81	-55
95	0.0094	255	182	-542
96	0.0095	-161	-169	75
97	0.0096	-149	-53	233
98	0.0097	195	275	-109
99	0.0098	-21	-40	142
100	0.0099	-131	-136	27

电流增量数据 [1000Hz, 10点]
采样序号	时间(s)	A相电流(INT)	B相电流(INT)	C相电流(INT)
1	0.000	2431	-3479	-437
2	0.001	1017	-2264	312
3	0.002	451	-2089	20
4	0.003	622	1714	-29
5	0.004	210	-769	277
6	0.005	20	481	313
7	0.006	-670	-1408	744
8	0.007	-1545	-468	1543
9	0.008	-1144	-640	594
10	0.009	-76	-369	-237
================================================================================

=== 采集时间: 2025-12-05 15:46:15 (增量周期: 10.0ms) ===
振动增量数据 [等效10000Hz, 100点]
时序序号	时间(s)	X振动(INT)	Y振动(INT)	Z振动(INT)
1	0.0000	-279	-65	217
2	0.0001	173	35	-307
3	0.0002	104	117	19
4	0.0003	-228	-46	460
5	0.0004	306	-33	-486
6	0.0005	104	26	-272
7	0.0006	-277	-102	500
8	0.0007	-106	203	-76
9	0.0008	356	-8	-449
10	0.0009	-4	-44	284
11	0.0010	-259	-255	330
12	0.0011	126	283	-396
13	0.0012	194	95	-122
14	0.0013	-113	-260	216
15	0.0014	75	-72	-217
16	0.0015	-23	118	168
17	0.0016	-134	33	43
18	0.0017	-273	-61	0
19	0.0018	202	62	-33
20	0.0019	135	229	147
21	0.0020	-49	-313	-285
22	0.0021	249	212	9
23	0.0022	-837	-203	725
24	0.0023	513	177	-942
25	0.0024	156	118	143
26	0.0025	-413	-144	694
27	0.0026	122	126	-319
28	0.0027	88	-63	-126
29	0.0028	-205	-25	233
30	0.0029	138	-177	-301
31	0.0030	137	284	-72
32	0.0031	-245	-19	457
33	0.0032	11	-70	-169
34	0.0033	-64	-15	-220
35	0.0034	-59	50	267
36	0.0035	-110	-3	86
37	0.0036	280	60	-333
38	0.0037	2	33	30
39	0.0038	-134	-153	228
40	0.0039	-157	129	-51
41	0.0040	19	-157	-239
42	0.0041	56	189	366
43	0.0042	-157	69	93
44	0.0043	415	-65	-475
45	0.0044	-160	5	354
46	0.0045	-439	-92	183
47	0.0046	443	317	-297
48	0.0047	-88	-55	20
49	0.0048	-58	-391	69
50	0.0049	336	437	-572
51	0.0050	-281	-307	547
52	0.0051	-88	-38	-631
53	0.0052	364	-78	63
54	0.0053	-369	201	461
55	0.0054	-54	-208	-62
56	0.0055	161	244	-152
57	0.0056	-258	-113	273
58	0.0057	48	-14	-217
59	0.0058	146	5	-234
60	0.0059	140	87	183
61	0.0060	-413	-189	357
62	0.0061	82	3	-226
63	0.0062	206	249	-118
64	0.0063	-144	67	568
65	0.0064	3	-266	-332
66	0.0065	191	-27	-334
67	0.0066	-451	90	601
68	0.0067	91	138	-171
69	0.0068	390	229	-157
70	0.0069	-272	-173	467
71	0.0070	-203	-147	41
72	0.0071	121	236	-265
73	0.0072	-21	-46	-154
74	0.0073	26	-144	80
75	0.0074	9	128	-25
76	0.0075	77	-161	-174
77	0.0076	-239	397	803
78	0.0077	-188	-12	-85
79	0.0078	698	205	-649
80	0.0079	-380	-117	832
81	0.0080	-66	-204	-543
82	0.0081	533	292	-267
83	0.0082	-284	-98	328
84	0.0083	57	-92	-50
85	0.0084	9	113	-209
86	0.0085	18	-176	14
87	0.0086	-550	163	507
88	0.0087	-50	111	126
89	0.0088	369	199	-453
90	0.0089	-256	-179	778
91	0.0090	104	210	-166
92	0.0091	312	168	-302
93	0.0092	-152	-122	360
94	0.0093	-303	-183	-238
95	0.0094	268	165	-239
96	0.0095	105	67	-6
97	0.0096	-147	-321	41
98	0.0097	78	471	580
99	0.0098	-198	-68	-117
100	0.0099	146	-243	-503

电流增量数据 [1000Hz, 10点]
采样序号	时间(s)	A相电流(INT)	B相电流(INT)	C相电流(INT)
1	0.000	-658	-1161	473
2	0.001	-517	-910	-274
3	0.002	1070	-349	-1942
4	0.003	1654	-499	-1619
5	0.004	1136	104	-853
6	0.005	986	-4861	2073
7	0.006	77	-2928	1555
8	0.007	312	-2134	141
9	0.008	622	1658	-68
10	0.009	-136	-907	732
================================================================================

=== 采集时间: 2025-12-05 15:46:16 (增量周期: 10.0ms) ===
振动增量数据 [等效10000Hz, 100点]
时序序号	时间(s)	X振动(INT)	Y振动(INT)	Z振动(INT)
1	0.0000	1	242	-439
2	0.0001	112	26	182
3	0.0002	-203	184	204
4	0.0003	274	-17	-149
5	0.0004	-40	88	199
6	0.0005	-269	-250	37
7	0.0006	80	272	-16
8	0.0007	-50	-59	-238
9	0.0008	62	-92	302
10	0.0009	124	58	-418
11	0.0010	116	-341	-222
12	0.0011	-207	-17	110
13	0.0012	-174	-118	-135
14	0.0013	139	335	-24
15	0.0014	-132	-54	185
16	0.0015	69	-156	63
17	0.0016	-85	154	52
18	0.0017	-98	-3	267
19	0.0018	31	65	-252
20	0.0019	173	0	-14
21	0.0020	-174	156	314
22	0.0021	63	-96	-17
23	0.0022	57	-159	-481
24	0.0023	218	169	152
25	0.0024	-410	-49	487
26	0.0025	-15	-61	-250
27	0.0026	122	159	10
28	0.0027	-228	-191	183
29	0.0028	-81	14	-33
30	0.0029	233	147	90
31	0.0030	-110	33	153
32	0.0031	-23	159	91
33	0.0032	-51	-138	-194
34	0.0033	-40	-104	6
35	0.0034	-44	39	-171
36	0.0035	147	30	-94
37	0.0036	28	142	347
38	0.0037	-110	-85	125
39	0.0038	103	2	-242
40	0.0039	-80	-17	-16
41	0.0040	-81	-170	-128
42	0.0041	99	274	181
43	0.0042	-182	-45	121
44	0.0043	39	-46	-119
45	0.0044	58	100	-47
46	0.0045	74	-273	-3
47	0.0046	61	47	-204
48	0.0047	-81	40	58
49	0.0048	5	186	9
50	0.0049	44	-155	-284
51	0.0050	-108	-79	400
52	0.0051	280	143	-533
53	0.0052	61	-245	290
54	0.0053	-454	52	246
55	0.0054	184	22	-495
56	0.0055	79	56	99
57	0.0056	-239	-225	10
58	0.0057	163	62	215
59	0.0058	-228	398	379
60	0.0059	-20	-117	-137
61	0.0060	-111	39	-285
62	0.0061	15	-33	-71
63	0.0062	-143	155	160
64	0.0063	234	-110	7
65	0.0064	54	137	69
66	0.0065	-7	-258	-178
67	0.0066	75	-29	-149
68	0.0067	-251	-98	10
69	0.0068	157	186	-149
70	0.0069	36	164	208
71	0.0070	-219	-221	31
72	0.0071	96	-42	-127
73	0.0072	-115	111	185
74	0.0073	-118	82	65
75	0.0074	223	54	-255
76	0.0075	82	-57	-15
77	0.0076	-198	-165	57
78	0.0077	-75	-155	-222
79	0.0078	182	508	374
80	0.0079	-387	116	558
81	0.0080	285	-288	-688
82	0.0081	275	58	-235
83	0.0082	-520	-301	597
84	0.0083	-68	236	-290
85	0.0084	248	175	-15
86	0.0085	-123	-46	228
87	0.0086	118	-106	-67
88	0.0087	15	50	-36
89	0.0088	-88	114	32
90	0.0089	163	-12	-384
91	0.0090	-6	-45	135
92	0.0091	-51	60	185
93	0.0092	-144	-96	240
94	0.0093	-181	92	-132
95	0.0094	-28	-36	90
96	0.0095	-58	37	-50
97	0.0096	181	165	221
98	0.0097	-216	-66	-34
99	0.0098	20	-84	67
100	0.0099	2	96	-387

电流增量数据 [1000Hz, 10点]
采样序号	时间(s)	A相电流(INT)	B相电流(INT)	C相电流(INT)
1	0.000	-373	1988	-365
2	0.001	-20	292	-904
3	0.002	25	203	-1255
4	0.003	453	-2506	-146
5	0.004	871	-950	87
6	0.005	-120	-627	850
7	0.006	-265	-1074	725
8	0.007	268	-4196	546
9	0.008	-810	-1643	536
10	0.009	-1035	-328	200
================================================================================

=== 采集时间: 2025-12-05 15:46:16 (增量周期: 10.0ms) ===
振动增量数据 [等效10000Hz, 100点]
时序序号	时间(s)	X振动(INT)	Y振动(INT)	Z振动(INT)
1	0.0000	298	-33	-285
2	0.0001	54	280	95
3	0.0002	-135	-356	156
4	0.0003	152	207	-285
5	0.0004	-100	-34	28
6	0.0005	227	-2	-105
7	0.0006	-25	-25	35
8	0.0007	-200	5	208
9	0.0008	56	70	-54
10	0.0009	44	146	-177
11	0.0010	-29	-87	-58
12	0.0011	88	-67	-106
13	0.0012	-92	-156	-24
14	0.0013	27	502	434
15	0.0014	-430	-132	332
16	0.0015	310	41	-657
17	0.0016	214	3	383
18	0.0017	-490	-368	41
19	0.0018	355	91	-261
20	0.0019	229	320	-244
21	0.0020	-269	-228	443
22	0.0021	-152	37	84
23	0.0022	118	134	-192
24	0.0023	107	-213	-257
25	0.0024	-204	-153	131
26	0.0025	-451	139	579
27	0.0026	-6	415	110
28	0.0027	135	-84	-388
29	0.0028	-106	-314	307
30	0.0029	-130	160	173
31	0.0030	227	188	-280
32	0.0031	-29	167	313
33	0.0032	-130	-267	-135
34	0.0033	291	-105	-302
35	0.0034	117	117	-208
36	0.0035	-61	-145	281
37	0.0036	-156	111	229
38	0.0037	191	167	-269
39	0.0038	118	-118	-149
40	0.0039	-93	-36	191
41	0.0040	-269	-194	-216
42	0.0041	437	398	13
43	0.0042	-741	27	924
44	0.0043	339	-72	-658
45	0.0044	237	288	114
46	0.0045	-390	-407	225
47	0.0046	78	-44	-12
48	0.0047	-17	342	-3
49	0.0048	53	-11	-40
50	0.0049	6	-63	-211
51	0.0050	-202	-8	-28
52	0.0051	390	-49	-220
53	0.0052	-173	53	-76
54	0.0053	9	-208	144
55	0.0054	-46	107	-230
56	0.0055	140	-63	-115
57	0.0056	-168	53	202
58	0.0057	-100	-172	-37
59	0.0058	169	175	-306
60	0.0059	-11	-102	41
61	0.0060	-239	-85	331
62	0.0061	234	154	-141
63	0.0062	-10	-45	-252
64	0.0063	-152	-96	446
65	0.0064	-340	118	-94
66	0.0065	291	141	-199
67	0.0066	0	99	283
68	0.0067	-220	-672	-201
69	0.0068	571	667	-115
70	0.0069	-946	-127	1095
71	0.0070	-8	299	-121
72	0.0071	471	203	-415
73	0.0072	54	-304	56
74	0.0073	-444	66	880
75	0.0074	127	446	-174
76	0.0075	342	381	-280
77	0.0076	-228	-365	260
78	0.0077	-143	-294	-118
79	0.0078	284	265	-363
80	0.0079	-79	-48	-29
81	0.0080	-200	-122	0
82	0.0081	155	334	129
83	0.0082	-209	-85	290
84	0.0083	135	-25	174
85	0.0084	99	69	-509
86	0.0085	-58	-209	-105
87	0.0086	-53	95	71
88	0.0087	-162	-245	-67
89	0.0088	80	336	182
90	0.0089	117	-15	-115
91	0.0090	-34	-245	-134
92	0.0091	-266	37	200
93	0.0092	-340	-19	-25
94	0.0093	373	355	-237
95	0.0094	-192	-144	349
96	0.0095	-91	-344	123
97	0.0096	819	508	-941
98	0.0097	-653	-318	1238
99	0.0098	-487	111	103
100	0.0099	496	188	-516

电流增量数据 [1000Hz, 10点]
采样序号	时间(s)	A相电流(INT)	B相电流(INT)	C相电流(INT)
1	0.000	710	-723	-918
2	0.001	1281	-4474	-264
3	0.002	717	-2563	1271
4	0.003	203	-1759	600
5	0.004	-2753	211	2324
6	0.005	-2840	-600	1632
7	0.006	-1537	-85	429
8	0.007	-528	-541	160
9	0.008	-508	697	535
10	0.009	-428	1719	-59
================================================================================

=== 采集时间: 2025-12-05 15:46:16 (增量周期: 10.0ms) ===
振动增量数据 [等效10000Hz, 100点]
时序序号	时间(s)	X振动(INT)	Y振动(INT)	Z振动(INT)
1	0.0000	58	36	-87
2	0.0001	-285	-78	298
3	0.0002	99	270	-66
4	0.0003	253	-113	-332
5	0.0004	-181	-68	500
6	0.0005	-292	86	229
7	0.0006	61	167	-148
8	0.0007	18	134	31
9	0.0008	-80	-101	487
10	0.0009	-132	20	-79
11	0.0010	257	-134	-354
12	0.0011	127	169	22
13	0.0012	-208	261	784
14	0.0013	298	65	-760
15	0.0014	279	116	242
16	0.0015	-376	-19	437
17	0.0016	69	-65	-372
18	0.0017	501	403	-187
19	0.0018	-378	-330	91
20	0.0019	118	5	-148
21	0.0020	3	-139	-421
22	0.0021	-388	20	302
23	0.0022	144	171	-127
24	0.0023	30	-2	-251
25	0.0024	231	-123	45
26	0.0025	-440	-194	340
27	0.0026	53	47	-259
28	0.0027	-148	372	281
29	0.0028	-81	-58	206
30	0.0029	184	246	117
31	0.0030	-71	-123	82
32	0.0031	70	-54	-70
33	0.0032	-93	6	-248
34	0.0033	32	-174	-154
35	0.0034	35	83	-101
36	0.0035	-29	-78	39
37	0.0036	-139	96	388
38	0.0037	-66	-220	-248
39	0.0038	-121	186	486
40	0.0039	278	164	-667
41	0.0040	114	-467	-47
42	0.0041	-316	28	377
43	0.0042	-28	-117	-381
44	0.0043	322	365	-100
45	0.0044	-233	91	562
46	0.0045	-44	-159	6
47	0.0046	122	316	80
48	0.0047	-386	-226	263
49	0.0048	161	-3	-593
50	0.0049	2	144	-7
51	0.0050	-186	-172	37
52	0.0051	240	346	100
53	0.0052	10	-42	-91
54	0.0053	-119	-88	190
55	0.0054	65	14	83
56	0.0055	-114	-168	-143
57	0.0056	-33	118	87
58	0.0057	63	11	-88
59	0.0058	116	-57	-28
60	0.0059	19	-101	-306
61	0.0060	-53	-296	150
62	0.0061	-93	322	-19
63	0.0062	-37	23	-44
64	0.0063	7	-12	147
65	0.0064	-106	-212	0
66	0.0065	-14	-290	-464
67	0.0066	216	343	-16
68	0.0067	-486	-29	871
69	0.0068	0	70	-204
70	0.0069	281	227	-526
71	0.0070	-174	-293	568
72	0.0071	-284	-40	1
73	0.0072	451	185	-47
74	0.0073	-49	398	366
75	0.0074	-182	-352	-88
76	0.0075	104	-49	-271
77	0.0076	-232	105	242
78	0.0077	-37	-7	-94
79	0.0078	201	-66	-334
80	0.0079	-17	19	300
81	0.0080	-376	-85	401
82	0.0081	-2	173	-137
83	0.0082	113	-45	-297
84	0.0083	-23	-170	279
85	0.0084	165	142	-130
86	0.0085	122	-15	-143
87	0.0086	-148	50	147
88	0.0087	-55	-177	-306
89	0.0088	237	-2	-261
90	0.0089	-121	165	285
91	0.0090	-24	43	228
92	0.0091	79	232	22
93	0.0092	-152	-177	23
94	0.0093	-145	-245	216
95	0.0094	322	292	-794
96	0.0095	280	-254	294
97	0.0096	-666	0	450
98	0.0097	177	-53	-423
99	0.0098	391	391	-119
100	0.0099	-468	-326	234

电流增量数据 [1000Hz, 10点]
采样序号	时间(s)	A相电流(INT)	B相电流(INT)	C相电流(INT)
1	0.000	159	-854	-502
2	0.001	458	-1285	-591
3	0.002	370	1762	-93
4	0.003	453	-1116	169
5	0.004	-218	646	795
6	0.005	1532	-3253	101
7	0.006	304	-2003	1169
8	0.007	-950	-1116	854
9	0.008	-679	-105	302
10	0.009	145	782	-838
================================================================================

=== 采集时间: 2025-12-05 15:46:17 (增量周期: 10.0ms) ===
振动增量数据 [等效10000Hz, 100点]
时序序号	时间(s)	X振动(INT)	Y振动(INT)	Z振动(INT)
1	0.0000	-243	219	84
2	0.0001	-32	137	53
3	0.0002	-109	-159	-94
4	0.0003	104	-228	-405
5	0.0004	39	-71	-188
6	0.0005	195	-53	-8
7	0.0006	485	-55	-122
8	0.0007	627	-226	-364
9	0.0008	362	-719	-932
10	0.0009	-935	-259	751
11	0.0010	-322	604	182
12	0.0011	134	444	-629
13	0.0012	-204	-567	794
14	0.0013	-588	-375	431
15	0.0014	406	808	88
16	0.0015	133	815	165
17	0.0016	66	15	108
18	0.0017	229	-230	-64
19	0.0018	-58	-415	-529
20	0.0019	424	-155	-220
21	0.0020	163	493	340
22	0.0021	127	147	173
23	0.0022	374	-157	-107
24	0.0023	-652	-583	658
25	0.0024	-562	47	23
26	0.0025	11	815	808
27	0.0026	-734	-178	628
28	0.0027	369	-176	-571
29	0.0028	54	295	277
30	0.0029	-187	108	245
31	0.0030	-158	167	15
32	0.0031	187	142	-220
33	0.0032	-88	-61	104
34	0.0033	147	62	-196
35	0.0034	23	287	313
36	0.0035	208	585	217
37	0.0036	-111	-488	-46
38	0.0037	180	-243	-181
39	0.0038	-115	-245	-166
40	0.0039	-396	197	433
41	0.0040	-254	376	-24
42	0.0041	-323	-207	28
43	0.0042	-144	-234	-64
44	0.0043	-105	-160	-177
45	0.0044	-127	152	32
46	0.0045	-64	249	31
47	0.0046	37	156	53
48	0.0047	-11	-178	28
49	0.0048	270	66	-47
50	0.0049	116	105	-45
51	0.0050	108	-20	-97
52	0.0051	10	154	-177
53	0.0052	-87	-221	-140
54	0.0053	73	86	-157
55	0.0054	-242	-200	259
56	0.0055	-221	130	371
57	0.0056	-232	-112	-256
58	0.0057	82	-119	-428
59	0.0058	-426	-369	-80
60	0.0059	24	138	-186
61	0.0060	362	-139	-666
62	0.0061	125	53	553
63	0.0062	99	122	-96
64	0.0063	122	-72	-94
65	0.0064	-102	231	69
66	0.0065	-412	-374	-147
67	0.0066	65	152	-44
68	0.0067	-396	19	153
69	0.0068	315	66	229
70	0.0069	-173	94	464
71	0.0070	267	-54	-207
72	0.0071	191	201	-23
73	0.0072	-294	-108	170
74	0.0073	-81	48	49
75	0.0074	212	158	-152
76	0.0075	447	-17	-145
77	0.0076	-100	-51	251
78	0.0077	-72	-155	48
79	0.0078	-311	291	-106
80	0.0079	-199	-27	-143
81	0.0080	-242	67	174
82	0.0081	-4	-250	-61
83	0.0082	267	-81	-191
84	0.0083	257	773	613
85	0.0084	-191	386	755
86	0.0085	-149	48	142
87	0.0086	-391	-117	129
88	0.0087	-467	-135	-427
89	0.0088	637	-178	-1329
90	0.0089	-71	508	1281
91	0.0090	-845	-98	1312
92	0.0091	266	841	-169
93	0.0092	203	-251	-248
94	0.0093	-186	-1036	-526
95	0.0094	-332	-479	-340
96	0.0095	63	640	-63
97	0.0096	407	429	-194
98	0.0097	430	-262	-109
99	0.0098	178	-300	229
100	0.0099	-666	-135	226

电流增量数据 [1000Hz, 10点]
采样序号	时间(s)	A相电流(INT)	B相电流(INT)	C相电流(INT)
1	0.000	-50	324	-1979
2	0.001	271	227	-1336
3	0.002	-250	-493	-838
4	0.003	2973	-3605	12
5	0.004	1239	-2307	917
6	0.005	-277	-3125	1703
7	0.006	344	-1465	-35
8	0.007	551	-1718	-514
9	0.008	555	1547	129
10	0.009	-37	-543	589
================================================================================

=== 采集时间: 2025-12-05 15:46:17 (增量周期: 10.0ms) ===
振动增量数据 [等效10000Hz, 100点]
时序序号	时间(s)	X振动(INT)	Y振动(INT)	Z振动(INT)
1	0.0000	74	284	183
2	0.0001	-211	107	965
3	0.0002	75	235	-524
4	0.0003	191	-660	-404
5	0.0004	-499	125	403
6	0.0005	156	403	-203
7	0.0006	519	235	-380
8	0.0007	510	79	46
9	0.0008	-820	-454	1419
10	0.0009	207	451	-695
11	0.0010	292	236	-144
12	0.0011	-255	-179	404
13	0.0012	382	-182	-269
14	0.0013	321	71	-181
15	0.0014	-68	-196	168
16	0.0015	-118	-12	62
17	0.0016	-32	-20	-130
18	0.0017	-258	-149	314
19	0.0018	-358	3	267
20	0.0019	151	258	-453
21	0.0020	-71	163	228
22	0.0021	-173	-83	446
23	0.0022	218	177	-91
24	0.0023	-40	129	-47
25	0.0024	-233	0	32
26	0.0025	164	40	-281
27	0.0026	5	-134	-77
28	0.0027	212	-139	-135
29	0.0028	116	220	423
30	0.0029	-318	27	289
31	0.0030	-64	-140	-251
32	0.0031	-399	-37	-34
33	0.0032	-194	36	-4
34	0.0033	52	-50	-428
35	0.0034	-172	134	658
36	0.0035	285	19	-605
37	0.0036	99	-270	-106
38	0.0037	-128	101	189
39	0.0038	-181	16	-261
40	0.0039	137	335	-104
41	0.0040	50	-102	-71
42	0.0041	1	-268	66
43	0.0042	-144	195	524
44	0.0043	-89	73	-238
45	0.0044	-23	-23	-195
46	0.0045	-241	9	271
47	0.0046	-366	-126	139
48	0.0047	87	54	-61
49	0.0048	152	-57	-286
50	0.0049	139	-119	-153
51	0.0050	-102	-221	121
52	0.0051	164	-81	100
53	0.0052	-38	398	75
54	0.0053	58	-61	-70
55	0.0054	122	56	-203
56	0.0055	262	-301	-165
57	0.0056	-213	-75	142
58	0.0057	15	266	136
59	0.0058	-68	80	-81
60	0.0059	-106	-44	-76
61	0.0060	-306	-130	262
62	0.0061	-208	-377	-148
63	0.0062	848	685	-718
64	0.0063	-632	-292	1638
65	0.0064	372	56	-1035
66	0.0065	964	-41	-533
67	0.0066	-719	-208	893
68	0.0067	-367	-80	-87
69	0.0068	600	602	-388
70	0.0069	-111	-67	331
71	0.0070	-403	-505	165
72	0.0071	378	-40	-614
73	0.0072	-117	-2	80
74	0.0073	-444	549	695
75	0.0074	93	568	373
76	0.0075	-581	61	423
77	0.0076	-537	-349	200
78	0.0077	156	-71	-1036
79	0.0078	511	-31	-526
80	0.0079	-21	-209	253
81	0.0080	62	237	450
82	0.0081	169	432	463
83	0.0082	-318	-426	13
84	0.0083	413	-567	-688
85	0.0084	146	-152	-284
86	0.0085	-500	56	15
87	0.0086	334	403	-241
88	0.0087	-181	101	273
89	0.0088	16	-462	-169
90	0.0089	-554	306	1021
91	0.0090	-268	138	-744
92	0.0091	406	-37	-701
93	0.0092	90	-400	182
94	0.0093	406	-337	-633
95	0.0094	352	363	303
96	0.0095	-670	-283	238
97	0.0096	693	-250	-937
98	0.0097	62	-190	67
99	0.0098	-853	-258	347
100	0.0099	182	-15	-741

电流增量数据 [1000Hz, 10点]
采样序号	时间(s)	A相电流(INT)	B相电流(INT)	C相电流(INT)
1	0.000	-1319	-2267	1151
2	0.001	-901	-1224	941
3	0.002	294	2310	-3232
4	0.003	1482	1359	-2448
5	0.004	1207	-1627	-1358
6	0.005	-123	-535	-321
7	0.006	21	-653	-677
8	0.007	483	1703	-419
9	0.008	661	-405	-16
10	0.009	204	-1535	330
================================================================================

=== 采集时间: 2025-12-05 15:46:18 (增量周期: 10.0ms) ===
振动增量数据 [等效10000Hz, 100点]
时序序号	时间(s)	X振动(INT)	Y振动(INT)	Z振动(INT)
1	0.0000	-199	141	44
2	0.0001	-46	-221	-327
3	0.0002	-375	-345	-106
4	0.0003	-185	-136	324
5	0.0004	-169	397	123
6	0.0005	270	50	-410
7	0.0006	-239	-88	156
8	0.0007	-229	-84	226
9	0.0008	5	199	-415
10	0.0009	237	279	-177
11	0.0010	-178	22	544
12	0.0011	138	-88	-3
13	0.0012	403	62	-327
14	0.0013	-306	-297	106
15	0.0014	-58	-10	-230
16	0.0015	13	164	-171
17	0.0016	-235	-63	508
18	0.0017	-196	48	268
19	0.0018	122	-2	-264
20	0.0019	2	-152	-325
21	0.0020	-92	-260	241
22	0.0021	122	259	-37
23	0.0022	212	173	-190
24	0.0023	-110	-105	-88
25	0.0024	-117	-258	363
26	0.0025	394	165	-953
27	0.0026	140	-164	714
28	0.0027	-165	137	-80
29	0.0028	43	-27	-126
30	0.0029	-282	317	194
31	0.0030	-164	-281	-135
32	0.0031	124	104	142
33	0.0032	-54	-67	245
34	0.0033	219	-101	-284
35	0.0034	271	37	-121
36	0.0035	-8	-48	-74
37	0.0036	78	-153	0
38	0.0037	-71	-7	-167
39	0.0038	537	91	-393
40	0.0039	-305	-151	550
41	0.0040	-20	36	35
42	0.0041	287	97	-631
43	0.0042	-190	-250	384
44	0.0043	-597	464	431
45	0.0044	41	643	429
46	0.0045	-610	320	966
47	0.0046	-515	-123	-42
48	0.0047	97	14	-389
49	0.0048	24	-144	-659
50	0.0049	258	-196	-64
51	0.0050	-58	160	648
52	0.0051	86	80	-151
53	0.0052	69	600	1196
54	0.0053	-51	-409	-423
55	0.0054	661	-556	-695
56	0.0055	-789	211	876
57	0.0056	-196	343	-213
58	0.0057	569	671	-276
59	0.0058	-527	-326	353
60	0.0059	-191	-160	151
61	0.0060	-726	-273	-167
62	0.0061	322	105	-554
63	0.0062	396	351	-537
64	0.0063	680	-378	-273
65	0.0064	-122	-37	594
66	0.0065	-520	-318	96
67	0.0066	334	-37	-350
68	0.0067	99	-151	-225
69	0.0068	-14	-220	-167
70	0.0069	492	95	-306
71	0.0070	-110	-463	-170
72	0.0071	125	-212	-311
73	0.0072	402	390	277
74	0.0073	-25	677	503
75	0.0074	-79	58	393
76	0.0075	-724	-356	-117
77	0.0076	22	-234	-529
78	0.0077	463	331	-162
79	0.0078	-239	641	1772
80	0.0079	377	-54	-488
81	0.0080	234	-439	-54
82	0.0081	-888	-113	928
83	0.0082	202	-132	-1074
84	0.0083	1048	299	-911
85	0.0084	-446	-571	587
86	0.0085	-172	-142	232
87	0.0086	511	527	-368
88	0.0087	-207	-70	336
89	0.0088	-678	87	483
90	0.0089	110	421	-238
91	0.0090	30	-92	-295
92	0.0091	221	-311	125
93	0.0092	77	289	103
94	0.0093	9	227	121
95	0.0094	-132	-234	347
96	0.0095	-297	-173	-61
97	0.0096	-179	50	75
98	0.0097	-172	-97	-328
99	0.0098	160	-314	-501
100	0.0099	-72	107	238

电流增量数据 [1000Hz, 10点]
采样序号	时间(s)	A相电流(INT)	B相电流(INT)	C相电流(INT)
1	0.000	-1936	186	2016
2	0.001	-1394	-706	246
3	0.002	-335	-1138	276
4	0.003	-460	-1118	465
5	0.004	-567	765	-128
6	0.005	32	1716	-474
7	0.006	-535	-14	-460
8	0.007	11	2578	-947
9	0.008	804	-1044	-654
10	0.009	425	-510	454
================================================================================

=== 采集时间: 2025-12-05 15:46:18 (增量周期: 10.0ms) ===
振动增量数据 [等效10000Hz, 100点]
时序序号	时间(s)	X振动(INT)	Y振动(INT)	Z振动(INT)
1	0.0000	-28	363	503
2	0.0001	370	781	609
3	0.0002	-80	-332	-165
4	0.0003	302	-864	-931
5	0.0004	19	-433	-104
6	0.0005	-239	61	-427
7	0.0006	328	818	457
8	0.0007	-370	171	250
9	0.0008	-327	-358	271
10	0.0009	-263	49	365
11	0.0010	-301	56	-383
12	0.0011	582	340	-318
13	0.0012	107	-195	106
14	0.0013	343	-87	-209
15	0.0014	185	-23	-156
16	0.0015	-153	-388	-184
17	0.0016	229	-247	-411
18	0.0017	258	-200	-15
19	0.0018	-147	101	-19
20	0.0019	178	-349	-572
21	0.0020	0	-715	-1068
22	0.0021	577	156	277
23	0.0022	-327	279	1047
24	0.0023	378	752	-85
25	0.0024	216	-89	-76
26	0.0025	-635	-651	-71
27	0.0026	-54	-117	-227
28	0.0027	438	744	165
29	0.0028	287	406	242
30	0.0029	202	-383	-91
31	0.0030	-303	-506	237
32	0.0031	-379	-28	-6
33	0.0032	-15	330	-290
34	0.0033	458	-139	-563
35	0.0034	-38	-661	344
36	0.0035	-215	-85	73
37	0.0036	234	316	-162
38	0.0037	-144	303	322
39	0.0038	-375	-217	96
40	0.0039	-42	296	198
41	0.0040	-113	70	271
42	0.0041	187	-183	-422
43	0.0042	274	121	-121
44	0.0043	-280	69	434
45	0.0044	80	-49	-42
46	0.0045	-24	220	125
47	0.0046	-371	-143	-28
48	0.0047	-58	-198	-451
49	0.0048	32	-313	-468
50	0.0049	190	184	181
51	0.0050	-114	305	457
52	0.0051	-155	-105	46
53	0.0052	-128	-297	-298
54	0.0053	-391	-159	52
55	0.0054	-21	470	204
56	0.0055	280	382	-42
57	0.0056	134	-83	418
58	0.0057	13	-122	-192
59	0.0058	-174	-279	-227
60	0.0059	-57	272	6
61	0.0060	0	207	-177
62	0.0061	-12	-409	44
63	0.0062	-94	-46	-273
64	0.0063	-11	-249	-170
65	0.0064	-16	259	243
66	0.0065	112	-72	-178
67	0.0066	-7	-81	-14
68	0.0067	-306	-57	281
69	0.0068	-281	-57	-91
70	0.0069	176	399	-127
71	0.0070	360	73	181
72	0.0071	87	-92	151
73	0.0072	129	82	185
74	0.0073	-269	229	384
75	0.0074	-66	107	-85
76	0.0075	240	-170	-599
77	0.0076	24	-220	216
78	0.0077	245	75	-136
79	0.0078	211	-84	-256
80	0.0079	-388	-16	512
81	0.0080	-170	9	-298
82	0.0081	23	-101	54
83	0.0082	-305	52	-74
84	0.0083	78	-2	15
85	0.0084	165	342	-40
86	0.0085	-68	-360	-91
87	0.0086	601	33	-285
88	0.0087	-468	73	756
89	0.0088	-170	195	83
90	0.0089	263	207	-290
91	0.0090	-230	-208	273
92	0.0091	-173	-213	52
93	0.0092	385	82	-351
94	0.0093	80	9	19
95	0.0094	-153	37	317
96	0.0095	-45	468	190
97	0.0096	-349	-157	156
98	0.0097	-525	-209	5
99	0.0098	45	286	156
100	0.0099	139	291	-6

电流增量数据 [1000Hz, 10点]
采样序号	时间(s)	A相电流(INT)	B相电流(INT)	C相电流(INT)
1	0.000	-591	1727	597
2	0.001	-412	-84	-318
3	0.002	-323	1790	65
4	0.003	-106	-815	175
5	0.004	4	829	-1532
6	0.005	1223	-1269	-1513
7	0.006	1322	-547	-1739
8	0.007	117	81	-295
9	0.008	606	-247	-547
10	0.009	451	-659	12
================================================================================

=== 采集时间: 2025-12-05 15:46:18 (增量周期: 10.0ms) ===
振动增量数据 [等效10000Hz, 100点]
时序序号	时间(s)	X振动(INT)	Y振动(INT)	Z振动(INT)
1	0.0000	296	219	-340
2	0.0001	22	-250	70
3	0.0002	-140	301	474
4	0.0003	-252	-10	101
5	0.0004	146	-70	-58
6	0.0005	60	-12	-375
7	0.0006	-11	-50	139
8	0.0007	-255	397	365
9	0.0008	121	-221	-334
10	0.0009	-190	-92	331
11	0.0010	539	82	-873
12	0.0011	-131	-108	604
13	0.0012	-517	107	123
14	0.0013	187	-105	-692
15	0.0014	181	9	-316
16	0.0015	-230	-228	223
17	0.0016	30	240	375
18	0.0017	202	80	-76
19	0.0018	262	-425	-490
20	0.0019	224	-432	-398
21	0.0020	113	270	-178
22	0.0021	-348	259	533
23	0.0022	48	-29	-207
24	0.0023	41	-196	44
25	0.0024	-336	-38	644
26	0.0025	266	395	-385
27	0.0026	169	96	-157
28	0.0027	-280	-42	507
29	0.0028	105	207	249
30	0.0029	503	381	-151
31	0.0030	-190	-198	204
32	0.0031	-16	-339	-156
33	0.0032	104	144	-220
34	0.0033	-53	69	164
35	0.0034	124	14	225
36	0.0035	18	78	300
37	0.0036	-122	-130	-265
38	0.0037	15	-242	354
39	0.0038	-262	24	-415
40	0.0039	408	274	-53
41	0.0040	-324	303	374
42	0.0041	-230	-370	-72
43	0.0042	258	300	14
44	0.0043	-319	-65	43
45	0.0044	20	210	161
46	0.0045	46	190	-207
47	0.0046	96	-162	39
48	0.0047	-55	-37	23
49	0.0048	120	-101	163
50	0.0049	-108	122	10
51	0.0050	-416	82	105
52	0.0051	-51	45	-19
53	0.0052	167	128	-118
54	0.0053	-480	-473	-83
55	0.0054	77	175	-177
56	0.0055	-157	2	-93
57	0.0056	93	-19	117
58	0.0057	65	231	161
59	0.0058	-174	-14	80
60	0.0059	184	87	-324
61	0.0060	-290	-112	166
62	0.0061	-12	118	-40
63	0.0062	421	182	-50
64	0.0063	33	-245	-357
65	0.0064	-284	159	919
66	0.0065	-455	-8	-16
67	0.0066	361	6	-811
68	0.0067	62	0	478
69	0.0068	-635	-456	-34
70	0.0069	707	139	-488
71	0.0070	-54	138	104
72	0.0071	32	-322	207
73	0.0072	240	274	-227
74	0.0073	-115	-271	-243
75	0.0074	41	-59	-169
76	0.0075	-63	-79	262
77	0.0076	-92	175	-254
78	0.0077	326	270	318
79	0.0078	-493	-106	258
80	0.0079	130	-132	-213
81	0.0080	-121	71	90
82	0.0081	-249	-238	-104
83	0.0082	263	139	-157
84	0.0083	120	-53	-106
85	0.0084	416	-102	-7
86	0.0085	177	-15	79
87	0.0086	-11	-113	13
88	0.0087	-114	210	2
89	0.0088	-252	26	-71
90	0.0089	210	-40	-261
91	0.0090	164	-102	-144
92	0.0091	-21	-514	-375
93	0.0092	249	236	-87
94	0.0093	-860	378	1185
95	0.0094	-55	675	67
96	0.0095	-194	173	542
97	0.0096	-782	-148	919
98	0.0097	-58	18	-832
99	0.0098	1244	67	-1126
100	0.0099	-229	-159	277

电流增量数据 [1000Hz, 10点]
采样序号	时间(s)	A相电流(INT)	B相电流(INT)	C相电流(INT)
1	0.000	505	-4480	-386
2	0.001	15	-1868	1613
3	0.002	239	-2371	1076
4	0.003	-1844	-1289	854
5	0.004	-1976	462	-329
6	0.005	-2270	1473	126
7	0.006	-610	607	-1380
8	0.007	-215	-1084	-210
9	0.008	-553	-670	64
10	0.009	-380	-1051	-413
================================================================================

=== 采集时间: 2025-12-05 15:46:19 (增量周期: 10.0ms) ===
振动增量数据 [等效10000Hz, 100点]
时序序号	时间(s)	X振动(INT)	Y振动(INT)	Z振动(INT)
1	0.0000	-61	-121	151
2	0.0001	-135	175	-53
3	0.0002	-272	-34	-23
4	0.0003	-350	-153	-42
5	0.0004	-54	-25	-118
6	0.0005	-40	-72	-184
7	0.0006	-12	-102	-36
8	0.0007	100	446	230
9	0.0008	-301	-23	335
10	0.0009	-50	-28	-398
11	0.0010	58	-24	75
12	0.0011	-64	14	140
13	0.0012	313	22	-165
14	0.0013	-174	-37	281
15	0.0014	-250	-15	-45
16	0.0015	82	-109	-443
17	0.0016	-92	-168	67
18	0.0017	-297	79	211
19	0.0018	108	-117	-208
20	0.0019	65	138	-204
21	0.0020	11	-236	251
22	0.0021	215	205	84
23	0.0022	131	45	-235
24	0.0023	-57	-173	74
25	0.0024	-185	3	13
26	0.0025	176	124	-148
27	0.0026	178	167	260
28	0.0027	-96	-149	129
29	0.0028	147	35	-87
30	0.0029	-225	-186	-285
31	0.0030	-132	16	-140
32	0.0031	-404	163	593
33	0.0032	23	114	-260
34	0.0033	450	-181	-396
35	0.0034	-100	54	979
36	0.0035	540	90	-657
37	0.0036	308	-17	24
38	0.0037	-370	-33	323
39	0.0038	131	-198	-572
40	0.0039	343	208	-250
41	0.0040	-61	-109	267
42	0.0041	-63	0	236
43	0.0042	-161	105	44
44	0.0043	-192	394	163
45	0.0044	-316	336	413
46	0.0045	-370	224	557
47	0.0046	-571	-109	88
48	0.0047	-81	-130	-576
49	0.0048	582	105	-589
50	0.0049	-125	-264	210
51	0.0050	-353	203	660
52	0.0051	-54	483	832
53	0.0052	403	142	-440
54	0.0053	300	-661	-323
55	0.0054	-365	-652	280
56	0.0055	-115	342	-186
57	0.0056	71	717	-139
58	0.0057	48	-118	178
59	0.0058	-792	-288	534
60	0.0059	-343	13	11
61	0.0060	41	75	-890
62	0.0061	-88	300	945
63	0.0062	580	163	-786
64	0.0063	579	-387	-246
65	0.0064	-258	82	887
66	0.0065	-336	-471	-662
67	0.0066	772	44	-663
68	0.0067	-44	-172	126
69	0.0068	-232	-524	1
70	0.0069	501	391	-680
71	0.0070	-4	-420	-184
72	0.0071	60	-181	-121
73	0.0072	219	484	502
74	0.0073	-305	451	575
75	0.0074	103	103	91
76	0.0075	-195	-391	-490
77	0.0076	-191	-343	-118
78	0.0077	573	410	-88
79	0.0078	234	348	66
80	0.0079	207	117	691
81	0.0080	-630	-247	690
82	0.0081	-50	-247	-359
83	0.0082	259	327	-417
84	0.0083	-32	-492	-157
85	0.0084	210	27	-114
86	0.0085	113	218	139
87	0.0086	-250	161	549
88	0.0087	-327	276	208
89	0.0088	-91	-451	-621
90	0.0089	-29	521	538
91	0.0090	-549	-36	664
92	0.0091	689	188	-901
93	0.0092	172	265	347
94	0.0093	-613	-593	740
95	0.0094	-27	84	-131
96	0.0095	79	263	161
97	0.0096	-353	-10	11
98	0.0097	300	-155	-755
99	0.0098	-192	-354	-248
100	0.0099	-145	210	430

电流增量数据 [1000Hz, 10点]
采样序号	时间(s)	A相电流(INT)	B相电流(INT)	C相电流(INT)
1	0.000	-152	-2084	1816
2	0.001	-1456	237	1611
3	0.002	-269	-1327	491
4	0.003	9	-1738	402
5	0.004	-141	-1015	-8
6	0.005	-586	1998	573
7	0.006	-489	837	-496
8	0.007	-529	77	-311
9	0.008	272	1618	-1182
10	0.009	1076	-340	-1135
================================================================================

=== 采集时间: 2025-12-05 15:46:19 (增量周期: 10.0ms) ===
振动增量数据 [等效10000Hz, 100点]
时序序号	时间(s)	X振动(INT)	Y振动(INT)	Z振动(INT)
1	0.0000	261	-178	-449
2	0.0001	86	318	808
3	0.0002	-102	262	-66
4	0.0003	524	-351	-689
5	0.0004	-290	-6	383
6	0.0005	-144	-454	-101
7	0.0006	438	292	-569
8	0.0007	46	41	234
9	0.0008	-263	26	405
10	0.0009	-135	57	-147
11	0.0010	-63	-83	112
12	0.0011	-429	95	332
13	0.0012	224	126	-207
14	0.0013	148	100	-144
15	0.0014	680	-224	-349
16	0.0015	208	-268	-136
17	0.0016	77	-101	-16
18	0.0017	69	148	-184
19	0.0018	65	-63	-208
20	0.0019	-101	-24	3
21	0.0020	3	-245	-61
22	0.0021	54	-6	-338
23	0.0022	57	-215	-136
24	0.0023	-425	472	922
25	0.0024	-324	956	740
26	0.0025	-121	359	610
27	0.0026	-651	-91	221
28	0.0027	-62	-301	-308
29	0.0028	245	-108	-1180
30	0.0029	104	250	1180
31	0.0030	155	195	-195
32	0.0031	526	321	345
33	0.0032	221	-88	-371
34	0.0033	-174	-1261	-45
35	0.0034	-59	-57	-509
36	0.0035	207	289	-468
37	0.0036	202	723	217
38	0.0037	-322	-301	275
39	0.0038	-221	-132	237
40	0.0039	-409	138	-34
41	0.0040	32	-33	-426
42	0.0041	140	49	-349
43	0.0042	245	-74	56
44	0.0043	95	-97	60
45	0.0044	62	-74	117
46	0.0045	-96	-213	-248
47	0.0046	-34	-336	-204
48	0.0047	-71	-93	202
49	0.0048	-110	-3	-45
50	0.0049	297	-7	-564
51	0.0050	317	-375	-411
52	0.0051	173	-488	-248
53	0.0052	383	259	100
54	0.0053	57	907	797
55	0.0054	-74	381	181
56	0.0055	-277	-582	-419
57	0.0056	-130	-835	-688
58	0.0057	178	820	921
59	0.0058	610	818	-242
60	0.0059	356	-370	319
61	0.0060	-743	-698	821
62	0.0061	74	6	-289
63	0.0062	331	416	-211
64	0.0063	-271	-85	233
65	0.0064	323	-523	-619
66	0.0065	176	142	-84
67	0.0066	-188	291	639
68	0.0067	58	266	109
69	0.0068	-21	54	-318
70	0.0069	-524	41	666
71	0.0070	16	176	-96
72	0.0071	787	152	-568
73	0.0072	-266	-144	297
74	0.0073	-363	-268	413
75	0.0074	-23	343	-71
76	0.0075	-165	2	208
77	0.0076	7	43	281
78	0.0077	78	-168	-689
79	0.0078	60	-415	-358
80	0.0079	-97	-17	-110
81	0.0080	-183	296	289
82	0.0081	-53	420	118
83	0.0082	-62	-348	-19
84	0.0083	-473	-523	-182
85	0.0084	-140	720	542
86	0.0085	-172	212	65
87	0.0086	622	-33	-432
88	0.0087	37	-356	-89
89	0.0088	-246	-322	345
90	0.0089	152	472	-191
91	0.0090	-105	192	400
92	0.0091	-269	26	365
93	0.0092	266	-447	-1075
94	0.0093	0	-242	-141
95	0.0094	-622	-48	697
96	0.0095	-8	304	-265
97	0.0096	130	107	-334
98	0.0097	-365	-442	472
99	0.0098	-220	18	67
100	0.0099	406	444	-36

电流增量数据 [1000Hz, 10点]
采样序号	时间(s)	A相电流(INT)	B相电流(INT)	C相电流(INT)
1	0.000	506	-1276	-300
2	0.001	462	-1016	-428
3	0.002	492	-1130	-13
4	0.003	-28	-21	625
5	0.004	-184	1039	577
6	0.005	-818	-385	765
7	0.006	-1128	1807	915
8	0.007	-977	-447	-462
9	0.008	-571	-287	65
10	0.009	-151	-1245	-762
================================================================================

=== 采集时间: 2025-12-05 15:46:19 (增量周期: 10.0ms) ===
振动增量数据 [等效10000Hz, 100点]
时序序号	时间(s)	X振动(INT)	Y振动(INT)	Z振动(INT)
1	0.0000	169	18	-50
2	0.0001	-226	100	53
3	0.0002	74	-24	-4
4	0.0003	184	13	-109
5	0.0004	355	-358	-181
6	0.0005	-68	-11	293
7	0.0006	-111	108	309
8	0.0007	-187	-12	-312
9	0.0008	-55	-230	104
10	0.0009	-503	142	238
11	0.0010	156	-224	-499
12	0.0011	250	653	125
13	0.0012	-643	-247	867
14	0.0013	218	100	-509
15	0.0014	251	304	-130
16	0.0015	-91	-29	487
17	0.0016	-88	107	93
18	0.0017	480	138	-271
19	0.0018	70	-45	-153
20	0.0019	-139	-343	69
21	0.0020	18	18	-282
22	0.0021	-187	175	99
23	0.0022	-361	11	315
24	0.0023	-275	-143	-24
25	0.0024	-71	-32	-205
26	0.0025	-238	-233	44
27	0.0026	9	99	-237
28	0.0027	88	265	301
29	0.0028	-7	19	-38
30	0.0029	73	-50	-114
31	0.0030	32	-153	-261
32	0.0031	37	-72	129
33	0.0032	52	90	-170
34	0.0033	202	-110	-192
35	0.0034	-235	-4	84
36	0.0035	-350	-145	122
37	0.0036	-131	262	204
38	0.0037	-87	-95	126
39	0.0038	-234	-253	229
40	0.0039	450	69	-1124
41	0.0040	-226	-59	921
42	0.0041	-170	118	-81
43	0.0042	532	-28	-748
44	0.0043	-132	176	1008
45	0.0044	-520	-215	1
46	0.0045	550	353	-145
47	0.0046	-165	211	296
48	0.0047	-263	-429	65
49	0.0048	338	248	-567
50	0.0049	-96	79	112
51	0.0050	-277	-242	75
52	0.0051	-45	43	-45
53	0.0052	53	121	44
54	0.0053	359	-149	-184
55	0.0054	164	-71	74
56	0.0055	-106	159	437
57	0.0056	-134	236	-239
58	0.0057	109	-16	276
59	0.0058	-198	3	195
60	0.0059	390	61	-308
61	0.0060	532	216	35
62	0.0061	-303	-324	-199
63	0.0062	-132	-292	-124
64	0.0063	-233	433	-77
65	0.0064	-46	360	279
66	0.0065	-576	693	1727
67	0.0066	-1096	165	911
68	0.0067	156	373	-391
69	0.0068	-61	-174	-359
70	0.0069	276	-697	-423
71	0.0070	308	299	144
72	0.0071	-41	573	1080
73	0.0072	328	325	-77
74	0.0073	218	-660	-580
75	0.0074	-221	-729	-299
76	0.0075	-486	220	153
77	0.0076	-224	531	147
78	0.0077	126	359	-212
79	0.0078	325	-391	76
80	0.0079	-417	-318	200
81	0.0080	-145	-134	-316
82	0.0081	41	242	-426
83	0.0082	343	138	-71
84	0.0083	288	16	122
85	0.0084	-80	-219	-62
86	0.0085	171	-193	-114
87	0.0086	0	-263	41
88	0.0087	450	-266	-765
89	0.0088	902	-165	-616
90	0.0089	-476	-443	-211
91	0.0090	-2	-404	-479
92	0.0091	437	231	-698
93	0.0092	172	-217	481
94	0.0093	221	834	606
95	0.0094	-645	-109	1085
96	0.0095	-215	-223	-692
97	0.0096	-113	-194	-569
98	0.0097	374	505	414
99	0.0098	257	630	140
100	0.0099	545	-343	352

电流增量数据 [1000Hz, 10点]
采样序号	时间(s)	A相电流(INT)	B相电流(INT)	C相电流(INT)
1	0.000	534	-5563	1771
2	0.001	-993	-2107	2008
3	0.002	-1938	-536	1604
4	0.003	-1376	856	445
5	0.004	-567	-949	454
6	0.005	-158	-1304	399
7	0.006	-266	-775	-51
8	0.007	67	-312	-407
9	0.008	-48	1988	-533
10	0.009	45	140	-723
================================================================================

=== 采集时间: 2025-12-05 15:46:20 (增量周期: 10.0ms) ===
振动增量数据 [等效10000Hz, 100点]
时序序号	时间(s)	X振动(INT)	Y振动(INT)	Z振动(INT)
1	0.0000	71	-621	-200
2	0.0001	-245	-539	-361
3	0.0002	304	1003	1106
4	0.0003	558	630	-242
5	0.0004	146	-268	330
6	0.0005	-677	-566	340
7	0.0006	-332	-421	-903
8	0.0007	725	851	-331
9	0.0008	135	560	705
10	0.0009	-409	-339	978
11	0.0010	259	-172	-51
12	0.0011	-320	-92	144
13	0.0012	-164	-15	-402
14	0.0013	118	103	-410
15	0.0014	312	-134	-370
16	0.0015	-45	-263	545
17	0.0016	262	262	123
18	0.0017	126	178	-24
19	0.0018	-219	75	204
20	0.0019	-495	-10	152
21	0.0020	0	186	-171
22	0.0021	468	65	-370
23	0.0022	-96	-364	233
24	0.0023	-45	112	223
25	0.0024	-211	284	367
26	0.0025	-31	44	103
27	0.0026	-339	-153	-234
28	0.0027	16	-225	-444
29	0.0028	-33	-97	-358
30	0.0029	-83	-170	-151
31	0.0030	186	660	801
32	0.0031	-649	74	553
33	0.0032	377	-144	-468
34	0.0033	-130	-17	-303
35	0.0034	-400	-216	262
36	0.0035	251	501	-428
37	0.0036	552	-51	-175
38	0.0037	-96	23	572
39	0.0038	-168	-135	108
40	0.0039	6	211	-130
41	0.0040	-235	15	-68
42	0.0041	-84	-233	-161
43	0.0042	182	24	-401
44	0.0043	296	-159	-170
45	0.0044	-356	-88	538
46	0.0045	-111	-34	-58
47	0.0046	133	43	-577
48	0.0047	-354	-212	260
49	0.0048	-72	118	46
50	0.0049	165	237	-41
51	0.0050	-186	-121	356
52	0.0051	155	73	198
53	0.0052	250	186	112
54	0.0053	-172	-37	249
55	0.0054	65	185	-165
56	0.0055	110	-181	-164
57	0.0056	-17	-307	-417
58	0.0057	139	172	563
59	0.0058	211	220	-252
60	0.0059	-173	-81	230
61	0.0060	-465	-50	370
62	0.0061	-161	33	-535
63	0.0062	36	364	40
64	0.0063	-64	-49	326
65	0.0064	180	-2	187
66	0.0065	139	40	-59
67	0.0066	100	73	-147
68	0.0067	113	-54	-8
69	0.0068	65	-70	-263
70	0.0069	-119	23	362
71	0.0070	-3	-17	13
72	0.0071	347	228	-220
73	0.0072	-181	-129	267
74	0.0073	-37	-67	-8
75	0.0074	-75	92	-102
76	0.0075	-216	412	645
77	0.0076	-344	194	328
78	0.0077	-66	-279	-104
79	0.0078	152	128	-290
80	0.0079	118	-276	-17
81	0.0080	318	195	-436
82	0.0081	-42	109	236
83	0.0082	-373	67	314
84	0.0083	-204	-23	-122
85	0.0084	231	-399	-408
86	0.0085	180	158	170
87	0.0086	-528	-217	544
88	0.0087	130	474	-218
89	0.0088	54	-58	135
90	0.0089	-117	-451	-508
91	0.0090	356	161	387
92	0.0091	-369	104	-57
93	0.0092	223	16	-315
94	0.0093	-245	-199	-578
95	0.0094	71	-513	-182
96	0.0095	227	431	-29
97	0.0096	-105	-159	266
98	0.0097	138	-87	-66
99	0.0098	-12	-450	-105
100	0.0099	169	-93	-388

电流增量数据 [1000Hz, 10点]
采样序号	时间(s)	A相电流(INT)	B相电流(INT)	C相电流(INT)
1	0.000	-636	639	-263
2	0.001	241	1617	-1236
3	0.002	993	-513	-1165
4	0.003	1371	-1537	11
5	0.004	415	-1587	457
6	0.005	444	-532	-545
7	0.006	400	-320	-285
8	0.007	398	-478	102
9	0.008	-479	-21	762
10	0.009	-887	-3254	562
================================================================================

=== 采集时间: 2025-12-05 15:46:20 (增量周期: 10.0ms) ===
振动增量数据 [等效10000Hz, 100点]
时序序号	时间(s)	X振动(INT)	Y振动(INT)	Z振动(INT)
1	0.0000	-315	197	159
2	0.0001	108	112	-165
3	0.0002	35	131	300
4	0.0003	-136	-302	-24
5	0.0004	436	333	-289
6	0.0005	-716	-280	583
7	0.0006	-161	186	-136
8	0.0007	352	94	-424
9	0.0008	-164	-194	311
10	0.0009	-209	-287	56
11	0.0010	268	286	-36
12	0.0011	266	368	-36
13	0.0012	-57	-294	65
14	0.0013	2	-241	-325
15	0.0014	-241	288	596
16	0.0015	142	212	-92
17	0.0016	45	-89	-139
18	0.0017	113	103	220
19	0.0018	-495	-199	86
20	0.0019	219	211	-152
21	0.0020	-262	124	180
22	0.0021	-64	-172	65
23	0.0022	259	112	-148
24	0.0023	3	-162	99
25	0.0024	160	-85	53
26	0.0025	353	236	-190
27	0.0026	238	43	33
28	0.0027	-80	-68	50
29	0.0028	28	10	-304
30	0.0029	10	83	54
31	0.0030	-72	-88	-64
32	0.0031	52	-223	-79
33	0.0032	468	210	-691
34	0.0033	-528	-2	958
35	0.0034	-656	556	874
36	0.0035	39	595	80
37	0.0036	-427	30	331
38	0.0037	-461	-176	513
39	0.0038	-259	-115	-134
40	0.0039	586	208	-547
41	0.0040	-34	23	58
42	0.0041	-437	180	964
43	0.0042	356	382	-325
44	0.0043	392	-216	-362
45	0.0044	-494	-826	331
46	0.0045	-397	163	202
47	0.0046	-55	628	-308
48	0.0047	227	142	242
49	0.0048	-234	58	880
50	0.0049	82	74	-375
51	0.0050	18	-38	-488
52	0.0051	-404	-288	-220
53	0.0052	223	-81	-543
54	0.0053	646	225	-91
55	0.0054	97	-176	241
56	0.0055	-81	-292	-42
57	0.0056	37	-186	86
58	0.0057	232	-292	-598
59	0.0058	49	-447	-490
60	0.0059	593	510	-573
61	0.0060	-628	-523	842
62	0.0061	70	26	-659
63	0.0062	793	-83	-350
64	0.0063	-29	697	1098
65	0.0064	-203	257	472
66	0.0065	-6	-285	-295
67	0.0066	-469	-271	-303
68	0.0067	18	-145	-50
69	0.0068	313	901	18
70	0.0069	231	50	529
71	0.0070	-194	-305	613
72	0.0071	-4	-78	-182
73	0.0072	24	112	76
74	0.0073	-353	-174	-402
75	0.0074	172	-234	-405
76	0.0075	56	222	27
77	0.0076	56	-67	515
78	0.0077	139	289	193
79	0.0078	-352	-11	241
80	0.0079	-391	361	136
81	0.0080	140	-20	-224
82	0.0081	171	97	10
83	0.0082	-230	1	361
84	0.0083	-209	124	125
85	0.0084	-168	28	216
86	0.0085	-36	-159	220
87	0.0086	-191	-195	-152
88	0.0087	421	326	-736
89	0.0088	-541	-618	246
90	0.0089	-234	-29	-396
91	0.0090	412	263	-171
92	0.0091	24	244	464
93	0.0092	-188	-266	371
94	0.0093	-136	-15	-145
95	0.0094	-363	258	-85
96	0.0095	-58	-67	-259
97	0.0096	184	-117	-616
98	0.0097	421	-36	121
99	0.0098	-110	39	461
100	0.0099	-41	126	229

电流增量数据 [1000Hz, 10点]
采样序号	时间(s)	A相电流(INT)	B相电流(INT)	C相电流(INT)
1	0.000	1228	165	-1376
2	0.001	135	851	-263
3	0.002	516	-1199	-560
4	0.003	515	-1099	-337
5	0.004	486	-2364	7
6	0.005	411	1840	-65
7	0.006	549	-741	111
8	0.007	41	-1022	1002
9	0.008	-1391	-2	1425
10	0.009	-1552	1367	182
================================================================================

=== 采集时间: 2025-12-05 15:46:20 (增量周期: 10.0ms) ===
振动增量数据 [等效10000Hz, 100点]
时序序号	时间(s)	X振动(INT)	Y振动(INT)	Z振动(INT)
1	0.0000	-431	129	288
2	0.0001	187	220	-725
3	0.0002	617	57	-483
4	0.0003	-320	-232	220
5	0.0004	359	-101	-173
6	0.0005	289	-258	-594
7	0.0006	-426	-33	1502
8	0.0007	223	22	-944
9	0.0008	724	-280	-714
10	0.0009	-491	-297	517
11	0.0010	-454	-657	-560
12	0.0011	1071	623	-841
13	0.0012	26	33	497
14	0.0013	1	84	871
15	0.0014	246	779	390
16	0.0015	-426	-347	-220
17	0.0016	-457	-554	-458
18	0.0017	215	148	-318
19	0.0018	210	693	287
20	0.0019	456	-41	393
21	0.0020	13	-317	400
22	0.0021	-413	19	391
23	0.0022	-33	-45	-397
24	0.0023	144	-433	-1047
25	0.0024	22	-263	-71
26	0.0025	-166	253	547
27	0.0026	129	286	86
28	0.0027	204	35	160
29	0.0028	-657	-283	371
30	0.0029	-131	312	138
31	0.0030	126	440	-267
32	0.0031	110	-95	-16
33	0.0032	-67	-20	116
34	0.0033	-8	-211	-307
35	0.0034	-93	314	1168
36	0.0035	-393	-34	-182
37	0.0036	535	-100	-534
38	0.0037	-282	-254	-24
39	0.0038	-309	-728	-482
40	0.0039	345	448	-321
41	0.0040	-49	224	277
42	0.0041	-47	163	482
43	0.0042	-102	-122	6
44	0.0043	-348	-156	75
45	0.0044	-356	211	-122
46	0.0045	251	265	-452
47	0.0046	174	-49	96
48	0.0047	292	-127	284
49	0.0048	26	80	-83
50	0.0049	-45	143	339
51	0.0050	11	389	-167
52	0.0051	-72	-213	3
53	0.0052	167	-155	-238
54	0.0053	125	-289	-238
55	0.0054	-326	-65	336
56	0.0055	-49	286	63
57	0.0056	-199	24	54
58	0.0057	-234	-78	136
59	0.0058	-49	-15	-341
60	0.0059	251	184	80
61	0.0060	331	201	234
62	0.0061	-83	-27	403
63	0.0062	779	317	-962
64	0.0063	-263	-300	468
65	0.0064	-503	-288	133
66	0.0065	562	263	-869
67	0.0066	306	6	96
68	0.0067	-403	-307	592
69	0.0068	125	45	37
70	0.0069	-243	86	-111
71	0.0070	-418	-200	354
72	0.0071	-344	-33	-304
73	0.0072	343	284	-126
74	0.0073	-179	22	326
75	0.0074	438	-172	-170
76	0.0075	428	276	-406
77	0.0076	-289	-348	387
78	0.0077	-49	299	69
79	0.0078	23	35	-417
80	0.0079	15	48	246
81	0.0080	-33	-33	377
82	0.0081	71	-179	-237
83	0.0082	281	181	-149
84	0.0083	31	-272	-126
85	0.0084	-384	-20	249
86	0.0085	-252	612	272
87	0.0086	-58	3	-119
88	0.0087	-58	-57	127
89	0.0088	-17	-259	-132
90	0.0089	135	451	1128
91	0.0090	468	339	-1232
92	0.0091	313	-603	-214
93	0.0092	-1011	227	1046
94	0.0093	53	-151	-632
95	0.0094	895	395	-464
96	0.0095	-337	-459	615
97	0.0096	-158	-54	144
98	0.0097	266	433	-507
99	0.0098	-166	-297	-77
100	0.0099	-307	-271	156

电流增量数据 [1000Hz, 10点]
采样序号	时间(s)	A相电流(INT)	B相电流(INT)	C相电流(INT)
1	0.000	219	2020	-589
2	0.001	318	1133	-533
3	0.002	975	-1463	79
4	0.003	434	1177	91
5	0.004	-94	-1313	657
6	0.005	-40	-1333	665
7	0.006	131	-2400	362
8	0.007	-473	-33	516
9	0.008	-486	711	214
10	0.009	-596	184	-10
================================================================================

=== 采集时间: 2025-12-05 15:46:21 (增量周期: 10.0ms) ===
振动增量数据 [等效10000Hz, 100点]
时序序号	时间(s)	X振动(INT)	Y振动(INT)	Z振动(INT)
1	0.0000	79	79	-246
2	0.0001	19	-67	79
3	0.0002	-247	-127	5
4	0.0003	203	336	113
5	0.0004	61	233	-137
6	0.0005	144	-200	-34
7	0.0006	15	44	-10
8	0.0007	147	-91	-192
9	0.0008	134	-114	-156
10	0.0009	-127	45	307
11	0.0010	-390	-49	215
12	0.0011	-58	35	-115
13	0.0012	-151	-251	-203
14	0.0013	-508	32	524
15	0.0014	392	280	-636
16	0.0015	91	-279	-110
17	0.0016	-369	-102	366
18	0.0017	-4	61	-314
19	0.0018	339	385	-166
20	0.0019	-281	-2	324
21	0.0020	-151	-58	353
22	0.0021	177	165	-282
23	0.0022	-36	-71	150
24	0.0023	-241	-23	242
25	0.0024	378	309	-577
26	0.0025	-79	-3	300
27	0.0026	-281	-170	326
28	0.0027	36	9	-244
29	0.0028	167	-2	-167
30	0.0029	-87	-170	-8
31	0.0030	6	-98	-47
32	0.0031	108	292	71
33	0.0032	53	-61	-136
34	0.0033	-88	-368	-4
35	0.0034	-33	130	148
36	0.0035	0	80	112
37	0.0036	234	240	-306
38	0.0037	28	2	313
39	0.0038	-388	-27	148
40	0.0039	185	90	-244
41	0.0040	19	-258	-424
42	0.0041	99	240	537
43	0.0042	-354	-258	11
44	0.0043	663	163	-593
45	0.0044	-232	80	832
46	0.0045	-196	-309	67
47	0.0046	360	457	-259
48	0.0047	19	58	322
49	0.0048	-366	32	305
50	0.0049	93	28	-182
51	0.0050	-281	-42	-40
52	0.0051	383	141	-603
53	0.0052	-190	-314	1
54	0.0053	-371	57	391
55	0.0054	214	1084	673
56	0.0055	-260	267	551
57	0.0056	-491	-460	370
58	0.0057	-313	-207	-547
59	0.0058	24	151	-441
60	0.0059	-27	90	322
61	0.0060	459	-284	-578
62	0.0061	404	239	315
63	0.0062	9	-195	280
64	0.0063	-29	-574	-321
65	0.0064	-237	-280	-443
66	0.0065	-179	35	-304
67	0.0066	-284	421	391
68	0.0067	46	-152	-323
69	0.0068	259	552	793
70	0.0069	-1081	-122	1154
71	0.0070	150	-136	-822
72	0.0071	146	317	-157
73	0.0072	11	-297	36
74	0.0073	305	128	-516
75	0.0074	455	-76	-6
76	0.0075	-47	-44	237
77	0.0076	108	-415	-426
78	0.0077	79	16	242
79	0.0078	-439	-195	-257
80	0.0079	469	-126	-914
81	0.0080	22	-339	-220
82	0.0081	339	50	395
83	0.0082	379	470	121
84	0.0083	322	462	594
85	0.0084	-635	-199	347
86	0.0085	-230	-465	-496
87	0.0086	171	233	-633
88	0.0087	220	189	169
89	0.0088	288	378	382
90	0.0089	-149	75	825
91	0.0090	-57	-259	417
92	0.0091	-288	227	112
93	0.0092	-17	159	-315
94	0.0093	280	-100	-585
95	0.0094	198	-388	-109
96	0.0095	-350	-54	366
97	0.0096	657	506	-452
98	0.0097	-51	9	617
99	0.0098	-769	-415	307
100	0.0099	7	441	-289

电流增量数据 [1000Hz, 10点]
采样序号	时间(s)	A相电流(INT)	B相电流(INT)	C相电流(INT)
1	0.000	1290	-2186	-2254
2	0.001	1931	-294	-1614
3	0.002	1173	-841	-632
4	0.003	582	583	-537
5	0.004	168	-1403	-12
6	0.005	614	-776	-693
7	0.006	173	-1408	255
8	0.007	-4	86	540
9	0.008	-23	921	482
10	0.009	-1270	-156	985
================================================================================

=== 采集时间: 2025-12-05 15:46:21 (增量周期: 10.0ms) ===
振动增量数据 [等效10000Hz, 100点]
时序序号	时间(s)	X振动(INT)	Y振动(INT)	Z振动(INT)
1	0.0000	343	105	-291
2	0.0001	-104	-78	229
3	0.0002	-177	-70	-16
4	0.0003	88	-131	-349
5	0.0004	-276	159	626
6	0.0005	-297	479	403
7	0.0006	-3	-185	-174
8	0.0007	172	116	-144
9	0.0008	-226	-255	161
10	0.0009	360	244	-182
11	0.0010	355	143	-422
12	0.0011	-272	-251	212
13	0.0012	-378	242	661
14	0.0013	-365	148	108
15	0.0014	528	185	-124
16	0.0015	224	-398	-477
17	0.0016	212	-370	-6
18	0.0017	-186	313	258
19	0.0018	-213	-68	-263
20	0.0019	-19	120	-122
21	0.0020	32	-44	207
22	0.0021	-15	-25	-15
23	0.0022	69	-266	-569
24	0.0023	58	310	-239
25	0.0024	-360	-185	562
26	0.0025	227	122	-657
27	0.0026	263	-216	174
28	0.0027	-322	-233	309
29	0.0028	-38	-193	-445
30	0.0029	373	148	-96
31	0.0030	-242	79	168
32	0.0031	366	-217	-321
33	0.0032	-307	-203	-165
34	0.0033	-162	-502	272
35	0.0034	-33	572	-34
36	0.0035	146	180	-63
37	0.0036	91	386	630
38	0.0037	-232	-100	152
39	0.0038	584	124	-295
40	0.0039	-104	39	18
41	0.0040	-33	-268	53
42	0.0041	91	320	-224
43	0.0042	-84	-251	106
44	0.0043	295	14	-55
45	0.0044	233	-147	-88
46	0.0045	-234	-173	383
47	0.0046	-378	-36	84
48	0.0047	-249	-53	-19
49	0.0048	14	253	153
50	0.0049	-47	-85	121
51	0.0050	148	333	-744
52	0.0051	190	-185	-115
53	0.0052	-315	14	196
54	0.0053	-164	-129	-47
55	0.0054	483	497	-423
56	0.0055	110	15	136
57	0.0056	-183	-29	610
58	0.0057	-98	54	-136
59	0.0058	225	-112	-173
60	0.0059	-161	47	189
61	0.0060	-55	-49	83
62	0.0061	-11	-28	-217
63	0.0062	-25	-296	-318
64	0.0063	-391	-194	127
65	0.0064	-228	118	87
66	0.0065	171	114	-161
67	0.0066	-17	11	-7
68	0.0067	-237	-27	260
69	0.0068	-92	168	-195
70	0.0069	312	9	-392
71	0.0070	14	-4	203
72	0.0071	-216	-36	490
73	0.0072	224	151	-220
74	0.0073	-61	-134	-216
75	0.0074	-465	-143	383
76	0.0075	28	176	-333
77	0.0076	381	-83	-460
78	0.0077	-444	141	1510
79	0.0078	37	-161	-835
80	0.0079	516	-98	-491
81	0.0080	-336	-134	236
82	0.0081	-158	-211	280
83	0.0082	600	632	-681
84	0.0083	33	-273	86
85	0.0084	-152	-95	412
86	0.0085	-31	-15	-81
87	0.0086	-6	263	30
88	0.0087	361	-63	-517
89	0.0088	-8	-275	112
90	0.0089	-615	-106	200
91	0.0090	-40	53	-167
92	0.0091	57	148	-147
93	0.0092	3	-169	294
94	0.0093	131	-83	200
95	0.0094	389	-6	-362
96	0.0095	71	49	-98
97	0.0096	-224	-54	116
98	0.0097	219	2	-362
99	0.0098	240	0	-94
100	0.0099	-123	-25	532

电流增量数据 [1000Hz, 10点]
采样序号	时间(s)	A相电流(INT)	B相电流(INT)	C相电流(INT)
1	0.000	-17	962	-569
2	0.001	597	122	-709
3	0.002	598	-513	-129
4	0.003	813	-3980	275
5	0.004	-2178	-2195	2414
6	0.005	-840	-4038	1953
7	0.006	-2454	749	1898
8	0.007	-1501	772	280
9	0.008	-586	310	546
10	0.009	-436	-797	253
================================================================================

=== 采集时间: 2025-12-05 15:46:21 (增量周期: 10.0ms) ===
振动增量数据 [等效10000Hz, 100点]
时序序号	时间(s)	X振动(INT)	Y振动(INT)	Z振动(INT)
1	0.0000	16	309	-158
2	0.0001	57	-31	-154
3	0.0002	-194	57	219
4	0.0003	349	-7	-200
5	0.0004	14	215	-366
6	0.0005	-49	-105	339
7	0.0006	-174	206	147
8	0.0007	352	88	-255
9	0.0008	289	-284	-197
10	0.0009	-726	-279	824
11	0.0010	-50	128	-762
12	0.0011	456	10	-503
13	0.0012	-310	-155	534
14	0.0013	-152	-211	33
15	0.0014	164	244	-299
16	0.0015	-149	-104	41
17	0.0016	-404	30	217
18	0.0017	30	300	-145
19	0.0018	297	95	-181
20	0.0019	-307	-187	294
21	0.0020	266	142	-165
22	0.0021	71	125	155
23	0.0022	-179	-87	63
24	0.0023	-17	78	84
25	0.0024	-229	-71	-131
26	0.0025	135	-96	-311
27	0.0026	-11	75	409
28	0.0027	-375	-12	420
29	0.0028	287	-28	-531
30	0.0029	-175	-100	189
31	0.0030	-96	-143	-31
32	0.0031	338	128	-254
33	0.0032	-100	104	-147
34	0.0033	198	-115	0
35	0.0034	-153	14	152
36	0.0035	88	88	200
37	0.0036	229	43	-389
38	0.0037	-383	125	987
39	0.0038	208	83	-916
40	0.0039	165	-351	-208
41	0.0040	-326	-115	276
42	0.0041	96	-190	-109
43	0.0042	288	272	-160
44	0.0043	5	-135	133
45	0.0044	-105	24	200
46	0.0045	220	-138	-460
47	0.0046	204	73	106
48	0.0047	-454	2	516
49	0.0048	489	250	-490
50	0.0049	203	66	-66
51	0.0050	-135	19	185
52	0.0051	-143	-243	-156
53	0.0052	490	26	-424
54	0.0053	-222	77	151
55	0.0054	-272	778	785
56	0.0055	-152	317	497
57	0.0056	-639	-71	216
58	0.0057	-286	-118	40
59	0.0058	157	-19	-564
60	0.0059	-172	-288	114
61	0.0060	519	-12	-123
62	0.0061	-173	493	596
63	0.0062	172	-51	30
64	0.0063	477	-805	-1202
65	0.0064	-25	-328	654
66	0.0065	-632	165	23
67	0.0066	232	508	-687
68	0.0067	195	276	215
69	0.0068	-623	-565	472
70	0.0069	88	216	373
71	0.0070	-203	214	-121
72	0.0071	210	182	-260
73	0.0072	-290	-112	-40
74	0.0073	1	-139	-152
75	0.0074	678	113	-768
76	0.0075	176	-354	228
77	0.0076	-328	-224	467
78	0.0077	344	-296	-614
79	0.0078	157	-61	-644
80	0.0079	48	-307	-288
81	0.0080	112	-263	23
82	0.0081	541	334	-325
83	0.0082	190	143	727
84	0.0083	-297	617	817
85	0.0084	6	-65	-194
86	0.0085	-58	-161	-513
87	0.0086	-58	-492	-363
88	0.0087	134	350	82
89	0.0088	231	762	418
90	0.0089	131	20	560
91	0.0090	-433	-557	404
92	0.0091	57	-257	-695
93	0.0092	159	370	-74
94	0.0093	-499	-84	404
95	0.0094	379	-292	-871
96	0.0095	173	223	307
97	0.0096	-238	-130	566
98	0.0097	187	175	125
99	0.0098	5	421	349
100	0.0099	-487	-28	16

电流增量数据 [1000Hz, 10点]
采样序号	时间(s)	A相电流(INT)	B相电流(INT)	C相电流(INT)
1	0.000	1284	-3768	1036
2	0.001	-57	-2692	1735
3	0.002	-884	-922	1056
4	0.003	-118	-229	541
5	0.004	-160	133	353
6	0.005	-30	-1071	259
7	0.006	-640	-115	112
8	0.007	-529	-651	-58
9	0.008	-496	2364	-47
10	0.009	331	1117	-1335
================================================================================

=== 采集时间: 2025-12-05 15:46:22 (增量周期: 10.0ms) ===
振动增量数据 [等效10000Hz, 100点]
时序序号	时间(s)	X振动(INT)	Y振动(INT)	Z振动(INT)
1	0.0000	-78	44	-33
2	0.0001	28	6	-282
3	0.0002	-89	-257	-340
4	0.0003	127	-255	-61
5	0.0004	-151	125	181
6	0.0005	-121	148	288
7	0.0006	69	16	52
8	0.0007	-263	-216	-105
9	0.0008	70	-40	16
10	0.0009	265	261	-368
11	0.0010	-63	-290	75
12	0.0011	2	176	126
13	0.0012	5	50	52
14	0.0013	133	218	258
15	0.0014	-161	5	251
16	0.0015	78	50	131
17	0.0016	-302	-135	-104
18	0.0017	342	-229	-324
19	0.0018	488	244	-209
20	0.0019	-212	-191	499
21	0.0020	-212	107	-132
22	0.0021	77	-28	-17
23	0.0022	-380	100	-100
24	0.0023	-239	-72	191
25	0.0024	135	227	66
26	0.0025	14	-57	-255
27	0.0026	362	-7	74
28	0.0027	-284	58	482
29	0.0028	347	-70	-401
30	0.0029	-148	87	374
31	0.0030	-166	-95	28
32	0.0031	398	18	-680
33	0.0032	87	-67	-128
34	0.0033	-259	-229	311
35	0.0034	-200	246	332
36	0.0035	97	406	96
37	0.0036	26	91	331
38	0.0037	-405	-270	87
39	0.0038	1	-23	-366
40	0.0039	159	242	-188
41	0.0040	176	-200	-362
42	0.0041	69	70	220
43	0.0042	-367	124	704
44	0.0043	560	107	-839
45	0.0044	-224	-390	412
46	0.0045	-360	-296	58
47	0.0046	310	176	-666
48	0.0047	204	128	117
49	0.0048	-263	-62	283
50	0.0049	357	-10	333
51	0.0050	-336	44	-234
52	0.0051	-212	-186	363
53	0.0052	-439	348	-197
54	0.0053	494	130	-672
55	0.0054	219	-263	-141
56	0.0055	-203	-496	109
57	0.0056	291	320	-109
58	0.0057	-228	35	177
59	0.0058	567	-155	-182
60	0.0059	18	-176	-291
61	0.0060	-19	67	-226
62	0.0061	-147	163	229
63	0.0062	-495	-311	336
64	0.0063	266	97	-165
65	0.0064	375	700	367
66	0.0065	-451	-200	647
67	0.0066	-138	-59	-321
68	0.0067	271	322	-238
69	0.0068	236	53	-132
70	0.0069	139	-140	444
71	0.0070	776	339	-1019
72	0.0071	-100	-249	574
73	0.0072	-779	-136	457
74	0.0073	502	70	-978
75	0.0074	524	239	266
76	0.0075	-598	-323	778
77	0.0076	-27	134	126
78	0.0077	-12	86	-59
79	0.0078	-416	-293	50
80	0.0079	193	312	16
81	0.0080	15	393	103
82	0.0081	-42	-253	250
83	0.0082	67	-4	-434
84	0.0083	172	41	-182
85	0.0084	-272	390	305
86	0.0085	285	-134	-177
87	0.0086	451	172	-357
88	0.0087	-382	-374	597
89	0.0088	-202	58	-21
90	0.0089	121	26	-409
91	0.0090	-343	-100	331
92	0.0091	-268	32	203
93	0.0092	211	188	-87
94	0.0093	-374	-255	86
95	0.0094	-439	-172	268
96	0.0095	80	327	-353
97	0.0096	325	-138	-612
98	0.0097	-165	342	1076
99	0.0098	-114	113	-312
100	0.0099	634	-166	-856

电流增量数据 [1000Hz, 10点]
采样序号	时间(s)	A相电流(INT)	B相电流(INT)	C相电流(INT)
1	0.000	615	580	-1185
2	0.001	307	-194	-501
3	0.002	572	-1623	-259
4	0.003	598	108	-19
5	0.004	105	-98	624
6	0.005	-419	-320	693
7	0.006	234	-3609	479
8	0.007	-2644	900	683
9	0.008	-1717	1672	-673
10	0.009	310	512	-2409
================================================================================

=== 采集时间: 2025-12-05 15:46:22 (增量周期: 10.0ms) ===
振动增量数据 [等效10000Hz, 100点]
时序序号	时间(s)	X振动(INT)	Y振动(INT)	Z振动(INT)
1	0.0000	-474	6	303
2	0.0001	33	-65	-376
3	0.0002	30	169	43
4	0.0003	-191	-62	-114
5	0.0004	462	40	-184
6	0.0005	0	75	-75
7	0.0006	-27	211	444
8	0.0007	-177	96	-33
9	0.0008	248	-281	-371
10	0.0009	-31	-42	79
11	0.0010	-482	-215	393
12	0.0011	15	212	-132
13	0.0012	140	-61	-334
14	0.0013	-484	-280	204
15	0.0014	-96	-10	9
16	0.0015	-63	163	83
17	0.0016	105	292	65
18	0.0017	3	57	31
19	0.0018	-89	-65	-203
20	0.0019	186	-75	-272
21	0.0020	-102	121	74
22	0.0021	258	43	1
23	0.0022	293	121	60
24	0.0023	-512	-230	78
25	0.0024	-7	-53	-71
26	0.0025	-346	197	61
27	0.0026	127	-322	-364
28	0.0027	229	467	563
29	0.0028	-473	-330	396
30	0.0029	330	1	-632
31	0.0030	-53	169	58
32	0.0031	19	-233	96
33	0.0032	550	219	-640
34	0.0033	-293	-267	407
35	0.0034	202	77	-475
36	0.0035	103	-102	-230
37	0.0036	-119	-23	403
38	0.0037	-166	134	-89
39	0.0038	268	-59	-130
40	0.0039	-316	67	200
41	0.0040	-202	-204	189
42	0.0041	187	152	-291
43	0.0042	258	-156	-182
44	0.0043	82	-164	-15
45	0.0044	218	245	263
46	0.0045	58	208	46
47	0.0046	-79	-179	-286
48	0.0047	378	-293	-552
49	0.0048	-407	-126	332
50	0.0049	40	44	28
51	0.0050	120	27	292
52	0.0051	-346	-165	-37
53	0.0052	148	-374	-775
54	0.0053	-395	462	888
55	0.0054	113	728	-93
56	0.0055	58	86	793
57	0.0056	-564	99	78
58	0.0057	-132	-644	-247
59	0.0058	-252	150	-499
60	0.0059	446	-276	-585
61	0.0060	570	190	-16
62	0.0061	-183	239	901
63	0.0062	240	-41	146
64	0.0063	-224	-484	-494
65	0.0064	139	-528	-593
66	0.0065	-332	-54	-158
67	0.0066	-126	373	206
68	0.0067	-12	390	2
69	0.0068	-339	-506	370
70	0.0069	-161	-80	213
71	0.0070	-260	-66	-38
72	0.0071	232	434	-126
73	0.0072	91	-98	-203
74	0.0073	165	-238	-136
75	0.0074	37	169	242
76	0.0075	150	-115	-72
77	0.0076	160	-118	-282
78	0.0077	187	-492	-98
79	0.0078	-158	44	-41
80	0.0079	374	128	-470
81	0.0080	161	-382	-545
82	0.0081	-277	111	915
83	0.0082	467	411	-115
84	0.0083	270	523	557
85	0.0084	-117	-232	284
86	0.0085	-376	-497	-520
87	0.0086	56	208	-276
88	0.0087	306	411	62
89	0.0088	370	526	457
90	0.0089	-28	7	889
91	0.0090	-737	-328	409
92	0.0091	265	-58	-628
93	0.0092	265	236	-271
94	0.0093	-4	-61	27
95	0.0094	325	-44	-44
96	0.0095	84	-10	-298
97	0.0096	-194	-147	495
98	0.0097	-275	271	300
99	0.0098	9	164	-89
100	0.0099	-109	249	262

电流增量数据 [1000Hz, 10点]
采样序号	时间(s)	A相电流(INT)	B相电流(INT)	C相电流(INT)
1	0.000	-2308	-636	2271
2	0.001	-2616	-636	463
3	0.002	-869	1208	-296
4	0.003	-296	-188	55
5	0.004	-461	545	3
6	0.005	-561	-348	223
7	0.006	-115	-199	-403
8	0.007	87	148	-687
9	0.008	346	1640	-542
10	0.009	254	1092	-75
================================================================================

=== 采集时间: 2025-12-05 15:46:22 (增量周期: 10.0ms) ===
振动增量数据 [等效10000Hz, 100点]
时序序号	时间(s)	X振动(INT)	Y振动(INT)	Z振动(INT)
1	0.0000	52	382	194
2	0.0001	-339	-328	66
3	0.0002	314	223	82
4	0.0003	-110	246	-97
5	0.0004	-6	-229	-68
6	0.0005	-123	252	14
7	0.0006	146	91	-15
8	0.0007	177	54	-20
9	0.0008	-58	-217	243
10	0.0009	-33	70	-29
11	0.0010	-238	-251	-229
12	0.0011	-126	-98	199
13	0.0012	-136	114	-93
14	0.0013	-98	48	450
15	0.0014	-170	131	-121
16	0.0015	120	-262	-165
17	0.0016	-311	194	148
18	0.0017	117	94	-33
19	0.0018	298	160	-409
20	0.0019	-140	-49	147
21	0.0020	-140	-29	140
22	0.0021	251	95	-293
23	0.0022	138	37	190
24	0.0023	-194	-186	44
25	0.0024	91	-155	-238
26	0.0025	-94	-19	-261
27	0.0026	-403	41	409
28	0.0027	369	-36	-333
29	0.0028	-122	-311	-57
30	0.0029	26	-273	93
31	0.0030	-49	103	-114
32	0.0031	-12	128	2
33	0.0032	56	103	-38
34	0.0033	-76	-159	-124
35	0.0034	140	0	56
36	0.0035	0	-191	-214
37	0.0036	254	455	517
38	0.0037	-575	141	504
39	0.0038	436	-176	-688
40	0.0039	-316	73	332
41	0.0040	-102	-271	-134
42	0.0041	332	248	-250
43	0.0042	155	-113	263
44	0.0043	-89	-121	-40
45	0.0044	208	-85	-370
46	0.0045	298	-27	-230
47	0.0046	-202	-211	-29
48	0.0047	-76	299	653
49	0.0048	60	270	-513
50	0.0049	420	-194	-107
51	0.0050	-420	-203	287
52	0.0051	537	84	-766
53	0.0052	-260	-290	103
54	0.0053	-677	97	632
55	0.0054	13	1210	524
56	0.0055	-31	177	577
57	0.0056	-656	-249	481
58	0.0057	-242	-160	-24
59	0.0058	83	83	-683
60	0.0059	429	-233	-950
61	0.0060	-63	-311	533
62	0.0061	-68	617	348
63	0.0062	459	-61	-342
64	0.0063	-177	-15	1081
65	0.0064	157	-681	-898
66	0.0065	544	22	-473
67	0.0066	-336	532	352
68	0.0067	-46	-330	-404
69	0.0068	37	250	-29
70	0.0069	-208	-140	44
71	0.0070	-277	71	459
72	0.0071	-289	289	-83
73	0.0072	-29	-19	121
74	0.0073	180	-142	-524
75	0.0074	443	-177	-178
76	0.0075	-375	-28	221
77	0.0076	168	-292	198
78	0.0077	288	142	-645
79	0.0078	262	-630	-286
80	0.0079	-62	-119	-40
81	0.0080	254	-296	-839
82	0.0081	513	403	105
83	0.0082	-57	128	407
84	0.0083	387	253	366
85	0.0084	-28	361	198
86	0.0085	-592	-607	-45
87	0.0086	-59	74	-576
88	0.0087	225	384	46
89	0.0088	249	459	544
90	0.0089	-21	182	699
91	0.0090	-81	-778	-237
92	0.0091	-14	382	311
93	0.0092	-669	-49	658
94	0.0093	143	342	-460
95	0.0094	412	22	-408
96	0.0095	-45	-488	-7
97	0.0096	99	257	477
98	0.0097	99	296	486
99	0.0098	-301	289	103
100	0.0099	-251	-65	-340

电流增量数据 [1000Hz, 10点]
采样序号	时间(s)	A相电流(INT)	B相电流(INT)	C相电流(INT)
1	0.000	2498	-2896	-260
2	0.001	932	-5638	1372
3	0.002	29	-1282	953
4	0.003	10	-542	286
5	0.004	-132	97	581
6	0.005	246	-1293	67
7	0.006	-549	-889	462
8	0.007	-421	-387	339
9	0.008	-519	99	265
10	0.009	266	3133	-1023
================================================================================

=== 采集时间: 2025-12-05 15:46:23 (增量周期: 10.0ms) ===
振动增量数据 [等效10000Hz, 100点]
时序序号	时间(s)	X振动(INT)	Y振动(INT)	Z振动(INT)
1	0.0000	399	165	-375
2	0.0001	-122	-33	-121
3	0.0002	-293	-510	-102
4	0.0003	-258	389	555
5	0.0004	-255	996	553
6	0.0005	234	108	206
7	0.0006	-688	220	1279
8	0.0007	261	-276	-1159
9	0.0008	-76	-92	-62
10	0.0009	-42	-153	-251
11	0.0010	317	-16	-392
12	0.0011	65	604	520
13	0.0012	13	-71	300
14	0.0013	-7	-259	123
15	0.0014	-46	-304	57
16	0.0015	139	-136	-894
17	0.0016	-331	-76	70
18	0.0017	-34	318	-36
19	0.0018	-469	-292	-33
20	0.0019	233	71	73
21	0.0020	-105	-19	69
22	0.0021	-361	-7	361
23	0.0022	378	286	-268
24	0.0023	191	-391	-464
25	0.0024	41	27	91
26	0.0025	276	113	14
27	0.0026	-153	-108	113
28	0.0027	113	-275	-67
29	0.0028	58	-263	-537
30	0.0029	150	-59	-46
31	0.0030	-12	-11	-316
32	0.0031	176	-113	-350
33	0.0032	398	304	460
34	0.0033	-203	-144	155
35	0.0034	114	617	931
36	0.0035	-725	-138	407
37	0.0036	219	-390	-1262
38	0.0037	507	488	195
39	0.0038	-301	18	743
40	0.0039	328	266	1
41	0.0040	87	188	623
42	0.0041	-544	-176	255
43	0.0042	238	-65	-651
44	0.0043	215	-100	-156
45	0.0044	-576	-132	331
46	0.0045	438	340	-269
47	0.0046	-17	113	76
48	0.0047	-127	-264	630
49	0.0048	-98	185	-29
50	0.0049	-226	120	-181
51	0.0050	-117	-72	-491
52	0.0051	236	22	-171
53	0.0052	-173	151	392
54	0.0053	57	-152	22
55	0.0054	-24	245	357
56	0.0055	-314	-117	305
57	0.0056	-460	-91	-331
58	0.0057	312	26	-530
59	0.0058	-204	-48	104
60	0.0059	95	82	336
61	0.0060	140	101	-44
62	0.0061	15	263	405
63	0.0062	-319	-404	-145
64	0.0063	-96	-178	-693
65	0.0064	301	420	39
66	0.0065	-215	-181	189
67	0.0066	164	-233	-145
68	0.0067	225	24	-17
69	0.0068	-318	16	326
70	0.0069	-211	275	320
71	0.0070	-152	107	-111
72	0.0071	-152	-123	-36
73	0.0072	190	-189	-418
74	0.0073	-63	-127	-118
75	0.0074	-4	50	575
76	0.0075	-258	295	109
77	0.0076	-114	-315	-207
78	0.0077	6	6	-92
79	0.0078	-352	-100	97
80	0.0079	511	591	221
81	0.0080	78	138	208
82	0.0081	178	-385	-61
83	0.0082	168	176	-100
84	0.0083	-70	20	127
85	0.0084	-161	126	-190
86	0.0085	178	14	-225
87	0.0086	-8	-182	48
88	0.0087	315	-48	144
89	0.0088	-16	33	48
90	0.0089	120	391	198
91	0.0090	-540	-100	180
92	0.0091	-269	-245	-260
93	0.0092	419	208	-567
94	0.0093	-264	-183	523
95	0.0094	53	108	46
96	0.0095	693	185	-344
97	0.0096	-281	-127	549
98	0.0097	-67	-176	-364
99	0.0098	146	193	-124
100	0.0099	-215	229	219

电流增量数据 [1000Hz, 10点]
采样序号	时间(s)	A相电流(INT)	B相电流(INT)	C相电流(INT)
1	0.000	458	262	-404
2	0.001	113	-1296	351
3	0.002	-60	-1062	546
4	0.003	-25	-1357	281
5	0.004	-782	3481	255
6	0.005	-1498	126	1485
7	0.006	-1602	3241	-2
8	0.007	-502	1046	-266
9	0.008	-465	1371	-80
10	0.009	31	37	-464
================================================================================

=== 采集时间: 2025-12-05 15:46:23 (增量周期: 10.0ms) ===
振动增量数据 [等效10000Hz, 100点]
时序序号	时间(s)	X振动(INT)	Y振动(INT)	Z振动(INT)
1	0.0000	-80	18	-158
2	0.0001	-391	184	-51
3	0.0002	-313	-59	225
4	0.0003	-199	-27	-62
5	0.0004	190	-279	-531
6	0.0005	-126	206	845
7	0.0006	-53	227	-526
8	0.0007	556	-45	-178
9	0.0008	-346	32	3
10	0.0009	95	-424	-256
11	0.0010	122	389	-151
12	0.0011	-66	-152	-23
13	0.0012	-101	198	427
14	0.0013	-209	13	138
15	0.0014	26	-34	28
16	0.0015	-286	86	183
17	0.0016	-27	20	-32
18	0.0017	-66	-8	33
19	0.0018	-58	-288	-238
20	0.0019	184	-20	-301
21	0.0020	15	131	311
22	0.0021	104	74	219
23	0.0022	144	37	-293
24	0.0023	-10	-135	103
25	0.0024	-362	-134	33
26	0.0025	150	36	-140
27	0.0026	396	202	-255
28	0.0027	74	-96	297
29	0.0028	-319	-68	263
30	0.0029	-215	6	-158
31	0.0030	-88	60	-40
32	0.0031	-289	-152	43
33	0.0032	856	-356	-1460
34	0.0033	-316	225	1612
35	0.0034	-314	60	48
36	0.0035	1056	27	-972
37	0.0036	-119	45	468
38	0.0037	-289	-646	-135
39	0.0038	446	384	-468
40	0.0039	-158	-85	33
41	0.0040	-162	-108	-76
42	0.0041	352	-29	-340
43	0.0042	-80	-169	178
44	0.0043	-507	69	373
45	0.0044	-139	1003	735
46	0.0045	-297	445	256
47	0.0046	-179	-379	195
48	0.0047	-117	-178	-118
49	0.0048	-237	-130	-486
50	0.0049	433	49	-470
51	0.0050	552	65	210
52	0.0051	-531	186	658
53	0.0052	103	-23	190
54	0.0053	-15	-109	232
55	0.0054	-259	-776	-297
56	0.0055	121	100	-265
57	0.0056	-341	534	148
58	0.0057	221	299	266
59	0.0058	-327	216	460
60	0.0059	-49	-311	-130
61	0.0060	-76	754	864
62	0.0061	-352	-14	-100
63	0.0062	729	-232	-962
64	0.0063	224	-109	-101
65	0.0064	58	-398	49
66	0.0065	20	240	254
67	0.0066	-19	-58	204
68	0.0067	266	-135	-464
69	0.0068	368	-442	-628
70	0.0069	-481	-405	-89
71	0.0070	295	-195	-598
72	0.0071	708	274	-723
73	0.0072	241	-83	821
74	0.0073	-72	500	735
75	0.0074	92	137	-115
76	0.0075	-384	-395	-533
77	0.0076	-263	-361	-265
78	0.0077	312	343	281
79	0.0078	181	986	558
80	0.0079	228	-151	644
81	0.0080	-343	-471	156
82	0.0081	-205	-148	-169
83	0.0082	60	377	33
84	0.0083	399	214	-693
85	0.0084	41	-529	-63
86	0.0085	-262	-46	457
87	0.0086	73	90	-209
88	0.0087	159	-183	-131
89	0.0088	-551	476	926
90	0.0089	-311	-21	-211
91	0.0090	597	3	-719
92	0.0091	-207	-216	196
93	0.0092	-53	9	324
94	0.0093	206	560	26
95	0.0094	-64	-250	333
96	0.0095	-418	-113	440
97	0.0096	-329	-12	-419
98	0.0097	-50	1	-271
99	0.0098	-40	-61	-75
100	0.0099	-50	-38	165

电流增量数据 [1000Hz, 10点]
采样序号	时间(s)	A相电流(INT)	B相电流(INT)	C相电流(INT)
1	0.000	-2028	1791	-109
2	0.001	-800	563	-765
3	0.002	-519	174	-61
4	0.003	-68	668	-318
5	0.004	3	1437	-361
6	0.005	611	-1216	-563
7	0.006	719	-649	-743
8	0.007	560	-1257	-794
9	0.008	1048	1077	271
10	0.009	560	-1025	841
================================================================================

=== 采集时间: 2025-12-05 15:46:23 (增量周期: 10.0ms) ===
振动增量数据 [等效10000Hz, 100点]
时序序号	时间(s)	X振动(INT)	Y振动(INT)	Z振动(INT)
1	0.0000	219	130	-411
2	0.0001	-149	395	493
3	0.0002	-362	-24	127
4	0.0003	259	-246	26
5	0.0004	-27	155	-7
6	0.0005	-111	241	772
7	0.0006	416	595	-525
8	0.0007	69	-412	-68
9	0.0008	-123	-106	393
10	0.0009	5	22	-269
11	0.0010	475	172	-268
12	0.0011	-376	-123	314
13	0.0012	88	-57	207
14	0.0013	88	233	-81
15	0.0014	156	-236	82
16	0.0015	-194	14	79
17	0.0016	31	16	-83
18	0.0017	-290	-172	130
19	0.0018	93	-206	-15
20	0.0019	79	308	87
21	0.0020	-279	194	63
22	0.0021	317	-135	-261
23	0.0022	-191	114	99
24	0.0023	-294	113	366
25	0.0024	93	380	32
26	0.0025	315	-174	-487
27	0.0026	187	-66	219
28	0.0027	-143	52	198
29	0.0028	366	-11	-452
30	0.0029	-145	-162	-297
31	0.0030	-302	-381	266
32	0.0031	-397	128	249
33	0.0032	9	-31	-421
34	0.0033	-37	33	37
35	0.0034	-665	-268	609
36	0.0035	-55	-19	-432
37	0.0036	265	374	-57
38	0.0037	-138	-70	350
39	0.0038	109	144	-178
40	0.0039	87	66	174
41	0.0040	-96	-44	-77
42	0.0041	37	40	-117
43	0.0042	285	53	-113
44	0.0043	-332	15	92
45	0.0044	197	-317	-128
46	0.0045	-272	5	-276
47	0.0046	-131	-98	551
48	0.0047	-267	312	106
49	0.0048	232	-301	-345
50	0.0049	-128	-161	-81
51	0.0050	63	65	-119
52	0.0051	23	23	-124
53	0.0052	227	125	91
54	0.0053	178	41	105
55	0.0054	-62	-76	50
56	0.0055	57	-2	109
57	0.0056	-136	134	-106
58	0.0057	125	92	7
59	0.0058	-88	3	-14
60	0.0059	36	-407	-487
61	0.0060	-125	508	858
62	0.0061	-455	-32	305
63	0.0062	433	30	-706
64	0.0063	317	-307	-205
65	0.0064	-608	-95	977
66	0.0065	238	246	-331
67	0.0066	879	325	-838
68	0.0067	-435	-357	862
69	0.0068	-284	-356	-255
70	0.0069	592	270	-620
71	0.0070	-235	-11	163
72	0.0071	-250	-212	56
73	0.0072	155	2	-508
74	0.0073	-194	117	545
75	0.0074	-369	784	885
76	0.0075	32	474	682
77	0.0076	-32	32	-291
78	0.0077	-473	-660	169
79	0.0078	-168	-16	-637
80	0.0079	604	-41	-1099
81	0.0080	292	-179	319
82	0.0081	-85	509	906
83	0.0082	254	117	-17
84	0.0083	146	-287	-46
85	0.0084	-365	-682	-217
86	0.0085	-255	-40	-303
87	0.0086	-12	675	-171
88	0.0087	-41	77	142
89	0.0088	881	-91	-968
90	0.0089	-733	-494	1064
91	0.0090	-614	-157	-38
92	0.0091	489	276	-1259
93	0.0092	-277	-62	262
94	0.0093	-157	-14	279
95	0.0094	702	11	-148
96	0.0095	37	80	452
97	0.0096	-322	-473	294
98	0.0097	281	-221	-871
99	0.0098	483	177	-512
100	0.0099	-644	-655	353

电流增量数据 [1000Hz, 10点]
采样序号	时间(s)	A相电流(INT)	B相电流(INT)	C相电流(INT)
1	0.000	-156	713	-850
2	0.001	2180	-1709	-2297
3	0.002	2635	-3781	-457
4	0.003	1219	-2858	1288
5	0.004	47	-3531	1307
6	0.005	390	117	-267
7	0.006	431	42	-84
8	0.007	297	881	57
9	0.008	-622	-411	482
10	0.009	-436	-389	363
================================================================================

=== 采集时间: 2025-12-05 15:46:24 (增量周期: 10.0ms) ===
振动增量数据 [等效10000Hz, 100点]
时序序号	时间(s)	X振动(INT)	Y振动(INT)	Z振动(INT)
1	0.0000	-275	-328	-436
2	0.0001	469	199	-588
3	0.0002	-246	-115	395
4	0.0003	-362	-166	90
5	0.0004	203	-113	-327
6	0.0005	-259	-33	-174
7	0.0006	-237	-79	243
8	0.0007	41	552	140
9	0.0008	15	50	-33
10	0.0009	58	-87	71
11	0.0010	-149	-12	-34
12	0.0011	266	33	-136
13	0.0012	56	92	147
14	0.0013	-44	-251	-166
15	0.0014	-4	13	-109
16	0.0015	-323	-102	-121
17	0.0016	159	-157	-297
18	0.0017	-207	-27	340
19	0.0018	-174	-172	305
20	0.0019	39	111	-274
21	0.0020	-85	-207	-61
22	0.0021	-21	56	213
23	0.0022	-54	188	83
24	0.0023	253	105	-336
25	0.0024	238	-10	241
26	0.0025	-486	-221	463
27	0.0026	268	353	-135
28	0.0027	228	201	-203
29	0.0028	-437	-394	345
30	0.0029	374	164	-976
31	0.0030	-237	-226	562
32	0.0031	-286	80	74
33	0.0032	368	-229	-432
34	0.0033	157	23	20
35	0.0034	-186	-237	164
36	0.0035	237	267	86
37	0.0036	293	190	-374
38	0.0037	250	-250	-40
39	0.0038	-194	-110	-94
40	0.0039	218	23	-10
41	0.0040	-10	197	-57
42	0.0041	30	-215	-57
43	0.0042	-284	-155	-221
44	0.0043	-230	32	328
45	0.0044	-203	992	721
46	0.0045	-58	303	534
47	0.0046	-481	352	1146
48	0.0047	-155	-169	-312
49	0.0048	134	-388	-1179
50	0.0049	224	-138	-280
51	0.0050	-152	-473	305
52	0.0051	-42	259	135
53	0.0052	511	304	-55
54	0.0053	-93	-373	363
55	0.0054	36	-800	-560
56	0.0055	-397	224	623
57	0.0056	259	653	-1224
58	0.0057	210	-53	448
59	0.0058	-709	-220	671
60	0.0059	-45	-37	-608
61	0.0060	613	219	-495
62	0.0061	-490	-364	70
63	0.0062	97	-117	33
64	0.0063	336	458	-299
65	0.0064	-8	-84	246
66	0.0065	-110	-352	-207
67	0.0066	45	-280	3
68	0.0067	218	27	24
69	0.0068	369	-407	-727
70	0.0069	535	92	-252
71	0.0070	-418	-471	-341
72	0.0071	514	-418	-607
73	0.0072	198	212	-111
74	0.0073	-128	347	877
75	0.0074	15	672	388
76	0.0075	-162	-510	-291
77	0.0076	-440	-375	83
78	0.0077	-54	355	326
79	0.0078	668	834	-89
80	0.0079	225	-113	182
81	0.0080	-268	-596	567
82	0.0081	-182	112	-40
83	0.0082	176	5	-744
84	0.0083	-71	142	744
85	0.0084	-100	-394	-513
86	0.0085	656	-212	-785
87	0.0086	-269	48	764
88	0.0087	-221	-57	166
89	0.0088	-168	497	67
90	0.0089	-370	73	344
91	0.0090	62	-78	79
92	0.0091	144	-12	-456
93	0.0092	36	159	327
94	0.0093	-579	156	383
95	0.0094	160	-65	52
96	0.0095	-91	120	-29
97	0.0096	53	-164	302
98	0.0097	-208	135	-261
99	0.0098	61	-319	-538
100	0.0099	-81	-10	71

电流增量数据 [1000Hz, 10点]
采样序号	时间(s)	A相电流(INT)	B相电流(INT)	C相电流(INT)
1	0.000	-883	1649	-1218
2	0.001	534	-1659	-1516
3	0.002	-287	934	-128
4	0.003	68	267	-586
5	0.004	334	1117	-576
6	0.005	428	-429	-612
7	0.006	579	-347	-572
8	0.007	386	-366	-213
9	0.008	156	787	416
10	0.009	180	1053	868
================================================================================

=== 采集时间: 2025-12-05 15:46:24 (增量周期: 10.0ms) ===
振动增量数据 [等效10000Hz, 100点]
时序序号	时间(s)	X振动(INT)	Y振动(INT)	Z振动(INT)
1	0.0000	-192	192	253
2	0.0001	-21	112	404
3	0.0002	77	148	5
4	0.0003	-38	-318	-323
5	0.0004	-358	161	311
6	0.0005	-170	310	-128
7	0.0006	122	-139	-495
8	0.0007	318	-7	7
9	0.0008	-106	-88	333
10	0.0009	211	227	182
11	0.0010	-51	163	20
12	0.0011	-266	-237	-187
13	0.0012	30	-155	-449
14	0.0013	103	-126	-470
15	0.0014	-58	-122	422
16	0.0015	100	373	335
17	0.0016	161	32	50
18	0.0017	-63	-119	-225
19	0.0018	-503	-279	117
20	0.0019	70	269	-115
21	0.0020	186	299	-151
22	0.0021	368	-38	112
23	0.0022	30	-4	407
24	0.0023	-141	118	407
25	0.0024	-247	144	65
26	0.0025	173	-136	-272
27	0.0026	-55	-98	-338
28	0.0027	249	-351	-201
29	0.0028	96	73	104
30	0.0029	-195	122	401
31	0.0030	45	267	160
32	0.0031	-280	-48	123
33	0.0032	-195	-61	146
34	0.0033	-125	121	-170
35	0.0034	28	-14	-181
36	0.0035	364	150	-187
37	0.0036	309	-53	31
38	0.0037	165	274	555
39	0.0038	-213	-8	71
40	0.0039	236	95	-426
41	0.0040	-75	-155	73
42	0.0041	-98	-207	-154
43	0.0042	391	107	-307
44	0.0043	229	-19	-161
45	0.0044	-174	-57	387
46	0.0045	-110	346	302
47	0.0046	-332	96	202
48	0.0047	-353	-78	-31
49	0.0048	-172	-55	-208
50	0.0049	135	121	-216
51	0.0050	309	394	-101
52	0.0051	-243	-193	370
53	0.0052	182	99	293
54	0.0053	336	323	-764
55	0.0054	-528	-488	1098
56	0.0055	45	54	-655
57	0.0056	415	-178	-378
58	0.0057	-139	220	545
59	0.0058	-59	-85	-121
60	0.0059	343	208	241
61	0.0060	-568	-71	74
62	0.0061	-457	-347	200
63	0.0062	-252	562	27
64	0.0063	201	92	-479
65	0.0064	302	-288	6
66	0.0065	22	-301	-242
67	0.0066	112	-46	-224
68	0.0067	-92	62	152
69	0.0068	139	-104	-233
70	0.0069	97	-68	140
71	0.0070	109	-61	-181
72	0.0071	-409	58	469
73	0.0072	389	-126	-779
74	0.0073	118	-58	319
75	0.0074	26	180	420
76	0.0075	3	181	-153
77	0.0076	92	216	-152
78	0.0077	-169	-96	62
79	0.0078	14	58	79
80	0.0079	383	203	161
81	0.0080	-213	-138	294
82	0.0081	617	197	-906
83	0.0082	-38	-307	525
84	0.0083	-708	-204	407
85	0.0084	869	104	-1013
86	0.0085	204	237	420
87	0.0086	-775	-293	549
88	0.0087	253	-33	-92
89	0.0088	-329	403	296
90	0.0089	-219	-129	365
91	0.0090	-175	233	-131
92	0.0091	343	31	-152
93	0.0092	-212	-57	104
94	0.0093	-49	-48	23
95	0.0094	176	248	-417
96	0.0095	3	-62	79
97	0.0096	-94	0	377
98	0.0097	240	120	-164
99	0.0098	37	49	-17
100	0.0099	-200	-151	288

电流增量数据 [1000Hz, 10点]
采样序号	时间(s)	A相电流(INT)	B相电流(INT)	C相电流(INT)
1	0.000	-217	-1241	1646
2	0.001	-266	1881	689
3	0.002	-130	-524	476
4	0.003	-559	788	401
5	0.004	-266	-26	138
6	0.005	-580	1198	135
7	0.006	-388	1698	-173
8	0.007	-166	202	-413
9	0.008	2179	704	-2275
10	0.009	2529	-4570	-605
================================================================================

=== 采集时间: 2025-12-05 15:46:25 (增量周期: 10.0ms) ===
振动增量数据 [等效10000Hz, 100点]
时序序号	时间(s)	X振动(INT)	Y振动(INT)	Z振动(INT)
1	0.0000	248	-213	-175
2	0.0001	-284	109	733
3	0.0002	182	301	28
4	0.0003	207	-118	237
5	0.0004	-165	-544	-518
6	0.0005	104	-411	-591
7	0.0006	-542	380	165
8	0.0007	133	178	-147
9	0.0008	52	252	159
10	0.0009	-94	-131	512
11	0.0010	-378	-95	15
12	0.0011	140	-378	-1008
13	0.0012	33	774	1097
14	0.0013	-249	131	216
15	0.0014	1096	201	-610
16	0.0015	-143	-228	142
17	0.0016	-11	-949	-302
18	0.0017	442	118	-633
19	0.0018	300	-153	-114
20	0.0019	233	154	-113
21	0.0020	-165	-616	-401
22	0.0021	152	-319	-616
23	0.0022	-85	180	337
24	0.0023	104	655	778
25	0.0024	-50	586	718
26	0.0025	-78	-387	-183
27	0.0026	-94	-533	-543
28	0.0027	169	-28	-417
29	0.0028	309	656	340
30	0.0029	22	410	568
31	0.0030	-203	-183	664
32	0.0031	-329	-297	-96
33	0.0032	187	-170	-449
34	0.0033	152	-104	-478
35	0.0034	-97	-165	217
36	0.0035	-63	416	58
37	0.0036	-50	-92	105
38	0.0037	148	16	236
39	0.0038	-606	-176	511
40	0.0039	-156	57	-251
41	0.0040	171	676	32
42	0.0041	-349	-321	592
43	0.0042	449	13	-618
44	0.0043	11	-38	270
45	0.0044	-555	-181	486
46	0.0045	-74	138	-76
47	0.0046	113	197	11
48	0.0047	-232	103	-88
49	0.0048	-8	-707	-576
50	0.0049	-242	49	22
51	0.0050	323	463	276
52	0.0051	137	50	-41
53	0.0052	-71	-365	127
54	0.0053	-568	-108	-107
55	0.0054	-8	177	-398
56	0.0055	-224	125	127
57	0.0056	432	-151	-51
58	0.0057	338	141	-63
59	0.0058	-58	-187	416
60	0.0059	-251	148	189
61	0.0060	-101	95	-348
62	0.0061	-27	-34	-226
63	0.0062	13	-193	-64
64	0.0063	112	18	-357
65	0.0064	93	74	340
66	0.0065	-597	111	546
67	0.0066	104	-211	-312
68	0.0067	155	478	202
69	0.0068	-627	-243	482
70	0.0069	215	-54	-401
71	0.0070	411	284	-230
72	0.0071	74	-221	250
73	0.0072	186	120	40
74	0.0073	187	142	425
75	0.0074	-478	66	16
76	0.0075	-98	-24	63
77	0.0076	124	-84	-597
78	0.0077	-42	-190	256
79	0.0078	113	66	109
80	0.0079	31	-83	87
81	0.0080	-161	118	-40
82	0.0081	-229	-119	-93
83	0.0082	-220	-76	-106
84	0.0083	-10	126	120
85	0.0084	163	37	-136
86	0.0085	464	278	249
87	0.0086	37	-117	148
88	0.0087	5	-149	-36
89	0.0088	11	152	-71
90	0.0089	52	50	-20
91	0.0090	-57	31	-12
92	0.0091	143	-36	-34
93	0.0092	-114	60	121
94	0.0093	27	-134	-257
95	0.0094	-138	-115	234
96	0.0095	116	438	-98
97	0.0096	-259	-113	579
98	0.0097	-416	-126	-128
99	0.0098	107	-57	-473
100	0.0099	131	121	238

电流增量数据 [1000Hz, 10点]
采样序号	时间(s)	A相电流(INT)	B相电流(INT)	C相电流(INT)
1	0.000	-130	235	573
2	0.001	-179	-695	542
3	0.002	-662	-542	733
4	0.003	-639	-104	219
5	0.004	-518	3350	117
6	0.005	-532	1187	-97
7	0.006	-336	2348	-463
8	0.007	-119	21	-402
9	0.008	281	393	-461
10	0.009	504	-26	-480
================================================================================

=== 采集时间: 2025-12-05 15:46:25 (增量周期: 10.0ms) ===
振动增量数据 [等效10000Hz, 100点]
时序序号	时间(s)	X振动(INT)	Y振动(INT)	Z振动(INT)
1	0.0000	-64	-113	-20
2	0.0001	140	-54	-145
3	0.0002	210	-202	-408
4	0.0003	237	242	80
5	0.0004	-596	-2	712
6	0.0005	-12	39	-552
7	0.0006	114	303	366
8	0.0007	-794	-456	594
9	0.0008	274	402	-268
10	0.0009	550	202	-259
11	0.0010	-66	-233	23
12	0.0011	-266	-266	-154
13	0.0012	-58	404	350
14	0.0013	-276	350	-25
15	0.0014	116	-382	75
16	0.0015	244	-85	-191
17	0.0016	54	-409	-145
18	0.0017	-31	144	73
19	0.0018	-24	202	-184
20	0.0019	348	2	20
21	0.0020	-40	-57	267
22	0.0021	-259	-97	238
23	0.0022	-271	304	-224
24	0.0023	32	-33	-338
25	0.0024	127	-42	-304
26	0.0025	309	-84	92
27	0.0026	-106	60	-21
28	0.0027	-53	-277	7
29	0.0028	-19	-65	-40
30	0.0029	96	131	40
31	0.0030	473	165	-436
32	0.0031	-207	-237	187
33	0.0032	-29	40	369
34	0.0033	-414	-366	-139
35	0.0034	1231	616	-872
36	0.0035	-229	62	868
37	0.0036	-495	-249	427
38	0.0037	579	611	-514
39	0.0038	221	27	-107
40	0.0039	-233	-313	-36
41	0.0040	84	-109	-195
42	0.0041	71	641	189
43	0.0042	121	2	271
44	0.0043	130	-266	18
45	0.0044	13	-176	-134
46	0.0045	-164	-294	-87
47	0.0046	-144	44	109
48	0.0047	369	-8	-183
49	0.0048	-113	-181	-123
50	0.0049	-157	13	397
51	0.0050	-230	313	60
52	0.0051	-106	-173	-25
53	0.0052	101	193	-4
54	0.0053	144	101	-177
55	0.0054	-89	139	40
56	0.0055	-74	117	7
57	0.0056	31	177	93
58	0.0057	355	-33	35
59	0.0058	-80	-225	143
60	0.0059	133	-63	-461
61	0.0060	-409	-131	-59
62	0.0061	138	-2	11
63	0.0062	-203	-12	-122
64	0.0063	-85	-430	-113
65	0.0064	-319	237	354
66	0.0065	-195	24	63
67	0.0066	139	160	-397
68	0.0067	-114	-51	101
69	0.0068	86	-12	-126
70	0.0069	-96	150	43
71	0.0070	2	79	189
72	0.0071	14	154	157
73	0.0072	-23	-93	26
74	0.0073	-40	-166	-165
75	0.0074	-29	-66	-124
76	0.0075	-164	-17	92
77	0.0076	185	214	-230
78	0.0077	-78	-314	93
79	0.0078	-264	-224	152
80	0.0079	-83	176	-62
81	0.0080	163	310	62
82	0.0081	73	75	253
83	0.0082	-34	-216	69
84	0.0083	147	-41	-241
85	0.0084	49	-200	-516
86	0.0085	40	428	580
87	0.0086	-418	122	431
88	0.0087	292	30	-332
89	0.0088	-49	-95	53
90	0.0089	-407	-311	204
91	0.0090	11	374	138
92	0.0091	74	109	-62
93	0.0092	110	61	62
94	0.0093	-187	-266	39
95	0.0094	214	30	-94
96	0.0095	-6	10	-17
97	0.0096	27	-44	37
98	0.0097	104	62	-289
99	0.0098	-47	-28	687
100	0.0099	52	109	-815

电流增量数据 [1000Hz, 10点]
采样序号	时间(s)	A相电流(INT)	B相电流(INT)	C相电流(INT)
1	0.000	-419	682	-7
2	0.001	517	-537	-643
3	0.002	661	960	-469
4	0.003	773	-142	-258
5	0.004	4	-1679	2271
6	0.005	-2041	-3377	2449
7	0.006	-1028	-2914	2251
8	0.007	-1372	-627	1378
9	0.008	-148	-807	448
10	0.009	-623	-70	452
================================================================================

=== 采集时间: 2025-12-05 15:46:25 (增量周期: 10.0ms) ===
振动增量数据 [等效10000Hz, 100点]
时序序号	时间(s)	X振动(INT)	Y振动(INT)	Z振动(INT)
1	0.0000	-508	335	443
2	0.0001	-282	-304	-141
3	0.0002	-166	6	-81
4	0.0003	67	-92	41
5	0.0004	161	310	245
6	0.0005	305	-23	3
7	0.0006	174	91	-20
8	0.0007	-384	-114	305
9	0.0008	177	43	-461
10	0.0009	-172	44	100
11	0.0010	77	43	249
12	0.0011	82	-16	9
13	0.0012	338	-81	-141
14	0.0013	-412	-122	44
15	0.0014	-101	-57	-217
16	0.0015	-37	457	-190
17	0.0016	-126	-260	130
18	0.0017	-395	-189	472
19	0.0018	-91	309	83
20	0.0019	75	195	-132
21	0.0020	-149	-260	-115
22	0.0021	-15	-189	-11
23	0.0022	-301	327	374
24	0.0023	-255	357	550
25	0.0024	7	27	-121
26	0.0025	458	-215	-110
27	0.0026	-326	-378	166
28	0.0027	71	-101	-538
29	0.0028	56	271	194
30	0.0029	-271	-213	-31
31	0.0030	334	52	408
32	0.0031	-131	257	148
33	0.0032	-19	-190	-217
34	0.0033	202	-7	-251
35	0.0034	-192	-138	-308
36	0.0035	140	259	20
37	0.0036	62	6	-200
38	0.0037	40	-497	-177
39	0.0038	-58	-314	-10
40	0.0039	120	-61	-3
41	0.0040	135	453	-166
42	0.0041	-156	117	630
43	0.0042	-221	-328	-460
44	0.0043	268	-405	5
45	0.0044	171	314	114
46	0.0045	211	421	417
47	0.0046	160	497	129
48	0.0047	-251	-168	-85
49	0.0048	250	-322	-490
50	0.0049	101	79	-130
51	0.0050	138	-89	-122
52	0.0051	-58	256	259
53	0.0052	-127	185	189
54	0.0053	287	-104	-61
55	0.0054	-126	-377	-145
56	0.0055	33	232	408
57	0.0056	-293	-151	-165
58	0.0057	378	19	-59
59	0.0058	5	9	87
60	0.0059	-194	-178	168
61	0.0060	-152	225	-111
62	0.0061	33	27	-140
63	0.0062	-152	239	305
64	0.0063	73	60	178
65	0.0064	-68	27	-225
66	0.0065	57	27	62
67	0.0066	-29	155	187
68	0.0067	117	6	-166
69	0.0068	426	-109	-143
70	0.0069	-644	-365	259
71	0.0070	-155	-58	-106
72	0.0071	-24	377	14
73	0.0072	-260	-14	448
74	0.0073	-160	-117	109
75	0.0074	-68	-229	-512
76	0.0075	16	31	-91
77	0.0076	-254	148	236
78	0.0077	197	239	-177
79	0.0078	148	66	53
80	0.0079	-279	-301	49
81	0.0080	56	134	15
82	0.0081	67	186	-67
83	0.0082	-127	-199	62
84	0.0083	472	146	-697
85	0.0084	-196	-462	348
86	0.0085	-249	181	263
87	0.0086	-104	53	78
88	0.0087	155	66	-235
89	0.0088	-341	-396	176
90	0.0089	-40	-32	-118
91	0.0090	20	304	142
92	0.0091	54	-89	121
93	0.0092	155	3	-113
94	0.0093	232	-15	-88
95	0.0094	-249	-96	236
96	0.0095	46	-172	-432
97	0.0096	331	263	-194
98	0.0097	-639	-143	688
99	0.0098	402	27	-522
100	0.0099	2	189	96

电流增量数据 [1000Hz, 10点]
采样序号	时间(s)	A相电流(INT)	B相电流(INT)	C相电流(INT)
1	0.000	38	-56	378
2	0.001	-26	389	318
3	0.002	-810	-101	190
4	0.003	-447	2249	-460
5	0.004	-278	2131	-810
6	0.005	-508	366	-1763
7	0.006	1172	-1065	-2591
8	0.007	1946	-1737	-2130
9	0.008	1594	-992	-469
10	0.009	543	-1511	-551
================================================================================

=== 采集时间: 2025-12-05 15:46:26 (增量周期: 10.0ms) ===
振动增量数据 [等效10000Hz, 100点]
时序序号	时间(s)	X振动(INT)	Y振动(INT)	Z振动(INT)
1	0.0000	-47	-83	-167
2	0.0001	530	-61	-256
3	0.0002	-332	249	643
4	0.0003	-224	95	482
5	0.0004	88	-55	-517
6	0.0005	-27	-17	673
7	0.0006	-186	-112	-297
8	0.0007	390	-255	-667
9	0.0008	242	210	13
10	0.0009	-164	-435	63
11	0.0010	298	167	-127
12	0.0011	-147	301	504
13	0.0012	-752	-42	480
14	0.0013	-324	33	-495
15	0.0014	298	-193	-632
16	0.0015	36	-100	152
17	0.0016	422	244	-55
18	0.0017	103	-92	193
19	0.0018	24	-391	-197
20	0.0019	293	-182	-504
21	0.0020	-46	-68	-498
22	0.0021	-178	-15	276
23	0.0022	-264	295	412
24	0.0023	109	-134	176
25	0.0024	127	186	125
26	0.0025	83	240	451
27	0.0026	9	411	-33
28	0.0027	178	109	-88
29	0.0028	116	-12	-77
30	0.0029	138	-102	-174
31	0.0030	296	58	-256
32	0.0031	-105	-132	247
33	0.0032	-62	92	216
34	0.0033	383	107	-257
35	0.0034	58	-194	110
36	0.0035	-383	-460	54
37	0.0036	114	376	-51
38	0.0037	259	214	152
39	0.0038	-102	-462	-319
40	0.0039	57	87	370
41	0.0040	-200	399	-4
42	0.0041	-281	-89	2
43	0.0042	87	236	54
44	0.0043	-175	-75	116
45	0.0044	289	257	-121
46	0.0045	20	-71	-152
47	0.0046	-28	11	309
48	0.0047	190	108	-117
49	0.0048	212	-189	-233
50	0.0049	-44	-207	-42
51	0.0050	-91	128	26
52	0.0051	-72	-84	-130
53	0.0052	-204	-87	236
54	0.0053	18	-8	-149
55	0.0054	-57	-31	-124
56	0.0055	-294	-15	134
57	0.0056	-105	83	-28
58	0.0057	187	359	-29
59	0.0058	71	-212	5
60	0.0059	-194	-53	348
61	0.0060	493	320	-965
62	0.0061	-164	-259	486
63	0.0062	-357	74	400
64	0.0063	248	35	-547
65	0.0064	387	235	6
66	0.0065	-729	-392	481
67	0.0066	129	121	90
68	0.0067	202	489	-286
69	0.0068	-198	-526	228
70	0.0069	-177	-75	-160
71	0.0070	130	189	-88
72	0.0071	168	190	113
73	0.0072	2	-281	-10
74	0.0073	30	65	110
75	0.0074	-141	39	41
76	0.0075	197	-80	-209
77	0.0076	146	48	-149
78	0.0077	-61	-78	366
79	0.0078	-173	269	126
80	0.0079	315	-174	-541
81	0.0080	-296	-33	198
82	0.0081	-172	-102	234
83	0.0082	122	130	-338
84	0.0083	234	-76	-20
85	0.0084	-314	-74	433
86	0.0085	258	128	-207
87	0.0086	634	39	-491
88	0.0087	-280	-345	726
89	0.0088	378	161	-895
90	0.0089	169	-28	117
91	0.0090	-459	-176	155
92	0.0091	147	-140	-375
93	0.0092	274	107	-448
94	0.0093	-250	-122	590
95	0.0094	-403	744	787
96	0.0095	40	660	511
97	0.0096	-450	67	187
98	0.0097	-494	-514	-28
99	0.0098	11	0	-632
100	0.0099	422	-132	-809

电流增量数据 [1000Hz, 10点]
采样序号	时间(s)	A相电流(INT)	B相电流(INT)	C相电流(INT)
1	0.000	500	-1999	291
2	0.001	137	142	391
3	0.002	265	118	660
4	0.003	-2812	1419	2197
5	0.004	-2597	2496	201
6	0.005	-2876	203	1057
7	0.006	-1313	1636	-44
8	0.007	-450	-1685	31
9	0.008	-546	1365	-114
10	0.009	-299	558	-260
================================================================================

=== 采集时间: 2025-12-05 15:46:26 (增量周期: 10.0ms) ===
振动增量数据 [等效10000Hz, 100点]
时序序号	时间(s)	X振动(INT)	Y振动(INT)	Z振动(INT)
1	0.0000	242	180	30
2	0.0001	-519	-271	754
3	0.0002	-136	112	-117
4	0.0003	134	318	120
5	0.0004	-275	-117	16
6	0.0005	343	-200	-195
7	0.0006	124	-93	-278
8	0.0007	-429	-191	116
9	0.0008	117	210	-114
10	0.0009	-24	-23	-124
11	0.0010	78	22	490
12	0.0011	-258	15	263
13	0.0012	78	80	-388
14	0.0013	15	65	28
15	0.0014	-109	-228	-254
16	0.0015	750	-50	-749
17	0.0016	-64	86	340
18	0.0017	-502	-245	507
19	0.0018	610	-83	-912
20	0.0019	120	-315	-494
21	0.0020	-190	36	837
22	0.0021	-175	236	-214
23	0.0022	399	-65	-603
24	0.0023	-431	-155	747
25	0.0024	-307	-300	-29
26	0.0025	955	1014	-494
27	0.0026	-502	-266	787
28	0.0027	-224	-221	73
29	0.0028	233	421	-231
30	0.0029	125	24	300
31	0.0030	87	-101	46
32	0.0031	182	45	-85
33	0.0032	75	235	30
34	0.0033	-88	-341	6
35	0.0034	284	-117	-560
36	0.0035	87	208	326
37	0.0036	-461	-206	589
38	0.0037	-36	-59	-482
39	0.0038	160	121	263
40	0.0039	-495	-114	101
41	0.0040	300	131	-246
42	0.0041	-113	339	212
43	0.0042	-237	-118	457
44	0.0043	74	309	-71
45	0.0044	-33	-62	-225
46	0.0045	90	-27	-102
47	0.0046	99	-29	-162
48	0.0047	211	114	39
49	0.0048	78	75	129
50	0.0049	-101	-337	131
51	0.0050	-8	22	-351
52	0.0051	-202	-25	83
53	0.0052	-452	-119	332
54	0.0053	313	216	-760
55	0.0054	-263	-223	575
56	0.0055	-423	-140	-40
57	0.0056	127	77	-222
58	0.0057	77	390	173
59	0.0058	-83	-134	92
60	0.0059	127	87	5
61	0.0060	-27	-61	-147
62	0.0061	211	266	-316
63	0.0062	24	91	333
64	0.0063	-81	-54	153
65	0.0064	45	-254	-375
66	0.0065	-348	35	234
67	0.0066	-255	69	163
68	0.0067	232	138	-109
69	0.0068	-44	-221	161
70	0.0069	-58	-228	33
71	0.0070	63	112	-187
72	0.0071	-17	69	-173
73	0.0072	71	-33	-119
74	0.0073	231	-127	-91
75	0.0074	127	-27	44
76	0.0075	-64	86	100
77	0.0076	-17	155	150
78	0.0077	-259	67	103
79	0.0078	48	-165	-227
80	0.0079	-21	-237	-167
81	0.0080	267	330	-131
82	0.0081	-463	-176	714
83	0.0082	-28	-72	-201
84	0.0083	390	-12	-318
85	0.0084	7	-322	-84
86	0.0085	425	131	-329
87	0.0086	-177	91	630
88	0.0087	-191	164	-2
89	0.0088	458	-93	-517
90	0.0089	-2	-153	112
91	0.0090	-200	-15	151
92	0.0091	53	137	-79
93	0.0092	-47	-134	-290
94	0.0093	-235	10	161
95	0.0094	-235	734	857
96	0.0095	129	478	485
97	0.0096	-42	26	93
98	0.0097	-628	-249	654
99	0.0098	-155	86	-881
100	0.0099	361	-130	-860

电流增量数据 [1000Hz, 10点]
采样序号	时间(s)	A相电流(INT)	B相电流(INT)	C相电流(INT)
1	0.000	-757	1056	147
2	0.001	-170	1786	-452
3	0.002	-32	2761	-1131
4	0.003	2583	-337	-907
5	0.004	1987	-2084	1106
6	0.005	-218	-4376	2420
7	0.006	472	-1459	1296
8	0.007	477	-2007	-38
9	0.008	261	626	149
10	0.009	-16	-360	524
================================================================================

=== 采集时间: 2025-12-05 15:46:26 (增量周期: 10.0ms) ===
振动增量数据 [等效10000Hz, 100点]
时序序号	时间(s)	X振动(INT)	Y振动(INT)	Z振动(INT)
1	0.0000	-403	-161	292
2	0.0001	-234	62	134
3	0.0002	366	-15	-676
4	0.0003	394	-219	-402
5	0.0004	134	-267	108
6	0.0005	-3	-32	-307
7	0.0006	366	180	-139
8	0.0007	-168	-203	69
9	0.0008	-42	-100	-36
10	0.0009	-12	190	-85
11	0.0010	-17	-102	270
12	0.0011	16	91	-285
13	0.0012	212	-337	-560
14	0.0013	-349	-49	596
15	0.0014	99	794	-88
16	0.0015	314	377	494
17	0.0016	-771	56	821
18	0.0017	-596	-513	-196
19	0.0018	113	331	-760
20	0.0019	310	-71	-531
21	0.0020	231	-861	-244
22	0.0021	272	1281	1140
23	0.0022	-575	-85	1244
24	0.0023	379	-432	-1197
25	0.0024	63	-507	-445
26	0.0025	-779	-331	718
27	0.0026	310	718	-659
28	0.0027	729	305	-208
29	0.0028	-944	-272	1261
30	0.0029	-328	-152	-131
31	0.0030	-156	-130	-877
32	0.0031	-438	-33	135
33	0.0032	155	-85	2
34	0.0033	577	322	-464
35	0.0034	503	-93	434
36	0.0035	-733	-472	943
37	0.0036	-94	64	-662
38	0.0037	896	164	-739
39	0.0038	-104	-699	-289
40	0.0039	231	-198	-255
41	0.0040	-153	112	-134
42	0.0041	343	-339	-667
43	0.0042	543	7	-212
44	0.0043	-89	254	924
45	0.0044	23	885	563
46	0.0045	-341	-70	-97
47	0.0046	-281	-520	-338
48	0.0047	285	122	-179
49	0.0048	476	61	-276
50	0.0049	468	926	820
51	0.0050	-638	-565	1164
52	0.0051	-92	80	-487
53	0.0052	-24	101	-15
54	0.0053	-38	-310	-80
55	0.0054	308	-181	-736
56	0.0055	261	122	361
57	0.0056	-132	261	138
58	0.0057	422	-494	-624
59	0.0058	-228	44	26
60	0.0059	-726	198	502
61	0.0060	-36	67	253
62	0.0061	173	-3	-247
63	0.0062	7	-140	33
64	0.0063	-143	202	210
65	0.0064	88	96	-92
66	0.0065	30	-49	380
67	0.0066	-272	103	240
68	0.0067	-88	-208	-332
69	0.0068	-222	-229	-432
70	0.0069	125	-254	-301
71	0.0070	-71	406	254
72	0.0071	154	359	330
73	0.0072	-144	-242	-32
74	0.0073	-422	-243	-72
75	0.0074	-97	103	-139
76	0.0075	0	286	181
77	0.0076	579	270	-679
78	0.0077	148	-577	382
79	0.0078	-524	-27	164
80	0.0079	137	-142	-666
81	0.0080	225	359	80
82	0.0081	-285	-157	542
83	0.0082	-64	-112	-141
84	0.0083	78	99	-218
85	0.0084	-346	-313	-66
86	0.0085	-200	56	-93
87	0.0086	246	270	33
88	0.0087	-126	-177	241
89	0.0088	83	2	-127
90	0.0089	9	103	13
91	0.0090	-195	142	223
92	0.0091	328	-54	-340
93	0.0092	199	-104	-88
94	0.0093	-11	44	401
95	0.0094	44	271	125
96	0.0095	-33	-92	-92
97	0.0096	-101	-121	-19
98	0.0097	118	-209	-98
99	0.0098	323	43	-269
100	0.0099	-27	-25	80

电流增量数据 [1000Hz, 10点]
采样序号	时间(s)	A相电流(INT)	B相电流(INT)	C相电流(INT)
1	0.000	581	192	-605
2	0.001	444	-91	-295
3	0.002	-257	532	629
4	0.003	-384	1042	589
5	0.004	-329	-267	470
6	0.005	-1968	1935	40
7	0.006	-1477	-593	1467
8	0.007	-1753	5782	-233
9	0.008	-517	1948	-303
10	0.009	-344	2476	-188
================================================================================

=== 采集时间: 2025-12-05 15:46:27 (增量周期: 10.0ms) ===
振动增量数据 [等效10000Hz, 100点]
时序序号	时间(s)	X振动(INT)	Y振动(INT)	Z振动(INT)
1	0.0000	-93	222	168
2	0.0001	-80	95	-191
3	0.0002	281	-194	-464
4	0.0003	-44	-270	16
5	0.0004	-46	-115	131
6	0.0005	18	321	177
7	0.0006	-89	30	-165
8	0.0007	-190	-284	31
9	0.0008	-439	101	2
10	0.0009	108	77	-190
11	0.0010	475	363	97
12	0.0011	-40	-95	540
13	0.0012	584	215	-427
14	0.0013	-409	-245	682
15	0.0014	-72	87	-417
16	0.0015	223	96	-137
17	0.0016	112	-8	-67
18	0.0017	139	-381	-119
19	0.0018	250	56	202
20	0.0019	-341	182	276
21	0.0020	-207	-85	36
22	0.0021	-310	116	-186
23	0.0022	-329	-61	166
24	0.0023	-155	121	189
25	0.0024	304	131	-154
26	0.0025	396	141	60
27	0.0026	121	-53	234
28	0.0027	71	-36	-100
29	0.0028	-96	104	-148
30	0.0029	-177	50	53
31	0.0030	151	-53	-200
32	0.0031	284	-3	62
33	0.0032	-3	-119	241
34	0.0033	112	71	2
35	0.0034	-182	-40	-265
36	0.0035	-335	173	344
37	0.0036	-447	265	361
38	0.0037	-138	-37	-87
39	0.0038	92	169	122
40	0.0039	138	-147	139
41	0.0040	882	395	-988
42	0.0041	-233	-352	780
43	0.0042	-625	-70	44
44	0.0043	48	242	-209
45	0.0044	36	147	-37
46	0.0045	118	-347	166
47	0.0046	288	3	130
48	0.0047	-70	-31	66
49	0.0048	-8	-2	-107
50	0.0049	-42	-92	-359
51	0.0050	-23	381	-36
52	0.0051	-100	-409	347
53	0.0052	-333	14	-97
54	0.0053	-230	-55	-302
55	0.0054	66	-78	-320
56	0.0055	220	11	-191
57	0.0056	-113	177	378
58	0.0057	-472	-118	497
59	0.0058	281	-428	-492
60	0.0059	370	-59	-453
61	0.0060	220	-72	-96
62	0.0061	48	222	52
63	0.0062	30	139	324
64	0.0063	-423	-134	240
65	0.0064	242	-136	-4
66	0.0065	20	148	-488
67	0.0066	621	139	-402
68	0.0067	-866	235	1432
69	0.0068	220	103	-324
70	0.0069	570	295	-495
71	0.0070	-305	-489	508
72	0.0071	-105	-29	-118
73	0.0072	338	441	110
74	0.0073	129	84	169
75	0.0074	160	-464	-471
76	0.0075	101	-118	105
77	0.0076	-489	109	289
78	0.0077	109	-157	-419
79	0.0078	62	13	290
80	0.0079	-476	-109	493
81	0.0080	20	317	-121
82	0.0081	152	249	-244
83	0.0082	-226	-76	357
84	0.0083	-83	178	258
85	0.0084	181	236	-93
86	0.0085	-119	-38	65
87	0.0086	50	-125	-183
88	0.0087	441	41	-449
89	0.0088	164	-28	279
90	0.0089	-89	-221	-10
91	0.0090	46	13	-424
92	0.0091	-463	-101	461
93	0.0092	-437	-134	-89
94	0.0093	31	308	262
95	0.0094	-188	35	-319
96	0.0095	124	-373	-144
97	0.0096	-168	-4	198
98	0.0097	26	-36	-340
99	0.0098	370	325	106
100	0.0099	-275	54	-57

电流增量数据 [1000Hz, 10点]
采样序号	时间(s)	A相电流(INT)	B相电流(INT)	C相电流(INT)
1	0.000	-1481	1999	650
2	0.001	-272	1305	267
3	0.002	-484	3146	-51
4	0.003	-363	1404	-289
5	0.004	902	275	-721
6	0.005	666	-798	-708
7	0.006	598	1699	-814
8	0.007	1807	-1433	737
9	0.008	64	-1370	2405
10	0.009	-2106	-2677	2542
================================================================================

=== 采集时间: 2025-12-05 15:46:27 (增量周期: 10.0ms) ===
振动增量数据 [等效10000Hz, 100点]
时序序号	时间(s)	X振动(INT)	Y振动(INT)	Z振动(INT)
1	0.0000	-345	-123	533
2	0.0001	-42	-42	-32
3	0.0002	-273	-42	-229
4	0.0003	201	-159	-394
5	0.0004	-208	-12	-93
6	0.0005	-141	-189	127
7	0.0006	283	498	121
8	0.0007	-461	-254	910
9	0.0008	105	133	-132
10	0.0009	-156	229	186
11	0.0010	-306	-46	152
12	0.0011	110	67	-719
13	0.0012	485	-187	-71
14	0.0013	-275	342	468
15	0.0014	49	31	234
16	0.0015	26	148	14
17	0.0016	-310	-233	-213
18	0.0017	-409	-79	164
19	0.0018	-54	135	-499
20	0.0019	437	41	-277
21	0.0020	-75	2	533
22	0.0021	88	-61	216
23	0.0022	-110	-138	-368
24	0.0023	-102	61	-105
25	0.0024	-437	180	236
26	0.0025	143	-2	-325
27	0.0026	391	-33	-70
28	0.0027	-148	-204	211
29	0.0028	5	107	220
30	0.0029	-205	222	-75
31	0.0030	-141	-3	16
32	0.0031	124	23	-190
33	0.0032	1	-364	-307
34	0.0033	-49	241	483
35	0.0034	-37	54	-61
36	0.0035	274	-143	-378
37	0.0036	-203	-182	181
38	0.0037	40	-326	-406
39	0.0038	-186	233	-28
40	0.0039	-234	48	517
41	0.0040	171	314	36
42	0.0041	334	-33	-2
43	0.0042	-143	-81	387
44	0.0043	-204	-2	104
45	0.0044	142	335	-235
46	0.0045	-78	160	279
47	0.0046	214	-472	-428
48	0.0047	463	-19	-280
49	0.0048	-91	-55	409
50	0.0049	-191	112	273
51	0.0050	312	299	-290
52	0.0051	-383	-229	213
53	0.0052	-369	-341	41
54	0.0053	265	276	-216
55	0.0054	228	205	78
56	0.0055	82	-34	-19
57	0.0056	250	-251	-374
58	0.0057	-118	137	166
59	0.0058	-211	97	24
60	0.0059	206	103	-160
61	0.0060	3	31	324
62	0.0061	402	-224	-269
63	0.0062	-416	-138	553
64	0.0063	-108	44	-560
65	0.0064	77	-51	-204
66	0.0065	-153	87	232
67	0.0066	-259	-237	163
68	0.0067	13	144	177
69	0.0068	-358	249	340
70	0.0069	75	-3	-341
71	0.0070	330	100	-217
72	0.0071	9	-169	-106
73	0.0072	-250	88	510
74	0.0073	124	280	41
75	0.0074	165	-2	-74
76	0.0075	249	-97	204
77	0.0076	103	-279	-173
78	0.0077	-59	-67	-70
79	0.0078	-200	118	-259
80	0.0079	-47	-121	-53
81	0.0080	-323	130	383
82	0.0081	229	78	0
83	0.0082	-24	114	-100
84	0.0083	-101	-318	-20
85	0.0084	-165	-148	-670
86	0.0085	262	152	-229
87	0.0086	117	331	91
88	0.0087	15	-425	50
89	0.0088	190	-15	146
90	0.0089	-49	-91	263
91	0.0090	-122	-136	-362
92	0.0091	246	491	69
93	0.0092	-350	211	924
94	0.0093	14	-204	-663
95	0.0094	600	22	313
96	0.0095	-547	253	420
97	0.0096	308	82	-179
98	0.0097	103	269	-244
99	0.0098	-71	-531	-51
100	0.0099	-58	198	-183

电流增量数据 [1000Hz, 10点]
采样序号	时间(s)	A相电流(INT)	B相电流(INT)	C相电流(INT)
1	0.000	561	372	-1257
2	0.001	65	915	-726
3	0.002	1386	1931	-1064
4	0.003	1066	1564	-339
5	0.004	624	309	-142
6	0.005	518	2373	-193
7	0.006	724	-195	7
8	0.007	-7	-289	764
9	0.008	-433	-651	716
10	0.009	-1030	1448	957
================================================================================

=== 采集时间: 2025-12-05 15:46:27 (增量周期: 10.0ms) ===
振动增量数据 [等效10000Hz, 100点]
时序序号	时间(s)	X振动(INT)	Y振动(INT)	Z振动(INT)
1	0.0000	296	198	66
2	0.0001	-373	-84	215
3	0.0002	-14	-148	-288
4	0.0003	242	261	-205
5	0.0004	-37	121	-77
6	0.0005	117	117	266
7	0.0006	135	44	-29
8	0.0007	82	-203	-224
9	0.0008	-118	-44	122
10	0.0009	-132	-50	22
11	0.0010	-213	-119	-190
12	0.0011	129	-19	-24
13	0.0012	-332	-75	186
14	0.0013	-340	-193	11
15	0.0014	201	147	-323
16	0.0015	-164	-17	245
17	0.0016	-160	135	380
18	0.0017	108	197	-315
19	0.0018	134	-134	-149
20	0.0019	-195	-14	-111
21	0.0020	130	50	13
22	0.0021	353	368	114
23	0.0022	-58	-140	216
24	0.0023	-149	-115	-54
25	0.0024	-165	45	79
26	0.0025	-109	-275	-654
27	0.0026	79	353	420
28	0.0027	-344	-40	506
29	0.0028	295	-162	-551
30	0.0029	-15	-7	276
31	0.0030	-313	-202	82
32	0.0031	406	239	-328
33	0.0032	165	202	156
34	0.0033	-311	-123	463
35	0.0034	522	33	-807
36	0.0035	88	-102	27
37	0.0036	-393	-58	523
38	0.0037	110	186	-307
39	0.0038	-42	95	-97
40	0.0039	-152	-221	99
41	0.0040	-320	-161	101
42	0.0041	154	163	-14
43	0.0042	279	-186	-329
44	0.0043	244	-272	67
45	0.0044	31	201	185
46	0.0045	105	-68	-436
47	0.0046	117	-112	-130
48	0.0047	11	-186	-255
49	0.0048	-96	-74	258
50	0.0049	161	372	36
51	0.0050	-40	2	-3
52	0.0051	-79	-65	112
53	0.0052	83	-334	-722
54	0.0053	-196	274	842
55	0.0054	-379	771	712
56	0.0055	575	274	-105
57	0.0056	-392	33	820
58	0.0057	-237	-370	-585
59	0.0058	246	-42	-749
60	0.0059	0	-40	-248
61	0.0060	202	-266	-251
62	0.0061	221	387	503
63	0.0062	-393	222	700
64	0.0063	-303	-285	-285
65	0.0064	203	-319	-383
66	0.0065	-444	-341	-7
67	0.0066	32	246	-100
68	0.0067	375	440	-54
69	0.0068	232	-125	-268
70	0.0069	-105	-479	331
71	0.0070	-322	156	254
72	0.0071	-144	428	-76
73	0.0072	39	240	37
74	0.0073	114	-357	-212
75	0.0074	249	-75	28
76	0.0075	-16	177	305
77	0.0076	208	-93	-359
78	0.0077	206	-405	-491
79	0.0078	-100	-228	200
80	0.0079	195	65	-488
81	0.0080	211	-610	-938
82	0.0081	426	27	-188
83	0.0082	-414	122	1138
84	0.0083	550	411	-64
85	0.0084	359	336	121
86	0.0085	-732	-603	622
87	0.0086	-425	-114	-692
88	0.0087	498	385	-290
89	0.0088	44	705	738
90	0.0089	-31	-28	566
91	0.0090	40	-67	276
92	0.0091	-403	-159	118
93	0.0092	315	-147	-468
94	0.0093	120	129	-668
95	0.0094	53	-121	438
96	0.0095	-267	65	242
97	0.0096	377	-164	-434
98	0.0097	36	-54	194
99	0.0098	-303	-25	397
100	0.0099	-58	505	156

电流增量数据 [1000Hz, 10点]
采样序号	时间(s)	A相电流(INT)	B相电流(INT)	C相电流(INT)
1	0.000	-2915	2288	1333
2	0.001	-2314	3683	-780
3	0.002	-577	356	-1232
4	0.003	-582	513	-109
5	0.004	-95	-1603	-257
6	0.005	-484	1606	18
7	0.006	254	541	-642
8	0.007	450	1647	-564
9	0.008	420	451	-565
10	0.009	936	-1370	421
================================================================================

=== 采集时间: 2025-12-05 15:46:28 (增量周期: 10.0ms) ===
振动增量数据 [等效10000Hz, 100点]
时序序号	时间(s)	X振动(INT)	Y振动(INT)	Z振动(INT)
1	0.0000	-78	154	-62
2	0.0001	-235	27	95
3	0.0002	75	66	-66
4	0.0003	191	-215	-209
5	0.0004	146	-176	-113
6	0.0005	381	-57	-36
7	0.0006	-78	104	341
8	0.0007	74	62	-44
9	0.0008	-175	43	-6
10	0.0009	-53	-142	-192
11	0.0010	-8	-16	-192
12	0.0011	-233	16	463
13	0.0012	676	86	-1030
14	0.0013	-256	-532	513
15	0.0014	-686	549	679
16	0.0015	212	737	232
17	0.0016	-534	241	725
18	0.0017	-353	-353	69
19	0.0018	-37	178	-47
20	0.0019	-241	222	220
21	0.0020	312	-272	-306
22	0.0021	107	-132	-71
23	0.0022	-75	312	936
24	0.0023	-85	-118	-152
25	0.0024	480	-473	-624
26	0.0025	77	-324	-384
27	0.0026	-732	-121	267
28	0.0027	292	491	-290
29	0.0028	101	-3	-295
30	0.0029	-335	259	1304
31	0.0030	-545	206	339
32	0.0031	439	-155	-1039
33	0.0032	143	78	-46
34	0.0033	-2	-366	-91
35	0.0034	676	318	-521
36	0.0035	-117	-19	519
37	0.0036	-645	-228	343
38	0.0037	715	30	-878
39	0.0038	155	-599	-487
40	0.0039	-260	-28	754
41	0.0040	459	-160	-1158
42	0.0041	441	-288	-848
43	0.0042	330	78	881
44	0.0043	-49	121	-93
45	0.0044	861	929	207
46	0.0045	-700	-121	678
47	0.0046	-401	-684	-526
48	0.0047	468	437	-709
49	0.0048	-262	225	675
50	0.0049	5	416	601
51	0.0050	109	-182	628
52	0.0051	-211	-198	349
53	0.0052	180	158	-230
54	0.0053	-174	-147	-575
55	0.0054	144	-392	-81
56	0.0055	-378	223	258
57	0.0056	161	220	150
58	0.0057	278	69	91
59	0.0058	-350	-347	430
60	0.0059	-412	411	418
61	0.0060	-92	385	-271
62	0.0061	154	-279	-297
63	0.0062	-38	-118	10
64	0.0063	78	141	142
65	0.0064	-88	353	494
66	0.0065	-126	-388	-297
67	0.0066	-102	96	276
68	0.0067	-482	10	135
69	0.0068	422	-194	-989
70	0.0069	90	87	172
71	0.0070	-156	-36	494
72	0.0071	-164	18	-40
73	0.0072	449	-8	-316
74	0.0073	-376	-78	166
75	0.0074	-228	114	230
76	0.0075	-262	340	-194
77	0.0076	46	-348	-338
78	0.0077	83	-50	6
79	0.0078	97	47	204
80	0.0079	289	351	273
81	0.0080	-221	-2	144
82	0.0081	-29	-216	-398
83	0.0082	127	-138	-452
84	0.0083	-64	-364	-321
85	0.0084	135	142	168
86	0.0085	-58	316	388
87	0.0086	-58	-127	37
88	0.0087	-3	27	-131
89	0.0088	-333	-108	247
90	0.0089	-15	241	-134
91	0.0090	430	224	-152
92	0.0091	312	-74	-171
93	0.0092	-58	-119	294
94	0.0093	-288	92	521
95	0.0094	351	231	-657
96	0.0095	109	-183	122
97	0.0096	-421	-484	-21
98	0.0097	433	90	-507
99	0.0098	177	107	163
100	0.0099	-602	-121	533

电流增量数据 [1000Hz, 10点]
采样序号	时间(s)	A相电流(INT)	B相电流(INT)	C相电流(INT)
1	0.000	213	-1377	347
2	0.001	-194	624	519
3	0.002	-677	393	-40
4	0.003	-716	1774	-97
5	0.004	-567	1287	56
6	0.005	-339	306	-545
7	0.006	-62	1566	-1632
8	0.007	1971	-83	-1863
9	0.008	1108	2727	-478
10	0.009	480	745	-383
================================================================================

=== 采集时间: 2025-12-05 15:46:28 (增量周期: 10.0ms) ===
振动增量数据 [等效10000Hz, 100点]
时序序号	时间(s)	X振动(INT)	Y振动(INT)	Z振动(INT)
1	0.0000	-11	-49	161
2	0.0001	-280	-168	69
3	0.0002	120	316	-298
4	0.0003	-178	118	117
5	0.0004	30	-123	-324
6	0.0005	364	-100	-261
7	0.0006	24	-165	-15
8	0.0007	-152	-139	-38
9	0.0008	224	100	-14
10	0.0009	357	84	-243
11	0.0010	103	-190	-272
12	0.0011	20	-55	237
13	0.0012	-263	161	198
14	0.0013	261	-335	-773
15	0.0014	45	20	457
16	0.0015	-256	143	284
17	0.0016	428	451	-256
18	0.0017	-301	64	534
19	0.0018	-130	-270	131
20	0.0019	439	292	-314
21	0.0020	110	323	206
22	0.0021	-19	-179	73
23	0.0022	18	-88	-255
24	0.0023	253	77	-4
25	0.0024	116	-91	-80
26	0.0025	78	-203	96
27	0.0026	-216	-41	212
28	0.0027	-139	-92	-127
29	0.0028	95	-149	-160
30	0.0029	-260	-102	44
31	0.0030	-67	296	307
32	0.0031	-84	305	216
33	0.0032	112	48	-143
34	0.0033	225	-89	-140
35	0.0034	-58	-37	-94
36	0.0035	-6	109	-181
37	0.0036	300	152	-314
38	0.0037	61	95	326
39	0.0038	-126	-3	319
40	0.0039	70	-233	-81
41	0.0040	-409	28	378
42	0.0041	266	-49	-948
43	0.0042	-36	90	460
44	0.0043	-152	-173	-141
45	0.0044	193	-285	-353
46	0.0045	-169	75	326
47	0.0046	-451	-136	-143
48	0.0047	229	427	-55
49	0.0048	54	167	-115
50	0.0049	-121	-339	31
51	0.0050	-108	138	178
52	0.0051	84	91	41
53	0.0052	71	117	114
54	0.0053	7	-142	-24
55	0.0054	-315	-53	204
56	0.0055	186	-102	-466
57	0.0056	-172	-121	-169
58	0.0057	241	-50	50
59	0.0058	54	-174	-32
60	0.0059	-204	-370	20
61	0.0060	-91	69	-45
62	0.0061	67	144	-242
63	0.0062	250	180	88
64	0.0063	-217	-96	139
65	0.0064	211	-12	33
66	0.0065	50	189	2
67	0.0066	193	-211	-177
68	0.0067	-96	521	879
69	0.0068	-448	182	242
70	0.0069	443	-3	-736
71	0.0070	-66	-59	210
72	0.0071	-235	-263	211
73	0.0072	368	178	-261
74	0.0073	417	73	-237
75	0.0074	-88	-203	211
76	0.0075	-14	-96	-255
77	0.0076	285	-193	-452
78	0.0077	-194	193	487
79	0.0078	-41	194	203
80	0.0079	336	40	-394
81	0.0080	181	-271	-24
82	0.0081	-207	-337	-10
83	0.0082	30	-44	-537
84	0.0083	70	13	-273
85	0.0084	-209	481	317
86	0.0085	-111	528	919
87	0.0086	-566	175	726
88	0.0087	-199	-134	-109
89	0.0088	-335	321	82
90	0.0089	27	-152	-464
91	0.0090	582	-366	-936
92	0.0091	343	-19	375
93	0.0092	-484	390	1244
94	0.0093	293	19	-454
95	0.0094	558	-833	-1365
96	0.0095	-431	-102	1247
97	0.0096	-737	242	212
98	0.0097	579	594	-756
99	0.0098	-135	365	727
100	0.0099	-361	-750	289

电流增量数据 [1000Hz, 10点]
采样序号	时间(s)	A相电流(INT)	B相电流(INT)	C相电流(INT)
1	0.000	106	-493	1551
2	0.001	-321	-1422	1001
3	0.002	-2145	2653	467
4	0.003	-1426	3364	-1147
5	0.004	-24	3028	-2772
6	0.005	-601	-980	-1277
7	0.006	-390	764	7
8	0.007	-382	138	-159
9	0.008	-40	790	-648
10	0.009	645	-260	-408
================================================================================

=== 采集时间: 2025-12-05 15:46:28 (增量周期: 10.0ms) ===
振动增量数据 [等效10000Hz, 100点]
时序序号	时间(s)	X振动(INT)	Y振动(INT)	Z振动(INT)
1	0.0000	92	137	-25
2	0.0001	-37	-50	35
3	0.0002	-57	13	186
4	0.0003	-4	139	292
5	0.0004	65	96	-231
6	0.0005	110	-145	-139
7	0.0006	-11	-25	95
8	0.0007	-58	112	23
9	0.0008	265	129	-256
10	0.0009	-331	69	876
11	0.0010	-249	-179	-456
12	0.0011	262	-161	-417
13	0.0012	-298	28	236
14	0.0013	105	-72	-75
15	0.0014	334	351	-167
16	0.0015	-71	-317	105
17	0.0016	-390	-176	91
18	0.0017	161	75	-426
19	0.0018	-98	-51	134
20	0.0019	120	27	-195
21	0.0020	571	57	-143
22	0.0021	-378	45	511
23	0.0022	-195	-112	199
24	0.0023	171	148	-449
25	0.0024	-80	-102	-34
26	0.0025	-63	-46	-15
27	0.0026	345	124	-209
28	0.0027	-83	206	311
29	0.0028	-119	-81	305
30	0.0029	63	-98	-246
31	0.0030	228	26	-196
32	0.0031	-135	-61	256
33	0.0032	39	-27	-285
34	0.0033	202	148	-50
35	0.0034	-134	-4	392
36	0.0035	28	5	120
37	0.0036	220	-72	-218
38	0.0037	-353	280	816
39	0.0038	-162	-34	-187
40	0.0039	245	-123	-713
41	0.0040	96	-2	356
42	0.0041	-97	-108	168
43	0.0042	334	275	-171
44	0.0043	69	88	168
45	0.0044	-437	-164	118
46	0.0045	245	82	-470
47	0.0046	-44	117	20
48	0.0047	99	23	313
49	0.0048	301	189	22
50	0.0049	-164	-232	245
51	0.0050	-140	-102	71
52	0.0051	-213	-34	-376
53	0.0052	66	218	-20
54	0.0053	-172	-53	97
55	0.0054	135	-288	-338
56	0.0055	-57	156	275
57	0.0056	-208	-19	136
58	0.0057	82	143	49
59	0.0058	62	216	-16
60	0.0059	60	-83	82
61	0.0060	-152	-126	-186
62	0.0061	-102	-143	49
63	0.0062	-204	147	223
64	0.0063	161	44	-191
65	0.0064	-151	323	679
66	0.0065	-135	-109	-164
67	0.0066	180	-108	-255
68	0.0067	-259	-115	-24
69	0.0068	237	-149	-291
70	0.0069	103	129	-118
71	0.0070	9	-162	103
72	0.0071	90	198	60
73	0.0072	-36	-121	-77
74	0.0073	26	-4	2
75	0.0074	-221	-260	-134
76	0.0075	118	317	196
77	0.0076	-149	116	138
78	0.0077	97	61	-147
79	0.0078	37	120	216
80	0.0079	-217	-209	-46
81	0.0080	127	-58	60
82	0.0081	-101	-14	-255
83	0.0082	131	-67	-209
84	0.0083	6	-28	-167
85	0.0084	242	-334	-214
86	0.0085	-27	49	155
87	0.0086	134	131	427
88	0.0087	-174	107	-10
89	0.0088	165	2	-110
90	0.0089	-241	33	-62
91	0.0090	211	-101	-276
92	0.0091	242	-50	-424
93	0.0092	-254	216	871
94	0.0093	-425	142	524
95	0.0094	251	262	-616
96	0.0095	-165	-55	262
97	0.0096	2	-143	199
98	0.0097	103	14	-75
99	0.0098	374	241	-17
100	0.0099	5	1	159

电流增量数据 [1000Hz, 10点]
采样序号	时间(s)	A相电流(INT)	B相电流(INT)	C相电流(INT)
1	0.000	-736	777	-10
2	0.001	-626	1128	-540
3	0.002	-271	-64	-531
4	0.003	1544	1927	-2544
5	0.004	2402	-508	-734
6	0.005	1424	-1028	1450
7	0.006	525	-2704	1423
8	0.007	389	-546	-143
9	0.008	366	173	201
10	0.009	-22	-1404	594
================================================================================

=== 采集时间: 2025-12-05 15:46:29 (增量周期: 10.0ms) ===
振动增量数据 [等效10000Hz, 100点]
时序序号	时间(s)	X振动(INT)	Y振动(INT)	Z振动(INT)
1	0.0000	-225	-253	232
2	0.0001	-212	73	-241
3	0.0002	15	316	33
4	0.0003	-393	-109	-3
5	0.0004	207	-113	65
6	0.0005	-38	-233	-109
7	0.0006	476	142	-524
8	0.0007	-246	30	718
9	0.0008	-456	30	60
10	0.0009	377	263	-351
11	0.0010	-23	-44	230
12	0.0011	-310	-144	114
13	0.0012	396	150	-220
14	0.0013	-45	52	-36
15	0.0014	-81	-349	39
16	0.0015	14	-118	-376
17	0.0016	16	107	-220
18	0.0017	-128	-217	82
19	0.0018	-147	-65	46
20	0.0019	69	71	-45
21	0.0020	-92	142	354
22	0.0021	112	-57	-87
23	0.0022	193	65	-25
24	0.0023	-316	-53	306
25	0.0024	-70	-59	-318
26	0.0025	193	91	-203
27	0.0026	-290	-93	228
28	0.0027	177	83	112
29	0.0028	80	253	203
30	0.0029	-282	-159	95
31	0.0030	104	-55	-294
32	0.0031	-131	-144	-96
33	0.0032	248	99	-54
34	0.0033	-181	-132	300
35	0.0034	510	390	-426
36	0.0035	-235	-147	643
37	0.0036	-299	-67	91
38	0.0037	151	75	-311
39	0.0038	129	111	-203
40	0.0039	-185	-144	183
41	0.0040	139	124	-119
42	0.0041	144	240	-123
43	0.0042	-131	-89	135
44	0.0043	-70	-29	215
45	0.0044	127	355	-53
46	0.0045	-15	-38	-2
47	0.0046	-139	-79	388
48	0.0047	77	177	-137
49	0.0048	207	39	-27
50	0.0049	126	-67	-31
51	0.0050	28	-91	-63
52	0.0051	-55	291	238
53	0.0052	-40	195	259
54	0.0053	-38	-247	-291
55	0.0054	-113	-112	-25
56	0.0055	-16	-36	-101
57	0.0056	-8	37	-42
58	0.0057	-78	14	116
59	0.0058	-226	9	53
60	0.0059	254	154	7
61	0.0060	-208	-213	-213
62	0.0061	-430	45	1245
63	0.0062	349	380	-1211
64	0.0063	486	-381	-325
65	0.0064	-472	-106	391
66	0.0065	-75	-228	-156
67	0.0066	477	552	-598
68	0.0067	-423	-635	438
69	0.0068	-566	-65	204
70	0.0069	291	175	-658
71	0.0070	73	-195	-115
72	0.0071	13	-612	-184
73	0.0072	577	117	-102
74	0.0073	236	431	253
75	0.0074	2	39	532
76	0.0075	-138	45	-67
77	0.0076	-209	-313	-174
78	0.0077	-132	2	-4
79	0.0078	271	197	-370
80	0.0079	86	231	251
81	0.0080	-172	172	673
82	0.0081	108	-144	-147
83	0.0082	28	-31	-100
84	0.0083	-192	-207	-4
85	0.0084	87	-144	-504
86	0.0085	332	137	-211
87	0.0086	-3	82	393
88	0.0087	65	33	339
89	0.0088	103	13	0
90	0.0089	-207	32	662
91	0.0090	-181	-53	-303
92	0.0091	442	125	-511
93	0.0092	-100	105	194
94	0.0093	-220	-183	134
95	0.0094	355	150	-303
96	0.0095	-3	31	350
97	0.0096	-367	155	399
98	0.0097	-78	23	-276
99	0.0098	15	-127	-469
100	0.0099	-324	-234	69

电流增量数据 [1000Hz, 10点]
采样序号	时间(s)	A相电流(INT)	B相电流(INT)	C相电流(INT)
1	0.000	-1800	802	1746
2	0.001	-1173	427	281
3	0.002	-703	-1051	590
4	0.003	-403	603	176
5	0.004	-694	-1447	785
6	0.005	-471	1593	-448
7	0.006	-276	1062	-596
8	0.007	-84	2791	-1066
9	0.008	680	245	-616
10	0.009	621	-546	-66
================================================================================

=== 采集时间: 2025-12-05 15:46:29 (增量周期: 10.0ms) ===
振动增量数据 [等效10000Hz, 100点]
时序序号	时间(s)	X振动(INT)	Y振动(INT)	Z振动(INT)
1	0.0000	78	-264	307
2	0.0001	-185	-189	247
3	0.0002	109	114	-464
4	0.0003	-21	130	32
5	0.0004	-100	-33	-46
6	0.0005	160	-145	-327
7	0.0006	-70	147	375
8	0.0007	-157	53	349
9	0.0008	246	101	-509
10	0.0009	249	40	-42
11	0.0010	-416	-143	377
12	0.0011	120	103	-165
13	0.0012	-23	188	-70
14	0.0013	-151	-134	300
15	0.0014	-12	-11	13
16	0.0015	-63	96	-63
17	0.0016	-188	159	416
18	0.0017	-260	62	249
19	0.0018	627	74	-825
20	0.0019	109	-204	256
21	0.0020	-310	-174	251
22	0.0021	122	171	-187
23	0.0022	-10	169	-119
24	0.0023	-71	-189	136
25	0.0024	18	-228	-413
26	0.0025	-252	536	923
27	0.0026	-266	-59	45
28	0.0027	463	88	-413
29	0.0028	-152	-38	310
30	0.0029	-108	-305	-20
31	0.0030	308	184	-558
32	0.0031	9	-101	-24
33	0.0032	-207	-6	263
34	0.0033	246	-178	-260
35	0.0034	134	90	-96
36	0.0035	-181	-2	404
37	0.0036	103	100	-62
38	0.0037	39	-24	-130
39	0.0038	-239	-287	0
40	0.0039	135	138	-170
41	0.0040	-204	32	108
42	0.0041	152	-4	-75
43	0.0042	16	-160	-81
44	0.0043	61	0	75
45	0.0044	-162	117	136
46	0.0045	-134	41	198
47	0.0046	181	245	-124
48	0.0047	120	-28	194
49	0.0048	120	-17	41
50	0.0049	6	31	125
51	0.0050	101	107	-238
52	0.0051	-235	19	327
53	0.0052	-17	-207	-508
54	0.0053	-114	448	1088
55	0.0054	-186	79	-121
56	0.0055	681	-267	-919
57	0.0056	-289	-45	486
58	0.0057	-331	-200	142
59	0.0058	265	292	-495
60	0.0059	-96	-104	120
61	0.0060	-151	-3	-77
62	0.0061	-96	80	-190
63	0.0062	71	84	57
64	0.0063	44	-4	181
65	0.0064	323	-38	-499
66	0.0065	-17	-70	155
67	0.0066	-224	-241	-209
68	0.0067	-23	-117	-445
69	0.0068	13	-34	150
70	0.0069	-177	-251	-182
71	0.0070	172	-71	-212
72	0.0071	-105	-92	48
73	0.0072	214	-290	-153
74	0.0073	353	338	125
75	0.0074	189	295	336
76	0.0075	-148	-123	92
77	0.0076	-358	-326	-256
78	0.0077	-64	69	-92
79	0.0078	124	223	-72
80	0.0079	283	33	-67
81	0.0080	-211	348	1288
82	0.0081	-83	56	-170
83	0.0082	99	-229	-288
84	0.0083	-17	-130	-203
85	0.0084	62	-266	-294
86	0.0085	395	305	-201
87	0.0086	189	35	196
88	0.0087	45	-112	260
89	0.0088	-29	155	2
90	0.0089	-64	-11	155
91	0.0090	-276	206	208
92	0.0091	32	24	61
93	0.0092	57	-41	-370
94	0.0093	52	-245	-53
95	0.0094	-41	206	193
96	0.0095	-183	222	455
97	0.0096	-102	111	133
98	0.0097	-23	-296	-516
99	0.0098	-216	-318	-118
100	0.0099	-155	190	-10

电流增量数据 [1000Hz, 10点]
采样序号	时间(s)	A相电流(INT)	B相电流(INT)	C相电流(INT)
1	0.000	-904	1550	-2029
2	0.001	-284	1929	-1182
3	0.002	-307	-1079	-334
4	0.003	-2	1118	-655
5	0.004	388	-1425	-540
6	0.005	534	1474	21
7	0.006	927	173	-693
8	0.007	728	136	-374
9	0.008	380	-113	45
10	0.009	-221	-264	550
================================================================================

=== 采集时间: 2025-12-05 15:46:29 (增量周期: 10.0ms) ===
振动增量数据 [等效10000Hz, 100点]
时序序号	时间(s)	X振动(INT)	Y振动(INT)	Z振动(INT)
1	0.0000	251	308	33
2	0.0001	-91	92	247
3	0.0002	159	114	-8
4	0.0003	-345	-87	79
5	0.0004	-431	-241	-15
6	0.0005	99	160	-199
7	0.0006	345	84	-216
8	0.0007	-76	316	1043
9	0.0008	383	103	-481
10	0.0009	469	-403	-612
11	0.0010	-464	-159	700
12	0.0011	-21	36	-595
13	0.0012	607	266	-404
14	0.0013	-281	-144	426
15	0.0014	-110	-266	95
16	0.0015	66	347	-53
17	0.0016	-239	-182	193
18	0.0017	35	-119	-40
19	0.0018	67	376	123
20	0.0019	-268	9	178
21	0.0020	382	-24	-252
22	0.0021	18	-67	-257
23	0.0022	83	-34	288
24	0.0023	231	207	20
25	0.0024	186	-74	-224
26	0.0025	-151	116	234
27	0.0026	-169	-106	-148
28	0.0027	216	15	-212
29	0.0028	-24	-4	138
30	0.0029	99	82	527
31	0.0030	-75	100	-135
32	0.0031	-128	-114	-157
33	0.0032	-370	19	237
34	0.0033	-79	28	-141
35	0.0034	182	-78	-427
36	0.0035	359	2	156
37	0.0036	-533	-81	662
38	0.0037	477	67	-837
39	0.0038	-21	184	315
40	0.0039	-190	-203	96
41	0.0040	168	184	-171
42	0.0041	185	160	217
43	0.0042	-371	-145	182
44	0.0043	245	-95	-615
45	0.0044	-84	-8	230
46	0.0045	-266	-59	53
47	0.0046	130	128	-75
48	0.0047	-203	-65	37
49	0.0048	-44	-245	24
50	0.0049	7	105	-102
51	0.0050	297	54	-196
52	0.0051	-3	24	293
53	0.0052	-8	-21	-4
54	0.0053	83	75	-191
55	0.0054	-173	-176	-70
56	0.0055	-98	-159	106
57	0.0056	-33	240	-33
58	0.0057	75	-4	6
59	0.0058	-75	138	306
60	0.0059	-237	-25	230
61	0.0060	-51	-65	-16
62	0.0061	240	-153	-545
63	0.0062	-211	150	619
64	0.0063	-294	536	943
65	0.0064	669	35	-1081
66	0.0065	507	-426	-482
67	0.0066	-188	-540	225
68	0.0067	-322	-71	-28
69	0.0068	404	517	-537
70	0.0069	-204	47	267
71	0.0070	-367	-297	178
72	0.0071	151	-10	-61
73	0.0072	-175	40	37
74	0.0073	117	103	200
75	0.0074	-187	453	336
76	0.0075	259	-221	-306
77	0.0076	186	-33	-105
78	0.0077	-152	-159	237
79	0.0078	-40	233	5
80	0.0079	332	158	-143
81	0.0080	-131	43	289
82	0.0081	-168	94	260
83	0.0082	-21	39	-40
84	0.0083	-15	-79	-187
85	0.0084	-134	-112	267
86	0.0085	5	186	-255
87	0.0086	97	128	-209
88	0.0087	-235	-81	369
89	0.0088	26	-140	-33
90	0.0089	50	-403	-813
91	0.0090	309	451	361
92	0.0091	-956	-33	1119
93	0.0092	365	178	-804
94	0.0093	61	78	-70
95	0.0094	-408	-386	482
96	0.0095	22	128	-264
97	0.0096	318	75	-41
98	0.0097	-169	39	84
99	0.0098	-195	-361	-255
100	0.0099	289	-186	-668

电流增量数据 [1000Hz, 10点]
采样序号	时间(s)	A相电流(INT)	B相电流(INT)	C相电流(INT)
1	0.000	-552	898	93
2	0.001	-192	1244	-1932
3	0.002	1719	2163	-2466
4	0.003	1673	1008	-1416
5	0.004	1207	1153	-483
6	0.005	446	-2433	-132
7	0.006	235	249	-428
8	0.007	491	-1485	-24
9	0.008	249	264	507
10	0.009	-8	-528	786
================================================================================

=== 采集时间: 2025-12-05 15:46:30 (增量周期: 10.0ms) ===
振动增量数据 [等效10000Hz, 100点]
时序序号	时间(s)	X振动(INT)	Y振动(INT)	Z振动(INT)
1	0.0000	173	-14	101
2	0.0001	14	7	-130
3	0.0002	207	-127	-135
4	0.0003	-157	26	2
5	0.0004	-259	-113	241
6	0.0005	493	242	-713
7	0.0006	-255	-245	725
8	0.0007	-125	107	22
9	0.0008	83	126	-122
10	0.0009	-122	181	-2
11	0.0010	-85	-262	-204
12	0.0011	301	-44	136
13	0.0012	-29	111	66
14	0.0013	60	-127	-49
15	0.0014	195	39	-207
16	0.0015	-29	-81	-100
17	0.0016	-96	-96	160
18	0.0017	-11	87	84
19	0.0018	7	151	-6
20	0.0019	-169	48	506
21	0.0020	325	-55	-646
22	0.0021	93	-229	-196
23	0.0022	-198	-33	121
24	0.0023	-209	87	155
25	0.0024	80	297	-141
26	0.0025	-54	-17	339
27	0.0026	-202	182	513
28	0.0027	19	-49	67
29	0.0028	138	194	-29
30	0.0029	134	-140	-149
31	0.0030	15	-138	-160
32	0.0031	390	-139	-893
33	0.0032	-266	301	1390
34	0.0033	-101	2	-654
35	0.0034	702	-345	-894
36	0.0035	-503	3	821
37	0.0036	-378	-216	-271
38	0.0037	417	521	-252
39	0.0038	-160	108	309
40	0.0039	-117	-418	176
41	0.0040	208	235	-246
42	0.0041	-108	-59	37
43	0.0042	-307	3	11
44	0.0043	-92	150	74
45	0.0044	-181	78	313
46	0.0045	30	-79	117
47	0.0046	161	56	-224
48	0.0047	-250	-258	-47
49	0.0048	-63	-149	173
50	0.0049	167	168	-692
51	0.0050	251	-499	-132
52	0.0051	-335	-221	84
53	0.0052	490	248	-224
54	0.0053	218	747	585
55	0.0054	-353	-379	294
56	0.0055	140	-277	-11
57	0.0056	-158	242	-220
58	0.0057	317	18	-316
59	0.0058	220	77	-378
60	0.0059	13	-473	148
61	0.0060	475	240	-835
62	0.0061	151	-123	211
63	0.0062	-470	-391	341
64	0.0063	57	-134	-623
65	0.0064	477	481	-243
66	0.0065	-267	-315	189
67	0.0066	161	-93	84
68	0.0067	319	393	208
69	0.0068	-354	-143	211
70	0.0069	176	23	-16
71	0.0070	-202	95	71
72	0.0071	-216	10	143
73	0.0072	195	16	-349
74	0.0073	-54	-132	43
75	0.0074	-165	118	427
76	0.0075	23	194	242
77	0.0076	-155	177	-237
78	0.0077	5	-357	-85
79	0.0078	-290	-66	0
80	0.0079	224	124	-211
81	0.0080	220	181	14
82	0.0081	-46	-206	178
83	0.0082	169	-34	15
84	0.0083	-387	103	91
85	0.0084	-58	111	118
86	0.0085	-185	33	-136
87	0.0086	193	-311	-419
88	0.0087	67	272	644
89	0.0088	-390	6	147
90	0.0089	454	280	-310
91	0.0090	63	-44	-160
92	0.0091	-241	-485	267
93	0.0092	53	269	-370
94	0.0093	152	-63	-246
95	0.0094	-62	254	240
96	0.0095	-2	-216	164
97	0.0096	-49	-17	150
98	0.0097	33	66	-191
99	0.0098	-44	44	190
100	0.0099	-186	236	37

电流增量数据 [1000Hz, 10点]
采样序号	时间(s)	A相电流(INT)	B相电流(INT)	C相电流(INT)
1	0.000	-19	-1801	322
2	0.001	138	-463	317
3	0.002	-600	-110	613
4	0.003	-837	205	389
5	0.004	-680	982	-51
6	0.005	-852	1622	109
7	0.006	-17	2550	-931
8	0.007	440	172	-581
9	0.008	477	56	-319
10	0.009	440	-281	2
================================================================================

=== 采集时间: 2025-12-05 15:46:30 (增量周期: 10.0ms) ===
振动增量数据 [等效10000Hz, 100点]
时序序号	时间(s)	X振动(INT)	Y振动(INT)	Z振动(INT)
1	0.0000	-482	-31	380
2	0.0001	-50	82	86
3	0.0002	-315	257	-188
4	0.0003	142	-352	-59
5	0.0004	-285	125	469
6	0.0005	492	74	-753
7	0.0006	340	-220	-151
8	0.0007	-431	-17	636
9	0.0008	211	-25	-508
10	0.0009	408	253	-462
11	0.0010	-343	-246	553
12	0.0011	-203	57	113
13	0.0012	-36	369	18
14	0.0013	137	-104	-71
15	0.0014	-251	-187	-8
16	0.0015	233	117	-117
17	0.0016	-3	35	40
18	0.0017	-100	-271	-59
19	0.0018	-79	2	-225
20	0.0019	-102	-87	-217
21	0.0020	110	-41	165
22	0.0021	95	220	303
23	0.0022	-64	54	204
24	0.0023	176	69	-211
25	0.0024	-70	-293	-288
26	0.0025	-202	-42	180
27	0.0026	176	339	-67
28	0.0027	142	35	-131
29	0.0028	-34	-152	234
30	0.0029	-333	-51	199
31	0.0030	-17	223	-101
32	0.0031	228	-135	-406
33	0.0032	-365	33	948
34	0.0033	31	441	157
35	0.0034	627	-40	-668
36	0.0035	254	-272	-84
37	0.0036	-284	-251	493
38	0.0037	148	381	-355
39	0.0038	374	182	-376
40	0.0039	-331	-174	305
41	0.0040	-185	-123	6
42	0.0041	90	177	-123
43	0.0042	-141	-4	112
44	0.0043	-29	160	374
45	0.0044	-111	400	284
46	0.0045	-140	-225	109
47	0.0046	347	86	-401
48	0.0047	-15	-232	73
49	0.0048	35	75	-67
50	0.0049	379	-15	-251
51	0.0050	-126	-6	253
52	0.0051	-78	159	195
53	0.0052	-31	-289	-380
54	0.0053	112	-36	-286
55	0.0054	-241	-40	352
56	0.0055	-303	101	159
57	0.0056	314	322	-187
58	0.0057	-384	-118	409
59	0.0058	-89	-101	-4
60	0.0059	201	-57	-670
61	0.0060	-297	351	1338
62	0.0061	-87	192	-426
63	0.0062	707	-264	-655
64	0.0063	-374	-80	493
65	0.0064	-127	-275	82
66	0.0065	271	364	-398
67	0.0066	-127	50	245
68	0.0067	-233	-121	36
69	0.0068	-6	-203	-181
70	0.0069	-59	195	-114
71	0.0070	328	-332	-646
72	0.0071	211	-51	-12
73	0.0072	177	96	195
74	0.0073	296	415	79
75	0.0074	-407	-27	889
76	0.0075	-204	-362	-398
77	0.0076	349	-219	-512
78	0.0077	-11	382	172
79	0.0078	218	198	5
80	0.0079	20	20	44
81	0.0080	-422	58	639
82	0.0081	-134	104	36
83	0.0082	642	13	-615
84	0.0083	-279	-297	297
85	0.0084	-118	58	0
86	0.0085	198	190	-314
87	0.0086	223	-113	-88
88	0.0087	-83	-242	584
89	0.0088	3	286	52
90	0.0089	-44	-4	256
91	0.0090	-313	-72	-111
92	0.0091	22	-101	-166
93	0.0092	50	202	-75
94	0.0093	23	-196	22
95	0.0094	18	246	446
96	0.0095	-464	317	516
97	0.0096	157	-14	-328
98	0.0097	-148	-155	-445
99	0.0098	-29	-166	-64
100	0.0099	326	237	-162

电流增量数据 [1000Hz, 10点]
采样序号	时间(s)	A相电流(INT)	B相电流(INT)	C相电流(INT)
1	0.000	-2102	2007	1393
2	0.001	-1436	2371	409
3	0.002	-364	-615	151
4	0.003	-582	-333	336
5	0.004	-464	942	-142
6	0.005	-35	-542	-768
7	0.006	325	1503	-1469
8	0.007	58	1414	-678
9	0.008	356	2203	-465
10	0.009	240	-514	147
================================================================================

=== 采集时间: 2025-12-05 15:46:30 (增量周期: 10.0ms) ===
振动增量数据 [等效10000Hz, 100点]
时序序号	时间(s)	X振动(INT)	Y振动(INT)	Z振动(INT)
1	0.0000	-85	-19	5
2	0.0001	113	-72	-205
3	0.0002	-259	47	-34
4	0.0003	43	-174	-119
5	0.0004	-127	184	294
6	0.0005	78	54	66
7	0.0006	16	-65	-37
8	0.0007	-220	-16	48
9	0.0008	-164	20	7
10	0.0009	65	71	-247
11	0.0010	308	-54	-97
12	0.0011	-94	94	481
13	0.0012	-85	71	270
14	0.0013	92	69	-250
15	0.0014	210	-245	-418
16	0.0015	-144	-122	196
17	0.0016	-12	152	-181
18	0.0017	297	-14	73
19	0.0018	-544	-87	127
20	0.0019	-37	-67	75
21	0.0020	-59	286	-17
22	0.0021	101	-153	-24
23	0.0022	-23	-155	-297
24	0.0023	67	295	44
25	0.0024	-435	-87	533
26	0.0025	161	206	-486
27	0.0026	259	16	190
28	0.0027	-230	-113	135
29	0.0028	199	-212	-192
30	0.0029	131	211	-23
31	0.0030	-100	61	-58
32	0.0031	221	60	-10
33	0.0032	-140	-202	39
34	0.0033	-89	-134	160
35	0.0034	-93	287	-31
36	0.0035	-134	-29	-85
37	0.0036	-110	22	33
38	0.0037	105	87	373
39	0.0038	40	350	206
40	0.0039	241	-140	-209
41	0.0040	-153	-138	23
42	0.0041	-4	86	-55
43	0.0042	-41	92	-33
44	0.0043	330	133	-11
45	0.0044	244	11	144
46	0.0045	-172	-105	166
47	0.0046	-194	-71	82
48	0.0047	-136	100	-14
49	0.0048	165	167	46
50	0.0049	375	-23	-391
51	0.0050	-440	-160	683
52	0.0051	447	201	-614
53	0.0052	-143	-58	237
54	0.0053	-96	-27	7
55	0.0054	134	-136	-380
56	0.0055	140	142	99
57	0.0056	-241	58	198
58	0.0057	-28	112	378
59	0.0058	167	186	-105
60	0.0059	33	-324	-160
61	0.0060	16	-169	273
62	0.0061	-102	36	-110
63	0.0062	-132	6	-222
64	0.0063	177	-29	-217
65	0.0064	-315	-262	148
66	0.0065	216	33	49
67	0.0066	46	218	-14
68	0.0067	-24	-29	185
69	0.0068	86	73	-255
70	0.0069	-326	-330	-62
71	0.0070	169	262	28
72	0.0071	77	299	297
73	0.0072	19	69	177
74	0.0073	-138	-28	104
75	0.0074	-152	-140	-161
76	0.0075	83	44	-235
77	0.0076	-37	-16	-84
78	0.0077	-15	-176	-75
79	0.0078	459	201	-461
80	0.0079	-499	-438	761
81	0.0080	-221	78	-173
82	0.0081	360	202	-263
83	0.0082	-307	229	774
84	0.0083	185	-277	-530
85	0.0084	261	105	45
86	0.0085	-113	139	116
87	0.0086	99	-65	-88
88	0.0087	62	154	-33
89	0.0088	-105	-14	69
90	0.0089	-98	-130	-74
91	0.0090	-311	14	123
92	0.0091	-37	73	54
93	0.0092	-40	82	181
94	0.0093	180	9	153
95	0.0094	122	-79	-57
96	0.0095	-28	-70	97
97	0.0096	15	90	-222
98	0.0097	57	-46	-76
99	0.0098	27	61	127
100	0.0099	67	33	-124

电流增量数据 [1000Hz, 10点]
采样序号	时间(s)	A相电流(INT)	B相电流(INT)	C相电流(INT)
1	0.000	1084	692	-950
2	0.001	1015	2138	-235
3	0.002	402	-653	312
4	0.003	-131	145	789
5	0.004	-1626	-196	1618
6	0.005	-1989	3657	64
7	0.006	-1531	3165	-272
8	0.007	-206	2325	-877
9	0.008	-385	-33	-210
10	0.009	-295	-1106	13
================================================================================

=== 采集时间: 2025-12-05 15:46:31 (增量周期: 10.0ms) ===
振动增量数据 [等效10000Hz, 100点]
时序序号	时间(s)	X振动(INT)	Y振动(INT)	Z振动(INT)
1	0.0000	233	92	204
2	0.0001	-517	168	350
3	0.0002	-123	-454	-301
4	0.0003	113	66	-301
5	0.0004	-118	92	380
6	0.0005	443	227	-127
7	0.0006	434	-11	-301
8	0.0007	-127	-635	183
9	0.0008	-225	91	317
10	0.0009	3	343	-152
11	0.0010	142	180	57
12	0.0011	-293	-287	-158
13	0.0012	-322	-251	404
14	0.0013	463	481	-683
15	0.0014	56	-267	382
16	0.0015	-344	15	409
17	0.0016	15	-213	-573
18	0.0017	57	37	-503
19	0.0018	-336	-149	-2
20	0.0019	88	189	305
21	0.0020	382	487	234
22	0.0021	-19	-375	176
23	0.0022	-168	-422	-277
24	0.0023	-11	271	-111
25	0.0024	-517	41	101
26	0.0025	332	69	-130
27	0.0026	-40	-166	36
28	0.0027	32	-151	58
29	0.0028	-44	-3	-134
30	0.0029	-58	131	69
31	0.0030	-173	246	147
32	0.0031	118	-12	-378
33	0.0032	244	-226	-132
34	0.0033	-194	-172	241
35	0.0034	-58	253	3
36	0.0035	318	291	268
37	0.0036	-313	-172	-92
38	0.0037	57	-317	-42
39	0.0038	-8	313	-144
40	0.0039	-97	-100	-3
41	0.0040	-55	466	649
42	0.0041	180	-168	-358
43	0.0042	274	-53	-64
44	0.0043	-165	32	259
45	0.0044	214	66	-401
46	0.0045	61	267	-136
47	0.0046	-105	-259	177
48	0.0047	80	134	11
49	0.0048	351	1	-31
50	0.0049	-140	54	164
51	0.0050	152	71	-2
52	0.0051	-234	-76	104
53	0.0052	83	-59	-76
54	0.0053	10	168	-27
55	0.0054	-247	-149	142
56	0.0055	220	54	-178
57	0.0056	-44	-8	-53
58	0.0057	69	9	160
59	0.0058	-68	118	79
60	0.0059	69	-221	-174
61	0.0060	150	5	-302
62	0.0061	-68	-62	177
63	0.0062	148	105	-88
64	0.0063	-199	75	323
65	0.0064	53	-83	-387
66	0.0065	91	-19	-166
67	0.0066	-50	-115	-221
68	0.0067	-61	242	645
69	0.0068	-138	173	-85
70	0.0069	359	-314	-538
71	0.0070	164	97	-192
72	0.0071	-282	-270	387
73	0.0072	125	267	-32
74	0.0073	133	37	-55
75	0.0074	-78	-91	-66
76	0.0075	117	-104	-224
77	0.0076	-198	-23	143
78	0.0077	-135	146	138
79	0.0078	-37	128	63
80	0.0079	-132	-67	69
81	0.0080	-36	-127	-59
82	0.0081	-36	62	11
83	0.0082	134	122	-66
84	0.0083	44	-20	40
85	0.0084	-12	35	91
86	0.0085	-85	64	33
87	0.0086	-310	-12	174
88	0.0087	246	-100	-187
89	0.0088	210	18	-242
90	0.0089	-72	-53	472
91	0.0090	-110	155	16
92	0.0091	39	101	-55
93	0.0092	-205	-66	152
94	0.0093	-110	-110	0
95	0.0094	191	69	-316
96	0.0095	345	327	-293
97	0.0096	-341	-242	690
98	0.0097	-67	-28	-323
99	0.0098	193	218	39
100	0.0099	225	50	16

电流增量数据 [1000Hz, 10点]
采样序号	时间(s)	A相电流(INT)	B相电流(INT)	C相电流(INT)
1	0.000	-610	969	132
2	0.001	-340	210	-64
3	0.002	177	172	-821
4	0.003	713	193	-757
5	0.004	597	390	-619
6	0.005	525	3152	-558
7	0.006	873	-849	48
8	0.007	334	2335	714
9	0.008	-138	-127	603
10	0.009	-1240	783	1081
================================================================================

=== 采集时间: 2025-12-05 15:46:31 (增量周期: 10.0ms) ===
振动增量数据 [等效10000Hz, 100点]
时序序号	时间(s)	X振动(INT)	Y振动(INT)	Z振动(INT)
1	0.0000	387	-179	-161
2	0.0001	-474	-102	262
3	0.0002	-220	44	152
4	0.0003	36	381	-312
5	0.0004	93	-361	-162
6	0.0005	-132	69	790
7	0.0006	248	116	-679
8	0.0007	345	-29	2
9	0.0008	-442	6	409
10	0.0009	134	-266	-501
11	0.0010	420	344	-178
12	0.0011	-517	-165	537
13	0.0012	-4	151	19
14	0.0013	99	423	-281
15	0.0014	-67	-285	305
16	0.0015	-203	-38	-109
17	0.0016	301	139	100
18	0.0017	-135	125	-84
19	0.0018	109	-330	-100
20	0.0019	-113	-42	-241
21	0.0020	26	-131	10
22	0.0021	11	164	120
23	0.0022	-38	186	380
24	0.0023	45	176	108
25	0.0024	-54	-12	-136
26	0.0025	-58	-153	13
27	0.0026	-143	44	-37
28	0.0027	301	75	-207
29	0.0028	97	114	2
30	0.0029	-165	-195	127
31	0.0030	-109	-57	79
32	0.0031	-111	142	-123
33	0.0032	46	-271	-91
34	0.0033	240	442	399
35	0.0034	-153	-65	165
36	0.0035	349	-46	-465
37	0.0036	-88	-34	-2
38	0.0037	46	-100	166
39	0.0038	-111	171	-17
40	0.0039	93	-3	-3
41	0.0040	-78	225	78
42	0.0041	-122	-225	-67
43	0.0042	161	13	-68
44	0.0043	-63	75	267
45	0.0044	129	77	-131
46	0.0045	-94	-6	125
47	0.0046	16	-15	57
48	0.0047	-175	33	-123
49	0.0048	426	-233	-468
50	0.0049	3	-87	43
51	0.0050	77	-65	219
52	0.0051	-58	314	-61
53	0.0052	-19	9	129
54	0.0053	-234	-112	103
55	0.0054	-196	-14	20
56	0.0055	211	104	58
57	0.0056	-92	97	66
58	0.0057	99	-74	27
59	0.0058	-288	137	71
60	0.0059	-105	82	67
61	0.0060	-221	568	1244
62	0.0061	-600	10	267
63	0.0062	919	125	-1009
64	0.0063	-349	-178	477
65	0.0064	-365	-560	41
66	0.0065	408	539	-394
67	0.0066	-122	56	263
68	0.0067	-96	189	172
69	0.0068	-335	-468	14
70	0.0069	56	-151	-701
71	0.0070	451	-179	-396
72	0.0071	378	-216	-94
73	0.0072	368	203	-92
74	0.0073	241	228	378
75	0.0074	-397	181	426
76	0.0075	-11	-234	-512
77	0.0076	-84	-420	-50
78	0.0077	-74	137	-123
79	0.0078	334	335	70
80	0.0079	-81	186	66
81	0.0080	14	-104	490
82	0.0081	-480	263	440
83	0.0082	245	-113	-338
84	0.0083	100	-353	-448
85	0.0084	-57	-202	-351
86	0.0085	583	536	79
87	0.0086	-132	69	236
88	0.0087	229	-433	-74
89	0.0088	-122	300	584
90	0.0089	-461	-49	456
91	0.0090	19	181	-295
92	0.0091	323	-21	-486
93	0.0092	-315	-102	344
94	0.0093	9	-98	-177
95	0.0094	464	150	26
96	0.0095	-484	259	679
97	0.0096	-407	-67	189
98	0.0097	-25	9	-740
99	0.0098	78	-195	-286
100	0.0099	-41	70	210

电流增量数据 [1000Hz, 10点]
采样序号	时间(s)	A相电流(INT)	B相电流(INT)	C相电流(INT)
1	0.000	229	-594	1621
2	0.001	-1233	832	1384
3	0.002	-244	1227	668
4	0.003	-120	-2564	216
5	0.004	-532	81	328
6	0.005	-761	290	142
7	0.006	-727	1603	-35
8	0.007	-1022	1098	118
9	0.008	78	1591	-860
10	0.009	857	746	-871
================================================================================

=== 采集时间: 2025-12-05 15:46:32 (增量周期: 10.0ms) ===
振动增量数据 [等效10000Hz, 100点]
时序序号	时间(s)	X振动(INT)	Y振动(INT)	Z振动(INT)
1	0.0000	287	148	-255
2	0.0001	-502	-165	306
3	0.0002	140	117	91
4	0.0003	172	164	-443
5	0.0004	-156	-221	256
6	0.0005	-58	124	110
7	0.0006	1	-160	-286
8	0.0007	-14	142	106
9	0.0008	-50	-80	62
10	0.0009	50	-96	126
11	0.0010	318	101	-783
12	0.0011	-276	-275	619
13	0.0012	-340	215	204
14	0.0013	539	108	-762
15	0.0014	-47	-25	482
16	0.0015	-327	-200	408
17	0.0016	-62	248	9
18	0.0017	-17	237	-29
19	0.0018	-31	-142	20
20	0.0019	-119	-113	-118
21	0.0020	233	105	-38
22	0.0021	-169	-166	-6
23	0.0022	160	6	-62
24	0.0023	-67	214	66
25	0.0024	-70	-217	103
26	0.0025	334	49	-349
27	0.0026	-74	-241	-92
28	0.0027	-128	165	358
29	0.0028	104	199	-111
30	0.0029	39	33	53
31	0.0030	78	22	216
32	0.0031	-136	-132	-57
33	0.0032	5	-12	-81
34	0.0033	-81	47	-55
35	0.0034	-38	71	-113
36	0.0035	259	90	-40
37	0.0036	-96	-89	190
38	0.0037	-100	-122	335
39	0.0038	506	338	-959
40	0.0039	-267	-304	763
41	0.0040	-204	78	11
42	0.0041	-117	-240	-366
43	0.0042	334	475	165
44	0.0043	-502	-187	405
45	0.0044	49	279	576
46	0.0045	360	276	-468
47	0.0046	-152	-580	-115
48	0.0047	-128	-24	-157
49	0.0048	33	138	-182
50	0.0049	2	232	136
51	0.0050	20	201	156
52	0.0051	-263	-48	330
53	0.0052	44	-74	-81
54	0.0053	335	212	-136
55	0.0054	-279	-102	32
56	0.0055	28	120	99
57	0.0056	2	69	-274
58	0.0057	-131	-238	2
59	0.0058	100	-29	-244
60	0.0059	144	-558	-568
61	0.0060	26	97	-63
62	0.0061	134	-96	177
63	0.0062	412	244	-211
64	0.0063	140	9	198
65	0.0064	-494	49	1085
66	0.0065	421	117	-1176
67	0.0066	92	-526	82
68	0.0067	-632	50	172
69	0.0068	543	276	-342
70	0.0069	74	434	-16
71	0.0070	-139	-395	772
72	0.0071	-165	286	31
73	0.0072	173	207	-157
74	0.0073	-186	-92	-143
75	0.0074	-216	-523	-230
76	0.0075	443	444	-137
77	0.0076	193	77	243
78	0.0077	-78	-368	93
79	0.0078	259	94	-79
80	0.0079	-546	18	583
81	0.0080	66	45	-175
82	0.0081	344	3	-649
83	0.0082	-32	-109	259
84	0.0083	-196	154	264
85	0.0084	35	2	-89
86	0.0085	-58	248	267
87	0.0086	-289	-290	-94
88	0.0087	203	-15	-471
89	0.0088	-106	74	18
90	0.0089	-45	-6	140
91	0.0090	471	467	-38
92	0.0091	-29	-177	161
93	0.0092	-152	-570	33
94	0.0093	36	6	-676
95	0.0094	-191	181	545
96	0.0095	-208	159	-197
97	0.0096	171	-155	-79
98	0.0097	45	-67	86
99	0.0098	-232	-259	157
100	0.0099	167	310	-167

电流增量数据 [1000Hz, 10点]
采样序号	时间(s)	A相电流(INT)	B相电流(INT)	C相电流(INT)
1	0.000	-1121	2468	-115
2	0.001	-514	1577	500
3	0.002	-722	-1461	211
4	0.003	-519	419	-146
5	0.004	-69	806	-814
6	0.005	221	288	-980
7	0.006	440	302	-767
8	0.007	468	1048	-609
9	0.008	525	390	266
10	0.009	55	-967	751
================================================================================

=== 采集时间: 2025-12-05 15:46:32 (增量周期: 10.0ms) ===
振动增量数据 [等效10000Hz, 100点]
时序序号	时间(s)	X振动(INT)	Y振动(INT)	Z振动(INT)
1	0.0000	18	-161	-75
2	0.0001	-194	-63	-62
3	0.0002	31	202	60
4	0.0003	50	80	157
5	0.0004	15	-216	-362
6	0.0005	232	50	-130
7	0.0006	-307	31	374
8	0.0007	131	71	-136
9	0.0008	130	20	-218
10	0.0009	-16	-195	-40
11	0.0010	9	65	126
12	0.0011	-213	-58	106
13	0.0012	271	43	-358
14	0.0013	65	50	363
15	0.0014	-340	-208	-20
16	0.0015	36	6	-192
17	0.0016	-266	199	202
18	0.0017	-303	-228	-79
19	0.0018	459	107	-148
20	0.0019	-323	-143	487
21	0.0020	326	113	-443
22	0.0021	118	80	-24
23	0.0022	-316	-155	284
24	0.0023	-126	14	-161
25	0.0024	359	118	-225
26	0.0025	57	6	27
27	0.0026	-68	-83	117
28	0.0027	-102	39	289
29	0.0028	-128	155	2
30	0.0029	-268	-165	-4
31	0.0030	306	180	-173
32	0.0031	-174	-143	126
33	0.0032	155	-178	-340
34	0.0033	155	242	-59
35	0.0034	-259	-123	356
36	0.0035	54	181	-194
37	0.0036	201	70	206
38	0.0037	-299	-65	245
39	0.0038	124	-79	-261
40	0.0039	-53	96	-154
41	0.0040	20	-8	143
42	0.0041	-7	92	79
43	0.0042	-172	-100	203
44	0.0043	-36	177	58
45	0.0044	-204	-165	-246
46	0.0045	225	86	-32
47	0.0046	-49	184	90
48	0.0047	87	-140	366
49	0.0048	421	249	-717
50	0.0049	127	-391	44
51	0.0050	-182	66	202
52	0.0051	9	-4	-192
53	0.0052	336	263	-46
54	0.0053	-141	-178	-63
55	0.0054	36	-102	204
56	0.0055	-94	276	120
57	0.0056	-102	-48	67
58	0.0057	-24	-59	-64
59	0.0058	78	71	26
60	0.0059	122	28	-123
61	0.0060	-194	231	263
62	0.0061	271	44	-246
63	0.0062	83	-318	-156
64	0.0063	-76	50	217
65	0.0064	-181	131	176
66	0.0065	190	143	-75
67	0.0066	118	-17	-46
68	0.0067	-212	-358	208
69	0.0068	249	381	86
70	0.0069	142	-81	-422
71	0.0070	-128	-83	173
72	0.0071	-164	82	96
73	0.0072	-58	-229	-169
74	0.0073	163	160	-297
75	0.0074	-507	-135	979
76	0.0075	450	267	-869
77	0.0076	315	-262	10
78	0.0077	-618	-215	507
79	0.0078	242	176	-470
80	0.0079	412	299	-273
81	0.0080	-271	-176	409
82	0.0081	-204	-179	-25
83	0.0082	49	267	-111
84	0.0083	62	18	-157
85	0.0084	-220	-347	187
86	0.0085	113	194	-80
87	0.0086	202	10	-346
88	0.0087	-96	-172	44
89	0.0088	-50	32	-8
90	0.0089	-14	67	-64
91	0.0090	130	-33	-28
92	0.0091	-27	-37	-84
93	0.0092	-144	26	290
94	0.0093	-17	180	-19
95	0.0094	191	-241	-315
96	0.0095	-239	96	692
97	0.0096	-158	73	-77
98	0.0097	224	33	-280
99	0.0098	-284	-65	348
100	0.0099	-251	-178	61

电流增量数据 [1000Hz, 10点]
采样序号	时间(s)	A相电流(INT)	B相电流(INT)	C相电流(INT)
1	0.000	255	3027	-664
2	0.001	765	1765	-401
3	0.002	596	670	-59
4	0.003	297	1575	785
5	0.004	72	-427	760
6	0.005	-1146	305	1169
7	0.006	-2446	1559	507
8	0.007	-1142	3267	-865
9	0.008	-220	2225	-795
10	0.009	-205	1438	-303
================================================================================

=== 采集时间: 2025-12-05 15:46:32 (增量周期: 10.0ms) ===
振动增量数据 [等效10000Hz, 100点]
时序序号	时间(s)	X振动(INT)	Y振动(INT)	Z振动(INT)
1	0.0000	-322	-166	260
2	0.0001	245	256	-77
3	0.0002	-121	-76	-14
4	0.0003	-307	-65	373
5	0.0004	61	351	9
6	0.0005	-98	-173	-67
7	0.0006	-58	-17	84
8	0.0007	126	-2	-239
9	0.0008	-216	165	604
10	0.0009	-10	-100	-456
11	0.0010	82	-668	-559
12	0.0011	6	284	16
13	0.0012	681	208	-151
14	0.0013	-143	326	990
15	0.0014	-79	-40	1
16	0.0015	-114	-706	-488
17	0.0016	210	79	-135
18	0.0017	-21	13	-152
19	0.0018	246	269	-62
20	0.0019	-51	117	32
21	0.0020	-423	-161	712
22	0.0021	-192	241	-105
23	0.0022	364	-181	-375
24	0.0023	-333	52	340
25	0.0024	-58	82	-111
26	0.0025	265	-147	-331
27	0.0026	383	23	-187
28	0.0027	221	-21	193
29	0.0028	-249	28	379
30	0.0029	20	-68	-6
31	0.0030	-118	-66	-178
32	0.0031	-16	201	-124
33	0.0032	-2	13	27
34	0.0033	-53	9	305
35	0.0034	-113	163	425
36	0.0035	-102	43	10
37	0.0036	90	-40	-445
38	0.0037	-134	-134	-251
39	0.0038	-293	54	356
40	0.0039	203	425	136
41	0.0040	467	-134	-448
42	0.0041	275	-284	272
43	0.0042	-788	-159	512
44	0.0043	275	211	-487
45	0.0044	-160	415	-50
46	0.0045	103	-387	134
47	0.0046	117	1	-149
48	0.0047	112	-125	65
49	0.0048	-296	399	425
50	0.0049	-92	71	-174
51	0.0050	-37	-44	-381
52	0.0051	86	35	-25
53	0.0052	-58	94	202
54	0.0053	27	5	-105
55	0.0054	331	43	90
56	0.0055	-353	-117	300
57	0.0056	48	-257	-389
58	0.0057	-51	150	-111
59	0.0058	-282	128	537
60	0.0059	-93	125	131
61	0.0060	172	-16	-162
62	0.0061	-24	-307	91
63	0.0062	2	-48	-226
64	0.0063	185	284	-124
65	0.0064	30	144	-81
66	0.0065	-113	-176	-46
67	0.0066	228	1	61
68	0.0067	22	-132	-238
69	0.0068	66	329	858
70	0.0069	-175	109	-321
71	0.0070	460	-264	-406
72	0.0071	-416	-59	311
73	0.0072	-371	-404	-71
74	0.0073	507	667	-63
75	0.0074	-263	-79	213
76	0.0075	-3	-213	258
77	0.0076	-85	173	-40
78	0.0077	203	-191	-500
79	0.0078	176	233	31
80	0.0079	-31	-7	331
81	0.0080	220	1	-470
82	0.0081	334	18	-114
83	0.0082	-284	-172	180
84	0.0083	78	45	-105
85	0.0084	36	77	-123
86	0.0085	-326	-187	207
87	0.0086	-162	43	-23
88	0.0087	-108	-6	11
89	0.0088	44	18	193
90	0.0089	100	-142	-187
91	0.0090	245	-91	-338
92	0.0091	-28	138	130
93	0.0092	-484	-17	311
94	0.0093	39	139	-179
95	0.0094	-3	30	142
96	0.0095	69	-398	-216
97	0.0096	71	327	584
98	0.0097	-592	352	670
99	0.0098	593	-173	-1031
100	0.0099	36	-207	-233

电流增量数据 [1000Hz, 10点]
采样序号	时间(s)	A相电流(INT)	B相电流(INT)	C相电流(INT)
1	0.000	-437	-2149	594
2	0.001	-1349	435	1543
3	0.002	-1296	1114	427
4	0.003	-208	1868	-240
5	0.004	240	270	-605
6	0.005	667	101	-873
7	0.006	845	292	-971
8	0.007	729	1145	-276
9	0.008	5	2140	464
10	0.009	85	110	638
================================================================================

=== 采集时间: 2025-12-05 15:46:33 (增量周期: 10.0ms) ===
振动增量数据 [等效10000Hz, 100点]
时序序号	时间(s)	X振动(INT)	Y振动(INT)	Z振动(INT)
1	0.0000	31	-300	-50
2	0.0001	233	39	-63
3	0.0002	75	148	134
4	0.0003	-281	205	464
5	0.0004	292	-61	-610
6	0.0005	-14	-172	-165
7	0.0006	-242	-156	166
8	0.0007	-232	13	9
9	0.0008	607	326	-595
10	0.0009	-328	-407	521
11	0.0010	-320	-145	266
12	0.0011	-25	318	-218
13	0.0012	-110	113	448
14	0.0013	-303	-106	-29
15	0.0014	274	-189	-2
16	0.0015	138	257	-170
17	0.0016	83	-159	56
18	0.0017	53	73	-89
19	0.0018	-81	11	-59
20	0.0019	-138	-31	143
21	0.0020	-271	-102	22
22	0.0021	-15	117	-20
23	0.0022	-68	79	250
24	0.0023	199	-8	96
25	0.0024	398	77	-269
26	0.0025	-177	-100	96
27	0.0026	-131	-36	-218
28	0.0027	86	39	73
29	0.0028	-301	66	442
30	0.0029	417	189	-320
31	0.0030	41	48	131
32	0.0031	-329	-228	230
33	0.0032	-284	-28	30
34	0.0033	275	314	-218
35	0.0034	117	20	-207
36	0.0035	-315	-80	696
37	0.0036	305	359	-481
38	0.0037	411	-361	-481
39	0.0038	-425	32	901
40	0.0039	-10	86	-379
41	0.0040	511	274	-160
42	0.0041	-431	-101	285
43	0.0042	-80	-340	156
44	0.0043	6	448	-132
45	0.0044	334	-134	-117
46	0.0045	-234	-68	242
47	0.0046	177	79	-81
48	0.0047	-53	-29	-221
49	0.0048	22	-179	-97
50	0.0049	-94	-97	0
51	0.0050	135	152	-38
52	0.0051	280	161	26
53	0.0052	113	-216	-259
54	0.0053	-118	-2	157
55	0.0054	-273	101	136
56	0.0055	275	-117	-282
57	0.0056	219	70	-49
58	0.0057	-3	-126	404
59	0.0058	-161	99	-97
60	0.0059	-88	3	-98
61	0.0060	-71	-11	-41
62	0.0061	305	92	-175
63	0.0062	-305	73	658
64	0.0063	258	28	-434
65	0.0064	-32	-276	-244
66	0.0065	-263	-87	233
67	0.0066	143	131	-368
68	0.0067	377	148	-64
69	0.0068	-228	-165	290
70	0.0069	-37	-113	156
71	0.0070	-219	325	116
72	0.0071	150	-68	-220
73	0.0072	-111	48	169
74	0.0073	146	107	-100
75	0.0074	19	18	43
76	0.0075	-78	-117	-47
77	0.0076	65	50	-165
78	0.0077	-111	71	49
79	0.0078	112	-17	143
80	0.0079	-97	77	48
81	0.0080	-38	56	165
82	0.0081	-33	2	-151
83	0.0082	-54	-178	-59
84	0.0083	82	118	142
85	0.0084	137	24	-4
86	0.0085	-19	82	96
87	0.0086	20	-78	-54
88	0.0087	-229	-15	5
89	0.0088	56	54	-98
90	0.0089	124	-203	-545
91	0.0090	-64	407	926
92	0.0091	-561	148	600
93	0.0092	563	-50	-889
94	0.0093	-7	-38	213
95	0.0094	-341	-467	224
96	0.0095	272	410	-51
97	0.0096	422	148	-431
98	0.0097	-47	-240	147
99	0.0098	-455	-131	407
100	0.0099	19	5	-307

电流增量数据 [1000Hz, 10点]
采样序号	时间(s)	A相电流(INT)	B相电流(INT)	C相电流(INT)
1	0.000	-845	3193	814
2	0.001	-1048	1158	438
3	0.002	-570	3421	-168
4	0.003	306	294	-1180
5	0.004	1235	1366	-1767
6	0.005	2215	-2699	169
7	0.006	1386	-923	779
8	0.007	263	55	1021
9	0.008	407	809	96
10	0.009	372	296	135
================================================================================

=== 采集时间: 2025-12-05 15:46:33 (增量周期: 10.0ms) ===
振动增量数据 [等效10000Hz, 100点]
时序序号	时间(s)	X振动(INT)	Y振动(INT)	Z振动(INT)
1	0.0000	48	214	-16
2	0.0001	7	-152	95
3	0.0002	60	-253	-31
4	0.0003	99	211	-3
5	0.0004	-8	207	195
6	0.0005	-169	114	129
7	0.0006	134	-50	-225
8	0.0007	56	-323	-441
9	0.0008	241	240	453
10	0.0009	-362	212	590
11	0.0010	484	148	-471
12	0.0011	37	-203	73
13	0.0012	-407	-373	32
14	0.0013	54	274	-243
15	0.0014	97	201	93
16	0.0015	-46	26	123
17	0.0016	113	-343	-227
18	0.0017	88	27	-400
19	0.0018	-92	9	601
20	0.0019	-476	177	143
21	0.0020	347	265	-6
22	0.0021	-97	-46	-47
23	0.0022	74	-241	155
24	0.0023	87	252	52
25	0.0024	43	-12	-37
26	0.0025	228	-23	-422
27	0.0026	-147	-258	-80
28	0.0027	-290	-177	-74
29	0.0028	131	163	-77
30	0.0029	-47	113	75
31	0.0030	-27	-96	383
32	0.0031	-335	43	198
33	0.0032	-34	147	153
34	0.0033	109	279	-83
35	0.0034	-79	-370	-174
36	0.0035	83	-70	24
37	0.0036	586	75	-821
38	0.0037	-551	-12	1137
39	0.0038	-101	90	-302
40	0.0039	244	-139	-408
41	0.0040	-220	-53	153
42	0.0041	-407	-110	331
43	0.0042	23	453	245
44	0.0043	203	154	-44
45	0.0044	-139	-385	-147
46	0.0045	339	-75	-31
47	0.0046	-263	202	283
48	0.0047	-140	218	420
49	0.0048	88	121	-118
50	0.0049	-50	-315	-160
51	0.0050	-53	-92	-241
52	0.0051	66	-84	-167
53	0.0052	-130	-32	-29
54	0.0053	-147	92	263
55	0.0054	40	101	-34
56	0.0055	43	-250	-186
57	0.0056	218	-16	-158
58	0.0057	-281	-113	301
59	0.0058	263	171	-239
60	0.0059	97	-34	-156
61	0.0060	-169	-187	182
62	0.0061	9	57	-97
63	0.0062	40	69	93
64	0.0063	275	368	-27
65	0.0064	-157	-462	168
66	0.0065	394	87	-718
67	0.0066	-302	-159	429
68	0.0067	-310	64	33
69	0.0068	293	249	-492
70	0.0069	281	-88	277
71	0.0070	-564	-273	437
72	0.0071	279	79	-106
73	0.0072	-15	253	-177
74	0.0073	-8	-213	48
75	0.0074	-15	-63	-15
76	0.0075	57	30	74
77	0.0076	117	176	-136
78	0.0077	321	-2	-80
79	0.0078	-185	-29	357
80	0.0079	-105	-109	-182
81	0.0080	22	279	-76
82	0.0081	-213	32	216
83	0.0082	146	-153	-84
84	0.0083	6	-24	-109
85	0.0084	109	92	225
86	0.0085	-213	-7	129
87	0.0086	87	86	9
88	0.0087	-169	181	123
89	0.0088	191	-217	-273
90	0.0089	-109	-198	-32
91	0.0090	-504	271	887
92	0.0091	369	400	-611
93	0.0092	140	-302	10
94	0.0093	-297	-177	499
95	0.0094	-45	-102	-392
96	0.0095	261	272	-307
97	0.0096	-190	-23	-59
98	0.0097	155	-139	3
99	0.0098	155	414	330
100	0.0099	-216	-130	136

电流增量数据 [1000Hz, 10点]
采样序号	时间(s)	A相电流(INT)	B相电流(INT)	C相电流(INT)
1	0.000	-663	-361	669
2	0.001	-806	-21	457
3	0.002	-221	4051	-350
4	0.003	42	1583	-787
5	0.004	1820	922	-1173
6	0.005	963	566	-774
7	0.006	1488	-448	-69
8	0.007	-130	-1772	2138
9	0.008	-1085	-218	1824
10	0.009	-1362	1690	984
================================================================================

=== 采集时间: 2025-12-05 15:46:33 (增量周期: 10.0ms) ===
振动增量数据 [等效10000Hz, 100点]
时序序号	时间(s)	X振动(INT)	Y振动(INT)	Z振动(INT)
1	0.0000	284	279	-76
2	0.0001	-42	31	90
3	0.0002	138	44	255
4	0.0003	-267	117	-54
5	0.0004	-23	-144	-93
6	0.0005	71	-50	-349
7	0.0006	116	111	250
8	0.0007	11	147	332
9	0.0008	288	-134	-194
10	0.0009	-152	47	-85
11	0.0010	-152	-28	206
12	0.0011	45	168	-109
13	0.0012	241	-20	-118
14	0.0013	-45	-100	224
15	0.0014	-138	159	200
16	0.0015	80	70	-298
17	0.0016	-62	-159	13
18	0.0017	-68	-109	-118
19	0.0018	176	295	234
20	0.0019	-102	178	280
21	0.0020	-54	-85	74
22	0.0021	-110	236	220
23	0.0022	-31	-191	-212
24	0.0023	26	-217	228
25	0.0024	312	304	-704
26	0.0025	-27	-151	553
27	0.0026	-323	-46	-114
28	0.0027	187	-186	-415
29	0.0028	274	235	62
30	0.0029	-204	-108	92
31	0.0030	241	163	109
32	0.0031	-33	225	-29
33	0.0032	-108	-174	23
34	0.0033	46	-129	-268
35	0.0034	67	37	182
36	0.0035	-58	241	426
37	0.0036	33	0	-127
38	0.0037	-89	104	101
39	0.0038	-326	-177	178
40	0.0039	-2	-74	-391
41	0.0040	422	144	-278
42	0.0041	14	22	280
43	0.0042	-309	88	277
44	0.0043	238	112	-274
45	0.0044	-104	60	74
46	0.0045	143	-88	301
47	0.0046	11	105	-76
48	0.0047	134	23	-76
49	0.0048	-19	180	97
50	0.0049	-114	-98	-16
51	0.0050	-115	39	426
52	0.0051	781	125	-1013
53	0.0052	-422	-301	1020
54	0.0053	-262	-91	-447
55	0.0054	373	-250	-547
56	0.0055	-191	457	87
57	0.0056	75	-368	105
58	0.0057	-177	352	554
59	0.0058	-162	343	125
60	0.0059	-89	-456	97
61	0.0060	171	497	-525
62	0.0061	434	-624	-34
63	0.0062	-813	374	772
64	0.0063	614	107	-568
65	0.0064	-119	-263	-297
66	0.0065	-275	91	-102
67	0.0066	420	-479	-122
68	0.0067	-664	233	168
69	0.0068	214	271	613
70	0.0069	-519	67	49
71	0.0070	574	107	-584
72	0.0071	120	-601	-404
73	0.0072	13	-297	340
74	0.0073	332	645	340
75	0.0074	91	301	104
76	0.0075	395	266	-312
77	0.0076	-645	-785	-40
78	0.0077	-28	-340	-181
79	0.0078	63	372	49
80	0.0079	599	364	-520
81	0.0080	-191	148	583
82	0.0081	-307	-654	300
83	0.0082	-298	206	-136
84	0.0083	533	223	-311
85	0.0084	-3	-349	-310
86	0.0085	-113	150	486
87	0.0086	-21	134	315
88	0.0087	-322	32	-368
89	0.0088	872	-126	-457
90	0.0089	-136	-33	434
91	0.0090	-98	75	451
92	0.0091	139	-53	-222
93	0.0092	-315	-74	-500
94	0.0093	218	-19	-139
95	0.0094	-250	67	199
96	0.0095	152	142	317
97	0.0096	-160	94	639
98	0.0097	-139	144	-72
99	0.0098	78	-193	-392
100	0.0099	-106	-41	-402

电流增量数据 [1000Hz, 10点]
采样序号	时间(s)	A相电流(INT)	B相电流(INT)	C相电流(INT)
1	0.000	-74	873	-1755
2	0.001	932	2040	-1338
3	0.002	55	1743	-398
4	0.003	87	1298	-413
5	0.004	543	-1829	-292
6	0.005	593	-193	-681
7	0.006	653	-570	-228
8	0.007	1446	-2550	-176
9	0.008	602	-477	34
10	0.009	-399	738	545
================================================================================

=== 采集时间: 2025-12-05 15:46:34 (增量周期: 10.0ms) ===
振动增量数据 [等效10000Hz, 100点]
时序序号	时间(s)	X振动(INT)	Y振动(INT)	Z振动(INT)
1	0.0000	-209	-194	457
2	0.0001	-57	50	-75
3	0.0002	67	293	2
4	0.0003	-29	97	26
5	0.0004	-67	-242	-165
6	0.0005	97	13	22
7	0.0006	65	-2	23
8	0.0007	120	27	86
9	0.0008	-125	96	-11
10	0.0009	50	206	118
11	0.0010	-230	0	150
12	0.0011	541	-328	-878
13	0.0012	71	468	632
14	0.0013	-695	-67	1060
15	0.0014	497	431	-1017
16	0.0015	118	-173	-14
17	0.0016	-443	-382	388
18	0.0017	127	-17	-381
19	0.0018	91	248	193
20	0.0019	97	282	-14
21	0.0020	36	-450	-374
22	0.0021	46	-70	-89
23	0.0022	-255	-157	88
24	0.0023	-41	86	350
25	0.0024	52	513	-427
26	0.0025	87	-586	336
27	0.0026	-636	293	541
28	0.0027	373	-117	-529
29	0.0028	19	-27	20
30	0.0029	-71	395	533
31	0.0030	335	-254	-571
32	0.0031	-186	-161	215
33	0.0032	-416	468	525
34	0.0033	178	-437	-687
35	0.0034	159	-11	-188
36	0.0035	-279	391	894
37	0.0036	-6	53	524
38	0.0037	-46	137	-252
39	0.0038	77	212	73
40	0.0039	396	-507	-589
41	0.0040	50	-173	-479
42	0.0041	-66	289	483
43	0.0042	808	80	-820
44	0.0043	-369	-652	36
45	0.0044	-108	65	451
46	0.0045	161	122	-526
47	0.0046	46	312	489
48	0.0047	-276	299	527
49	0.0048	-132	-661	-288
50	0.0049	-200	142	40
51	0.0050	-327	444	280
52	0.0051	748	-12	-640
53	0.0052	122	-405	414
54	0.0053	-520	180	814
55	0.0054	5	299	-586
56	0.0055	445	-257	-876
57	0.0056	-21	-247	356
58	0.0057	-243	99	533
59	0.0058	402	400	-231
60	0.0059	-168	-54	178
61	0.0060	-301	-28	490
62	0.0061	-58	99	157
63	0.0062	361	339	-743
64	0.0063	151	-240	-414
65	0.0064	-309	-23	512
66	0.0065	-181	26	122
67	0.0066	134	-19	-55
68	0.0067	-32	270	348
69	0.0068	406	-131	-855
70	0.0069	-226	-484	221
71	0.0070	-555	-50	-51
72	0.0071	458	363	-384
73	0.0072	441	391	236
74	0.0073	-195	-668	510
75	0.0074	-121	26	152
76	0.0075	-128	357	-340
77	0.0076	-156	-70	-250
78	0.0077	-20	-181	-3
79	0.0078	139	-59	-131
80	0.0079	189	7	-136
81	0.0080	304	-11	219
82	0.0081	-378	146	380
83	0.0082	-417	107	101
84	0.0083	428	5	-765
85	0.0084	65	-324	-214
86	0.0085	-44	-89	307
87	0.0086	-63	536	605
88	0.0087	-156	50	39
89	0.0088	-44	-251	-418
90	0.0089	-7	-196	-29
91	0.0090	41	241	208
92	0.0091	-268	205	199
93	0.0092	-46	125	-74
94	0.0093	236	-97	-190
95	0.0094	199	-224	63
96	0.0095	-140	75	777
97	0.0096	242	385	-692
98	0.0097	165	-288	-413
99	0.0098	-639	-445	330
100	0.0099	167	126	-213

电流增量数据 [1000Hz, 10点]
采样序号	时间(s)	A相电流(INT)	B相电流(INT)	C相电流(INT)
1	0.000	375	570	7
2	0.001	-92	-1506	596
3	0.002	-235	-1627	548
4	0.003	-806	-13	694
5	0.004	-886	-1981	892
6	0.005	-1118	1502	356
7	0.006	-197	603	-209
8	0.007	226	1556	-702
9	0.008	630	63	-667
10	0.009	591	-391	-579
================================================================================

=== 采集时间: 2025-12-05 15:46:34 (增量周期: 10.0ms) ===
振动增量数据 [等效10000Hz, 100点]
时序序号	时间(s)	X振动(INT)	Y振动(INT)	Z振动(INT)
1	0.0000	195	-125	-391
2	0.0001	-380	-138	562
3	0.0002	-27	267	27
4	0.0003	71	2	-218
5	0.0004	13	-7	-106
6	0.0005	-327	-74	546
7	0.0006	117	293	195
8	0.0007	86	113	-27
9	0.0008	-32	-59	-6
10	0.0009	-63	-247	-312
11	0.0010	-2	198	134
12	0.0011	-2	261	220
13	0.0012	-38	-181	121
14	0.0013	199	280	-130
15	0.0014	116	-182	-141
16	0.0015	-374	-174	169
17	0.0016	57	176	-104
18	0.0017	77	113	-247
19	0.0018	148	-92	73
20	0.0019	-164	-186	189
21	0.0020	-134	60	150
22	0.0021	23	336	-16
23	0.0022	-12	-166	74
24	0.0023	-161	-29	106
25	0.0024	193	96	-38
26	0.0025	223	232	-34
27	0.0026	135	-95	-139
28	0.0027	-205	-145	127
29	0.0028	592	231	-671
30	0.0029	-273	-117	382
31	0.0030	-439	-174	447
32	0.0031	71	253	-415
33	0.0032	241	30	15
34	0.0033	-435	-24	463
35	0.0034	58	-129	116
36	0.0035	430	461	-222
37	0.0036	-17	-162	-50
38	0.0037	-190	-520	-244
39	0.0038	19	236	-6
40	0.0039	-220	113	27
41	0.0040	201	180	156
42	0.0041	214	133	82
43	0.0042	-58	-293	39
44	0.0043	-23	60	-166
45	0.0044	-66	9	-21
46	0.0045	103	99	-38
47	0.0046	218	79	73
48	0.0047	-24	-307	-160
49	0.0048	93	-78	-55
50	0.0049	-216	133	-23
51	0.0050	44	117	84
52	0.0051	-182	33	135
53	0.0052	96	-281	-117
54	0.0053	23	86	-61
55	0.0054	-29	-34	-148
56	0.0055	-141	100	493
57	0.0056	197	133	-670
58	0.0057	163	-148	181
59	0.0058	-472	-152	168
60	0.0059	202	-102	-252
61	0.0060	-410	-434	-17
62	0.0061	113	62	121
63	0.0062	60	445	18
64	0.0063	-49	-199	70
65	0.0064	0	7	-76
66	0.0065	62	-113	-64
67	0.0066	-226	-3	156
68	0.0067	74	64	-239
69	0.0068	387	121	-4
70	0.0069	-155	24	414
71	0.0070	96	-273	-357
72	0.0071	-6	37	-167
73	0.0072	-343	23	238
74	0.0073	2	96	-291
75	0.0074	270	113	1
76	0.0075	-131	-65	472
77	0.0076	-51	15	-40
78	0.0077	103	233	-156
79	0.0078	-119	-117	123
80	0.0079	-92	36	63
81	0.0080	193	30	-105
82	0.0081	-44	124	93
83	0.0082	-434	83	1030
84	0.0083	561	112	-1407
85	0.0084	134	-170	564
86	0.0085	-615	-246	387
87	0.0086	258	-15	-542
88	0.0087	161	361	-151
89	0.0088	-228	-502	61
90	0.0089	-14	16	46
91	0.0090	75	275	238
92	0.0091	-85	19	126
93	0.0092	60	-203	-143
94	0.0093	13	172	-15
95	0.0094	-93	-114	88
96	0.0095	101	31	-209
97	0.0096	67	58	56
98	0.0097	-49	-8	103
99	0.0098	104	-36	16
100	0.0099	-149	30	-14

电流增量数据 [1000Hz, 10点]
采样序号	时间(s)	A相电流(INT)	B相电流(INT)	C相电流(INT)
1	0.000	-1062	1837	-187
2	0.001	-294	2823	-407
3	0.002	669	496	-766
4	0.003	578	3083	-733
5	0.004	1581	-1918	12
6	0.005	-174	-2176	2682
7	0.006	212	-2311	1873
8	0.007	-650	121	1404
9	0.008	-155	739	662
10	0.009	-7	1055	130
================================================================================

=== 采集时间: 2025-12-05 15:46:34 (增量周期: 10.0ms) ===
振动增量数据 [等效10000Hz, 100点]
时序序号	时间(s)	X振动(INT)	Y振动(INT)	Z振动(INT)
1	0.0000	-85	-209	-197
2	0.0001	-54	330	127
3	0.0002	15	96	-144
4	0.0003	-27	-322	-302
5	0.0004	27	5	293
6	0.0005	-118	107	173
7	0.0006	57	43	-34
8	0.0007	-14	185	234
9	0.0008	-200	-155	-24
10	0.0009	194	32	-135
11	0.0010	-62	58	106
12	0.0011	-174	-102	110
13	0.0012	885	278	-1111
14	0.0013	-224	-516	538
15	0.0014	-327	-2	211
16	0.0015	174	269	-466
17	0.0016	71	215	189
18	0.0017	-516	-271	330
19	0.0018	113	52	138
20	0.0019	77	428	41
21	0.0020	-96	-223	165
22	0.0021	99	-172	-224
23	0.0022	-21	397	322
24	0.0023	44	-119	-271
25	0.0024	82	-388	-483
26	0.0025	113	590	576
27	0.0026	-143	-211	-24
28	0.0027	328	-468	-453
29	0.0028	-226	463	247
30	0.0029	-258	142	219
31	0.0030	216	-209	-427
32	0.0031	-769	-306	516
33	0.0032	342	931	640
34	0.0033	53	-119	-876
35	0.0034	288	-1062	-295
36	0.0035	-365	347	610
37	0.0036	-32	412	280
38	0.0037	262	64	-740
39	0.0038	232	-838	-1006
40	0.0039	-104	20	819
41	0.0040	394	744	-659
42	0.0041	228	-774	451
43	0.0042	-639	-480	283
44	0.0043	422	675	-602
45	0.0044	789	980	-280
46	0.0045	-101	-1078	330
47	0.0046	-869	-413	1039
48	0.0047	-293	847	-221
49	0.0048	647	292	-1172
50	0.0049	74	-1015	-8
51	0.0050	-339	-16	887
52	0.0051	-229	732	229
53	0.0052	554	186	-511
54	0.0053	103	-405	-115
55	0.0054	-102	-468	430
56	0.0055	-190	515	43
57	0.0056	387	95	-905
58	0.0057	190	-166	-7
59	0.0058	-14	-65	451
60	0.0059	-132	156	613
61	0.0060	-373	-193	152
62	0.0061	33	33	-152
63	0.0062	110	275	-380
64	0.0063	147	73	-183
65	0.0064	-92	-245	392
66	0.0065	-224	69	525
67	0.0066	-373	377	341
68	0.0067	886	-149	-1582
69	0.0068	-226	-678	626
70	0.0069	-806	32	439
71	0.0070	334	596	-415
72	0.0071	339	210	-8
73	0.0072	-165	-793	284
74	0.0073	71	258	66
75	0.0074	-114	410	150
76	0.0075	93	283	-107
77	0.0076	-324	-433	-153
78	0.0077	323	-186	-314
79	0.0078	-8	-8	16
80	0.0079	-101	134	275
81	0.0080	1	402	75
82	0.0081	139	-284	146
83	0.0082	-84	-272	-233
84	0.0083	-92	-14	-265
85	0.0084	-79	112	138
86	0.0085	328	176	67
87	0.0086	-178	-240	-29
88	0.0087	-172	41	483
89	0.0088	11	404	-53
90	0.0089	-58	-266	-175
91	0.0090	118	75	232
92	0.0091	-2	-181	-627
93	0.0092	375	-81	-387
94	0.0093	-297	-53	84
95	0.0094	-348	229	1167
96	0.0095	339	249	-728
97	0.0096	129	-556	-443
98	0.0097	-175	-195	347
99	0.0098	-149	75	1
100	0.0099	-45	288	-23

电流增量数据 [1000Hz, 10点]
采样序号	时间(s)	A相电流(INT)	B相电流(INT)	C相电流(INT)
1	0.000	-124	1383	-298
2	0.001	293	1729	-558
3	0.002	693	-1984	-812
4	0.003	974	-345	-724
5	0.004	1448	-2535	-121
6	0.005	473	245	58
7	0.006	-39	-795	830
8	0.007	-403	847	521
9	0.008	-959	579	669
10	0.009	-455	-151	88
================================================================================

=== 采集时间: 2025-12-05 15:46:35 (增量周期: 10.0ms) ===
振动增量数据 [等效10000Hz, 100点]
时序序号	时间(s)	X振动(INT)	Y振动(INT)	Z振动(INT)
1	0.0000	-118	-289	19
2	0.0001	695	455	-421
3	0.0002	-23	-50	417
4	0.0003	-634	-377	172
5	0.0004	163	206	-571
6	0.0005	-182	75	-74
7	0.0006	177	28	435
8	0.0007	-242	-95	453
9	0.0008	398	193	-16
10	0.0009	-158	-215	-63
11	0.0010	-516	-202	63
12	0.0011	223	216	-555
13	0.0012	240	67	118
14	0.0013	-169	-229	200
15	0.0014	276	108	-76
16	0.0015	-491	31	343
17	0.0016	-47	19	-21
18	0.0017	-153	-66	-256
19	0.0018	117	130	324
20	0.0019	32	97	-222
21	0.0020	254	-356	-111
22	0.0021	-243	109	263
23	0.0022	-89	-95	-105
24	0.0023	288	406	58
25	0.0024	-104	-243	-143
26	0.0025	-40	-58	163
27	0.0026	-341	165	63
28	0.0027	60	-288	-184
29	0.0028	124	165	-49
30	0.0029	155	31	49
31	0.0030	48	252	97
32	0.0031	-205	-130	88
33	0.0032	-179	-65	-290
34	0.0033	171	-7	-265
35	0.0034	66	26	121
36	0.0035	-117	347	863
37	0.0036	87	201	-96
38	0.0037	110	-433	-697
39	0.0038	-307	-89	568
40	0.0039	-349	30	-107
41	0.0040	681	297	-424
42	0.0041	-138	-25	242
43	0.0042	-80	-374	130
44	0.0043	-262	99	-76
45	0.0044	32	-88	-196
46	0.0045	107	86	-294
47	0.0046	234	159	271
48	0.0047	-25	109	313
49	0.0048	5	-258	-324
50	0.0049	-28	-25	-123
51	0.0050	-258	147	78
52	0.0051	334	-108	-157
53	0.0052	137	-23	-135
54	0.0053	-322	-164	503
55	0.0054	-158	158	-141
56	0.0055	203	-41	-349
57	0.0056	182	-108	139
58	0.0057	117	62	7
59	0.0058	45	138	142
60	0.0059	-156	75	-62
61	0.0060	87	131	-100
62	0.0061	41	-37	31
63	0.0062	-344	-51	653
64	0.0063	603	250	-842
65	0.0064	100	-136	196
66	0.0065	-638	-164	579
67	0.0066	187	139	-558
68	0.0067	562	246	-290
69	0.0068	-370	-311	541
70	0.0069	-58	131	225
71	0.0070	165	276	-324
72	0.0071	-12	-281	-233
73	0.0072	-110	-182	14
74	0.0073	150	56	9
75	0.0074	39	181	-46
76	0.0075	78	-157	-27
77	0.0076	-81	-108	-218
78	0.0077	-195	-29	164
79	0.0078	83	95	-208
80	0.0079	254	101	109
81	0.0080	-400	-78	306
82	0.0081	107	7	-57
83	0.0082	-250	-66	32
84	0.0083	-41	-206	-102
85	0.0084	257	148	-169
86	0.0085	-97	-98	36
87	0.0086	83	82	230
88	0.0087	-421	30	377
89	0.0088	202	111	-380
90	0.0089	306	-143	-342
91	0.0090	-349	73	757
92	0.0091	-220	423	333
93	0.0092	437	139	-582
94	0.0093	27	-166	195
95	0.0094	-369	-392	122
96	0.0095	421	233	-312
97	0.0096	-21	284	242
98	0.0097	-152	-112	66
99	0.0098	190	-136	-434
100	0.0099	154	-91	-83

电流增量数据 [1000Hz, 10点]
采样序号	时间(s)	A相电流(INT)	B相电流(INT)	C相电流(INT)
1	0.000	543	-542	-202
2	0.001	-42	-661	463
3	0.002	19	2525	733
4	0.003	-947	1328	469
5	0.004	-827	1832	19
6	0.005	-688	2688	-1756
7	0.006	289	2901	-2409
8	0.007	2474	29	-2529
9	0.008	1473	-1024	-729
10	0.009	225	1053	-68
================================================================================
