
=== 采集时间: 2025-12-05 15:21:53 (增量周期: 10.0ms) ===
振动增量数据 [等效10000Hz, 100点]
时序序号	时间(s)	X振动(INT)	Y振动(INT)	Z振动(INT)
1	0.0000	124	86	168
2	0.0001	-174	-66	142
3	0.0002	182	109	-224
4	0.0003	-19	80	-3
5	0.0004	-75	67	500
6	0.0005	249	-78	-413
7	0.0006	36	128	290
8	0.0007	281	84	-513
9	0.0008	-365	-311	637
10	0.0009	-108	103	-477
11	0.0010	60	-144	35
12	0.0011	-186	258	348
13	0.0012	5	-101	-101
14	0.0013	174	210	172
15	0.0014	-279	-100	117
16	0.0015	95	-63	-55
17	0.0016	-4	167	-162
18	0.0017	-64	33	310
19	0.0018	186	112	-268
20	0.0019	97	-106	163
21	0.0020	-178	67	273
22	0.0021	-20	-11	-94
23	0.0022	357	61	-448
24	0.0023	-111	-172	206
25	0.0024	-145	75	284
26	0.0025	57	87	-362
27	0.0026	159	-213	-165
28	0.0027	-232	-31	388
29	0.0028	69	295	241
30	0.0029	35	445	166
31	0.0030	28	-93	26
32	0.0031	-251	-143	41
33	0.0032	238	130	-122
34	0.0033	270	-98	-278
35	0.0034	144	322	262
36	0.0035	-216	-36	350
37	0.0036	-111	-3	-64
38	0.0037	232	16	-466
39	0.0038	-179	-74	290
40	0.0039	9	239	290
41	0.0040	133	161	148
42	0.0041	27	31	-57
43	0.0042	143	-212	-222
44	0.0043	-15	-53	-12
45	0.0044	19	214	23
46	0.0045	-36	-44	-85
47	0.0046	208	44	-50
48	0.0047	-217	11	136
49	0.0048	86	159	240
50	0.0049	-31	111	-15
51	0.0050	92	-162	-92
52	0.0051	18	108	73
53	0.0052	-66	-12	-50
54	0.0053	16	-3	-190
55	0.0054	49	-96	126
56	0.0055	-153	70	129
57	0.0056	374	135	-188
58	0.0057	6	14	206
59	0.0058	-379	-220	136
60	0.0059	127	214	-89
61	0.0060	-80	-196	-312
62	0.0061	-139	355	817
63	0.0062	-183	92	61
64	0.0063	524	33	-509
65	0.0064	-222	7	371
66	0.0065	-68	-430	-57
67	0.0066	266	445	-595
68	0.0067	27	-44	440
69	0.0068	-235	65	50
70	0.0069	344	-110	-263
71	0.0070	-170	53	190
72	0.0071	-106	-104	211
73	0.0072	193	301	-162
74	0.0073	-54	2	143
75	0.0074	62	-66	-93
76	0.0075	-61	139	456
77	0.0076	-222	176	152
78	0.0077	319	131	-414
79	0.0078	9	65	298
80	0.0079	-400	-20	240
81	0.0080	124	-7	-154
82	0.0081	116	92	-118
83	0.0082	14	-84	66
84	0.0083	18	-38	30
85	0.0084	78	155	-45
86	0.0085	-55	-4	255
87	0.0086	-229	-4	-29
88	0.0087	485	-37	-477
89	0.0088	-264	-283	7
90	0.0089	419	169	-214
91	0.0090	-233	-61	306
92	0.0091	-23	-110	-220
93	0.0092	71	77	-72
94	0.0093	-147	-16	290
95	0.0094	-226	28	52
96	0.0095	249	31	53
97	0.0096	-246	223	507
98	0.0097	266	-37	-411
99	0.0098	319	-138	-591
100	0.0099	-58	-12	391

电流增量数据 [1000Hz, 10点]
采样序号	时间(s)	A相电流(INT)	B相电流(INT)	C相电流(INT)
1	0.000	381	-786	-853
2	0.001	756	774	-833
3	0.002	961	-142	111
4	0.003	812	-483	272
5	0.004	-917	-2726	1682
6	0.005	-1755	-1724	1431
7	0.006	-2337	812	542
8	0.007	-128	9	-1683
9	0.008	-680	589	-69
10	0.009	-373	7	155
================================================================================

=== 采集时间: 2025-12-05 15:21:54 (增量周期: 10.0ms) ===
振动增量数据 [等效10000Hz, 100点]
时序序号	时间(s)	X振动(INT)	Y振动(INT)	Z振动(INT)
1	0.0000	58	-46	31
2	0.0001	65	253	207
3	0.0002	-153	48	-37
4	0.0003	361	-151	-304
5	0.0004	-182	14	18
6	0.0005	-54	10	293
7	0.0006	287	133	-276
8	0.0007	35	-217	-169
9	0.0008	-130	52	318
10	0.0009	-215	219	58
11	0.0010	211	-88	-235
12	0.0011	32	84	216
13	0.0012	-63	-174	212
14	0.0013	113	202	-179
15	0.0014	-113	-136	-134
16	0.0015	1	-20	135
17	0.0016	154	80	-225
18	0.0017	281	-157	-243
19	0.0018	-200	327	841
20	0.0019	-263	-246	-183
21	0.0020	338	124	-599
22	0.0021	-83	-70	272
23	0.0022	-117	-195	100
24	0.0023	412	322	-140
25	0.0024	-58	43	247
26	0.0025	-259	-51	219
27	0.0026	-41	-24	-144
28	0.0027	33	129	-100
29	0.0028	-6	31	159
30	0.0029	108	14	-64
31	0.0030	91	44	91
32	0.0031	-78	-76	73
33	0.0032	-16	35	-153
34	0.0033	157	-7	-75
35	0.0034	-126	-42	65
36	0.0035	113	-16	-33
37	0.0036	-72	159	103
38	0.0037	6	-29	-62
39	0.0038	151	-80	-106
40	0.0039	137	-4	-59
41	0.0040	-114	-149	2
42	0.0041	-132	27	-36
43	0.0042	-62	92	-130
44	0.0043	114	78	110
45	0.0044	-85	6	285
46	0.0045	156	-62	-54
47	0.0046	3	278	400
48	0.0047	-507	-113	182
49	0.0048	698	66	-889
50	0.0049	65	23	421
51	0.0050	-401	-314	219
52	0.0051	475	272	-268
53	0.0052	36	192	-50
54	0.0053	-141	-194	90
55	0.0054	-4	30	-12
56	0.0055	84	92	96
57	0.0056	-151	155	121
58	0.0057	223	-51	-271
59	0.0058	6	333	559
60	0.0059	-369	-105	260
61	0.0060	298	-294	-378
62	0.0061	-51	97	112
63	0.0062	-190	-109	-23
64	0.0063	176	222	-29
65	0.0064	-136	44	67
66	0.0065	-239	-326	314
67	0.0066	126	220	23
68	0.0067	150	134	-53
69	0.0068	15	-36	-17
70	0.0069	20	-45	-134
71	0.0070	-29	-17	-40
72	0.0071	19	188	100
73	0.0072	56	151	173
74	0.0073	343	-96	-250
75	0.0074	-91	-87	-81
76	0.0075	-135	-172	131
77	0.0076	-42	207	-59
78	0.0077	-80	118	-34
79	0.0078	159	-57	210
80	0.0079	50	-76	-137
81	0.0080	6	22	121
82	0.0081	-219	198	388
83	0.0082	-40	19	-375
84	0.0083	315	-27	74
85	0.0084	-306	50	378
86	0.0085	96	-199	-132
87	0.0086	122	399	-263
88	0.0087	-178	-200	305
89	0.0088	48	86	80
90	0.0089	92	61	-91
91	0.0090	39	48	-33
92	0.0091	-108	-139	-72
93	0.0092	133	0	-63
94	0.0093	-51	192	276
95	0.0094	134	-67	-68
96	0.0095	117	177	103
97	0.0096	-337	-79	281
98	0.0097	-7	-84	-312
99	0.0098	379	176	-192
100	0.0099	-88	40	307

电流增量数据 [1000Hz, 10点]
采样序号	时间(s)	A相电流(INT)	B相电流(INT)	C相电流(INT)
1	0.000	959	-1734	1264
2	0.001	-973	2235	989
3	0.002	-791	838	558
4	0.003	-721	3547	-70
5	0.004	-21	-321	-592
6	0.005	-40	1502	-1036
7	0.006	946	-1160	-922
8	0.007	422	740	-569
9	0.008	731	-94	61
10	0.009	-780	-625	1412
================================================================================

=== 采集时间: 2025-12-05 15:21:54 (增量周期: 10.0ms) ===
振动增量数据 [等效10000Hz, 100点]
时序序号	时间(s)	X振动(INT)	Y振动(INT)	Z振动(INT)
1	0.0000	-182	9	123
2	0.0001	288	131	-27
3	0.0002	113	56	63
4	0.0003	-260	-45	275
5	0.0004	-187	56	52
6	0.0005	211	43	-471
7	0.0006	233	-189	-110
8	0.0007	-228	299	870
9	0.0008	114	236	5
10	0.0009	77	9	-453
11	0.0010	-239	-496	136
12	0.0011	187	128	-411
13	0.0012	287	57	129
14	0.0013	-130	94	191
15	0.0014	147	-33	-162
16	0.0015	-115	20	-104
17	0.0016	-250	-153	163
18	0.0017	43	-7	24
19	0.0018	255	342	-80
20	0.0019	-106	-100	181
21	0.0020	-92	-71	136
22	0.0021	74	90	-368
23	0.0022	-51	-65	139
24	0.0023	-23	-70	84
25	0.0024	276	-20	-161
26	0.0025	-41	244	121
27	0.0026	-215	-37	129
28	0.0027	-50	-85	-160
29	0.0028	117	26	134
30	0.0029	142	-19	-178
31	0.0030	266	50	105
32	0.0031	-314	227	290
33	0.0032	-113	-104	-147
34	0.0033	202	194	-143
35	0.0034	-266	-339	133
36	0.0035	607	241	-392
37	0.0036	-369	33	634
38	0.0037	-58	67	33
39	0.0038	-85	39	-194
40	0.0039	146	-42	-3
41	0.0040	9	96	353
42	0.0041	139	-28	-74
43	0.0042	-68	71	-67
44	0.0043	65	-155	-285
45	0.0044	-42	-225	-32
46	0.0045	-134	152	67
47	0.0046	54	103	193
48	0.0047	-118	-20	151
49	0.0048	-58	-92	-147
50	0.0049	-177	-4	71
51	0.0050	263	113	-124
52	0.0051	62	54	-29
53	0.0052	74	43	251
54	0.0053	23	22	52
55	0.0054	-155	-108	-284
56	0.0055	-122	64	327
57	0.0056	-232	169	253
58	0.0057	370	103	-397
59	0.0058	336	69	311
60	0.0059	-591	-212	307
61	0.0060	-7	258	-93
62	0.0061	266	-352	-794
63	0.0062	-233	163	802
64	0.0063	-433	120	465
65	0.0064	900	321	-1105
66	0.0065	-267	-183	712
67	0.0066	-403	-479	52
68	0.0067	124	250	-162
69	0.0068	97	448	157
70	0.0069	-148	77	255
71	0.0070	120	-105	-109
72	0.0071	-38	-59	53
73	0.0072	-127	-96	-63
74	0.0073	372	259	-58
75	0.0074	-101	161	206
76	0.0075	229	-284	-192
77	0.0076	-68	-62	-100
78	0.0077	-246	-122	-29
79	0.0078	-199	214	260
80	0.0079	421	82	-294
81	0.0080	-57	-76	259
82	0.0081	-235	-29	349
83	0.0082	-58	181	-153
84	0.0083	35	15	-139
85	0.0084	-113	-83	138
86	0.0085	392	-2	-171
87	0.0086	139	111	-222
88	0.0087	-70	-112	131
89	0.0088	-89	71	185
90	0.0089	-78	-198	-457
91	0.0090	-61	594	1047
92	0.0091	-369	90	347
93	0.0092	360	-65	-528
94	0.0093	-61	-21	18
95	0.0094	-174	-292	305
96	0.0095	344	308	-389
97	0.0096	126	-15	-25
98	0.0097	-228	14	327
99	0.0098	-88	-213	-436
100	0.0099	122	14	-301

电流增量数据 [1000Hz, 10点]
采样序号	时间(s)	A相电流(INT)	B相电流(INT)	C相电流(INT)
1	0.000	-1098	1044	966
2	0.001	-1277	1179	1125
3	0.002	-845	-2360	-1649
4	0.003	981	1816	-2600
5	0.004	1415	-1711	-1541
6	0.005	334	577	-731
7	0.006	-40	-11	-493
8	0.007	674	776	-607
9	0.008	708	-1493	111
10	0.009	378	-1586	576
================================================================================

=== 采集时间: 2025-12-05 15:21:54 (增量周期: 10.0ms) ===
振动增量数据 [等效10000Hz, 100点]
时序序号	时间(s)	X振动(INT)	Y振动(INT)	Z振动(INT)
1	0.0000	-275	13	555
2	0.0001	142	-208	-499
3	0.0002	357	135	2
4	0.0003	-207	95	315
5	0.0004	151	71	-166
6	0.0005	73	-33	-144
7	0.0006	-98	-198	135
8	0.0007	-32	96	-94
9	0.0008	82	223	-64
10	0.0009	125	61	-34
11	0.0010	-113	-104	285
12	0.0011	13	168	275
13	0.0012	-98	-113	14
14	0.0013	27	65	259
15	0.0014	-6	121	1
16	0.0015	78	35	-104
17	0.0016	65	71	61
18	0.0017	61	-268	-250
19	0.0018	113	-23	-227
20	0.0019	78	-98	-2
21	0.0020	9	82	-21
22	0.0021	-207	40	298
23	0.0022	201	134	-773
24	0.0023	57	-245	151
25	0.0024	-397	-412	76
26	0.0025	428	394	-291
27	0.0026	-233	139	695
28	0.0027	-343	-168	-63
29	0.0028	36	-72	-59
30	0.0029	-97	104	2
31	0.0030	30	15	105
32	0.0031	-29	142	397
33	0.0032	113	359	277
34	0.0033	232	-263	-627
35	0.0034	125	-318	-139
36	0.0035	-194	61	143
37	0.0036	91	165	-102
38	0.0037	202	164	-190
39	0.0038	-49	-169	210
40	0.0039	-247	-36	238
41	0.0040	-49	220	6
42	0.0041	181	16	-212
43	0.0042	-245	5	230
44	0.0043	195	-129	-91
45	0.0044	-72	114	-74
46	0.0045	-37	-87	27
47	0.0046	386	198	-203
48	0.0047	-62	-174	120
49	0.0048	259	20	56
50	0.0049	-276	10	-14
51	0.0050	-311	-92	41
52	0.0051	561	-219	-864
53	0.0052	-172	620	1034
54	0.0053	-363	-148	322
55	0.0054	522	146	-790
56	0.0055	-156	10	438
57	0.0056	-113	-335	-77
58	0.0057	113	228	-164
59	0.0058	0	131	127
60	0.0059	-27	56	84
61	0.0060	92	-195	-212
62	0.0061	-185	-79	75
63	0.0062	160	86	49
64	0.0063	-105	240	73
65	0.0064	144	39	123
66	0.0065	-84	-15	256
67	0.0066	37	3	-181
68	0.0067	74	194	121
69	0.0068	-175	-134	120
70	0.0069	199	48	-84
71	0.0070	-50	272	120
72	0.0071	30	-85	-70
73	0.0072	-232	-144	-14
74	0.0073	-44	-78	-110
75	0.0074	253	40	-98
76	0.0075	30	143	99
77	0.0076	19	65	122
78	0.0077	-59	77	14
79	0.0078	50	-95	0
80	0.0079	-84	-212	-203
81	0.0080	-45	406	740
82	0.0081	62	159	-272
83	0.0082	302	-159	-237
84	0.0083	-447	-38	555
85	0.0084	73	-162	-278
86	0.0085	308	233	-324
87	0.0086	-168	-71	371
88	0.0087	-58	163	240
89	0.0088	0	108	-241
90	0.0089	9	-127	-29
91	0.0090	-164	-53	71
92	0.0091	253	125	-77
93	0.0092	296	190	108
94	0.0093	-27	-220	0
95	0.0094	-97	-10	88
96	0.0095	-254	45	-98
97	0.0096	142	-76	-192
98	0.0097	257	-25	-178
99	0.0098	-161	5	515
100	0.0099	104	261	-25

电流增量数据 [1000Hz, 10点]
采样序号	时间(s)	A相电流(INT)	B相电流(INT)	C相电流(INT)
1	0.000	1893	-2934	-118
2	0.001	790	-460	-689
3	0.002	274	-714	-480
4	0.003	642	-526	11
5	0.004	1081	-388	-49
6	0.005	-170	-1518	928
7	0.006	111	-2771	1528
8	0.007	-1079	-1870	1662
9	0.008	-805	4031	-38
10	0.009	-382	360	-120
================================================================================

=== 采集时间: 2025-12-05 15:21:55 (增量周期: 10.0ms) ===
振动增量数据 [等效10000Hz, 100点]
时序序号	时间(s)	X振动(INT)	Y振动(INT)	Z振动(INT)
1	0.0000	-51	-240	183
2	0.0001	58	438	97
3	0.0002	-88	-156	56
4	0.0003	304	146	-166
5	0.0004	-126	-92	-8
6	0.0005	-96	-121	127
7	0.0006	177	287	-167
8	0.0007	35	-33	-15
9	0.0008	-66	242	594
10	0.0009	26	-183	-119
11	0.0010	365	28	-312
12	0.0011	-88	-144	-175
13	0.0012	-25	-196	121
14	0.0013	-106	274	-226
15	0.0014	118	-31	37
16	0.0015	-110	54	187
17	0.0016	26	-241	-57
18	0.0017	77	269	166
19	0.0018	-111	-65	2
20	0.0019	26	66	-7
21	0.0020	-8	-6	-174
22	0.0021	126	-28	122
23	0.0022	165	7	-135
24	0.0023	156	-276	-314
25	0.0024	198	414	157
26	0.0025	-717	-170	777
27	0.0026	-182	129	-303
28	0.0027	441	180	-392
29	0.0028	-149	-118	555
30	0.0029	-259	-61	292
31	0.0030	339	126	-88
32	0.0031	-58	40	-470
33	0.0032	-21	-280	150
34	0.0033	-211	142	258
35	0.0034	157	169	-119
36	0.0035	155	-40	-148
37	0.0036	-130	-181	43
38	0.0037	35	-6	56
39	0.0038	-12	236	20
40	0.0039	-4	62	213
41	0.0040	77	-19	-89
42	0.0041	-27	-174	-256
43	0.0042	-21	48	54
44	0.0043	-259	28	300
45	0.0044	77	212	28
46	0.0045	430	109	-184
47	0.0046	-239	-268	343
48	0.0047	-134	-57	-14
49	0.0048	161	214	-276
50	0.0049	6	11	144
51	0.0050	439	-97	-500
52	0.0051	117	284	-85
53	0.0052	-636	-97	1094
54	0.0053	-179	-25	-612
55	0.0054	541	-142	-670
56	0.0055	-88	18	690
57	0.0056	-286	-21	250
58	0.0057	626	404	-306
59	0.0058	-384	-33	-36
60	0.0059	-55	-501	58
61	0.0060	28	270	-123
62	0.0061	186	107	48
63	0.0062	180	180	340
64	0.0063	-215	-255	-111
65	0.0064	172	54	-211
66	0.0065	-148	-61	-132
67	0.0066	229	54	-10
68	0.0067	-59	193	199
69	0.0068	-75	-196	173
70	0.0069	-78	105	-36
71	0.0070	-219	-61	50
72	0.0071	-29	2	-50
73	0.0072	227	159	-113
74	0.0073	327	41	174
75	0.0074	-190	-58	187
76	0.0075	71	109	-50
77	0.0076	-49	207	-50
78	0.0077	36	-125	58
79	0.0078	-42	-80	61
80	0.0079	591	274	-749
81	0.0080	-339	-311	647
82	0.0081	-517	-149	-62
83	0.0082	637	193	-503
84	0.0083	-20	144	366
85	0.0084	-383	-266	380
86	0.0085	160	269	-137
87	0.0086	-58	92	-109
88	0.0087	-200	-226	121
89	0.0088	127	53	-42
90	0.0089	356	274	41
91	0.0090	-217	-46	347
92	0.0091	-68	-91	-94
93	0.0092	-58	118	-197
94	0.0093	-196	2	220
95	0.0094	189	16	-70
96	0.0095	265	58	-139
97	0.0096	49	-3	254
98	0.0097	-232	62	69
99	0.0098	-84	-160	-260
100	0.0099	-45	67	69

电流增量数据 [1000Hz, 10点]
采样序号	时间(s)	A相电流(INT)	B相电流(INT)	C相电流(INT)
1	0.000	966	-652	103
2	0.001	-329	-513	671
3	0.002	0	-1648	577
4	0.003	-1351	1900	192
5	0.004	-749	2338	-284
6	0.005	-1016	2081	-112
7	0.006	1863	-2113	-2591
8	0.007	1245	-317	-1576
9	0.008	1785	-2735	-208
10	0.009	662	-1582	-214
================================================================================

=== 采集时间: 2025-12-05 15:21:55 (增量周期: 10.0ms) ===
振动增量数据 [等效10000Hz, 100点]
时序序号	时间(s)	X振动(INT)	Y振动(INT)	Z振动(INT)
1	0.0000	-71	117	146
2	0.0001	157	10	-182
3	0.0002	211	125	142
4	0.0003	-328	-164	301
5	0.0004	-85	-89	-264
6	0.0005	308	128	-308
7	0.0006	-247	6	397
8	0.0007	189	180	176
9	0.0008	210	65	-255
10	0.0009	-59	-169	136
11	0.0010	-388	-2	223
12	0.0011	308	159	-336
13	0.0012	181	124	-76
14	0.0013	-76	-159	138
15	0.0014	7	152	142
16	0.0015	27	28	-188
17	0.0016	-45	33	352
18	0.0017	-21	92	-55
19	0.0018	177	-71	-145
20	0.0019	-72	249	356
21	0.0020	3	-75	-139
22	0.0021	229	-8	-177
23	0.0022	57	-89	-50
24	0.0023	-151	73	446
25	0.0024	-40	361	11
26	0.0025	-44	-48	-179
27	0.0026	-202	-95	87
28	0.0027	-63	-61	-36
29	0.0028	249	125	66
30	0.0029	148	205	148
31	0.0030	-61	2	255
32	0.0031	-58	-61	-238
33	0.0032	7	-243	-252
34	0.0033	23	128	-12
35	0.0034	99	69	114
36	0.0035	157	90	1
37	0.0036	-71	-145	61
38	0.0037	-132	3	48
39	0.0038	-101	-17	-67
40	0.0039	37	15	16
41	0.0040	62	54	120
42	0.0041	122	69	-81
43	0.0042	56	133	191
44	0.0043	-130	-78	242
45	0.0044	246	-36	-529
46	0.0045	7	43	520
47	0.0046	-156	-74	-265
48	0.0047	-47	13	66
49	0.0048	-115	252	131
50	0.0049	-79	-246	-72
51	0.0050	133	249	294
52	0.0051	-148	-67	186
53	0.0052	61	65	0
54	0.0053	-46	-61	-197
55	0.0054	13	13	7
56	0.0055	80	109	-10
57	0.0056	92	-44	109
58	0.0057	156	208	62
59	0.0058	41	-109	-194
60	0.0059	87	-33	-111
61	0.0060	-170	24	22
62	0.0061	-89	-44	95
63	0.0062	120	186	-74
64	0.0063	91	-95	140
65	0.0064	39	-51	3
66	0.0065	-126	33	91
67	0.0066	-113	64	65
68	0.0067	-2	182	-59
69	0.0068	-29	61	362
70	0.0069	138	0	-115
71	0.0070	13	-241	-358
72	0.0071	152	101	375
73	0.0072	-519	186	451
74	0.0073	450	219	-483
75	0.0074	-21	-14	202
76	0.0075	-439	-497	122
77	0.0076	194	193	-182
78	0.0077	23	363	30
79	0.0078	37	-74	236
80	0.0079	194	56	-51
81	0.0080	71	-55	-32
82	0.0081	-266	-19	223
83	0.0082	121	99	-312
84	0.0083	206	143	-98
85	0.0084	-136	-61	297
86	0.0085	-23	-78	31
87	0.0086	161	118	-88
88	0.0087	-186	-72	37
89	0.0088	-173	-38	118
90	0.0089	283	146	-87
91	0.0090	71	73	-186
92	0.0091	67	-105	228
93	0.0092	23	208	-76
94	0.0093	71	-59	-62
95	0.0094	-27	74	160
96	0.0095	-335	-170	100
97	0.0096	304	250	-83
98	0.0097	-72	-2	16
99	0.0098	-165	-275	212
100	0.0099	565	194	-700

电流增量数据 [1000Hz, 10点]
采样序号	时间(s)	A相电流(INT)	B相电流(INT)	C相电流(INT)
1	0.000	-47	3248	-1286
2	0.001	802	2387	-1023
3	0.002	730	275	-440
4	0.003	1018	1222	50
5	0.004	424	-541	201
6	0.005	-118	-728	917
7	0.006	-1387	-1242	1339
8	0.007	-1089	1710	231
9	0.008	-652	1872	-294
10	0.009	-55	1845	-1307
================================================================================

=== 采集时间: 2025-12-05 15:21:55 (增量周期: 10.0ms) ===
振动增量数据 [等效10000Hz, 100点]
时序序号	时间(s)	X振动(INT)	Y振动(INT)	Z振动(INT)
1	0.0000	-138	-80	69
2	0.0001	-162	15	-151
3	0.0002	237	211	-61
4	0.0003	-29	-88	203
5	0.0004	48	15	130
6	0.0005	-51	168	20
7	0.0006	60	-181	-145
8	0.0007	-205	-44	67
9	0.0008	160	165	63
10	0.0009	368	222	-222
11	0.0010	-38	-458	-89
12	0.0011	-23	211	245
13	0.0012	-195	13	121
14	0.0013	49	259	-151
15	0.0014	50	-62	-34
16	0.0015	92	-21	104
17	0.0016	15	79	26
18	0.0017	-16	-27	250
19	0.0018	-27	173	92
20	0.0019	-58	-74	-38
21	0.0020	140	99	-83
22	0.0021	-40	111	156
23	0.0022	-78	-114	2
24	0.0023	19	11	-353
25	0.0024	129	-21	284
26	0.0025	-222	50	118
27	0.0026	381	91	-195
28	0.0027	-76	13	73
29	0.0028	-202	-179	73
30	0.0029	-143	233	113
31	0.0030	250	14	-286
32	0.0031	173	-76	22
33	0.0032	-178	-108	203
34	0.0033	140	220	50
35	0.0034	-152	-16	-220
36	0.0035	-23	-53	92
37	0.0036	23	22	-45
38	0.0037	50	-65	-80
39	0.0038	-213	146	673
40	0.0039	402	31	-936
41	0.0040	10	-155	534
42	0.0041	-294	-108	-21
43	0.0042	28	54	140
44	0.0043	406	312	-518
45	0.0044	-50	-301	44
46	0.0045	-392	-12	757
47	0.0046	-115	143	-181
48	0.0047	171	218	-8
49	0.0048	-345	-122	203
50	0.0049	54	65	87
51	0.0050	-326	-92	290
52	0.0051	46	14	10
53	0.0052	138	144	-96
54	0.0053	28	-8	116
55	0.0054	-44	-117	245
56	0.0055	-81	156	-31
57	0.0056	36	107	-205
58	0.0057	-67	-8	195
59	0.0058	-101	-45	113
60	0.0059	425	10	-451
61	0.0060	176	3	147
62	0.0061	-83	-122	101
63	0.0062	-168	-19	-207
64	0.0063	13	71	6
65	0.0064	77	-20	-257
66	0.0065	-2	-290	-105
67	0.0066	-182	513	964
68	0.0067	-279	15	134
69	0.0068	459	138	-495
70	0.0069	56	-27	241
71	0.0070	-289	-353	65
72	0.0071	395	250	-336
73	0.0072	164	-95	-336
74	0.0073	-89	-161	92
75	0.0074	56	69	-68
76	0.0075	60	-33	-147
77	0.0076	-371	212	900
78	0.0077	-63	-40	-443
79	0.0078	305	-12	-282
80	0.0079	-148	-50	433
81	0.0080	-143	-147	-80
82	0.0081	639	437	-408
83	0.0082	-410	-247	345
84	0.0083	-68	-135	110
85	0.0084	19	394	31
86	0.0085	-182	-117	-55
87	0.0086	255	-44	-101
88	0.0087	45	35	1
89	0.0088	-144	7	358
90	0.0089	142	151	-107
91	0.0090	11	-92	-248
92	0.0091	-24	45	100
93	0.0092	-226	-101	285
94	0.0093	3	155	156
95	0.0094	523	203	-822
96	0.0095	-221	-455	639
97	0.0096	-155	-36	-98
98	0.0097	174	82	-379
99	0.0098	52	257	410
100	0.0099	-456	-97	-83

电流增量数据 [1000Hz, 10点]
采样序号	时间(s)	A相电流(INT)	B相电流(INT)	C相电流(INT)
1	0.000	557	613	-963
2	0.001	2679	-2824	-3
3	0.002	1026	-5008	1310
4	0.003	-518	-1632	1790
5	0.004	-143	-3297	675
6	0.005	25	-513	756
7	0.006	-388	12	578
8	0.007	-911	1185	823
9	0.008	-920	91	123
10	0.009	-1604	889	142
================================================================================

=== 采集时间: 2025-12-05 15:21:55 (增量周期: 10.0ms) ===
振动增量数据 [等效10000Hz, 100点]
时序序号	时间(s)	X振动(INT)	Y振动(INT)	Z振动(INT)
1	0.0000	-950	265	1187
2	0.0001	383	-41	-732
3	0.0002	219	259	-3
4	0.0003	-285	-319	516
5	0.0004	144	117	-273
6	0.0005	399	222	136
7	0.0006	-307	41	114
8	0.0007	27	-260	-271
9	0.0008	37	154	44
10	0.0009	-149	-33	-252
11	0.0010	450	9	18
12	0.0011	-310	52	133
13	0.0012	285	-23	-115
14	0.0013	-203	116	156
15	0.0014	-42	-267	-268
16	0.0015	295	202	-171
17	0.0016	5	-57	217
18	0.0017	-17	35	169
19	0.0018	-105	-6	-118
20	0.0019	107	103	93
21	0.0020	-185	-45	-135
22	0.0021	291	-236	-220
23	0.0022	-75	169	206
24	0.0023	-285	10	317
25	0.0024	93	275	-166
26	0.0025	92	-148	-53
27	0.0026	-58	-374	-72
28	0.0027	191	382	-4
29	0.0028	-128	-8	410
30	0.0029	-75	-53	-214
31	0.0030	164	61	-314
32	0.0031	-76	-113	327
33	0.0032	-58	-98	-130
34	0.0033	292	58	92
35	0.0034	-192	305	177
36	0.0035	-121	-242	-57
37	0.0036	-29	31	-229
38	0.0037	-10	18	178
39	0.0038	52	69	45
40	0.0039	218	107	15
41	0.0040	-147	-66	221
42	0.0041	-42	2	-87
43	0.0042	2	45	-177
44	0.0043	184	-32	-44
45	0.0044	3	-102	106
46	0.0045	116	186	229
47	0.0046	-211	48	33
48	0.0047	37	-110	-115
49	0.0048	-134	27	-76
50	0.0049	233	-70	-154
51	0.0050	75	79	-20
52	0.0051	-138	-29	123
53	0.0052	80	212	156
54	0.0053	-23	-65	-62
55	0.0054	120	-153	-10
56	0.0055	357	155	-667
57	0.0056	-135	-413	221
58	0.0057	-230	94	-55
59	0.0058	30	-129	83
60	0.0059	-59	321	104
61	0.0060	-84	-203	236
62	0.0061	-31	146	144
63	0.0062	-177	24	131
64	0.0063	-123	62	48
65	0.0064	116	10	-192
66	0.0065	355	146	-89
67	0.0066	-113	-119	362
68	0.0067	-117	-50	39
69	0.0068	174	297	-137
70	0.0069	-40	-10	-29
71	0.0070	79	-61	66
72	0.0071	13	39	0
73	0.0072	176	14	-63
74	0.0073	-8	37	23
75	0.0074	-23	-84	14
76	0.0075	0	131	13
77	0.0076	-28	-81	-15
78	0.0077	135	14	-130
79	0.0078	-40	90	40
80	0.0079	-12	49	-24
81	0.0080	107	82	120
82	0.0081	24	-68	-61
83	0.0082	-74	1	267
84	0.0083	390	15	-867
85	0.0084	-366	-176	720
86	0.0085	-324	54	-21
87	0.0086	228	78	-126
88	0.0087	161	210	277
89	0.0088	-195	-336	-178
90	0.0089	295	90	10
91	0.0090	-374	158	322
92	0.0091	-20	48	67
93	0.0092	259	142	-374
94	0.0093	14	-151	53
95	0.0094	7	28	272
96	0.0095	-328	-115	91
97	0.0096	227	321	-101
98	0.0097	-196	-68	161
99	0.0098	118	-170	-104
100	0.0099	45	159	57

电流增量数据 [1000Hz, 10点]
采样序号	时间(s)	A相电流(INT)	B相电流(INT)	C相电流(INT)
1	0.000	-318	808	-435
2	0.001	-958	877	-417
3	0.002	37	1074	-1936
4	0.003	1144	-1099	-996
5	0.004	1040	2174	-3
6	0.005	535	-589	426
7	0.006	304	1828	472
8	0.007	186	-740	470
9	0.008	-1068	573	976
10	0.009	-1159	-51	281
================================================================================

=== 采集时间: 2025-12-05 15:21:56 (增量周期: 10.0ms) ===
振动增量数据 [等效10000Hz, 100点]
时序序号	时间(s)	X振动(INT)	Y振动(INT)	Z振动(INT)
1	0.0000	-185	-328	-263
2	0.0001	221	275	-261
3	0.0002	36	53	-14
4	0.0003	219	-37	53
5	0.0004	186	-42	-57
6	0.0005	-113	-53	-37
7	0.0006	15	58	-143
8	0.0007	-71	-17	19
9	0.0008	93	88	76
10	0.0009	13	33	153
11	0.0010	114	50	133
12	0.0011	-157	14	-58
13	0.0012	120	-93	155
14	0.0013	20	18	-328
15	0.0014	207	-50	-23
16	0.0015	-23	274	61
17	0.0016	155	-155	-204
18	0.0017	-219	41	254
19	0.0018	-134	-321	-160
20	0.0019	278	454	327
21	0.0020	-324	210	281
22	0.0021	168	-166	-203
23	0.0022	-185	-79	130
24	0.0023	219	-203	-327
25	0.0024	-8	263	241
26	0.0025	45	56	199
27	0.0026	114	188	-88
28	0.0027	69	-203	-310
29	0.0028	-96	-203	206
30	0.0029	-141	161	-58
31	0.0030	314	310	5
32	0.0031	90	131	110
33	0.0032	-106	-279	182
34	0.0033	-85	84	-148
35	0.0034	-28	-134	-271
36	0.0035	-134	52	437
37	0.0036	-101	164	1
38	0.0037	506	120	62
39	0.0038	-258	-21	-64
40	0.0039	-158	-502	138
41	0.0040	-38	368	-346
42	0.0041	297	-234	-239
43	0.0042	82	280	275
44	0.0043	-245	-17	326
45	0.0044	101	163	26
46	0.0045	-298	-36	49
47	0.0046	172	-257	-143
48	0.0047	163	685	360
49	0.0048	0	-65	99
50	0.0049	-297	-132	28
51	0.0050	-211	-126	33
52	0.0051	26	143	186
53	0.0052	-81	-71	-137
54	0.0053	302	151	330
55	0.0054	-299	77	196
56	0.0055	-41	-179	-4
57	0.0056	163	205	-370
58	0.0057	-58	-228	44
59	0.0058	66	126	160
60	0.0059	40	47	-157
61	0.0060	126	-33	-74
62	0.0061	-208	52	151
63	0.0062	-31	-25	7
64	0.0063	221	184	-130
65	0.0064	-71	-176	199
66	0.0065	-33	151	170
67	0.0066	82	48	-301
68	0.0067	-118	-233	27
69	0.0068	107	-45	-192
70	0.0069	289	-14	5
71	0.0070	3	172	9
72	0.0071	-123	-113	110
73	0.0072	-260	35	62
74	0.0073	236	-92	-398
75	0.0074	-215	164	546
76	0.0075	159	33	-409
77	0.0076	283	-32	57
78	0.0077	-335	-165	126
79	0.0078	160	-122	-212
80	0.0079	146	253	-15
81	0.0080	-58	-61	-41
82	0.0081	-28	159	413
83	0.0082	-111	66	26
84	0.0083	33	-93	-140
85	0.0084	172	-153	-337
86	0.0085	79	22	169
87	0.0086	-117	9	195
88	0.0087	104	-14	-166
89	0.0088	-132	-25	-41
90	0.0089	-58	-117	-197
91	0.0090	-27	30	56
92	0.0091	95	122	219
93	0.0092	146	205	133
94	0.0093	5	-44	26
95	0.0094	-83	-139	-53
96	0.0095	-139	-72	-106
97	0.0096	228	155	-15
98	0.0097	-155	105	408
99	0.0098	3	22	-55
100	0.0099	114	159	153

电流增量数据 [1000Hz, 10点]
采样序号	时间(s)	A相电流(INT)	B相电流(INT)	C相电流(INT)
1	0.000	-986	853	668
2	0.001	-1053	2407	-286
3	0.002	-375	1055	-607
4	0.003	2223	-1234	-1469
5	0.004	1168	-69	-765
6	0.005	1054	797	-176
7	0.006	697	-1578	1880
8	0.007	-185	-4699	1711
9	0.008	-2211	30	1898
10	0.009	-555	-1039	641
================================================================================

=== 采集时间: 2025-12-05 15:21:56 (增量周期: 10.0ms) ===
振动增量数据 [等效10000Hz, 100点]
时序序号	时间(s)	X振动(INT)	Y振动(INT)	Z振动(INT)
1	0.0000	240	37	-57
2	0.0001	-84	-157	-4
3	0.0002	-144	-51	199
4	0.0003	-70	175	2
5	0.0004	45	160	-45
6	0.0005	216	-31	131
7	0.0006	-128	-65	74
8	0.0007	146	104	54
9	0.0008	14	312	-75
10	0.0009	6	-93	82
11	0.0010	194	100	56
12	0.0011	-6	-207	-288
13	0.0012	70	-106	-306
14	0.0013	-87	320	403
15	0.0014	-369	-61	275
16	0.0015	400	95	-349
17	0.0016	-104	-31	482
18	0.0017	-271	-198	28
19	0.0018	319	181	-400
20	0.0019	-220	37	267
21	0.0020	83	-95	-117
22	0.0021	301	40	-348
23	0.0022	-58	-178	194
24	0.0023	-177	7	70
25	0.0024	-110	-10	9
26	0.0025	66	218	-128
27	0.0026	20	-177	-66
28	0.0027	-135	203	691
29	0.0028	138	111	-212
30	0.0029	364	-110	-481
31	0.0030	-32	-117	272
32	0.0031	-32	-189	-314
33	0.0032	177	24	-221
34	0.0033	-130	-8	71
35	0.0034	20	-179	-301
36	0.0035	172	253	-3
37	0.0036	-277	-72	478
38	0.0037	-41	37	14
39	0.0038	254	192	-46
40	0.0039	117	-183	-471
41	0.0040	-282	60	871
42	0.0041	455	331	-863
43	0.0042	244	-287	-132
44	0.0043	-310	-224	301
45	0.0044	127	-251	-387
46	0.0045	11	384	-33
47	0.0046	-139	18	254
48	0.0047	-15	-144	-58
49	0.0048	-63	45	106
50	0.0049	-188	-14	253
51	0.0050	118	67	-91
52	0.0051	-93	-61	5
53	0.0052	-37	41	125
54	0.0053	100	86	-14
55	0.0054	134	-12	-19
56	0.0055	-181	-68	276
57	0.0056	-33	-57	-97
58	0.0057	-4	69	-174
59	0.0058	-75	139	169
60	0.0059	44	-4	74
61	0.0060	181	-85	-140
62	0.0061	-208	242	601
63	0.0062	-343	-153	327
64	0.0063	201	280	-542
65	0.0064	67	-24	2
66	0.0065	-17	-92	347
67	0.0066	211	92	-368
68	0.0067	100	-181	-115
69	0.0068	150	326	24
70	0.0069	-307	-217	337
71	0.0070	80	147	-244
72	0.0071	203	-28	-394
73	0.0072	-8	-187	328
74	0.0073	-209	148	0
75	0.0074	395	-17	-217
76	0.0075	-196	300	506
77	0.0076	-10	-164	-246
78	0.0077	263	57	-238
79	0.0078	-251	-49	181
80	0.0079	57	-81	-8
81	0.0080	88	185	-171
82	0.0081	253	-25	71
83	0.0082	-169	-72	114
84	0.0083	173	37	-6
85	0.0084	1	49	-423
86	0.0085	-66	-254	114
87	0.0086	10	278	127
88	0.0087	96	-51	-128
89	0.0088	105	79	125
90	0.0089	-160	-41	54
91	0.0090	26	-78	-17
92	0.0091	-19	228	53
93	0.0092	-76	-95	23
94	0.0093	77	159	120
95	0.0094	99	-87	-131
96	0.0095	-217	-83	378
97	0.0096	492	231	-748
98	0.0097	-57	-238	400
99	0.0098	-245	78	60
100	0.0099	322	-11	-359

电流增量数据 [1000Hz, 10点]
采样序号	时间(s)	A相电流(INT)	B相电流(INT)	C相电流(INT)
1	0.000	-2159	-2556	1934
2	0.001	-1720	938	171
3	0.002	-680	-605	539
4	0.003	-495	-1402	568
5	0.004	-527	167	-142
6	0.005	-101	1239	-745
7	0.006	325	1843	-1093
8	0.007	749	-511	-1458
9	0.008	1483	-331	-2025
10	0.009	877	-1825	104
================================================================================

=== 采集时间: 2025-12-05 15:21:56 (增量周期: 10.0ms) ===
振动增量数据 [等效10000Hz, 100点]
时序序号	时间(s)	X振动(INT)	Y振动(INT)	Z振动(INT)
1	0.0000	-25	37	-27
2	0.0001	70	-96	-57
3	0.0002	-75	6	163
4	0.0003	308	-166	-508
5	0.0004	56	425	641
6	0.0005	-481	40	388
7	0.0006	535	-157	-825
8	0.0007	-135	71	320
9	0.0008	-169	-226	142
10	0.0009	289	163	-418
11	0.0010	218	5	185
12	0.0011	-454	-65	237
13	0.0012	9	43	-130
14	0.0013	-168	205	18
15	0.0014	-215	9	534
16	0.0015	-68	181	289
17	0.0016	278	73	-308
18	0.0017	53	26	142
19	0.0018	-179	-36	225
20	0.0019	130	86	-197
21	0.0020	181	74	-44
22	0.0021	-134	-195	110
23	0.0022	-6	74	-27
24	0.0023	9	86	-190
25	0.0024	-188	-136	256
26	0.0025	-58	99	101
27	0.0026	193	65	-182
28	0.0027	-24	50	212
29	0.0028	-199	-57	131
30	0.0029	204	70	-158
31	0.0030	146	66	-194
32	0.0031	-127	-159	393
33	0.0032	287	322	-427
34	0.0033	-298	-311	258
35	0.0034	-92	189	-91
36	0.0035	2	-80	198
37	0.0036	-202	206	224
38	0.0037	229	37	-184
39	0.0038	74	22	264
40	0.0039	-254	31	2
41	0.0040	70	-21	-10
42	0.0041	57	118	-274
43	0.0042	242	-104	-214
44	0.0043	-58	-57	276
45	0.0044	-115	91	144
46	0.0045	82	111	2
47	0.0046	-128	-32	14
48	0.0047	140	-37	150
49	0.0048	-57	28	15
50	0.0049	5	43	-101
51	0.0050	77	74	86
52	0.0051	-57	-67	-94
53	0.0052	161	54	52
54	0.0053	-3	61	185
55	0.0054	-75	7	66
56	0.0055	-148	152	67
57	0.0056	75	-112	-222
58	0.0057	142	118	-83
59	0.0058	168	-16	354
60	0.0059	-205	351	533
61	0.0060	-294	-225	44
62	0.0061	408	-83	-722
63	0.0062	-188	-55	211
64	0.0063	-263	-228	221
65	0.0064	306	194	-375
66	0.0065	-96	-2	240
67	0.0066	-290	57	467
68	0.0067	14	-75	-331
69	0.0068	-29	96	70
70	0.0069	178	109	-124
71	0.0070	-57	-117	150
72	0.0071	355	282	-117
73	0.0072	-106	-70	250
74	0.0073	-172	-8	142
75	0.0074	279	74	-364
76	0.0075	-33	-118	-6
77	0.0076	-147	-2	284
78	0.0077	-121	169	54
79	0.0078	297	-61	-362
80	0.0079	-179	-142	255
81	0.0080	-282	-25	318
82	0.0081	56	395	-12
83	0.0082	133	224	-44
84	0.0083	-232	-273	311
85	0.0084	16	-33	-6
86	0.0085	163	-38	-427
87	0.0086	3	423	667
88	0.0087	-6	10	-140
89	0.0088	249	-242	-364
90	0.0089	-32	36	169
91	0.0090	-249	-413	-151
92	0.0091	126	297	-102
93	0.0092	33	173	156
94	0.0093	191	-8	-181
95	0.0094	-44	-142	236
96	0.0095	-238	-92	43
97	0.0096	99	163	-207
98	0.0097	88	289	18
99	0.0098	-275	-275	172
100	0.0099	312	74	-97

电流增量数据 [1000Hz, 10点]
采样序号	时间(s)	A相电流(INT)	B相电流(INT)	C相电流(INT)
1	0.000	-526	939	884
2	0.001	-783	2696	327
3	0.002	-900	1832	335
4	0.003	-1032	3080	312
5	0.004	77	1271	-1138
6	0.005	541	848	-1007
7	0.006	1038	-1952	-105
8	0.007	1136	-321	109
9	0.008	428	227	735
10	0.009	-2843	745	2490
================================================================================

=== 采集时间: 2025-12-05 15:21:57 (增量周期: 10.0ms) ===
振动增量数据 [等效10000Hz, 100点]
时序序号	时间(s)	X振动(INT)	Y振动(INT)	Z振动(INT)
1	0.0000	60	-142	-312
2	0.0001	105	201	105
3	0.0002	-72	23	216
4	0.0003	92	-11	-200
5	0.0004	70	-45	-70
6	0.0005	-115	-187	20
7	0.0006	-149	-8	-153
8	0.0007	44	241	26
9	0.0008	-58	189	453
10	0.0009	113	-36	-72
11	0.0010	279	-46	-81
12	0.0011	-357	-102	127
13	0.0012	14	-98	-224
14	0.0013	52	320	27
15	0.0014	22	-34	44
16	0.0015	262	-14	92
17	0.0016	-8	-78	23
18	0.0017	-110	-71	104
19	0.0018	-101	125	-169
20	0.0019	-3	254	250
21	0.0020	74	-6	-17
22	0.0021	60	-149	-167
23	0.0022	-275	87	644
24	0.0023	278	316	-524
25	0.0024	253	-134	-53
26	0.0025	-215	-147	302
27	0.0026	-170	-145	-271
28	0.0027	343	314	-212
29	0.0028	-272	-106	135
30	0.0029	87	-121	258
31	0.0030	130	312	152
32	0.0031	-29	-58	-25
33	0.0032	-211	-75	228
34	0.0033	223	117	-411
35	0.0034	-144	-159	-222
36	0.0035	52	-34	377
37	0.0036	-310	210	268
38	0.0037	157	113	-79
39	0.0038	118	154	31
40	0.0039	-371	-388	185
41	0.0040	41	248	16
42	0.0041	9	56	-277
43	0.0042	270	53	39
44	0.0043	-132	-159	352
45	0.0044	-219	-12	246
46	0.0045	245	244	-153
47	0.0046	-87	-213	-301
48	0.0047	-327	-115	464
49	0.0048	-70	263	153
50	0.0049	107	103	-324
51	0.0050	-11	487	688
52	0.0051	-292	53	109
53	0.0052	430	-178	-618
54	0.0053	-119	261	678
55	0.0054	-409	-304	151
56	0.0055	385	73	-726
57	0.0056	88	114	177
58	0.0057	-358	-16	538
59	0.0058	413	-21	-543
60	0.0059	-84	-10	302
61	0.0060	-302	27	262
62	0.0061	172	148	-308
63	0.0062	28	-24	27
64	0.0063	-114	-67	198
65	0.0064	-40	77	153
66	0.0065	268	118	-444
67	0.0066	71	-161	109
68	0.0067	-373	-134	339
69	0.0068	216	176	-567
70	0.0069	91	116	215
71	0.0070	-158	-168	362
72	0.0071	2	16	-141
73	0.0072	-84	3	142
74	0.0073	-70	2	-33
75	0.0074	35	6	-96
76	0.0075	225	280	240
77	0.0076	-128	9	-63
78	0.0077	108	-447	-255
79	0.0078	151	201	-252
80	0.0079	-673	-178	769
81	0.0080	211	368	-267
82	0.0081	18	-67	-192
83	0.0082	99	-36	515
84	0.0083	-249	2	24
85	0.0084	368	54	74
86	0.0085	-59	301	73
87	0.0086	19	-293	-282
88	0.0087	161	228	-105
89	0.0088	-207	-151	169
90	0.0089	-198	-20	54
91	0.0090	-71	84	16
92	0.0091	353	207	20
93	0.0092	-199	-48	477
94	0.0093	28	-48	-98
95	0.0094	-75	58	-224
96	0.0095	-64	-119	-45
97	0.0096	168	190	60
98	0.0097	238	6	-3
99	0.0098	33	134	375
100	0.0099	-281	-135	-167

电流增量数据 [1000Hz, 10点]
采样序号	时间(s)	A相电流(INT)	B相电流(INT)	C相电流(INT)
1	0.000	-2066	1540	326
2	0.001	31	323	-1897
3	0.002	-48	937	-497
4	0.003	73	-1795	-705
5	0.004	468	144	-302
6	0.005	721	414	-830
7	0.006	661	563	-307
8	0.007	1213	-1306	-527
9	0.008	1845	-2438	24
10	0.009	-218	-1305	1035
================================================================================

=== 采集时间: 2025-12-05 15:21:57 (增量周期: 10.0ms) ===
振动增量数据 [等效10000Hz, 100点]
时序序号	时间(s)	X振动(INT)	Y振动(INT)	Z振动(INT)
1	0.0000	-126	169	417
2	0.0001	-327	-211	-55
3	0.0002	268	323	344
4	0.0003	-188	54	140
5	0.0004	167	-136	-76
6	0.0005	-31	134	-187
7	0.0006	160	31	-15
8	0.0007	19	56	-173
9	0.0008	279	-23	152
10	0.0009	-152	198	302
11	0.0010	44	-113	-156
12	0.0011	246	148	-269
13	0.0012	-207	-213	251
14	0.0013	-44	73	-50
15	0.0014	124	222	160
16	0.0015	-156	-7	226
17	0.0016	-89	-166	-119
18	0.0017	295	111	-338
19	0.0018	120	-96	-12
20	0.0019	-404	27	521
21	0.0020	-118	314	262
22	0.0021	238	112	-314
23	0.0022	26	-306	-83
24	0.0023	-349	13	789
25	0.0024	372	330	-751
26	0.0025	207	62	302
27	0.0026	-282	-195	126
28	0.0027	356	-27	-495
29	0.0028	161	131	49
30	0.0029	-249	-306	-170
31	0.0030	105	103	151
32	0.0031	50	292	33
33	0.0032	-130	-339	105
34	0.0033	-199	-7	73
35	0.0034	143	154	-128
36	0.0035	-92	48	153
37	0.0036	137	-131	-140
38	0.0037	131	130	31
39	0.0038	-254	84	320
40	0.0039	140	53	-123
41	0.0040	75	-55	-160
42	0.0041	-226	-33	380
43	0.0042	-149	220	33
44	0.0043	60	122	166
45	0.0044	65	-46	-131
46	0.0045	53	-172	32
47	0.0046	54	125	13
48	0.0047	-94	97	287
49	0.0048	-101	152	133
50	0.0049	220	27	-214
51	0.0050	126	-266	-334
52	0.0051	-62	173	396
53	0.0052	-433	208	497
54	0.0053	349	216	-255
55	0.0054	0	-11	54
56	0.0055	-68	-418	-200
57	0.0056	370	113	-37
58	0.0057	-333	117	43
59	0.0058	91	165	118
60	0.0059	156	52	-297
61	0.0060	-92	-19	148
62	0.0061	135	193	121
63	0.0062	-131	43	78
64	0.0063	168	-140	-264
65	0.0064	13	193	191
66	0.0065	-63	-8	62
67	0.0066	433	-96	-537
68	0.0067	-25	-57	160
69	0.0068	-165	-70	153
70	0.0069	14	239	-45
71	0.0070	-97	-115	-29
72	0.0071	-132	-134	92
73	0.0072	22	71	-21
74	0.0073	156	141	120
75	0.0074	-110	39	83
76	0.0075	82	121	280
77	0.0076	-25	84	-218
78	0.0077	262	-145	-166
79	0.0078	-472	343	1226
80	0.0079	212	195	-833
81	0.0080	638	-113	-391
82	0.0081	-478	-351	330
83	0.0082	10	-202	-174
84	0.0083	399	555	-201
85	0.0084	-290	-271	176
86	0.0085	-204	-55	170
87	0.0086	88	-4	-404
88	0.0087	-119	185	658
89	0.0088	-75	94	97
90	0.0089	426	239	-117
91	0.0090	99	60	-84
92	0.0091	60	-377	-49
93	0.0092	-10	181	-37
94	0.0093	-10	57	-238
95	0.0094	137	-2	-32
96	0.0095	97	-78	-66
97	0.0096	-140	75	259
98	0.0097	-217	107	33
99	0.0098	151	-2	66
100	0.0099	-208	-162	-147

电流增量数据 [1000Hz, 10点]
采样序号	时间(s)	A相电流(INT)	B相电流(INT)	C相电流(INT)
1	0.000	1312	-597	45
2	0.001	-913	-2176	2163
3	0.002	-1730	-712	1972
4	0.003	-920	703	963
5	0.004	-1745	3260	-202
6	0.005	-4	3072	-1950
7	0.006	980	-750	-2307
8	0.007	87	1090	-689
9	0.008	137	-1628	-685
10	0.009	844	285	-694
================================================================================

=== 采集时间: 2025-12-05 15:21:57 (增量周期: 10.0ms) ===
振动增量数据 [等效10000Hz, 100点]
时序序号	时间(s)	X振动(INT)	Y振动(INT)	Z振动(INT)
1	0.0000	297	43	67
2	0.0001	18	23	92
3	0.0002	45	-143	-220
4	0.0003	54	142	-188
5	0.0004	-186	86	169
6	0.0005	-24	-91	-29
7	0.0006	43	23	136
8	0.0007	108	109	87
9	0.0008	-93	-15	120
10	0.0009	-104	24	-12
11	0.0010	33	-24	-14
12	0.0011	-132	192	236
13	0.0012	328	22	-195
14	0.0013	-229	26	532
15	0.0014	86	99	-482
16	0.0015	265	-96	-34
17	0.0016	-358	9	208
18	0.0017	198	-236	-464
19	0.0018	312	267	118
20	0.0019	-362	-15	319
21	0.0020	157	-62	-17
22	0.0021	5	228	-8
23	0.0022	-123	-168	203
24	0.0023	-46	184	-136
25	0.0024	276	74	-81
26	0.0025	-88	-65	174
27	0.0026	26	-114	-98
28	0.0027	28	139	-54
29	0.0028	-104	27	170
30	0.0029	-23	2	-15
31	0.0030	146	24	-97
32	0.0031	-168	-71	67
33	0.0032	-79	-15	-67
34	0.0033	251	13	11
35	0.0034	-74	62	32
36	0.0035	232	-29	136
37	0.0036	-135	116	15
38	0.0037	-28	-123	-157
39	0.0038	30	118	178
40	0.0039	-140	43	95
41	0.0040	406	-255	-618
42	0.0041	-119	457	742
43	0.0042	-669	1	716
44	0.0043	510	120	-855
45	0.0044	-57	-78	146
46	0.0045	-531	-101	791
47	0.0046	295	368	-361
48	0.0047	330	227	-2
49	0.0048	-341	-216	477
50	0.0049	101	-164	-358
51	0.0050	378	138	-271
52	0.0051	-326	-4	159
53	0.0052	37	-46	-51
54	0.0053	219	259	-222
55	0.0054	-232	-168	341
56	0.0055	-33	-40	163
57	0.0056	11	353	26
58	0.0057	-105	-10	220
59	0.0058	150	-45	-158
60	0.0059	86	48	-15
61	0.0060	33	-117	-199
62	0.0061	0	20	105
63	0.0062	79	-59	43
64	0.0063	86	65	31
65	0.0064	-108	138	80
66	0.0065	-155	-134	123
67	0.0066	-49	124	-171
68	0.0067	157	-49	-208
69	0.0068	-50	207	897
70	0.0069	228	141	-618
71	0.0070	330	-536	-234
72	0.0071	-644	124	256
73	0.0072	-144	-259	74
74	0.0073	404	506	-584
75	0.0074	-156	-65	674
76	0.0075	-457	-24	765
77	0.0076	266	169	-445
78	0.0077	275	-33	-250
79	0.0078	-379	-185	277
80	0.0079	409	0	-435
81	0.0080	30	-72	-274
82	0.0081	40	-155	76
83	0.0082	-208	77	2
84	0.0083	14	96	48
85	0.0084	125	97	106
86	0.0085	-12	-314	-54
87	0.0086	93	252	109
88	0.0087	-158	96	-28
89	0.0088	164	-87	-25
90	0.0089	-34	60	-51
91	0.0090	207	-246	-102
92	0.0091	83	118	-211
93	0.0092	-54	-71	178
94	0.0093	-186	74	-11
95	0.0094	79	83	-37
96	0.0095	161	-162	-231
97	0.0096	-380	128	923
98	0.0097	378	272	-603
99	0.0098	275	-288	-374
100	0.0099	-352	-88	534

电流增量数据 [1000Hz, 10点]
采样序号	时间(s)	A相电流(INT)	B相电流(INT)	C相电流(INT)
1	0.000	-294	4346	-2572
2	0.001	781	2988	-2611
3	0.002	1258	-2714	-1813
4	0.003	178	774	-696
5	0.004	605	-1079	-766
6	0.005	584	-471	-47
7	0.006	920	-1177	38
8	0.007	-141	-188	864
9	0.008	465	-1178	1168
10	0.009	83	-1121	973
================================================================================

=== 采集时间: 2025-12-05 15:21:57 (增量周期: 10.0ms) ===
振动增量数据 [等效10000Hz, 100点]
时序序号	时间(s)	X振动(INT)	Y振动(INT)	Z振动(INT)
1	0.0000	203	50	-267
2	0.0001	221	41	-285
3	0.0002	56	-310	14
4	0.0003	-327	270	546
5	0.0004	232	237	-392
6	0.0005	233	50	10
7	0.0006	-239	-238	90
8	0.0007	19	-139	-126
9	0.0008	130	280	-154
10	0.0009	122	-129	56
11	0.0010	-301	124	388
12	0.0011	122	47	-97
13	0.0012	137	113	-42
14	0.0013	-200	-335	-32
15	0.0014	-10	129	96
16	0.0015	-49	112	-8
17	0.0016	323	139	-207
18	0.0017	-76	-102	96
19	0.0018	-21	-139	203
20	0.0019	78	135	-250
21	0.0020	-87	-36	-28
22	0.0021	-105	82	157
23	0.0022	19	-55	-59
24	0.0023	313	-2	-96
25	0.0024	-109	-29	331
26	0.0025	-217	-4	196
27	0.0026	190	293	-248
28	0.0027	-331	-83	258
29	0.0028	66	87	268
30	0.0029	39	13	-348
31	0.0030	288	-300	-436
32	0.0031	-426	479	1185
33	0.0032	-130	-112	-170
34	0.0033	620	270	-582
35	0.0034	-221	-254	440
36	0.0035	-258	-317	-187
37	0.0036	416	372	-364
38	0.0037	45	3	101
39	0.0038	-11	-37	293
40	0.0039	60	9	-166
41	0.0040	130	-165	-260
42	0.0041	-370	-78	301
43	0.0042	-114	96	-15
44	0.0043	208	271	-123
45	0.0044	-70	-136	190
46	0.0045	9	-119	75
47	0.0046	-19	105	-45
48	0.0047	50	36	-54
49	0.0048	-45	-121	-68
50	0.0049	385	33	-569
51	0.0050	-47	-98	123
52	0.0051	274	-281	-278
53	0.0052	118	26	232
54	0.0053	-313	6	225
55	0.0054	103	192	-384
56	0.0055	122	-24	-29
57	0.0056	-228	-75	5
58	0.0057	259	-159	-285
59	0.0058	-409	353	970
60	0.0059	445	-7	-888
61	0.0060	359	-65	54
62	0.0061	-431	-236	281
63	0.0062	97	-253	-560
64	0.0063	176	348	-23
65	0.0064	-114	-181	-147
66	0.0065	195	-36	203
67	0.0066	-183	215	453
68	0.0067	-70	-53	-7
69	0.0068	190	124	-293
70	0.0069	-108	-144	24
71	0.0070	-242	-162	57
72	0.0071	245	169	-118
73	0.0072	283	62	-482
74	0.0073	-97	-267	297
75	0.0074	-226	-149	9
76	0.0075	63	224	-14
77	0.0076	-277	222	268
78	0.0077	107	-58	-75
79	0.0078	233	45	78
80	0.0079	-246	-84	337
81	0.0080	374	150	-271
82	0.0081	2	125	-21
83	0.0082	-196	-204	91
84	0.0083	155	50	-273
85	0.0084	-275	-51	324
86	0.0085	61	-144	-490
87	0.0086	138	334	339
88	0.0087	-392	30	760
89	0.0088	-132	13	-191
90	0.0089	285	165	-126
91	0.0090	-205	13	256
92	0.0091	0	-138	-235
93	0.0092	455	147	70
94	0.0093	-290	155	259
95	0.0094	187	-49	-212
96	0.0095	130	15	-231
97	0.0096	-83	-246	-64
98	0.0097	-44	-55	-167
99	0.0098	176	193	69
100	0.0099	-139	3	199

电流增量数据 [1000Hz, 10点]
采样序号	时间(s)	A相电流(INT)	B相电流(INT)	C相电流(INT)
1	0.000	-1271	1577	124
2	0.001	657	2987	-2277
3	0.002	2430	1500	-2535
4	0.003	2575	-5252	-294
5	0.004	846	-667	-525
6	0.005	356	-633	-449
7	0.006	685	-1422	95
8	0.007	528	-1205	180
9	0.008	-292	-112	904
10	0.009	-116	-133	1516
================================================================================

=== 采集时间: 2025-12-05 15:21:58 (增量周期: 10.0ms) ===
振动增量数据 [等效10000Hz, 100点]
时序序号	时间(s)	X振动(INT)	Y振动(INT)	Z振动(INT)
1	0.0000	22	-50	-178
2	0.0001	19	19	104
3	0.0002	228	297	-162
4	0.0003	-42	-127	226
5	0.0004	75	-15	-200
6	0.0005	32	-95	229
7	0.0006	-55	197	110
8	0.0007	-57	-45	-114
9	0.0008	-23	71	120
10	0.0009	-80	-98	105
11	0.0010	176	-357	-608
12	0.0011	220	501	277
13	0.0012	-863	-10	1208
14	0.0013	429	165	-1121
15	0.0014	37	-216	157
16	0.0015	-241	-200	177
17	0.0016	124	27	-406
18	0.0017	420	357	319
19	0.0018	-557	-37	474
20	0.0019	206	-211	-261
21	0.0020	180	361	-211
22	0.0021	-255	-327	253
23	0.0022	-53	240	187
24	0.0023	150	139	-298
25	0.0024	32	-49	76
26	0.0025	-165	-288	48
27	0.0026	114	-10	-12
28	0.0027	-117	152	-164
29	0.0028	37	-134	91
30	0.0029	116	205	-256
31	0.0030	74	-49	211
32	0.0031	-215	39	114
33	0.0032	151	-179	-170
34	0.0033	146	169	-136
35	0.0034	-164	-106	240
36	0.0035	-84	248	314
37	0.0036	-162	64	-194
38	0.0037	338	-58	-64
39	0.0038	-173	-381	-204
40	0.0039	225	489	336
41	0.0040	-249	225	521
42	0.0041	121	-361	-735
43	0.0042	187	54	-182
44	0.0043	-277	-106	345
45	0.0044	204	80	-145
46	0.0045	144	180	117
47	0.0046	-102	64	339
48	0.0047	-337	-151	-72
49	0.0048	382	-76	-612
50	0.0049	-45	121	245
51	0.0050	-101	41	191
52	0.0051	210	203	16
53	0.0052	-185	-105	133
54	0.0053	-122	-206	-45
55	0.0054	6	131	-289
56	0.0055	182	-8	58
57	0.0056	15	16	196
58	0.0057	122	50	11
59	0.0058	-139	79	6
60	0.0059	26	-233	-183
61	0.0060	93	3	19
62	0.0061	108	212	-115
63	0.0062	208	133	2
64	0.0063	-326	-80	279
65	0.0064	-2	-20	37
66	0.0065	168	3	-495
67	0.0066	-51	62	691
68	0.0067	-229	197	7
69	0.0068	426	-162	-434
70	0.0069	-237	121	168
71	0.0070	-247	-341	49
72	0.0071	469	376	-195
73	0.0072	31	13	451
74	0.0073	-37	14	-37
75	0.0074	140	84	-325
76	0.0075	-207	-106	-24
77	0.0076	-14	2	-3
78	0.0077	202	212	52
79	0.0078	169	134	224
80	0.0079	-50	-89	143
81	0.0080	-44	9	-229
82	0.0081	-217	64	125
83	0.0082	41	-36	-79
84	0.0083	343	-36	-372
85	0.0084	97	69	400
86	0.0085	-346	-48	279
87	0.0086	88	-151	-368
88	0.0087	146	186	-154
89	0.0088	-179	-240	215
90	0.0089	140	223	-171
91	0.0090	221	99	-207
92	0.0091	-175	-162	193
93	0.0092	-168	239	520
94	0.0093	-6	37	-102
95	0.0094	417	299	-96
96	0.0095	-188	-153	169
97	0.0096	78	-407	-537
98	0.0097	-228	159	267
99	0.0098	-173	-40	48
100	0.0099	459	156	-280

电流增量数据 [1000Hz, 10点]
采样序号	时间(s)	A相电流(INT)	B相电流(INT)	C相电流(INT)
1	0.000	-80	-1789	401
2	0.001	136	-857	692
3	0.002	-457	-193	725
4	0.003	-1650	379	1120
5	0.004	-1397	228	549
6	0.005	-197	219	-345
7	0.006	28	779	-1077
8	0.007	849	2838	-998
9	0.008	929	2490	-969
10	0.009	735	640	63
================================================================================

=== 采集时间: 2025-12-05 15:21:58 (增量周期: 10.0ms) ===
振动增量数据 [等效10000Hz, 100点]
时序序号	时间(s)	X振动(INT)	Y振动(INT)	Z振动(INT)
1	0.0000	-6	-191	-77
2	0.0001	156	160	-61
3	0.0002	-259	88	236
4	0.0003	-136	-92	130
5	0.0004	80	97	-281
6	0.0005	186	-238	-212
7	0.0006	52	97	177
8	0.0007	-222	-49	101
9	0.0008	71	158	-87
10	0.0009	-27	-65	-25
11	0.0010	73	-493	-417
12	0.0011	-47	628	607
13	0.0012	-510	7	742
14	0.0013	475	16	-726
15	0.0014	44	-122	-80
16	0.0015	-328	-243	417
17	0.0016	99	133	-252
18	0.0017	365	92	-151
19	0.0018	-307	240	410
20	0.0019	-132	-193	114
21	0.0020	186	-12	-564
22	0.0021	-66	-54	52
23	0.0022	-7	67	241
24	0.0023	110	203	-23
25	0.0024	287	6	-57
26	0.0025	-301	-125	133
27	0.0026	5	-96	-276
28	0.0027	77	172	130
29	0.0028	67	-109	104
30	0.0029	90	229	99
31	0.0030	7	96	6
32	0.0031	-187	-149	78
33	0.0032	-87	-14	54
34	0.0033	124	57	-81
35	0.0034	78	236	-7
36	0.0035	91	-55	117
37	0.0036	-209	-70	-19
38	0.0037	66	18	7
39	0.0038	-37	-159	-256
40	0.0039	194	235	189
41	0.0040	-140	35	412
42	0.0041	-106	-136	-252
43	0.0042	134	64	-115
44	0.0043	-127	-145	143
45	0.0044	-47	-2	-61
46	0.0045	399	250	146
47	0.0046	-285	-6	129
48	0.0047	-79	-134	169
49	0.0048	-127	124	-167
50	0.0049	-12	70	-105
51	0.0050	366	50	-119
52	0.0051	-40	-108	153
53	0.0052	36	58	11
54	0.0053	33	58	-110
55	0.0054	-67	-12	33
56	0.0055	93	45	3
57	0.0056	20	-149	-101
58	0.0057	54	137	138
59	0.0058	-230	-8	91
60	0.0059	-28	-70	-144
61	0.0060	245	199	163
62	0.0061	53	84	-76
63	0.0062	39	-155	-83
64	0.0063	160	223	-227
65	0.0064	-139	-160	74
66	0.0065	270	32	-212
67	0.0066	-177	-4	180
68	0.0067	387	-7	-558
69	0.0068	-382	-238	567
70	0.0069	-161	0	-213
71	0.0070	263	77	-179
72	0.0071	-145	84	260
73	0.0072	-23	-74	164
74	0.0073	-53	163	159
75	0.0074	-17	103	43
76	0.0075	70	2	250
77	0.0076	-63	-142	-314
78	0.0077	610	144	-233
79	0.0078	-188	-28	122
80	0.0079	-66	-140	78
81	0.0080	339	414	-237
82	0.0081	-224	-199	138
83	0.0082	36	-44	41
84	0.0083	-61	2	-37
85	0.0084	-28	168	311
86	0.0085	-42	143	84
87	0.0086	1	-207	91
88	0.0087	95	-53	-265
89	0.0088	163	-66	33
90	0.0089	-78	160	129
91	0.0090	-40	61	7
92	0.0091	110	208	-107
93	0.0092	283	22	-134
94	0.0093	37	-257	-224
95	0.0094	-474	434	1282
96	0.0095	438	139	-959
97	0.0096	101	-234	-115
98	0.0097	-292	-217	254
99	0.0098	-8	-132	-151
100	0.0099	241	374	-38

电流增量数据 [1000Hz, 10点]
采样序号	时间(s)	A相电流(INT)	B相电流(INT)	C相电流(INT)
1	0.000	-1278	1469	531
2	0.001	-1866	462	421
3	0.002	-255	1198	-1094
4	0.003	810	196	-1076
5	0.004	877	1171	-722
6	0.005	1115	1423	207
7	0.006	424	-62	135
8	0.007	13	1930	1013
9	0.008	-1209	346	1228
10	0.009	-1084	1374	-309
================================================================================

=== 采集时间: 2025-12-05 15:21:58 (增量周期: 10.0ms) ===
振动增量数据 [等效10000Hz, 100点]
时序序号	时间(s)	X振动(INT)	Y振动(INT)	Z振动(INT)
1	0.0000	-362	53	456
2	0.0001	-275	94	16
3	0.0002	375	144	-135
4	0.0003	-155	45	27
5	0.0004	80	-247	345
6	0.0005	-68	425	187
7	0.0006	50	-55	-88
8	0.0007	278	52	-511
9	0.0008	-204	-221	180
10	0.0009	-55	-123	-17
11	0.0010	242	111	-327
12	0.0011	96	66	296
13	0.0012	-378	-12	271
14	0.0013	182	-75	-222
15	0.0014	-110	69	-85
16	0.0015	-230	-196	203
17	0.0016	140	280	-88
18	0.0017	330	-7	-8
19	0.0018	-169	-138	190
20	0.0019	-106	-31	-31
21	0.0020	249	160	-304
22	0.0021	-98	-50	-97
23	0.0022	58	27	320
24	0.0023	-16	201	43
25	0.0024	300	-84	-235
26	0.0025	-174	9	392
27	0.0026	-58	-44	-297
28	0.0027	368	-24	-327
29	0.0028	-376	-172	225
30	0.0029	99	-98	-72
31	0.0030	-78	320	75
32	0.0031	35	-91	-14
33	0.0032	58	-21	165
34	0.0033	-138	101	365
35	0.0034	169	90	-201
36	0.0035	113	-113	-563
37	0.0036	9	-21	67
38	0.0037	-81	6	83
39	0.0038	268	44	-178
40	0.0039	323	117	28
41	0.0040	-409	-140	447
42	0.0041	-100	41	-109
43	0.0042	251	163	-417
44	0.0043	-203	-152	374
45	0.0044	24	49	70
46	0.0045	211	7	-87
47	0.0046	-243	-44	165
48	0.0047	-19	-46	-3
49	0.0048	-34	199	-144
50	0.0049	86	27	100
51	0.0050	270	27	-106
52	0.0051	110	-8	-77
53	0.0052	-78	50	275
54	0.0053	126	163	-83
55	0.0054	83	-194	-281
56	0.0055	-172	-28	371
57	0.0056	61	96	-345
58	0.0057	78	107	233
59	0.0058	5	97	-11
60	0.0059	117	-174	36
61	0.0060	32	138	16
62	0.0061	-40	-110	-64
63	0.0062	186	156	-104
64	0.0063	-78	83	27
65	0.0064	-141	-173	-33
66	0.0065	113	15	7
67	0.0066	-87	148	300
68	0.0067	22	134	142
69	0.0068	71	-44	74
70	0.0069	-38	-97	-211
71	0.0070	-78	109	52
72	0.0071	-174	-38	7
73	0.0072	295	33	-152
74	0.0073	-139	-51	305
75	0.0074	22	14	161
76	0.0075	88	150	-181
77	0.0076	-59	-49	-67
78	0.0077	-14	-66	-137
79	0.0078	168	-93	-226
80	0.0079	187	65	-25
81	0.0080	-130	326	883
82	0.0081	-296	65	110
83	0.0082	618	-225	-1057
84	0.0083	-279	-85	620
85	0.0084	-172	-65	-71
86	0.0085	494	316	-424
87	0.0086	-392	-91	370
88	0.0087	-343	-236	249
89	0.0088	274	184	-417
90	0.0089	223	156	11
91	0.0090	-296	-123	510
92	0.0091	151	74	-295
93	0.0092	24	-3	-63
94	0.0093	-134	-96	86
95	0.0094	154	95	-175
96	0.0095	204	156	-14
97	0.0096	-80	-157	117
98	0.0097	20	-6	101
99	0.0098	-306	112	104
100	0.0099	-57	-100	-265

电流增量数据 [1000Hz, 10点]
采样序号	时间(s)	A相电流(INT)	B相电流(INT)	C相电流(INT)
1	0.000	-44	1572	-1320
2	0.001	925	-307	-868
3	0.002	678	-463	-449
4	0.003	702	-1399	270
5	0.004	722	2669	66
6	0.005	119	-186	1385
7	0.006	-827	2853	918
8	0.007	-751	408	524
9	0.008	-664	1903	-1014
10	0.009	-151	272	-1183
================================================================================

=== 采集时间: 2025-12-05 15:21:59 (增量周期: 10.0ms) ===
振动增量数据 [等效10000Hz, 100点]
时序序号	时间(s)	X振动(INT)	Y振动(INT)	Z振动(INT)
1	0.0000	9	-157	-70
2	0.0001	28	148	290
3	0.0002	-72	19	-68
4	0.0003	86	-38	-84
5	0.0004	-243	18	105
6	0.0005	171	-42	-64
7	0.0006	319	218	-119
8	0.0007	15	-178	306
9	0.0008	-130	74	79
10	0.0009	86	165	-192
11	0.0010	161	-119	-461
12	0.0011	-335	-3	697
13	0.0012	169	228	-76
14	0.0013	228	-25	-221
15	0.0014	-433	-85	472
16	0.0015	155	-132	-517
17	0.0016	293	41	-225
18	0.0017	-196	37	284
19	0.0018	-157	35	195
20	0.0019	302	295	-194
21	0.0020	10	-177	-3
22	0.0021	-66	-142	219
23	0.0022	75	368	90
24	0.0023	-3	-40	-140
25	0.0024	101	156	226
26	0.0025	-102	-41	-41
27	0.0026	-85	-198	-243
28	0.0027	53	114	254
29	0.0028	-178	-61	58
30	0.0029	93	286	96
31	0.0030	-204	58	256
32	0.0031	52	-340	-338
33	0.0032	49	61	-44
34	0.0033	-54	-21	293
35	0.0034	291	235	-124
36	0.0035	211	66	-28
37	0.0036	-229	-87	245
38	0.0037	-16	82	49
39	0.0038	69	-199	-765
40	0.0039	-19	446	901
41	0.0040	-699	95	747
42	0.0041	706	-119	-1171
43	0.0042	79	224	585
44	0.0043	-618	-479	433
45	0.0044	493	225	-633
46	0.0045	131	223	32
47	0.0046	-350	-434	144
48	0.0047	181	219	-85
49	0.0048	-47	126	246
50	0.0049	73	19	10
51	0.0050	-20	71	202
52	0.0051	-89	45	212
53	0.0052	-8	103	-59
54	0.0053	77	-65	-79
55	0.0054	-51	10	-312
56	0.0055	138	-65	30
57	0.0056	43	65	75
58	0.0057	-6	35	153
59	0.0058	-111	176	96
60	0.0059	-71	-360	-212
61	0.0060	169	-310	93
62	0.0061	-81	88	-37
63	0.0062	57	-79	-177
64	0.0063	-54	176	58
65	0.0064	-174	-62	182
66	0.0065	266	-129	-380
67	0.0066	-320	407	1167
68	0.0067	13	15	-470
69	0.0068	590	-186	-695
70	0.0069	-455	-95	593
71	0.0070	-113	-305	-32
72	0.0071	345	560	-298
73	0.0072	-57	-172	225
74	0.0073	-266	-45	187
75	0.0074	215	90	-72
76	0.0075	-97	-14	121
77	0.0076	-144	-112	58
78	0.0077	279	165	-195
79	0.0078	-66	-2	173
80	0.0079	-84	-142	134
81	0.0080	40	113	-242
82	0.0081	5	26	-44
83	0.0082	-224	-152	253
84	0.0083	250	-50	-354
85	0.0084	30	292	147
86	0.0085	-187	-28	210
87	0.0086	124	-100	-267
88	0.0087	20	-31	80
89	0.0088	9	69	172
90	0.0089	66	116	-113
91	0.0090	134	0	-61
92	0.0091	-160	-27	46
93	0.0092	11	16	87
94	0.0093	184	-10	-374
95	0.0094	-134	-88	495
96	0.0095	-62	316	16
97	0.0096	73	3	148
98	0.0097	142	-48	-621
99	0.0098	50	-369	303
100	0.0099	-228	214	-16

电流增量数据 [1000Hz, 10点]
采样序号	时间(s)	A相电流(INT)	B相电流(INT)	C相电流(INT)
1	0.000	1312	-1393	1049
2	0.001	96	-232	1730
3	0.002	-866	1108	2163
4	0.003	-149	-3207	687
5	0.004	-107	-24	292
6	0.005	-421	-1031	328
7	0.006	-836	1123	231
8	0.007	-1048	1145	-301
9	0.008	-1216	2052	-515
10	0.009	42	1878	-1597
================================================================================

=== 采集时间: 2025-12-05 15:21:59 (增量周期: 10.0ms) ===
振动增量数据 [等效10000Hz, 100点]
时序序号	时间(s)	X振动(INT)	Y振动(INT)	Z振动(INT)
1	0.0000	-141	-213	-12
2	0.0001	-204	-19	178
3	0.0002	-12	176	24
4	0.0003	176	-101	-171
5	0.0004	-369	326	1270
6	0.0005	202	107	-932
7	0.0006	610	-426	-636
8	0.0007	-937	-145	894
9	0.0008	-3	-237	-470
10	0.0009	635	547	-631
11	0.0010	-418	-290	547
12	0.0011	-208	-42	410
13	0.0012	5	400	103
14	0.0013	61	-42	65
15	0.0014	69	-152	-307
16	0.0015	370	114	-91
17	0.0016	-158	1	142
18	0.0017	150	-166	-380
19	0.0018	348	33	-428
20	0.0019	-400	-105	362
21	0.0020	57	-93	170
22	0.0021	-45	167	-200
23	0.0022	-155	-70	121
24	0.0023	-98	99	96
25	0.0024	140	-117	-67
26	0.0025	0	160	238
27	0.0026	27	39	216
28	0.0027	138	137	-218
29	0.0028	-11	-157	-46
30	0.0029	-360	35	378
31	0.0030	159	321	-61
32	0.0031	429	-127	-593
33	0.0032	-387	195	1317
34	0.0033	-344	5	126
35	0.0034	484	-19	-995
36	0.0035	-335	44	584
37	0.0036	-174	-345	96
38	0.0037	515	381	-548
39	0.0038	-8	-32	476
40	0.0039	-451	-54	267
41	0.0040	460	165	-457
42	0.0041	-89	-34	-44
43	0.0042	-252	-272	320
44	0.0043	340	344	-363
45	0.0044	50	64	-89
46	0.0045	66	-157	129
47	0.0046	-173	-50	135
48	0.0047	156	125	-118
49	0.0048	-59	-4	52
50	0.0049	125	-115	-151
51	0.0050	-110	266	250
52	0.0051	-175	-81	157
53	0.0052	224	-33	-394
54	0.0053	58	-28	156
55	0.0054	-126	-65	133
56	0.0055	96	43	-141
57	0.0056	78	100	-127
58	0.0057	-258	-70	221
59	0.0058	84	152	161
60	0.0059	71	-81	-396
61	0.0060	30	173	-77
62	0.0061	178	-237	-445
63	0.0062	-80	-95	86
64	0.0063	-405	-92	559
65	0.0064	276	338	-127
66	0.0065	314	113	-217
67	0.0066	-268	-127	258
68	0.0067	-149	-62	117
69	0.0068	140	103	-381
70	0.0069	267	37	-77
71	0.0070	152	54	112
72	0.0071	138	-101	-118
73	0.0072	-144	43	106
74	0.0073	-246	-55	63
75	0.0074	5	82	-166
76	0.0075	289	-12	-212
77	0.0076	140	-198	194
78	0.0077	-232	116	354
79	0.0078	-98	128	-132
80	0.0079	100	60	-212
81	0.0080	-135	-189	122
82	0.0081	189	-46	-113
83	0.0082	228	259	20
84	0.0083	-50	27	339
85	0.0084	-293	66	185
86	0.0085	625	-91	-825
87	0.0086	0	-185	86
88	0.0087	-622	137	1029
89	0.0088	339	374	-555
90	0.0089	-4	-138	-213
91	0.0090	-310	-217	319
92	0.0091	-160	-217	131
93	0.0092	364	446	-34
94	0.0093	-50	-23	16
95	0.0094	33	-211	-127
96	0.0095	-87	60	41
97	0.0096	-44	-130	-282
98	0.0097	296	343	236
99	0.0098	-29	155	208
100	0.0099	-51	-194	104

电流增量数据 [1000Hz, 10点]
采样序号	时间(s)	A相电流(INT)	B相电流(INT)	C相电流(INT)
1	0.000	-260	736	-639
2	0.001	-336	2578	-1382
3	0.002	1279	2030	-1746
4	0.003	1212	-1214	185
5	0.004	265	-1096	980
6	0.005	55	-1151	693
7	0.006	-301	2494	767
8	0.007	-1021	1078	1007
9	0.008	-1136	2669	-320
10	0.009	65	2046	-1068
================================================================================

=== 采集时间: 2025-12-05 15:21:59 (增量周期: 10.0ms) ===
振动增量数据 [等效10000Hz, 100点]
时序序号	时间(s)	X振动(INT)	Y振动(INT)	Z振动(INT)
1	0.0000	138	-132	-250
2	0.0001	-196	-183	215
3	0.0002	-46	7	-182
4	0.0003	197	293	-4
5	0.0004	-126	22	136
6	0.0005	-29	-330	135
7	0.0006	116	182	-46
8	0.0007	-59	54	130
9	0.0008	-11	194	-31
10	0.0009	201	-61	-24
11	0.0010	-277	32	249
12	0.0011	174	44	-3
13	0.0012	37	13	-208
14	0.0013	437	33	-444
15	0.0014	-609	-144	949
16	0.0015	40	65	-417
17	0.0016	257	244	-224
18	0.0017	-285	-186	530
19	0.0018	-185	-23	-91
20	0.0019	413	159	-64
21	0.0020	-217	125	375
22	0.0021	-36	-215	40
23	0.0022	287	278	-234
24	0.0023	-8	-25	-40
25	0.0024	-108	-279	75
26	0.0025	-91	138	67
27	0.0026	332	225	-227
28	0.0027	13	-139	122
29	0.0028	-76	-108	143
30	0.0029	-27	54	-66
31	0.0030	-126	95	-71
32	0.0031	30	129	93
33	0.0032	16	-191	-97
34	0.0033	41	-28	147
35	0.0034	146	75	-110
36	0.0035	116	43	2
37	0.0036	-110	96	-11
38	0.0037	9	-14	103
39	0.0038	-14	88	-32
40	0.0039	210	-287	-344
41	0.0040	-336	390	827
42	0.0041	147	236	-222
43	0.0042	241	-119	-351
44	0.0043	-59	-233	238
45	0.0044	-179	-249	-220
46	0.0045	245	190	-55
47	0.0046	-192	57	-76
48	0.0047	174	-74	24
49	0.0048	-89	218	165
50	0.0049	-7	-108	221
51	0.0050	-45	36	79
52	0.0051	-61	77	-144
53	0.0052	103	-36	-169
54	0.0053	0	19	196
55	0.0054	-89	-4	10
56	0.0055	146	73	-27
57	0.0056	48	-32	-61
58	0.0057	-74	-183	10
59	0.0058	-96	259	200
60	0.0059	-31	-131	-247
61	0.0060	-285	395	934
62	0.0061	33	84	-246
63	0.0062	856	-136	-822
64	0.0063	-230	-208	597
65	0.0064	-429	-284	75
66	0.0065	369	536	-475
67	0.0066	110	-80	-156
68	0.0067	-521	-207	807
69	0.0068	600	189	-971
70	0.0069	152	-57	293
71	0.0070	-474	-242	157
72	0.0071	280	-61	-436
73	0.0072	62	216	130
74	0.0073	-400	-203	186
75	0.0074	261	199	-190
76	0.0075	-66	177	263
77	0.0076	-220	-253	328
78	0.0077	173	-7	-209
79	0.0078	274	323	-53
80	0.0079	-209	-49	215
81	0.0080	41	-157	-190
82	0.0081	-76	192	36
83	0.0082	-59	-203	53
84	0.0083	370	-11	-379
85	0.0084	-100	-113	186
86	0.0085	-292	180	403
87	0.0086	103	202	-286
88	0.0087	5	-105	136
89	0.0088	-185	-19	243
90	0.0089	95	-78	-20
91	0.0090	330	242	-192
92	0.0091	-58	-61	-32
93	0.0092	-177	-3	388
94	0.0093	-136	248	7
95	0.0094	413	-296	-591
96	0.0095	-491	306	1338
97	0.0096	-71	84	-282
98	0.0097	556	91	-573
99	0.0098	-273	-220	266
100	0.0099	-235	-488	-45

电流增量数据 [1000Hz, 10点]
采样序号	时间(s)	A相电流(INT)	B相电流(INT)	C相电流(INT)
1	0.000	993	77	38
2	0.001	392	-2238	1446
3	0.002	-924	-401	2670
4	0.003	-1831	1476	1866
5	0.004	-1335	1940	29
6	0.005	-331	-1456	235
7	0.006	-442	-524	354
8	0.007	-690	258	104
9	0.008	21	-1522	-867
10	0.009	590	135	-960
================================================================================

=== 采集时间: 2025-12-05 15:21:59 (增量周期: 10.0ms) ===
振动增量数据 [等效10000Hz, 100点]
时序序号	时间(s)	X振动(INT)	Y振动(INT)	Z振动(INT)
1	0.0000	92	147	-81
2	0.0001	368	128	43
3	0.0002	-241	-191	56
4	0.0003	-96	-140	-68
5	0.0004	-21	276	-130
6	0.0005	49	-55	123
7	0.0006	210	14	-46
8	0.0007	-153	53	401
9	0.0008	-45	246	169
10	0.0009	-140	-221	-248
11	0.0010	-10	-4	27
12	0.0011	199	197	16
13	0.0012	-93	39	200
14	0.0013	191	148	40
15	0.0014	-155	-161	2
16	0.0015	16	65	-66
17	0.0016	110	-131	-321
18	0.0017	-12	212	575
19	0.0018	-130	129	-54
20	0.0019	82	-283	-396
21	0.0020	-115	87	110
22	0.0021	-66	-208	303
23	0.0022	-19	387	375
24	0.0023	139	129	71
25	0.0024	159	97	-209
26	0.0025	-307	-211	79
27	0.0026	-111	-68	-38
28	0.0027	228	272	-41
29	0.0028	208	125	125
30	0.0029	88	-81	-29
31	0.0030	-33	-118	-111
32	0.0031	-337	138	284
33	0.0032	74	-57	-401
34	0.0033	390	101	40
35	0.0034	-53	-125	151
36	0.0035	62	1	33
37	0.0036	-19	168	-37
38	0.0037	-158	-178	-137
39	0.0038	172	39	-181
40	0.0039	18	-40	100
41	0.0040	-67	101	140
42	0.0041	-118	3	130
43	0.0042	112	212	-135
44	0.0043	131	-139	-17
45	0.0044	-46	-270	13
46	0.0045	-122	334	437
47	0.0046	-83	-189	-454
48	0.0047	124	54	-117
49	0.0048	-421	-132	545
50	0.0049	80	11	-4
51	0.0050	381	202	-201
52	0.0051	-32	-176	143
53	0.0052	-219	37	189
54	0.0053	-58	-57	-278
55	0.0054	216	94	-248
56	0.0055	-80	41	264
57	0.0056	229	60	142
58	0.0057	62	88	-218
59	0.0058	-88	-127	180
60	0.0059	-188	48	-93
61	0.0060	10	14	-145
62	0.0061	82	-57	54
63	0.0062	-88	88	292
64	0.0063	-7	139	-6
65	0.0064	212	-221	-342
66	0.0065	-126	-12	199
67	0.0066	69	56	277
68	0.0067	96	348	-167
69	0.0068	87	-112	143
70	0.0069	-323	-102	-41
71	0.0070	229	-105	-221
72	0.0071	228	128	-127
73	0.0072	-331	121	699
74	0.0073	221	95	-556
75	0.0074	28	-140	-8
76	0.0075	-345	-174	50
77	0.0076	135	-118	-88
78	0.0077	298	432	-107
79	0.0078	-235	-122	557
80	0.0079	-74	117	147
81	0.0080	69	-2	-248
82	0.0081	155	-76	-149
83	0.0082	-194	-14	326
84	0.0083	146	156	58
85	0.0084	169	125	-220
86	0.0085	-157	-189	127
87	0.0086	20	54	-84
88	0.0087	-16	-48	-197
89	0.0088	276	92	123
90	0.0089	46	-31	-124
91	0.0090	-58	16	33
92	0.0091	-31	-3	60
93	0.0092	-267	-225	-11
94	0.0093	208	185	-110
95	0.0094	155	133	249
96	0.0095	-151	-36	168
97	0.0096	122	50	-12
98	0.0097	-208	13	91
99	0.0098	204	-66	-252
100	0.0099	302	-209	-730

电流增量数据 [1000Hz, 10点]
采样序号	时间(s)	A相电流(INT)	B相电流(INT)	C相电流(INT)
1	0.000	97	-892	891
2	0.001	-754	-1034	925
3	0.002	-1108	-259	510
4	0.003	-644	1635	-21
5	0.004	-425	3405	-65
6	0.005	-12	2114	-935
7	0.006	751	3476	-839
8	0.007	1018	612	-847
9	0.008	1067	-1455	452
10	0.009	316	-1650	485
================================================================================

=== 采集时间: 2025-12-05 15:22:00 (增量周期: 10.0ms) ===
振动增量数据 [等效10000Hz, 100点]
时序序号	时间(s)	X振动(INT)	Y振动(INT)	Z振动(INT)
1	0.0000	53	-58	-100
2	0.0001	-314	169	242
3	0.0002	100	52	-11
4	0.0003	272	30	-40
5	0.0004	-79	-189	151
6	0.0005	-79	16	-68
7	0.0006	122	224	-15
8	0.0007	-19	121	-44
9	0.0008	216	-194	-109
10	0.0009	-64	-131	144
11	0.0010	416	225	-546
12	0.0011	-470	-287	487
13	0.0012	-420	6	135
14	0.0013	526	295	-704
15	0.0014	133	97	574
16	0.0015	-514	-268	461
17	0.0016	400	-33	-461
18	0.0017	-45	414	-47
19	0.0018	-156	-417	122
20	0.0019	211	239	-76
21	0.0020	224	173	10
22	0.0021	-190	-220	210
23	0.0022	-62	-32	-113
24	0.0023	20	131	-25
25	0.0024	52	303	161
26	0.0025	99	-88	151
27	0.0026	-64	-65	-28
28	0.0027	40	15	-17
29	0.0028	22	146	-45
30	0.0029	-93	5	28
31	0.0030	67	-142	28
32	0.0031	189	57	-171
33	0.0032	18	-38	73
34	0.0033	-187	53	204
35	0.0034	-97	14	-51
36	0.0035	238	205	-88
37	0.0036	-138	-193	207
38	0.0037	-306	171	592
39	0.0038	503	339	-727
40	0.0039	-61	-243	216
41	0.0040	-570	-7	683
42	0.0041	300	-3	-556
43	0.0042	445	348	-160
44	0.0043	-272	-276	410
45	0.0044	-152	-50	82
46	0.0045	338	148	-614
47	0.0046	6	-202	130
48	0.0047	-235	24	259
49	0.0048	357	236	-27
50	0.0049	-226	-46	-178
51	0.0050	-324	-109	210
52	0.0051	314	240	-314
53	0.0052	70	-2	-147
54	0.0053	14	-186	464
55	0.0054	-88	71	-130
56	0.0055	225	69	-267
57	0.0056	-174	41	138
58	0.0057	-50	-323	-6
59	0.0058	449	336	-372
60	0.0059	-72	-61	388
61	0.0060	-179	-41	-23
62	0.0061	202	90	-109
63	0.0062	-460	78	438
64	0.0063	36	-57	80
65	0.0064	143	-85	-367
66	0.0065	278	128	-350
67	0.0066	-512	-164	754
68	0.0067	-127	103	-80
69	0.0068	493	160	-525
70	0.0069	-2	-122	340
71	0.0070	-276	-130	152
72	0.0071	360	182	-47
73	0.0072	-520	206	510
74	0.0073	-19	-32	30
75	0.0074	262	246	-195
76	0.0075	-127	-70	300
77	0.0076	19	64	397
78	0.0077	-170	128	-194
79	0.0078	122	-19	-105
80	0.0079	-164	-44	60
81	0.0080	134	-254	-303
82	0.0081	389	278	-411
83	0.0082	-297	-179	594
84	0.0083	-7	223	116
85	0.0084	-378	54	253
86	0.0085	56	270	200
87	0.0086	80	11	-100
88	0.0087	211	-75	204
89	0.0088	-266	78	228
90	0.0089	129	10	-209
91	0.0090	218	241	-259
92	0.0091	2	-113	285
93	0.0092	-78	-336	-199
94	0.0093	322	241	-627
95	0.0094	-262	-149	630
96	0.0095	-378	-11	0
97	0.0096	332	201	-273
98	0.0097	165	357	340
99	0.0098	-45	-255	174
100	0.0099	23	141	246

电流增量数据 [1000Hz, 10点]
采样序号	时间(s)	A相电流(INT)	B相电流(INT)	C相电流(INT)
1	0.000	846	-436	-103
2	0.001	178	461	949
3	0.002	-621	-1004	1281
4	0.003	-2528	2036	810
5	0.004	-1620	3491	-1076
6	0.005	-813	2930	-558
7	0.006	-385	1931	-308
8	0.007	-170	-1445	-120
9	0.008	-113	1110	-244
10	0.009	731	-1991	-753
================================================================================

=== 采集时间: 2025-12-05 15:22:00 (增量周期: 10.0ms) ===
振动增量数据 [等效10000Hz, 100点]
时序序号	时间(s)	X振动(INT)	Y振动(INT)	Z振动(INT)
1	0.0000	-232	71	-272
2	0.0001	422	67	-348
3	0.0002	127	14	273
4	0.0003	-343	-166	460
5	0.0004	248	259	-126
6	0.0005	-213	276	210
7	0.0006	-148	-326	-29
8	0.0007	146	-25	-320
9	0.0008	66	203	443
10	0.0009	30	-84	-87
11	0.0010	251	-61	-470
12	0.0011	2	117	140
13	0.0012	-397	-142	284
14	0.0013	370	254	-241
15	0.0014	318	61	-447
16	0.0015	-127	-148	483
17	0.0016	-188	-3	-32
18	0.0017	246	24	-248
19	0.0018	-7	130	57
20	0.0019	130	74	344
21	0.0020	-84	-37	-137
22	0.0021	86	-161	-213
23	0.0022	-340	103	203
24	0.0023	137	77	-130
25	0.0024	255	194	-57
26	0.0025	-42	-433	109
27	0.0026	475	351	-599
28	0.0027	-648	-263	906
29	0.0028	-169	135	-297
30	0.0029	312	143	-307
31	0.0030	-40	65	465
32	0.0031	-204	-170	127
33	0.0032	206	222	153
34	0.0033	13	263	15
35	0.0034	0	-254	-132
36	0.0035	97	-57	-230
37	0.0036	99	103	127
38	0.0037	-55	-8	-3
39	0.0038	-40	-24	-76
40	0.0039	-68	99	270
41	0.0040	-109	-33	60
42	0.0041	242	79	-94
43	0.0042	-164	70	140
44	0.0043	-23	-113	-7
45	0.0044	39	129	-107
46	0.0045	-78	-169	10
47	0.0046	159	113	-23
48	0.0047	40	26	-23
49	0.0048	62	-61	185
50	0.0049	-141	128	24
51	0.0050	87	113	-218
52	0.0051	325	84	-265
53	0.0052	39	-582	-244
54	0.0053	-38	565	508
55	0.0054	-679	164	874
56	0.0055	199	73	-877
57	0.0056	352	-159	31
58	0.0057	-367	-159	463
59	0.0058	184	135	-61
60	0.0059	312	245	-139
61	0.0060	-420	-54	202
62	0.0061	-96	-115	-136
63	0.0062	198	60	-268
64	0.0063	-38	-138	216
65	0.0064	91	133	110
66	0.0065	-76	225	23
67	0.0066	-81	-88	187
68	0.0067	-62	-85	-134
69	0.0068	182	58	-66
70	0.0069	109	146	7
71	0.0070	-50	-186	104
72	0.0071	2	120	56
73	0.0072	-101	-16	-91
74	0.0073	26	23	20
75	0.0074	44	134	126
76	0.0075	-152	-152	82
77	0.0076	30	236	-25
78	0.0077	-148	91	146
79	0.0078	79	-65	-6
80	0.0079	190	83	62
81	0.0080	-16	-362	-234
82	0.0081	319	317	-33
83	0.0082	-572	-49	688
84	0.0083	35	65	-410
85	0.0084	176	188	-36
86	0.0085	-143	-174	410
87	0.0086	86	18	15
88	0.0087	45	142	142
89	0.0088	-105	138	48
90	0.0089	24	-164	-474
91	0.0090	124	-102	-32
92	0.0091	-88	14	46
93	0.0092	152	57	24
94	0.0093	50	180	-12
95	0.0094	-117	-181	146
96	0.0095	23	40	-3
97	0.0096	15	-2	3
98	0.0097	-24	54	22
99	0.0098	-2	-115	-119
100	0.0099	-14	144	176

电流增量数据 [1000Hz, 10点]
采样序号	时间(s)	A相电流(INT)	B相电流(INT)	C相电流(INT)
1	0.000	249	-2255	-373
2	0.001	524	207	-545
3	0.002	679	-2361	38
4	0.003	882	-814	201
5	0.004	809	-1153	160
6	0.005	320	-504	1218
7	0.006	-974	857	1087
8	0.007	-1031	1008	267
9	0.008	-788	879	-672
10	0.009	-103	40	-921
================================================================================

=== 采集时间: 2025-12-05 15:22:00 (增量周期: 10.0ms) ===
振动增量数据 [等效10000Hz, 100点]
时序序号	时间(s)	X振动(INT)	Y振动(INT)	Z振动(INT)
1	0.0000	-3	185	431
2	0.0001	-314	138	516
3	0.0002	33	-50	-332
4	0.0003	36	118	116
5	0.0004	-348	-11	383
6	0.0005	293	15	-333
7	0.0006	234	134	-174
8	0.0007	-194	-144	403
9	0.0008	32	87	-307
10	0.0009	-15	-187	-15
11	0.0010	-79	65	169
12	0.0011	40	54	18
13	0.0012	259	99	-226
14	0.0013	-118	-106	173
15	0.0014	0	-139	122
16	0.0015	242	201	-341
17	0.0016	83	-177	-147
18	0.0017	-187	-63	331
19	0.0018	537	272	-1043
20	0.0019	-183	-347	660
21	0.0020	-379	111	92
22	0.0021	445	-113	-388
23	0.0022	-24	344	93
24	0.0023	-27	-370	23
25	0.0024	186	175	-21
26	0.0025	61	44	30
27	0.0026	-28	-176	-186
28	0.0027	-25	-27	-23
29	0.0028	150	159	-14
30	0.0029	-19	-96	-61
31	0.0030	87	92	169
32	0.0031	-268	-6	-57
33	0.0032	67	-176	-84
34	0.0033	-42	103	83
35	0.0034	-101	-91	-32
36	0.0035	60	203	0
37	0.0036	6	-15	146
38	0.0037	33	-92	20
39	0.0038	19	163	144
40	0.0039	104	-23	-31
41	0.0040	15	-25	-98
42	0.0041	-71	95	121
43	0.0042	-96	122	139
44	0.0043	236	0	-375
45	0.0044	9	-266	110
46	0.0045	-331	24	574
47	0.0046	740	97	-1463
48	0.0047	281	-121	353
49	0.0048	-839	-400	498
50	0.0049	22	0	-522
51	0.0050	234	-51	-255
52	0.0051	228	198	86
53	0.0052	-36	84	-11
54	0.0053	14	13	52
55	0.0054	-169	-140	-67
56	0.0055	45	-92	-204
57	0.0056	-174	133	361
58	0.0057	131	164	-68
59	0.0058	203	75	62
60	0.0059	-215	-155	131
61	0.0060	126	10	-79
62	0.0061	9	104	-184
63	0.0062	56	-55	147
64	0.0063	33	114	-14
65	0.0064	118	-152	-315
66	0.0065	-44	-51	30
67	0.0066	-110	50	279
68	0.0067	87	83	15
69	0.0068	258	113	-361
70	0.0069	-111	-169	208
71	0.0070	-27	131	117
72	0.0071	39	33	-227
73	0.0072	-158	60	362
74	0.0073	207	-8	-453
75	0.0074	-190	-337	396
76	0.0075	-172	79	-306
77	0.0076	3	9	267
78	0.0077	-132	151	122
79	0.0078	30	-264	-151
80	0.0079	-21	122	212
81	0.0080	95	216	161
82	0.0081	13	-12	-218
83	0.0082	20	-74	95
84	0.0083	53	92	-96
85	0.0084	157	-178	-304
86	0.0085	78	139	90
87	0.0086	-114	52	191
88	0.0087	83	118	15
89	0.0088	120	-84	-188
90	0.0089	31	-195	91
91	0.0090	-102	58	1
92	0.0091	-8	30	-161
93	0.0092	-165	6	315
94	0.0093	-101	-19	150
95	0.0094	101	109	-36
96	0.0095	41	13	113
97	0.0096	-44	-98	-92
98	0.0097	82	114	-102
99	0.0098	57	180	6
100	0.0099	159	-155	-214

电流增量数据 [1000Hz, 10点]
采样序号	时间(s)	A相电流(INT)	B相电流(INT)	C相电流(INT)
1	0.000	617	-247	-700
2	0.001	407	-1034	209
3	0.002	604	-2093	824
4	0.003	757	-2309	1614
5	0.004	-1083	1186	1076
6	0.005	-479	1777	9
7	0.006	-533	831	-236
8	0.007	-224	804	-463
9	0.008	-294	1086	-1615
10	0.009	1124	3852	-1216
================================================================================

=== 采集时间: 2025-12-05 15:22:01 (增量周期: 10.0ms) ===
振动增量数据 [等效10000Hz, 100点]
时序序号	时间(s)	X振动(INT)	Y振动(INT)	Z振动(INT)
1	0.0000	-119	-29	189
2	0.0001	-40	155	-131
3	0.0002	186	133	-97
4	0.0003	-234	-135	186
5	0.0004	-148	-2	259
6	0.0005	227	218	-285
7	0.0006	-134	113	459
8	0.0007	35	-113	-61
9	0.0008	306	-160	-509
10	0.0009	-111	87	189
11	0.0010	-155	-24	61
12	0.0011	171	-117	-378
13	0.0012	39	65	365
14	0.0013	-93	-23	208
15	0.0014	-58	121	-93
16	0.0015	14	114	123
17	0.0016	-318	-142	165
18	0.0017	135	165	-40
19	0.0018	302	-23	-371
20	0.0019	-465	215	1385
21	0.0020	377	125	-967
22	0.0021	402	-194	-265
23	0.0022	-374	-2	606
24	0.0023	-158	-236	-311
25	0.0024	610	552	-250
26	0.0025	-132	-147	110
27	0.0026	-64	-328	163
28	0.0027	129	333	-66
29	0.0028	-119	-143	-27
30	0.0029	-44	143	63
31	0.0030	-7	-50	-31
32	0.0031	22	-96	-248
33	0.0032	-8	-45	203
34	0.0033	-78	39	54
35	0.0034	-188	108	80
36	0.0035	338	70	5
37	0.0036	54	-119	-241
38	0.0037	-15	-28	203
39	0.0038	-228	94	120
40	0.0039	163	-29	-299
41	0.0040	73	33	60
42	0.0041	-229	0	532
43	0.0042	-256	142	156
44	0.0043	317	154	-255
45	0.0044	28	-42	-207
46	0.0045	-8	-75	426
47	0.0046	140	103	-449
48	0.0047	-156	176	888
49	0.0048	-105	-21	-391
50	0.0049	526	-258	-705
51	0.0050	298	-36	-575
52	0.0051	24	154	390
53	0.0052	-363	-159	163
54	0.0053	156	154	253
55	0.0054	-196	270	202
56	0.0055	-157	-225	10
57	0.0056	177	137	-175
58	0.0057	20	-37	-161
59	0.0058	88	-71	130
60	0.0059	26	176	195
61	0.0060	109	125	-184
62	0.0061	52	-98	15
63	0.0062	-34	-203	-71
64	0.0063	-58	23	-134
65	0.0064	-20	169	83
66	0.0065	31	88	86
67	0.0066	-128	-130	185
68	0.0067	-75	186	450
69	0.0068	-117	141	5
70	0.0069	399	44	-286
71	0.0070	-226	31	52
72	0.0071	99	-166	-46
73	0.0072	306	316	-231
74	0.0073	165	-309	-272
75	0.0074	-205	266	952
76	0.0075	-46	-80	-659
77	0.0076	494	-186	-401
78	0.0077	-625	-15	536
79	0.0078	-187	-228	-80
80	0.0079	438	589	-191
81	0.0080	-307	-321	470
82	0.0081	-119	-55	262
83	0.0082	140	180	-269
84	0.0083	-186	6	156
85	0.0084	-57	-31	-178
86	0.0085	185	26	-85
87	0.0086	204	239	143
88	0.0087	84	-122	268
89	0.0088	23	1	-285
90	0.0089	224	133	-64
91	0.0090	-113	-108	-3
92	0.0091	182	-79	-299
93	0.0092	49	92	48
94	0.0093	-29	-131	2
95	0.0094	117	24	-77
96	0.0095	50	100	153
97	0.0096	-220	48	236
98	0.0097	-29	26	-115
99	0.0098	-105	-6	-3
100	0.0099	-25	-46	103

电流增量数据 [1000Hz, 10点]
采样序号	时间(s)	A相电流(INT)	B相电流(INT)	C相电流(INT)
1	0.000	748	-1350	-272
2	0.001	182	-621	669
3	0.002	-143	-2322	1042
4	0.003	-510	-979	1853
5	0.004	-1620	459	1565
6	0.005	-1020	2711	95
7	0.006	-38	70	-855
8	0.007	409	480	-1001
9	0.008	620	208	-694
10	0.009	468	2542	-313
================================================================================

=== 采集时间: 2025-12-05 15:22:01 (增量周期: 10.0ms) ===
振动增量数据 [等效10000Hz, 100点]
时序序号	时间(s)	X振动(INT)	Y振动(INT)	Z振动(INT)
1	0.0000	-168	83	429
2	0.0001	77	323	-187
3	0.0002	-93	-21	53
4	0.0003	-36	-142	116
5	0.0004	142	155	-175
6	0.0005	65	-45	-126
7	0.0006	221	137	-25
8	0.0007	-369	-199	477
9	0.0008	261	176	-295
10	0.0009	70	117	-59
11	0.0010	-42	-204	217
12	0.0011	-78	-40	-194
13	0.0012	95	66	298
14	0.0013	-166	246	57
15	0.0014	152	-76	-117
16	0.0015	201	138	-84
17	0.0016	-166	-174	212
18	0.0017	-93	54	-57
19	0.0018	126	60	-241
20	0.0019	-106	15	69
21	0.0020	-45	-29	105
22	0.0021	189	36	-40
23	0.0022	-98	14	203
24	0.0023	-33	-138	-177
25	0.0024	182	112	-115
26	0.0025	50	-46	26
27	0.0026	77	-132	-147
28	0.0027	91	118	-27
29	0.0028	-76	-50	134
30	0.0029	-96	26	-45
31	0.0030	14	2	33
32	0.0031	-55	84	170
33	0.0032	-76	-29	-54
34	0.0033	-72	-57	283
35	0.0034	736	202	-1323
36	0.0035	-358	-432	1142
37	0.0036	-172	129	-162
38	0.0037	266	82	-372
39	0.0038	-53	283	280
40	0.0039	-421	-209	271
41	0.0040	249	164	91
42	0.0041	-6	215	168
43	0.0042	-57	-216	99
44	0.0043	177	54	-226
45	0.0044	84	75	-85
46	0.0045	-113	-2	106
47	0.0046	13	-85	26
48	0.0047	-57	165	44
49	0.0048	-138	82	456
50	0.0049	66	186	-207
51	0.0050	212	39	-46
52	0.0051	-217	9	437
53	0.0052	43	31	-59
54	0.0053	408	45	-349
55	0.0054	-293	-151	90
56	0.0055	56	-41	-36
57	0.0056	-105	210	151
58	0.0057	-102	-118	10
59	0.0058	143	101	43
60	0.0059	-55	60	-32
61	0.0060	336	-324	-624
62	0.0061	109	496	319
63	0.0062	-606	-242	760
64	0.0063	355	159	-768
65	0.0064	113	33	-47
66	0.0065	-71	-259	157
67	0.0066	-16	7	40
68	0.0067	148	339	331
69	0.0068	150	71	-290
70	0.0069	-58	-391	-260
71	0.0070	-141	-121	10
72	0.0071	-219	75	80
73	0.0072	199	172	-140
74	0.0073	15	-45	18
75	0.0074	-42	-91	276
76	0.0075	-19	163	238
77	0.0076	32	10	-229
78	0.0077	80	-96	-135
79	0.0078	-17	23	-59
80	0.0079	199	88	9
81	0.0080	-162	160	403
82	0.0081	-23	-37	-220
83	0.0082	93	71	31
84	0.0083	-74	-301	1
85	0.0084	-245	-3	84
86	0.0085	231	297	-77
87	0.0086	-55	31	-44
88	0.0087	19	-157	3
89	0.0088	-74	-249	87
90	0.0089	524	282	-505
91	0.0090	-190	9	748
92	0.0091	-484	-20	39
93	0.0092	189	-49	-500
94	0.0093	45	139	176
95	0.0094	-92	-85	143
96	0.0095	185	152	480
97	0.0096	-109	252	95
98	0.0097	-37	-172	-89
99	0.0098	-74	2	-277
100	0.0099	-33	-119	-195

电流增量数据 [1000Hz, 10点]
采样序号	时间(s)	A相电流(INT)	B相电流(INT)	C相电流(INT)
1	0.000	1480	1143	-1239
2	0.001	1510	326	-383
3	0.002	909	548	-151
4	0.003	577	-706	184
5	0.004	54	-2129	698
6	0.005	-364	257	490
7	0.006	-655	-2620	922
8	0.007	-1363	136	1813
9	0.008	-1483	1209	733
10	0.009	-420	2456	-248
================================================================================

=== 采集时间: 2025-12-05 15:22:01 (增量周期: 10.0ms) ===
振动增量数据 [等效10000Hz, 100点]
时序序号	时间(s)	X振动(INT)	Y振动(INT)	Z振动(INT)
1	0.0000	251	-386	-646
2	0.0001	41	323	82
3	0.0002	-474	24	991
4	0.0003	447	335	-598
5	0.0004	167	-123	24
6	0.0005	-366	-302	160
7	0.0006	77	67	-264
8	0.0007	279	253	6
9	0.0008	-259	-65	305
10	0.0009	118	-81	-31
11	0.0010	-205	103	83
12	0.0011	-221	-81	-79
13	0.0012	165	47	110
14	0.0013	112	165	-153
15	0.0014	336	-7	251
16	0.0015	-128	-27	-27
17	0.0016	70	-155	-307
18	0.0017	-165	232	80
19	0.0018	-101	-203	10
20	0.0019	250	214	23
21	0.0020	-31	-79	133
22	0.0021	-75	47	293
23	0.0022	-50	100	-208
24	0.0023	69	-126	-101
25	0.0024	-81	160	160
26	0.0025	92	-46	-59
27	0.0026	193	214	33
28	0.0027	-58	-162	78
29	0.0028	-62	-41	53
30	0.0029	323	33	-542
31	0.0030	-262	-118	438
32	0.0031	74	108	-209
33	0.0032	104	-74	-205
34	0.0033	-58	109	273
35	0.0034	-238	-135	58
36	0.0035	323	144	-242
37	0.0036	-141	207	456
38	0.0037	-122	-143	96
39	0.0038	131	78	-610
40	0.0039	80	-25	215
41	0.0040	-279	28	232
42	0.0041	359	48	-76
43	0.0042	127	158	15
44	0.0043	-169	-288	91
45	0.0044	28	56	-89
46	0.0045	-111	95	-128
47	0.0046	57	141	333
48	0.0047	-152	-3	91
49	0.0048	237	-112	-222
50	0.0049	-174	77	303
51	0.0050	-84	-23	6
52	0.0051	218	96	-376
53	0.0052	-50	-50	101
54	0.0053	-36	19	112
55	0.0054	137	92	-53
56	0.0055	125	-164	-173
57	0.0056	0	276	310
58	0.0057	-115	-113	357
59	0.0058	-89	117	-109
60	0.0059	343	-44	-462
61	0.0060	-600	-290	326
62	0.0061	120	211	-3
63	0.0062	67	220	-84
64	0.0063	-54	-96	114
65	0.0064	-50	-149	70
66	0.0065	157	150	-141
67	0.0066	-280	50	117
68	0.0067	-58	-92	144
69	0.0068	176	177	-319
70	0.0069	-37	-83	453
71	0.0070	78	206	-11
72	0.0071	261	-230	-267
73	0.0072	-235	-15	11
74	0.0073	-246	-84	204
75	0.0074	67	317	-98
76	0.0075	50	-145	-17
77	0.0076	148	-131	-100
78	0.0077	-53	60	423
79	0.0078	-119	-10	-246
80	0.0079	-31	-68	-175
81	0.0080	-17	301	403
82	0.0081	6	142	6
83	0.0082	338	-153	-177
84	0.0083	-285	-51	284
85	0.0084	251	-57	-440
86	0.0085	-260	39	448
87	0.0086	27	94	-152
88	0.0087	242	104	44
89	0.0088	-208	7	91
90	0.0089	31	-209	-187
91	0.0090	161	156	-27
92	0.0091	-165	57	300
93	0.0092	189	314	275
94	0.0093	-91	74	-34
95	0.0094	45	-189	-298
96	0.0095	-11	-45	61
97	0.0096	-195	-11	2
98	0.0097	378	283	40
99	0.0098	-84	-68	178
100	0.0099	134	-234	-183

电流增量数据 [1000Hz, 10点]
采样序号	时间(s)	A相电流(INT)	B相电流(INT)	C相电流(INT)
1	0.000	-19	2087	-605
2	0.001	787	474	-807
3	0.002	770	-140	-358
4	0.003	1726	-2014	-314
5	0.004	238	-973	710
6	0.005	-281	2877	716
7	0.006	-1041	1527	734
8	0.007	-1119	4935	-379
9	0.008	-400	1160	-930
10	0.009	87	1866	-1160
================================================================================

=== 采集时间: 2025-12-05 15:22:02 (增量周期: 10.0ms) ===
振动增量数据 [等效10000Hz, 100点]
时序序号	时间(s)	X振动(INT)	Y振动(INT)	Z振动(INT)
1	0.0000	-88	-50	9
2	0.0001	184	-81	-218
3	0.0002	191	134	-55
4	0.0003	-327	-217	322
5	0.0004	-139	90	-63
6	0.0005	109	71	-244
7	0.0006	62	-61	40
8	0.0007	-49	-49	264
9	0.0008	203	113	-29
10	0.0009	-93	30	-124
11	0.0010	-141	-66	11
12	0.0011	-16	113	7
13	0.0012	157	-51	-160
14	0.0013	259	-54	-7
15	0.0014	-221	202	652
16	0.0015	-343	-33	263
17	0.0016	377	228	-760
18	0.0017	1	-182	356
19	0.0018	-186	-147	-16
20	0.0019	352	36	-271
21	0.0020	-144	278	267
22	0.0021	-255	-200	125
23	0.0022	-59	-8	-23
24	0.0023	216	192	112
25	0.0024	275	57	-237
26	0.0025	77	-7	88
27	0.0026	-29	40	-4
28	0.0027	-123	-113	-115
29	0.0028	280	182	-71
30	0.0029	-24	-85	-115
31	0.0030	212	49	152
32	0.0031	-222	33	32
33	0.0032	-237	-170	-12
34	0.0033	-81	154	27
35	0.0034	359	-65	-264
36	0.0035	65	87	330
37	0.0036	-205	9	378
38	0.0037	161	33	-391
39	0.0038	-139	-49	-62
40	0.0039	-29	9	199
41	0.0040	270	116	-183
42	0.0041	88	-165	-58
43	0.0042	107	232	-89
44	0.0043	-672	-145	690
45	0.0044	57	239	-490
46	0.0045	304	-135	-102
47	0.0046	67	92	378
48	0.0047	-172	-145	3
49	0.0048	283	65	-162
50	0.0049	-358	78	253
51	0.0050	-58	-109	-41
52	0.0051	251	326	-34
53	0.0052	-3	-110	238
54	0.0053	-59	-36	104
55	0.0054	-93	27	-263
56	0.0055	135	47	-102
57	0.0056	-85	6	190
58	0.0057	-61	54	414
59	0.0058	46	181	-66
60	0.0059	-119	-165	-71
61	0.0060	112	-8	-107
62	0.0061	-58	-177	174
63	0.0062	-44	56	2
64	0.0063	80	182	27
65	0.0064	-115	-2	100
66	0.0065	5	-140	-98
67	0.0066	157	58	-79
68	0.0067	22	64	39
69	0.0068	-71	-74	131
70	0.0069	489	250	-612
71	0.0070	-438	-264	799
72	0.0071	-91	-78	-396
73	0.0072	347	-42	-422
74	0.0073	-315	104	627
75	0.0074	-259	-2	166
76	0.0075	411	116	-208
77	0.0076	-158	86	331
78	0.0077	-147	-272	-4
79	0.0078	197	231	-194
80	0.0079	-58	99	-111
81	0.0080	199	-221	-10
82	0.0081	-108	99	10
83	0.0082	19	-83	95
84	0.0083	-29	197	161
85	0.0084	48	-149	-114
86	0.0085	-6	0	-187
87	0.0086	-147	37	275
88	0.0087	88	108	-77
89	0.0088	9	-57	7
90	0.0089	-66	20	301
91	0.0090	201	-75	-478
92	0.0091	-190	245	819
93	0.0092	-45	22	-256
94	0.0093	515	-108	-704
95	0.0094	52	57	134
96	0.0095	-117	-416	-63
97	0.0096	3	218	191
98	0.0097	579	343	-918
99	0.0098	-156	-365	756
100	0.0099	-438	-54	-179

电流增量数据 [1000Hz, 10点]
采样序号	时间(s)	A相电流(INT)	B相电流(INT)	C相电流(INT)
1	0.000	-1079	3718	1196
2	0.001	-1011	1957	302
3	0.002	-877	3340	-238
4	0.003	114	1667	-1160
5	0.004	1163	1822	-1484
6	0.005	2210	-1945	-258
7	0.006	1010	-442	335
8	0.007	-501	539	1451
9	0.008	27	964	406
10	0.009	42	1108	513
================================================================================

=== 采集时间: 2025-12-05 15:22:02 (增量周期: 10.0ms) ===
振动增量数据 [等效10000Hz, 100点]
时序序号	时间(s)	X振动(INT)	Y振动(INT)	Z振动(INT)
1	0.0000	387	-368	-612
2	0.0001	-21	436	461
3	0.0002	-544	-253	729
4	0.0003	274	227	-693
5	0.0004	54	18	178
6	0.0005	-380	-189	315
7	0.0006	191	101	-151
8	0.0007	163	194	14
9	0.0008	-119	-66	303
10	0.0009	245	45	-239
11	0.0010	19	-12	-64
12	0.0011	-183	2	300
13	0.0012	-98	35	-111
14	0.0013	219	165	-384
15	0.0014	53	15	577
16	0.0015	-306	-122	122
17	0.0016	496	64	-462
18	0.0017	-178	-29	160
19	0.0018	-172	-159	53
20	0.0019	80	122	-311
21	0.0020	225	87	-191
22	0.0021	-237	-151	727
23	0.0022	-140	363	370
24	0.0023	26	317	26
25	0.0024	112	240	104
26	0.0025	-211	-113	309
27	0.0026	-119	9	-32
28	0.0027	211	75	-209
29	0.0028	-125	-105	114
30	0.0029	714	58	-1005
31	0.0030	-229	-270	733
32	0.0031	-549	14	251
33	0.0032	241	95	-520
34	0.0033	65	190	80
35	0.0034	-367	-125	354
36	0.0035	143	254	374
37	0.0036	-12	424	148
38	0.0037	177	-125	0
39	0.0038	127	35	1
40	0.0039	91	-42	-207
41	0.0040	-109	-78	-31
42	0.0041	40	31	-201
43	0.0042	150	237	116
44	0.0043	-258	-32	260
45	0.0044	389	-127	-325
46	0.0045	-47	-36	16
47	0.0046	-336	87	426
48	0.0047	254	120	-468
49	0.0048	272	-147	-161
50	0.0049	-108	-152	37
51	0.0050	-275	20	238
52	0.0051	65	88	-23
53	0.0052	-28	105	-45
54	0.0053	-111	-123	224
55	0.0054	313	64	-615
56	0.0055	-20	-526	-244
57	0.0056	-169	515	808
58	0.0057	-554	-78	352
59	0.0058	610	237	-691
60	0.0059	-53	-21	374
61	0.0060	-361	-388	331
62	0.0061	86	461	-77
63	0.0062	287	74	80
64	0.0063	-24	-3	-109
65	0.0064	228	-46	0
66	0.0065	-194	43	13
67	0.0066	44	-297	-384
68	0.0067	-118	27	116
69	0.0068	-182	-24	87
70	0.0069	412	203	-7
71	0.0070	-230	-138	20
72	0.0071	-45	-106	254
73	0.0072	-111	169	-109
74	0.0073	182	-122	-256
75	0.0074	3	253	236
76	0.0075	-58	-199	43
77	0.0076	122	214	116
78	0.0077	-237	-65	138
79	0.0078	-110	-224	13
80	0.0079	74	350	-205
81	0.0080	-66	-53	177
82	0.0081	238	143	61
83	0.0082	48	-245	-126
84	0.0083	-190	65	273
85	0.0084	322	228	-479
86	0.0085	30	-296	-51
87	0.0086	-268	-2	434
88	0.0087	118	-139	-555
89	0.0088	-110	192	213
90	0.0089	-358	-81	353
91	0.0090	163	104	147
92	0.0091	118	316	133
93	0.0092	-41	-166	11
94	0.0093	-156	-46	-92
95	0.0094	18	111	-254
96	0.0095	13	37	16
97	0.0096	210	13	138
98	0.0097	169	9	-19
99	0.0098	-81	1	176
100	0.0099	-74	-31	-15

电流增量数据 [1000Hz, 10点]
采样序号	时间(s)	A相电流(INT)	B相电流(INT)	C相电流(INT)
1	0.000	-489	1042	1182
2	0.001	-572	1321	834
3	0.002	-814	1983	657
4	0.003	-549	-2044	698
5	0.004	-190	761	-254
6	0.005	-845	736	-149
7	0.006	-578	1180	-1085
8	0.007	576	446	-798
9	0.008	851	1422	-1101
10	0.009	917	359	150
================================================================================

=== 采集时间: 2025-12-05 15:22:02 (增量周期: 10.0ms) ===
振动增量数据 [等效10000Hz, 100点]
时序序号	时间(s)	X振动(INT)	Y振动(INT)	Z振动(INT)
1	0.0000	48	143	40
2	0.0001	-113	-66	114
3	0.0002	-59	86	113
4	0.0003	-50	60	-25
5	0.0004	244	111	-100
6	0.0005	-178	23	473
7	0.0006	23	-75	-123
8	0.0007	593	158	-466
9	0.0008	-215	-279	203
10	0.0009	-127	-195	-98
11	0.0010	134	245	-126
12	0.0011	66	-23	-257
13	0.0012	-97	-187	262
14	0.0013	-215	10	228
15	0.0014	177	220	-64
16	0.0015	-109	78	48
17	0.0016	-105	-100	199
18	0.0017	184	82	-248
19	0.0018	105	-112	-126
20	0.0019	-34	121	370
21	0.0020	-91	164	-11
22	0.0021	168	9	-10
23	0.0022	16	1	-20
24	0.0023	-205	-228	151
25	0.0024	57	274	-169
26	0.0025	46	-3	95
27	0.0026	91	-40	75
28	0.0027	13	-41	-140
29	0.0028	46	66	199
30	0.0029	-51	-95	-239
31	0.0030	-67	125	189
32	0.0031	-96	168	122
33	0.0032	186	-122	-111
34	0.0033	-31	44	-132
35	0.0034	-102	-140	430
36	0.0035	276	244	-661
37	0.0036	125	-70	272
38	0.0037	-367	-65	339
39	0.0038	-118	-198	-351
40	0.0039	429	218	-268
41	0.0040	-323	-4	302
42	0.0041	199	-32	349
43	0.0042	107	408	-2
44	0.0043	-89	-160	151
45	0.0044	-117	-117	-97
46	0.0045	0	88	-38
47	0.0046	96	261	2
48	0.0047	-109	-106	122
49	0.0048	186	-12	-2
50	0.0049	-24	23	62
51	0.0050	88	13	-61
52	0.0051	-162	82	121
53	0.0052	-226	146	374
54	0.0053	124	205	-81
55	0.0054	377	-112	-524
56	0.0055	-3	-144	564
57	0.0056	-400	62	323
58	0.0057	370	186	-381
59	0.0058	117	71	-135
60	0.0059	-277	-357	270
61	0.0060	-89	-127	90
62	0.0061	-42	-232	-77
63	0.0062	339	284	-782
64	0.0063	-423	-250	974
65	0.0064	-64	197	-181
66	0.0065	148	35	-140
67	0.0066	-57	62	431
68	0.0067	-510	-281	76
69	0.0068	191	205	-3
70	0.0069	154	395	156
71	0.0070	-130	-318	96
72	0.0071	221	-83	-324
73	0.0072	74	30	-10
74	0.0073	-72	-61	5
75	0.0074	-45	206	142
76	0.0075	103	104	-212
77	0.0076	93	-84	109
78	0.0077	-34	-57	-28
79	0.0078	40	-170	-109
80	0.0079	-293	131	362
81	0.0080	-37	71	-161
82	0.0081	296	-140	-349
83	0.0082	-242	13	363
84	0.0083	13	32	151
85	0.0084	190	143	-143
86	0.0085	-51	-83	32
87	0.0086	24	6	91
88	0.0087	112	150	-109
89	0.0088	49	35	-40
90	0.0089	-217	-125	328
91	0.0090	563	28	-1121
92	0.0091	-58	-287	652
93	0.0092	-352	-88	-46
94	0.0093	199	97	-372
95	0.0094	146	329	110
96	0.0095	-456	-391	264
97	0.0096	231	-37	-51
98	0.0097	-31	514	503
99	0.0098	-194	-190	56
100	0.0099	484	99	-469

电流增量数据 [1000Hz, 10点]
采样序号	时间(s)	A相电流(INT)	B相电流(INT)	C相电流(INT)
1	0.000	-649	3522	-7
2	0.001	328	3566	-1041
3	0.002	1879	900	-1171
4	0.003	1296	2240	-913
5	0.004	1017	-203	77
6	0.005	-457	-555	1761
7	0.006	-1855	-1091	2014
8	0.007	-1525	2689	448
9	0.008	-455	1629	572
10	0.009	-628	1678	438
================================================================================

=== 采集时间: 2025-12-05 15:22:02 (增量周期: 10.0ms) ===
振动增量数据 [等效10000Hz, 100点]
时序序号	时间(s)	X振动(INT)	Y振动(INT)	Z振动(INT)
1	0.0000	417	-34	-481
2	0.0001	-84	-96	-50
3	0.0002	-217	-96	-38
4	0.0003	284	173	-164
5	0.0004	-74	33	144
6	0.0005	-299	-168	472
7	0.0006	87	128	-100
8	0.0007	-74	22	-42
9	0.0008	-62	-17	15
10	0.0009	107	74	83
11	0.0010	-53	-12	-79
12	0.0011	347	-91	-96
13	0.0012	-382	236	664
14	0.0013	-37	289	2
15	0.0014	573	-85	-632
16	0.0015	-309	-335	283
17	0.0016	-194	-89	160
18	0.0017	204	329	-374
19	0.0018	218	125	138
20	0.0019	-256	-301	24
21	0.0020	-32	-102	3
22	0.0021	164	317	97
23	0.0022	-239	-6	144
24	0.0023	165	173	93
25	0.0024	31	-40	-200
26	0.0025	221	-177	-167
27	0.0026	95	94	2
28	0.0027	-186	6	204
29	0.0028	134	189	-74
30	0.0029	-38	-232	-224
31	0.0030	-235	-102	180
32	0.0031	-256	240	200
33	0.0032	348	165	-239
34	0.0033	99	-72	199
35	0.0034	-85	-203	114
36	0.0035	155	253	-123
37	0.0036	-4	87	-106
38	0.0037	-45	-54	45
39	0.0038	-54	2	86
40	0.0039	271	-182	-394
41	0.0040	20	343	520
42	0.0041	-578	-46	581
43	0.0042	577	-50	-1070
44	0.0043	95	-59	37
45	0.0044	-585	-170	798
46	0.0045	122	241	-411
47	0.0046	301	129	-209
48	0.0047	-311	-253	353
49	0.0048	-36	-211	-42
50	0.0049	275	262	-89
51	0.0050	37	57	407
52	0.0051	-74	44	-62
53	0.0052	177	-34	-391
54	0.0053	-212	-98	48
55	0.0054	-191	148	476
56	0.0055	288	339	-164
57	0.0056	199	-200	31
58	0.0057	-433	-130	382
59	0.0058	-131	97	-157
60	0.0059	255	202	-272
61	0.0060	41	-126	48
62	0.0061	135	-108	242
63	0.0062	262	300	-192
64	0.0063	-140	-114	43
65	0.0064	-217	19	221
66	0.0065	-55	79	-79
67	0.0066	425	94	-285
68	0.0067	-258	95	743
69	0.0068	-45	-102	-191
70	0.0069	221	1	-418
71	0.0070	-232	-24	404
72	0.0071	-68	-136	-68
73	0.0072	501	301	-148
74	0.0073	-281	-24	185
75	0.0074	-105	-119	139
76	0.0075	-81	237	-27
77	0.0076	167	-65	104
78	0.0077	32	206	105
79	0.0078	50	40	118
80	0.0079	-31	-19	28
81	0.0080	-96	-88	-76
82	0.0081	117	43	-278
83	0.0082	-29	84	130
84	0.0083	-23	-87	37
85	0.0084	238	70	-49
86	0.0085	-194	71	281
87	0.0086	-183	-50	53
88	0.0087	292	3	-353
89	0.0088	-143	143	453
90	0.0089	276	-2	-241
91	0.0090	193	19	-100
92	0.0091	-376	-2	459
93	0.0092	-226	6	-64
94	0.0093	389	278	-126
95	0.0094	-53	-264	-89
96	0.0095	19	164	401
97	0.0096	-480	137	412
98	0.0097	284	-110	-665
99	0.0098	35	56	61
100	0.0099	-68	-196	383

电流增量数据 [1000Hz, 10点]
采样序号	时间(s)	A相电流(INT)	B相电流(INT)	C相电流(INT)
1	0.000	-657	1047	-167
2	0.001	-84	920	-980
3	0.002	641	3908	-1018
4	0.003	1015	793	-569
5	0.004	1101	2440	-140
6	0.005	624	-309	496
7	0.006	-1335	-242	2091
8	0.007	-1779	-12	1299
9	0.008	-1667	3054	267
10	0.009	-660	1881	500
================================================================================

=== 采集时间: 2025-12-05 15:22:03 (增量周期: 10.0ms) ===
振动增量数据 [等效10000Hz, 100点]
时序序号	时间(s)	X振动(INT)	Y振动(INT)	Z振动(INT)
1	0.0000	208	50	-301
2	0.0001	-61	122	185
3	0.0002	-198	-136	176
4	0.0003	203	82	-310
5	0.0004	83	-183	-271
6	0.0005	-343	305	857
7	0.0006	65	232	-302
8	0.0007	481	-245	-483
9	0.0008	-202	-48	626
10	0.0009	-259	-228	-40
11	0.0010	378	395	-478
12	0.0011	-58	97	324
13	0.0012	-199	-122	320
14	0.0013	176	103	-160
15	0.0014	234	-368	-582
16	0.0015	-207	-161	363
17	0.0016	-205	159	46
18	0.0017	66	96	-134
19	0.0018	31	24	9
20	0.0019	5	-326	-94
21	0.0020	23	121	118
22	0.0021	31	150	116
23	0.0022	-2	44	-173
24	0.0023	13	47	174
25	0.0024	-108	49	105
26	0.0025	52	-40	122
27	0.0026	-8	197	140
28	0.0027	95	-36	-89
29	0.0028	20	193	233
30	0.0029	-97	56	16
31	0.0030	137	47	131
32	0.0031	-149	47	6
33	0.0032	140	-347	-367
34	0.0033	408	445	-297
35	0.0034	-544	-362	845
36	0.0035	454	77	-1102
37	0.0036	-33	-74	350
38	0.0037	-152	-91	183
39	0.0038	80	90	-320
40	0.0039	366	242	238
41	0.0040	-390	44	249
42	0.0041	197	-305	-164
43	0.0042	57	134	-264
44	0.0043	-182	-160	196
45	0.0044	20	97	58
46	0.0045	83	54	-229
47	0.0046	-8	65	327
48	0.0047	-313	-50	307
49	0.0048	254	33	-422
50	0.0049	-68	122	156
51	0.0050	-88	229	65
52	0.0051	82	124	-23
53	0.0052	79	-38	70
54	0.0053	32	-109	73
55	0.0054	-160	9	96
56	0.0055	-17	83	6
57	0.0056	-42	101	57
58	0.0057	-109	171	369
59	0.0058	58	105	-101
60	0.0059	469	-321	-499
61	0.0060	-235	395	999
62	0.0061	-504	100	327
63	0.0062	673	167	-744
64	0.0063	305	-83	-218
65	0.0064	-447	-429	275
66	0.0065	112	330	-68
67	0.0066	276	197	-59
68	0.0067	-155	30	174
69	0.0068	-118	-91	360
70	0.0069	79	77	-436
71	0.0070	-6	-132	-205
72	0.0071	-91	57	226
73	0.0072	-252	-4	-49
74	0.0073	546	134	-186
75	0.0074	-74	-68	223
76	0.0075	-106	-292	78
77	0.0076	16	351	-29
78	0.0077	53	-101	-104
79	0.0078	20	92	40
80	0.0079	-24	30	84
81	0.0080	261	75	-167
82	0.0081	61	-220	-134
83	0.0082	-42	-275	-148
84	0.0083	-16	359	30
85	0.0084	-28	84	152
86	0.0085	1	-109	-194
87	0.0086	-94	-140	221
88	0.0087	-126	-242	-177
89	0.0088	477	414	-306
90	0.0089	-460	13	1114
91	0.0090	-45	-61	-422
92	0.0091	80	-40	-355
93	0.0092	-41	-65	459
94	0.0093	-305	-92	-38
95	0.0094	381	352	311
96	0.0095	-58	312	108
97	0.0096	-102	-433	-62
98	0.0097	7	47	-190
99	0.0098	-110	-10	-123
100	0.0099	220	206	-29

电流增量数据 [1000Hz, 10点]
采样序号	时间(s)	A相电流(INT)	B相电流(INT)	C相电流(INT)
1	0.000	-2122	2052	52
2	0.001	-142	2029	-1048
3	0.002	-618	2029	-95
4	0.003	159	2174	-374
5	0.004	-122	2032	-381
6	0.005	572	-1357	-954
7	0.006	1084	362	-829
8	0.007	1762	-2060	-1862
9	0.008	1214	-526	153
10	0.009	58	-594	958
================================================================================

=== 采集时间: 2025-12-05 15:22:03 (增量周期: 10.0ms) ===
振动增量数据 [等效10000Hz, 100点]
时序序号	时间(s)	X振动(INT)	Y振动(INT)	Z振动(INT)
1	0.0000	334	-7	-478
2	0.0001	207	-161	7
3	0.0002	93	50	-224
4	0.0003	135	262	156
5	0.0004	-179	54	65
6	0.0005	246	-264	-288
7	0.0006	163	334	276
8	0.0007	-515	99	1052
9	0.0008	334	44	-1211
10	0.0009	139	-190	220
11	0.0010	-702	-178	383
12	0.0011	399	96	-263
13	0.0012	173	437	-25
14	0.0013	6	-259	377
15	0.0014	63	-68	-469
16	0.0015	373	92	-182
17	0.0016	-293	242	220
18	0.0017	284	-138	-157
19	0.0018	-61	361	220
20	0.0019	-54	-28	350
21	0.0020	-4	0	-40
22	0.0021	-33	-16	-4
23	0.0022	-254	43	-38
24	0.0023	257	168	-74
25	0.0024	138	-4	-268
26	0.0025	-46	-176	410
27	0.0026	-23	133	-44
28	0.0027	182	118	-29
29	0.0028	-117	-75	-140
30	0.0029	-83	-54	336
31	0.0030	-170	340	130
32	0.0031	87	160	16
33	0.0032	-85	-40	82
34	0.0033	304	-577	-427
35	0.0034	36	424	-184
36	0.0035	-384	-16	727
37	0.0036	-108	117	-428
38	0.0037	381	28	-87
39	0.0038	-115	-78	455
40	0.0039	-179	-20	-166
41	0.0040	557	233	-224
42	0.0041	-335	194	362
43	0.0042	-58	-264	20
44	0.0043	279	134	-487
45	0.0044	152	-24	-34
46	0.0045	7	-400	26
47	0.0046	-158	-16	-291
48	0.0047	479	211	57
49	0.0048	-469	-62	138
50	0.0049	37	-109	240
51	0.0050	-168	417	19
52	0.0051	143	-262	-295
53	0.0052	84	175	6
54	0.0053	-179	-74	251
55	0.0054	-29	171	41
56	0.0055	189	-100	-291
57	0.0056	129	-54	241
58	0.0057	-14	-50	-152
59	0.0058	335	23	-55
60	0.0059	-63	87	125
61	0.0060	164	-142	-615
62	0.0061	-38	100	524
63	0.0062	-477	118	301
64	0.0063	532	41	-704
65	0.0064	82	219	425
66	0.0065	-423	-425	503
67	0.0066	126	367	-195
68	0.0067	156	181	211
69	0.0068	-370	126	525
70	0.0069	-29	-251	-88
71	0.0070	211	137	-333
72	0.0071	208	-119	-169
73	0.0072	77	-76	90
74	0.0073	24	164	101
75	0.0074	0	15	-97
76	0.0075	-195	340	607
77	0.0076	-156	117	431
78	0.0077	191	30	-132
79	0.0078	66	47	63
80	0.0079	5	-297	-44
81	0.0080	-119	-11	-156
82	0.0081	66	-289	-264
83	0.0082	135	-3	-659
84	0.0083	210	-229	48
85	0.0084	-221	193	228
86	0.0085	118	1	114
87	0.0086	61	394	319
88	0.0087	-54	-8	311
89	0.0088	103	-189	-220
90	0.0089	30	434	238
91	0.0090	-474	-96	658
92	0.0091	190	-54	-674
93	0.0092	220	-130	-132
94	0.0093	-160	-236	58
95	0.0094	61	70	-208
96	0.0095	-98	78	41
97	0.0096	-25	61	48
98	0.0097	96	-395	-491
99	0.0098	355	265	313
100	0.0099	-690	144	1027

电流增量数据 [1000Hz, 10点]
采样序号	时间(s)	A相电流(INT)	B相电流(INT)	C相电流(INT)
1	0.000	1232	-1953	-141
2	0.001	60	2382	1441
3	0.002	-56	478	773
4	0.003	-1218	1556	1359
5	0.004	-1801	3143	58
6	0.005	-156	3439	-1814
7	0.006	549	2054	-2481
8	0.007	1227	486	-1272
9	0.008	-95	2455	-810
10	0.009	623	1990	-592
================================================================================

=== 采集时间: 2025-12-05 15:22:03 (增量周期: 10.0ms) ===
振动增量数据 [等效10000Hz, 100点]
时序序号	时间(s)	X振动(INT)	Y振动(INT)	Z振动(INT)
1	0.0000	-115	-54	551
2	0.0001	349	559	-264
3	0.0002	33	-225	106
4	0.0003	-307	73	236
5	0.0004	321	-31	-531
6	0.0005	-67	-36	-21
7	0.0006	-72	-75	163
8	0.0007	-196	28	142
9	0.0008	283	357	103
10	0.0009	-72	-189	311
11	0.0010	41	-159	-6
12	0.0011	304	269	-83
13	0.0012	-102	-200	-147
14	0.0013	240	64	-41
15	0.0014	-215	-75	-252
16	0.0015	426	44	-87
17	0.0016	-175	35	-7
18	0.0017	154	-178	78
19	0.0018	-24	193	-483
20	0.0019	78	-172	5
21	0.0020	-186	14	151
22	0.0021	57	75	277
23	0.0022	101	207	260
24	0.0023	-50	155	613
25	0.0024	-145	105	275
26	0.0025	345	-85	-453
27	0.0026	317	3	-602
28	0.0027	127	-469	-153
29	0.0028	-279	88	193
30	0.0029	399	274	-676
31	0.0030	174	-203	-97
32	0.0031	-732	-262	581
33	0.0032	184	36	-488
34	0.0033	330	278	66
35	0.0034	-331	30	589
36	0.0035	-29	-10	549
37	0.0036	-11	432	-14
38	0.0037	336	-87	-127
39	0.0038	71	-101	133
40	0.0039	39	66	-363
41	0.0040	283	-160	-357
42	0.0041	-110	-40	-57
43	0.0042	-320	-121	105
44	0.0043	118	249	32
45	0.0044	127	83	50
46	0.0045	-38	-311	56
47	0.0046	-279	71	296
48	0.0047	208	208	54
49	0.0048	127	-84	-55
50	0.0049	-122	112	476
51	0.0050	362	52	-57
52	0.0051	185	-16	-585
53	0.0052	48	-108	-208
54	0.0053	-149	-92	-32
55	0.0054	254	231	-208
56	0.0055	161	-93	-177
57	0.0056	-232	257	1204
58	0.0057	-387	284	54
59	0.0058	967	-224	-1254
60	0.0059	-661	94	1020
61	0.0060	411	646	-111
62	0.0061	-249	37	407
63	0.0062	-122	-258	198
64	0.0063	-55	257	100
65	0.0064	-134	-46	190
66	0.0065	11	173	-38
67	0.0066	231	103	-8
68	0.0067	-88	-65	117
69	0.0068	-10	14	-81
70	0.0069	-188	-97	-63
71	0.0070	165	82	-57
72	0.0071	207	26	73
73	0.0072	150	37	62
74	0.0073	-51	-33	-42
75	0.0074	75	30	-229
76	0.0075	56	-78	-12
77	0.0076	-284	70	292
78	0.0077	259	237	230
79	0.0078	-44	171	23
80	0.0079	-211	-223	75
81	0.0080	-166	50	117
82	0.0081	118	-55	-405
83	0.0082	437	-106	-402
84	0.0083	-559	128	1337
85	0.0084	165	128	-254
86	0.0085	614	-101	-971
87	0.0086	-203	-365	417
88	0.0087	-183	-135	31
89	0.0088	420	457	-492
90	0.0089	-11	94	139
91	0.0090	-286	-285	390
92	0.0091	-262	62	120
93	0.0092	202	143	-154
94	0.0093	-224	7	588
95	0.0094	460	265	-117
96	0.0095	140	86	189
97	0.0096	-290	-112	416
98	0.0097	462	164	-654
99	0.0098	246	-67	-349
100	0.0099	-114	-196	193

电流增量数据 [1000Hz, 10点]
采样序号	时间(s)	A相电流(INT)	B相电流(INT)	C相电流(INT)
1	0.000	1419	-1618	-110
2	0.001	66	-1463	1188
3	0.002	-393	-1336	911
4	0.003	-1136	3839	822
5	0.004	-1010	3817	-646
6	0.005	-825	2871	-392
7	0.006	279	3339	-2085
8	0.007	2027	1768	-2152
9	0.008	2038	-864	-986
10	0.009	1348	-2233	151
================================================================================

=== 采集时间: 2025-12-05 15:22:04 (增量周期: 10.0ms) ===
振动增量数据 [等效10000Hz, 100点]
时序序号	时间(s)	X振动(INT)	Y振动(INT)	Z振动(INT)
1	0.0000	-21	-115	-37
2	0.0001	-194	-225	284
3	0.0002	-229	135	320
4	0.0003	49	322	-61
5	0.0004	164	33	79
6	0.0005	-190	-68	277
7	0.0006	-119	-108	41
8	0.0007	295	95	-130
9	0.0008	54	-55	-136
10	0.0009	-139	-44	302
11	0.0010	276	278	-374
12	0.0011	-110	-381	-77
13	0.0012	118	-300	-192
14	0.0013	-147	-15	478
15	0.0014	220	306	-15
16	0.0015	224	101	-77
17	0.0016	-127	-179	480
18	0.0017	-213	160	161
19	0.0018	541	-27	-1018
20	0.0019	41	333	928
21	0.0020	-301	-15	100
22	0.0021	788	-162	-1090
23	0.0022	-437	207	777
24	0.0023	-418	-307	97
25	0.0024	515	592	-402
26	0.0025	31	159	331
27	0.0026	-123	-234	84
28	0.0027	242	35	-290
29	0.0028	-194	-8	-29
30	0.0029	-117	-72	30
31	0.0030	140	288	-153
32	0.0031	-50	-31	313
33	0.0032	-213	-264	229
34	0.0033	69	47	-428
35	0.0034	-16	-110	23
36	0.0035	-527	13	503
37	0.0036	328	27	-591
38	0.0037	348	207	13
39	0.0038	-213	-101	576
40	0.0039	-322	-276	163
41	0.0040	488	313	-513
42	0.0041	137	79	343
43	0.0042	-225	-28	276
44	0.0043	464	278	-324
45	0.0044	-252	-101	-74
46	0.0045	67	-144	-10
47	0.0046	181	-36	-460
48	0.0047	-134	510	973
49	0.0048	-66	186	-119
50	0.0049	443	-443	-718
51	0.0050	-118	-365	211
52	0.0051	121	-57	-385
53	0.0052	161	192	-36
54	0.0053	-205	20	-79
55	0.0054	-34	-290	-354
56	0.0055	108	-93	246
57	0.0056	-383	214	692
58	0.0057	80	222	367
59	0.0058	182	361	-40
60	0.0059	-413	-237	523
61	0.0060	-144	54	-101
62	0.0061	288	-24	-400
63	0.0062	39	6	232
64	0.0063	3	-216	-97
65	0.0064	372	257	-171
66	0.0065	-386	-93	153
67	0.0066	-194	-228	160
68	0.0067	130	220	-286
69	0.0068	348	-169	106
70	0.0069	-188	167	516
71	0.0070	103	151	33
72	0.0071	-130	206	9
73	0.0072	-92	-199	-58
74	0.0073	86	-516	-311
75	0.0074	-109	604	486
76	0.0075	-340	40	674
77	0.0076	126	105	-516
78	0.0077	-117	-276	31
79	0.0078	70	-138	-16
80	0.0079	284	77	54
81	0.0080	263	165	260
82	0.0081	-182	155	92
83	0.0082	31	-130	-293
84	0.0083	-393	-62	-20
85	0.0084	-40	37	279
86	0.0085	231	198	-10
87	0.0086	33	50	392
88	0.0087	-168	-17	360
89	0.0088	-172	41	-74
90	0.0089	184	-53	-516
91	0.0090	-34	-20	181
92	0.0091	218	-144	18
93	0.0092	250	333	56
94	0.0093	-168	-15	172
95	0.0094	-100	-91	37
96	0.0095	-147	92	62
97	0.0096	7	-172	-55
98	0.0097	178	152	-196
99	0.0098	-101	71	401
100	0.0099	-138	-65	103

电流增量数据 [1000Hz, 10点]
采样序号	时间(s)	A相电流(INT)	B相电流(INT)	C相电流(INT)
1	0.000	-101	819	593
2	0.001	-912	1994	695
3	0.002	-820	2174	42
4	0.003	-675	-114	-30
5	0.004	167	-670	-775
6	0.005	-619	854	-357
7	0.006	396	-1048	-816
8	0.007	821	715	-807
9	0.008	949	-1502	16
10	0.009	940	75	657
================================================================================

=== 采集时间: 2025-12-05 15:22:04 (增量周期: 10.0ms) ===
振动增量数据 [等效10000Hz, 100点]
时序序号	时间(s)	X振动(INT)	Y振动(INT)	Z振动(INT)
1	0.0000	-100	-174	182
2	0.0001	-299	186	751
3	0.0002	0	124	1
4	0.0003	-55	117	-224
5	0.0004	276	-80	0
6	0.0005	-94	-174	58
7	0.0006	120	-122	-302
8	0.0007	-179	165	371
9	0.0008	409	118	-1030
10	0.0009	190	-315	-178
11	0.0010	-268	-33	585
12	0.0011	-110	-172	-98
13	0.0012	331	466	148
14	0.0013	-93	-51	-237
15	0.0014	386	-260	-98
16	0.0015	-7	175	99
17	0.0016	46	-221	-166
18	0.0017	133	280	-384
19	0.0018	246	-32	-179
20	0.0019	-200	-196	298
21	0.0020	-44	-68	220
22	0.0021	-113	177	-277
23	0.0022	-44	-29	266
24	0.0023	-246	-28	-148
25	0.0024	67	-199	-514
26	0.0025	95	198	383
27	0.0026	-439	-147	296
28	0.0027	415	83	-204
29	0.0028	-307	151	396
30	0.0029	-339	-225	575
31	0.0030	70	159	106
32	0.0031	-326	-79	-21
33	0.0032	120	40	-127
34	0.0033	87	182	-173
35	0.0034	108	-336	-241
36	0.0035	198	476	622
37	0.0036	-423	-190	400
38	0.0037	426	-115	-589
39	0.0038	-79	128	54
40	0.0039	-27	-152	95
41	0.0040	355	297	-167
42	0.0041	236	-84	33
43	0.0042	99	237	28
44	0.0043	105	-50	-400
45	0.0044	-49	-187	-237
46	0.0045	-187	-61	76
47	0.0046	45	67	5
48	0.0047	197	66	-145
49	0.0048	28	-58	86
50	0.0049	-255	-242	254
51	0.0050	63	74	-293
52	0.0051	-196	15	52
53	0.0052	-102	31	43
54	0.0053	-117	16	80
55	0.0054	-190	-178	172
56	0.0055	-41	-28	388
57	0.0056	-145	144	264
58	0.0057	174	176	254
59	0.0058	-318	201	-175
60	0.0059	348	-298	-535
61	0.0060	-162	-140	189
62	0.0061	-81	-257	-367
63	0.0062	46	515	787
64	0.0063	-564	116	437
65	0.0064	587	-44	-697
66	0.0065	-162	-54	498
67	0.0066	-516	-336	298
68	0.0067	607	365	-631
69	0.0068	5	-45	-3
70	0.0069	-162	84	461
71	0.0070	7	-12	-642
72	0.0071	112	-132	-20
73	0.0072	-465	-159	374
74	0.0073	475	195	-58
75	0.0074	395	382	-127
76	0.0075	13	-243	601
77	0.0076	-187	109	-92
78	0.0077	218	159	-451
79	0.0078	82	96	-67
80	0.0079	-49	-415	5
81	0.0080	23	333	109
82	0.0081	-51	161	84
83	0.0082	-67	-169	176
84	0.0083	-160	143	133
85	0.0084	-33	-72	-123
86	0.0085	203	192	52
87	0.0086	-143	-104	-50
88	0.0087	159	-71	-4
89	0.0088	70	199	-88
90	0.0089	-158	-368	57
91	0.0090	-14	185	249
92	0.0091	-486	-148	314
93	0.0092	263	286	-230
94	0.0093	-58	54	203
95	0.0094	-165	-321	24
96	0.0095	253	180	-218
97	0.0096	186	-81	-127
98	0.0097	48	-32	-107
99	0.0098	-93	111	66
100	0.0099	107	-79	-314

电流增量数据 [1000Hz, 10点]
采样序号	时间(s)	A相电流(INT)	B相电流(INT)	C相电流(INT)
1	0.000	-186	1983	-305
2	0.001	-35	1912	-527
3	0.002	720	1092	-786
4	0.003	965	-1997	-784
5	0.004	818	-963	-74
6	0.005	963	-3742	303
7	0.006	110	-228	936
8	0.007	-178	-230	729
9	0.008	-1270	1799	964
10	0.009	-601	634	135
================================================================================

=== 采集时间: 2025-12-05 15:22:04 (增量周期: 10.0ms) ===
振动增量数据 [等效10000Hz, 100点]
时序序号	时间(s)	X振动(INT)	Y振动(INT)	Z振动(INT)
1	0.0000	-6	64	-123
2	0.0001	107	-83	-106
3	0.0002	122	-19	2
4	0.0003	-242	-328	-84
5	0.0004	543	323	-779
6	0.0005	-653	-50	1224
7	0.0006	-597	87	217
8	0.0007	738	44	-584
9	0.0008	-241	41	444
10	0.0009	-114	-327	186
11	0.0010	360	351	-282
12	0.0011	148	-68	-186
13	0.0012	-32	-139	-235
14	0.0013	-14	-58	-162
15	0.0014	138	53	-134
16	0.0015	-14	61	113
17	0.0016	-329	-44	498
18	0.0017	14	376	97
19	0.0018	122	-157	-188
20	0.0019	73	-126	-144
21	0.0020	61	33	-61
22	0.0021	-160	-29	131
23	0.0022	-118	403	157
24	0.0023	134	-162	-143
25	0.0024	41	137	285
26	0.0025	40	144	382
27	0.0026	-44	-147	-96
28	0.0027	84	22	-273
29	0.0028	-104	-117	-167
30	0.0029	7	64	-165
31	0.0030	169	73	117
32	0.0031	-664	-127	759
33	0.0032	640	297	-696
34	0.0033	-131	-91	645
35	0.0034	-367	-19	515
36	0.0035	139	135	-490
37	0.0036	146	-61	-135
38	0.0037	-185	-161	-94
39	0.0038	287	-87	253
40	0.0039	120	367	-218
41	0.0040	112	-127	129
42	0.0041	-186	-50	206
43	0.0042	182	111	-42
44	0.0043	-62	201	84
45	0.0044	31	-95	100
46	0.0045	49	164	-398
47	0.0046	20	-270	49
48	0.0047	-25	100	105
49	0.0048	-28	-164	-264
50	0.0049	-50	138	95
51	0.0050	325	40	-531
52	0.0051	-100	-183	472
53	0.0052	3	176	120
54	0.0053	156	-12	-28
55	0.0054	124	-24	-170
56	0.0055	1	-110	-2
57	0.0056	-81	-50	-221
58	0.0057	406	309	-284
59	0.0058	-190	-109	150
60	0.0059	-320	26	751
61	0.0060	-235	-81	705
62	0.0061	-439	-49	349
63	0.0062	498	113	-912
64	0.0063	142	-113	-27
65	0.0064	-467	-377	164
66	0.0065	242	137	-272
67	0.0066	23	288	374
68	0.0067	6	-164	290
69	0.0068	148	6	-141
70	0.0069	206	320	200
71	0.0070	-252	-220	-199
72	0.0071	143	-237	-299
73	0.0072	221	336	-243
74	0.0073	-328	-400	-109
75	0.0074	257	-33	187
76	0.0075	-173	35	-164
77	0.0076	-2	16	467
78	0.0077	-139	406	390
79	0.0078	126	-153	-79
80	0.0079	197	207	-137
81	0.0080	26	-135	0
82	0.0081	50	43	0
83	0.0082	-190	108	315
84	0.0083	-126	60	91
85	0.0084	232	395	16
86	0.0085	-408	-379	221
87	0.0086	-272	425	1063
88	0.0087	159	252	-838
89	0.0088	693	-297	-631
90	0.0089	-417	-213	183
91	0.0090	19	-283	-231
92	0.0091	186	628	-38
93	0.0092	-7	-125	326
94	0.0093	-88	-14	310
95	0.0094	114	189	148
96	0.0095	-71	-12	-49
97	0.0096	-250	-74	208
98	0.0097	318	154	-658
99	0.0098	88	-327	-384
100	0.0099	146	-16	326

电流增量数据 [1000Hz, 10点]
采样序号	时间(s)	A相电流(INT)	B相电流(INT)	C相电流(INT)
1	0.000	-1020	3261	479
2	0.001	-128	2522	-2247
3	0.002	1906	2374	-2674
4	0.003	893	380	-951
5	0.004	591	-294	-630
6	0.005	844	945	-669
7	0.006	612	1755	-559
8	0.007	746	464	84
9	0.008	663	-3281	393
10	0.009	-150	-589	1097
================================================================================

=== 采集时间: 2025-12-05 15:22:05 (增量周期: 10.0ms) ===
振动增量数据 [等效10000Hz, 100点]
时序序号	时间(s)	X振动(INT)	Y振动(INT)	Z振动(INT)
1	0.0000	54	186	-165
2	0.0001	41	-170	-298
3	0.0002	-192	-98	20
4	0.0003	349	125	-137
5	0.0004	148	48	-311
6	0.0005	5	-200	519
7	0.0006	-172	-4	-203
8	0.0007	306	113	-263
9	0.0008	-198	134	320
10	0.0009	-198	-255	121
11	0.0010	-29	286	-44
12	0.0011	-134	26	268
13	0.0012	-55	-186	-100
14	0.0013	107	-104	-147
15	0.0014	155	66	99
16	0.0015	-314	31	335
17	0.0016	-61	202	61
18	0.0017	92	225	-89
19	0.0018	-23	26	230
20	0.0019	86	-257	-289
21	0.0020	82	271	489
22	0.0021	-51	19	-291
23	0.0022	373	-160	-449
24	0.0023	-266	-174	100
25	0.0024	-316	-151	267
26	0.0025	291	391	-229
27	0.0026	45	-74	58
28	0.0027	-194	1	366
29	0.0028	46	-58	-92
30	0.0029	-172	86	-27
31	0.0030	-122	150	288
32	0.0031	23	156	-121
33	0.0032	219	-54	11
34	0.0033	-47	-144	134
35	0.0034	159	-44	-254
36	0.0035	552	270	-611
37	0.0036	65	-292	-107
38	0.0037	-233	-42	439
39	0.0038	-286	92	153
40	0.0039	91	180	-214
41	0.0040	-225	-65	451
42	0.0041	-71	-14	22
43	0.0042	198	56	-254
44	0.0043	148	-74	131
45	0.0044	-305	-40	-24
46	0.0045	177	169	-154
47	0.0046	44	160	164
48	0.0047	-8	-280	97
49	0.0048	322	420	129
50	0.0049	-688	13	859
51	0.0050	725	242	-1447
52	0.0051	328	-157	182
53	0.0052	-763	-95	774
54	0.0053	339	-24	-384
55	0.0054	31	369	19
56	0.0055	-286	-83	421
57	0.0056	96	-10	-41
58	0.0057	134	318	403
59	0.0058	-136	48	413
60	0.0059	193	-109	-530
61	0.0060	5	-221	-353
62	0.0061	364	410	202
63	0.0062	-426	-109	442
64	0.0063	96	-41	-20
65	0.0064	103	288	-148
66	0.0065	-108	-398	-188
67	0.0066	-108	-71	-325
68	0.0067	379	100	43
69	0.0068	-164	35	-12
70	0.0069	146	-45	-16
71	0.0070	-297	1	-24
72	0.0071	-138	-42	-59
73	0.0072	65	30	-118
74	0.0073	-106	151	298
75	0.0074	234	301	113
76	0.0075	-286	-179	281
77	0.0076	254	-113	-554
78	0.0077	-343	-360	73
79	0.0078	-96	150	52
80	0.0079	309	169	-247
81	0.0080	-71	-19	348
82	0.0081	131	-49	6
83	0.0082	283	-12	-341
84	0.0083	-14	53	266
85	0.0084	43	19	-83
86	0.0085	274	36	-174
87	0.0086	262	148	-231
88	0.0087	-118	-275	61
89	0.0088	129	208	253
90	0.0089	19	219	-304
91	0.0090	152	-2	198
92	0.0091	-235	48	66
93	0.0092	9	-148	-194
94	0.0093	-138	144	26
95	0.0094	-118	-113	226
96	0.0095	137	134	176
97	0.0096	103	135	143
98	0.0097	-89	-125	109
99	0.0098	-122	-36	50
100	0.0099	-62	-65	-199

电流增量数据 [1000Hz, 10点]
采样序号	时间(s)	A相电流(INT)	B相电流(INT)	C相电流(INT)
1	0.000	1071	729	-938
2	0.001	1199	368	-32
3	0.002	209	-501	584
4	0.003	37	-667	716
5	0.004	-1263	519	674
6	0.005	-1222	4988	253
7	0.006	-875	1832	317
8	0.007	516	3170	-1789
9	0.008	1223	1903	-2011
10	0.009	2599	258	-1460
================================================================================

=== 采集时间: 2025-12-05 15:22:05 (增量周期: 10.0ms) ===
振动增量数据 [等效10000Hz, 100点]
时序序号	时间(s)	X振动(INT)	Y振动(INT)	Z振动(INT)
1	0.0000	99	-109	3
2	0.0001	129	-258	-410
3	0.0002	63	-114	-76
4	0.0003	-233	7	323
5	0.0004	-19	26	49
6	0.0005	80	306	388
7	0.0006	-63	57	-47
8	0.0007	302	16	-242
9	0.0008	-72	30	7
10	0.0009	-157	-149	83
11	0.0010	438	33	-481
12	0.0011	-451	-44	208
13	0.0012	-41	118	91
14	0.0013	197	242	91
15	0.0014	-191	-91	328
16	0.0015	-27	-44	315
17	0.0016	-85	113	-68
18	0.0017	251	73	-277
19	0.0018	-361	-132	313
20	0.0019	-264	9	392
21	0.0020	254	-138	-534
22	0.0021	-21	-20	263
23	0.0022	-447	144	720
24	0.0023	75	275	-175
25	0.0024	208	79	-374
26	0.0025	-41	-242	121
27	0.0026	-50	186	86
28	0.0027	360	125	-261
29	0.0028	387	155	-251
30	0.0029	-810	-294	1068
31	0.0030	129	139	-905
32	0.0031	327	-71	-400
33	0.0032	-536	-287	448
34	0.0033	-416	-41	639
35	0.0034	78	521	123
36	0.0035	60	-70	-272
37	0.0036	-101	-165	318
38	0.0037	-19	114	183
39	0.0038	224	103	-277
40	0.0039	120	-131	-310
41	0.0040	334	-105	-288
42	0.0041	-45	67	86
43	0.0042	296	7	-148
44	0.0043	203	-15	-177
45	0.0044	-89	-166	105
46	0.0045	-68	90	-199
47	0.0046	-91	94	259
48	0.0047	-177	41	150
49	0.0048	-162	-157	36
50	0.0049	-111	188	263
51	0.0050	-162	-8	150
52	0.0051	-57	-50	86
53	0.0052	2	9	-29
54	0.0053	274	-29	-71
55	0.0054	155	65	-111
56	0.0055	-79	159	846
57	0.0056	596	262	-744
58	0.0057	22	-104	431
59	0.0058	-241	-38	187
60	0.0059	63	64	-408
61	0.0060	79	295	142
62	0.0061	138	475	-44
63	0.0062	78	-240	-8
64	0.0063	-108	7	426
65	0.0064	-105	-164	-51
66	0.0065	-12	154	-33
67	0.0066	2	-36	-379
68	0.0067	-280	5	317
69	0.0068	-382	235	761
70	0.0069	197	67	-482
71	0.0070	163	58	580
72	0.0071	-367	-161	448
73	0.0072	176	47	-130
74	0.0073	15	235	-147
75	0.0074	9	-245	-33
76	0.0075	62	70	40
77	0.0076	121	67	-98
78	0.0077	96	74	165
79	0.0078	-198	84	292
80	0.0079	114	100	-131
81	0.0080	-50	35	69
82	0.0081	-10	-24	61
83	0.0082	278	-101	-443
84	0.0083	629	80	-675
85	0.0084	-307	-309	906
86	0.0085	110	16	-803
87	0.0086	335	20	-203
88	0.0087	-412	70	249
89	0.0088	63	-65	-169
90	0.0089	66	372	533
91	0.0090	-226	-55	326
92	0.0091	53	26	-84
93	0.0092	18	61	-89
94	0.0093	-263	-88	-24
95	0.0094	353	-2	-304
96	0.0095	-175	-135	74
97	0.0096	-105	-24	203
98	0.0097	-58	160	110
99	0.0098	163	69	62
100	0.0099	-127	-34	45

电流增量数据 [1000Hz, 10点]
采样序号	时间(s)	A相电流(INT)	B相电流(INT)	C相电流(INT)
1	0.000	360	3582	-883
2	0.001	793	2355	-926
3	0.002	1174	234	-115
4	0.003	982	-64	1540
5	0.004	-1228	-923	2880
6	0.005	-960	-238	1524
7	0.006	-71	-1232	774
8	0.007	-362	1621	486
9	0.008	-520	1564	633
10	0.009	-725	2214	156
================================================================================

=== 采集时间: 2025-12-05 15:22:05 (增量周期: 10.0ms) ===
振动增量数据 [等效10000Hz, 100点]
时序序号	时间(s)	X振动(INT)	Y振动(INT)	Z振动(INT)
1	0.0000	-42	-351	287
2	0.0001	137	216	-294
3	0.0002	398	240	-293
4	0.0003	-25	40	276
5	0.0004	-91	62	150
6	0.0005	-29	198	-74
7	0.0006	-352	-106	414
8	0.0007	50	-147	-160
9	0.0008	223	30	-299
10	0.0009	31	92	566
11	0.0010	218	83	-334
12	0.0011	-8	-144	-25
13	0.0012	-144	37	160
14	0.0013	-173	45	46
15	0.0014	152	207	365
16	0.0015	-407	43	352
17	0.0016	-299	-213	11
18	0.0017	345	178	-494
19	0.0018	-32	-254	-77
20	0.0019	100	-343	-274
21	0.0020	610	770	-334
22	0.0021	-420	-314	844
23	0.0022	-174	-113	-396
24	0.0023	317	53	-577
25	0.0024	15	107	507
26	0.0025	91	-21	-12
27	0.0026	499	44	-297
28	0.0027	57	228	53
29	0.0028	-331	-418	-2
30	0.0029	-40	24	-204
31	0.0030	-190	313	309
32	0.0031	-247	-110	348
33	0.0032	134	-23	-218
34	0.0033	-47	11	-57
35	0.0034	-96	-213	435
36	0.0035	28	223	-169
37	0.0036	278	-54	-230
38	0.0037	-122	233	407
39	0.0038	-109	6	245
40	0.0039	-21	138	294
41	0.0040	-24	23	-179
42	0.0041	315	-78	-247
43	0.0042	182	122	-260
44	0.0043	-100	-88	37
45	0.0044	-413	-98	144
46	0.0045	190	211	-92
47	0.0046	293	-12	-54
48	0.0047	-138	-327	225
49	0.0048	441	612	-284
50	0.0049	-221	-242	740
51	0.0050	-379	139	-173
52	0.0051	516	11	-561
53	0.0052	357	90	106
54	0.0053	-366	-263	236
55	0.0054	40	263	508
56	0.0055	-288	493	-301
57	0.0056	272	-637	-543
58	0.0057	-63	-242	-93
59	0.0058	-405	-129	213
60	0.0059	408	211	-310
61	0.0060	-134	-33	347
62	0.0061	-207	3	105
63	0.0062	419	116	-661
64	0.0063	219	-81	54
65	0.0064	-221	-174	337
66	0.0065	280	427	-84
67	0.0066	-27	-12	-51
68	0.0067	-391	-168	224
69	0.0068	32	-6	-115
70	0.0069	71	248	60
71	0.0070	31	137	393
72	0.0071	-386	-132	361
73	0.0072	63	161	-214
74	0.0073	148	27	-32
75	0.0074	-293	-415	49
76	0.0075	211	437	80
77	0.0076	-235	-49	404
78	0.0077	-174	-63	-153
79	0.0078	314	-98	-406
80	0.0079	181	-65	-96
81	0.0080	279	77	70
82	0.0081	224	184	198
83	0.0082	-84	265	166
84	0.0083	-33	-114	-254
85	0.0084	-199	-131	-327
86	0.0085	129	0	-123
87	0.0086	105	50	-4
88	0.0087	261	73	-104
89	0.0088	-121	-85	336
90	0.0089	-429	-159	173
91	0.0090	32	-75	-302
92	0.0091	66	69	-34
93	0.0092	-132	-15	601
94	0.0093	156	269	35
95	0.0094	135	52	-197
96	0.0095	-62	-127	120
97	0.0096	75	19	-175
98	0.0097	223	28	-302
99	0.0098	28	86	206
100	0.0099	-260	-7	153

电流增量数据 [1000Hz, 10点]
采样序号	时间(s)	A相电流(INT)	B相电流(INT)	C相电流(INT)
1	0.000	-722	261	-26
2	0.001	-55	2073	-427
3	0.002	-25	1908	-603
4	0.003	734	1484	-801
5	0.004	909	-536	-784
6	0.005	945	-1769	-576
7	0.006	963	-1092	252
8	0.007	193	-2665	800
9	0.008	-201	234	744
10	0.009	-847	597	666
================================================================================

=== 采集时间: 2025-12-05 15:22:06 (增量周期: 10.0ms) ===
振动增量数据 [等效10000Hz, 100点]
时序序号	时间(s)	X振动(INT)	Y振动(INT)	Z振动(INT)
1	0.0000	-213	-127	-7
2	0.0001	270	448	-276
3	0.0002	135	138	66
4	0.0003	-169	-298	330
5	0.0004	48	96	-290
6	0.0005	416	-58	-676
7	0.0006	-272	-134	327
8	0.0007	-299	-61	245
9	0.0008	342	176	-635
10	0.0009	-21	-117	-80
11	0.0010	-45	-270	109
12	0.0011	-118	64	-40
13	0.0012	90	278	41
14	0.0013	110	261	22
15	0.0014	-36	-74	234
16	0.0015	-38	-65	-29
17	0.0016	-211	-211	-174
18	0.0017	416	352	-375
19	0.0018	-675	-193	973
20	0.0019	-16	11	-500
21	0.0020	600	124	-260
22	0.0021	-524	-164	431
23	0.0022	-71	-119	-72
24	0.0023	219	270	-153
25	0.0024	95	41	189
26	0.0025	-397	-219	481
27	0.0026	26	-122	-58
28	0.0027	-46	214	-338
29	0.0028	-127	-213	63
30	0.0029	-423	94	173
31	0.0030	245	27	-15
32	0.0031	78	30	-256
33	0.0032	125	-176	187
34	0.0033	-75	201	152
35	0.0034	121	118	228
36	0.0035	184	316	-16
37	0.0036	-173	-189	310
38	0.0037	11	69	0
39	0.0038	233	84	-188
40	0.0039	1	-8	90
41	0.0040	2	-61	130
42	0.0041	-271	32	0
43	0.0042	360	173	-199
44	0.0043	124	-75	-143
45	0.0044	-303	-19	576
46	0.0045	704	188	-1190
47	0.0046	-149	-305	682
48	0.0047	-220	-29	-66
49	0.0048	361	-50	-337
50	0.0049	-27	387	186
51	0.0050	-110	-334	-211
52	0.0051	225	283	23
53	0.0052	-144	158	420
54	0.0053	-100	0	88
55	0.0054	160	-96	-406
56	0.0055	-108	-12	156
57	0.0056	-252	-48	-57
58	0.0057	-106	214	549
59	0.0058	80	168	-217
60	0.0059	124	-313	2
61	0.0060	61	206	-57
62	0.0061	195	62	-224
63	0.0062	15	41	14
64	0.0063	-101	-143	-149
65	0.0064	138	-79	-106
66	0.0065	-80	148	-3
67	0.0066	-205	-113	75
68	0.0067	-190	49	258
69	0.0068	-272	107	357
70	0.0069	157	52	238
71	0.0070	-88	321	288
72	0.0071	58	-183	-336
73	0.0072	16	578	611
74	0.0073	-246	-67	150
75	0.0074	732	-177	-1000
76	0.0075	-71	-65	499
77	0.0076	-348	-59	341
78	0.0077	211	167	-187
79	0.0078	-76	197	52
80	0.0079	-45	-345	-29
81	0.0080	37	77	-145
82	0.0081	362	-65	-432
83	0.0082	147	-204	-131
84	0.0083	-91	148	10
85	0.0084	223	112	-51
86	0.0085	129	75	-167
87	0.0086	36	-177	350
88	0.0087	-179	5	-24
89	0.0088	109	56	-449
90	0.0089	160	-50	-284
91	0.0090	-290	-33	69
92	0.0091	-109	240	416
93	0.0092	-66	6	-165
94	0.0093	238	-54	0
95	0.0094	-635	-70	743
96	0.0095	-232	239	224
97	0.0096	344	270	-471
98	0.0097	289	-253	193
99	0.0098	-322	41	314
100	0.0099	73	-357	-453

电流增量数据 [1000Hz, 10点]
采样序号	时间(s)	A相电流(INT)	B相电流(INT)	C相电流(INT)
1	0.000	-1039	3369	1034
2	0.001	-2174	2886	313
3	0.002	-282	5302	-2018
4	0.003	1022	920	-2792
5	0.004	1087	1310	-1270
6	0.005	0	171	-522
7	0.006	409	1618	-645
8	0.007	616	1312	-574
9	0.008	671	135	-5
10	0.009	783	-192	106
================================================================================

=== 采集时间: 2025-12-05 15:22:06 (增量周期: 10.0ms) ===
振动增量数据 [等效10000Hz, 100点]
时序序号	时间(s)	X振动(INT)	Y振动(INT)	Z振动(INT)
1	0.0000	49	-196	-526
2	0.0001	-97	77	730
3	0.0002	-485	9	-268
4	0.0003	253	-63	-246
5	0.0004	-328	288	377
6	0.0005	36	-232	-8
7	0.0006	171	229	-123
8	0.0007	118	-115	-109
9	0.0008	-246	-101	-246
10	0.0009	284	156	-11
11	0.0010	99	291	279
12	0.0011	49	-88	225
13	0.0012	116	99	45
14	0.0013	-209	-118	-33
15	0.0014	-221	-14	283
16	0.0015	-17	96	-366
17	0.0016	325	-131	-238
18	0.0017	-12	-117	131
19	0.0018	-249	-268	95
20	0.0019	-53	236	-51
21	0.0020	266	-151	-362
22	0.0021	20	-193	-14
23	0.0022	23	134	290
24	0.0023	207	254	-88
25	0.0024	-58	-83	16
26	0.0025	-199	47	125
27	0.0026	65	74	37
28	0.0027	266	270	130
29	0.0028	-44	-202	-282
30	0.0029	-207	316	725
31	0.0030	-238	124	-58
32	0.0031	378	-206	-684
33	0.0032	35	195	696
34	0.0033	-340	-119	370
35	0.0034	212	103	-165
36	0.0035	-125	87	7
37	0.0036	-298	-153	208
38	0.0037	360	215	-252
39	0.0038	121	-149	-2
40	0.0039	43	-249	-127
41	0.0040	148	83	-391
42	0.0041	-47	138	-55
43	0.0042	-131	-102	150
44	0.0043	-21	107	-11
45	0.0044	172	-3	-109
46	0.0045	-49	37	127
47	0.0046	44	-298	-315
48	0.0047	99	205	-213
49	0.0048	-28	116	322
50	0.0049	-25	-75	110
51	0.0050	165	420	152
52	0.0051	-151	-58	344
53	0.0052	-315	-48	200
54	0.0053	-62	124	-67
55	0.0054	242	175	117
56	0.0055	62	129	92
57	0.0056	101	-324	-374
58	0.0057	19	437	443
59	0.0058	-610	13	691
60	0.0059	91	26	-503
61	0.0060	27	-72	57
62	0.0061	-94	-100	53
63	0.0062	164	249	268
64	0.0063	-346	223	153
65	0.0064	246	-155	-64
66	0.0065	36	-54	-323
67	0.0066	-33	257	838
68	0.0067	-34	259	-282
69	0.0068	321	-36	-421
70	0.0069	-217	-130	580
71	0.0070	-126	-290	-304
72	0.0071	455	160	-328
73	0.0072	-110	71	328
74	0.0073	-224	-123	-50
75	0.0074	186	138	-199
76	0.0075	-320	24	221
77	0.0076	-58	-212	177
78	0.0077	180	340	-175
79	0.0078	99	-250	-161
80	0.0079	19	-126	237
81	0.0080	-93	-7	36
82	0.0081	169	125	-186
83	0.0082	161	82	-160
84	0.0083	458	-668	-848
85	0.0084	338	143	-398
86	0.0085	-746	-216	867
87	0.0086	-6	177	-881
88	0.0087	322	-11	-64
89	0.0088	-639	52	708
90	0.0089	104	77	558
91	0.0090	116	457	284
92	0.0091	118	45	-200
93	0.0092	201	-132	-192
94	0.0093	-75	-40	129
95	0.0094	43	13	5
96	0.0095	50	141	366
97	0.0096	-373	-33	138
98	0.0097	101	176	151
99	0.0098	-33	88	50
100	0.0099	-78	-207	71

电流增量数据 [1000Hz, 10点]
采样序号	时间(s)	A相电流(INT)	B相电流(INT)	C相电流(INT)
1	0.000	-1459	518	627
2	0.001	-1040	3911	-56
3	0.002	1638	2019	-2571
4	0.003	1891	2374	-1909
5	0.004	2536	-2473	-97
6	0.005	402	-768	1536
7	0.006	756	-238	-578
8	0.007	495	-152	253
9	0.008	59	822	400
10	0.009	-116	961	753
================================================================================

=== 采集时间: 2025-12-05 15:22:06 (增量周期: 10.0ms) ===
振动增量数据 [等效10000Hz, 100点]
时序序号	时间(s)	X振动(INT)	Y振动(INT)	Z振动(INT)
1	0.0000	124	478	-2
2	0.0001	-209	-207	-366
3	0.0002	74	-148	-338
4	0.0003	33	62	-257
5	0.0004	-203	-93	497
6	0.0005	-53	214	387
7	0.0006	-92	95	5
8	0.0007	-50	50	240
9	0.0008	79	105	-144
10	0.0009	-2	-211	-153
11	0.0010	-148	165	211
12	0.0011	1	30	-148
13	0.0012	241	-104	-58
14	0.0013	-216	143	512
15	0.0014	-29	19	418
16	0.0015	-4	376	144
17	0.0016	-127	-177	-265
18	0.0017	118	-87	-160
19	0.0018	265	299	-46
20	0.0019	156	-262	-358
21	0.0020	92	118	460
22	0.0021	-131	-326	-692
23	0.0022	231	-132	-68
24	0.0023	-152	47	152
25	0.0024	-81	-237	-118
26	0.0025	383	528	-28
27	0.0026	-296	-332	-16
28	0.0027	-74	56	16
29	0.0028	-207	220	151
30	0.0029	-302	-58	370
31	0.0030	143	214	-166
32	0.0031	20	-70	62
33	0.0032	-242	-7	502
34	0.0033	78	160	-55
35	0.0034	356	99	-354
36	0.0035	268	48	-59
37	0.0036	-316	-426	193
38	0.0037	191	120	-307
39	0.0038	-20	134	52
40	0.0039	-78	1	446
41	0.0040	35	250	276
42	0.0041	301	-45	-235
43	0.0042	261	-17	-512
44	0.0043	-139	-399	-252
45	0.0044	-6	49	-288
46	0.0045	296	159	-272
47	0.0046	20	-100	114
48	0.0047	41	-57	228
49	0.0048	-12	431	669
50	0.0049	-597	-61	183
51	0.0050	565	254	-645
52	0.0051	-188	-216	401
53	0.0052	-237	-169	-117
54	0.0053	402	-250	-662
55	0.0054	-108	-61	61
56	0.0055	-588	-12	553
57	0.0056	124	150	-77
58	0.0057	-114	205	363
59	0.0058	-156	-143	283
60	0.0059	48	97	-418
61	0.0060	-81	92	-216
62	0.0061	44	-145	-151
63	0.0062	-179	9	41
64	0.0063	87	24	82
65	0.0064	212	228	100
66	0.0065	-84	-136	82
67	0.0066	-53	-3	263
68	0.0067	215	111	-419
69	0.0068	301	181	220
70	0.0069	-459	39	437
71	0.0070	257	169	69
72	0.0071	-106	330	-110
73	0.0072	-44	-288	76
74	0.0073	-114	133	83
75	0.0074	165	19	-162
76	0.0075	283	201	-76
77	0.0076	-254	-401	264
78	0.0077	194	-34	-670
79	0.0078	137	58	143
80	0.0079	-58	9	177
81	0.0080	-2	-238	69
82	0.0081	289	261	-54
83	0.0082	-108	-134	-104
84	0.0083	-19	39	153
85	0.0084	110	242	-244
86	0.0085	88	-174	-170
87	0.0086	191	97	-102
88	0.0087	-361	-242	161
89	0.0088	221	242	57
90	0.0089	100	16	-422
91	0.0090	20	-250	208
92	0.0091	-160	152	345
93	0.0092	-58	139	-141
94	0.0093	46	143	187
95	0.0094	-148	-113	32
96	0.0095	220	-117	46
97	0.0096	-152	71	121
98	0.0097	-98	3	138
99	0.0098	-10	88	-123
100	0.0099	-97	22	99

电流增量数据 [1000Hz, 10点]
采样序号	时间(s)	A相电流(INT)	B相电流(INT)	C相电流(INT)
1	0.000	-29	-1091	771
2	0.001	121	-491	1010
3	0.002	-1588	2227	1177
4	0.003	-902	667	218
5	0.004	146	76	-913
6	0.005	1417	-195	-1407
7	0.006	29	4876	-1133
8	0.007	2452	-708	-1200
9	0.008	1911	-878	-96
10	0.009	72	-1437	2571
================================================================================

=== 采集时间: 2025-12-05 15:22:07 (增量周期: 10.0ms) ===
振动增量数据 [等效10000Hz, 100点]
时序序号	时间(s)	X振动(INT)	Y振动(INT)	Z振动(INT)
1	0.0000	-46	125	-156
2	0.0001	135	139	-342
3	0.0002	-280	-42	190
4	0.0003	133	27	-98
5	0.0004	62	37	-127
6	0.0005	-174	5	357
7	0.0006	26	9	-226
8	0.0007	-113	-162	65
9	0.0008	-12	9	32
10	0.0009	74	-65	41
11	0.0010	-239	-46	113
12	0.0011	75	-25	-449
13	0.0012	78	64	-34
14	0.0013	15	60	240
15	0.0014	174	-151	-458
16	0.0015	78	178	438
17	0.0016	163	-16	-812
18	0.0017	-172	-449	294
19	0.0018	-49	352	-174
20	0.0019	-70	-254	2
21	0.0020	-17	148	71
22	0.0021	-78	-155	91
23	0.0022	-68	104	290
24	0.0023	-158	249	240
25	0.0024	-38	-162	-147
26	0.0025	174	104	-273
27	0.0026	73	-49	104
28	0.0027	43	-20	-27
29	0.0028	451	54	-556
30	0.0029	83	-98	-179
31	0.0030	-172	-182	143
32	0.0031	117	28	-318
33	0.0032	-2	-57	-302
34	0.0033	-234	-28	365
35	0.0034	-285	-74	69
36	0.0035	312	-98	-267
37	0.0036	-224	96	510
38	0.0037	-285	-131	236
39	0.0038	169	437	-265
40	0.0039	130	-207	-126
41	0.0040	-25	-70	146
42	0.0041	499	192	-201
43	0.0042	398	-98	-491
44	0.0043	-246	-96	506
45	0.0044	274	87	-850
46	0.0045	118	-61	208
47	0.0046	-311	-44	173
48	0.0047	-128	-275	9
49	0.0048	117	424	-71
50	0.0049	-293	-122	292
51	0.0050	-47	-24	174
52	0.0051	-178	131	138
53	0.0052	-117	-104	-83
54	0.0053	7	30	144
55	0.0054	79	117	138
56	0.0055	293	-46	-144
57	0.0056	285	5	-203
58	0.0057	204	6	-92
59	0.0058	10	206	219
60	0.0059	110	92	-72
61	0.0060	84	-83	-94
62	0.0061	127	190	-304
63	0.0062	-198	-172	41
64	0.0063	-84	-123	474
65	0.0064	-235	279	82
66	0.0065	41	-2	213
67	0.0066	-297	218	193
68	0.0067	-17	-196	-290
69	0.0068	211	118	-224
70	0.0069	-311	-345	498
71	0.0070	95	138	-8
72	0.0071	591	194	-340
73	0.0072	-393	-129	717
74	0.0073	-63	113	313
75	0.0074	157	198	-378
76	0.0075	246	44	-312
77	0.0076	114	-168	84
78	0.0077	120	-117	-605
79	0.0078	251	180	236
80	0.0079	-660	-67	61
81	0.0080	366	-28	-297
82	0.0081	20	154	-276
83	0.0082	26	-221	289
84	0.0083	61	265	135
85	0.0084	-85	47	26
86	0.0085	13	-2	1
87	0.0086	77	-160	-183
88	0.0087	-134	-91	161
89	0.0088	39	56	360
90	0.0089	-178	171	-84
91	0.0090	272	-170	-246
92	0.0091	-224	104	253
93	0.0092	154	-98	-214
94	0.0093	120	186	62
95	0.0094	-305	-321	16
96	0.0095	327	259	-318
97	0.0096	-59	35	226
98	0.0097	-27	-83	-24
99	0.0098	-51	509	992
100	0.0099	433	-245	-845

电流增量数据 [1000Hz, 10点]
采样序号	时间(s)	A相电流(INT)	B相电流(INT)	C相电流(INT)
1	0.000	354	1311	-712
2	0.001	823	1057	-813
3	0.002	1289	-1985	-798
4	0.003	1354	-2913	419
5	0.004	36	-1210	1011
6	0.005	-1268	-2093	1096
7	0.006	-996	461	949
8	0.007	-921	891	405
9	0.008	-923	2517	-52
10	0.009	-87	516	-1111
================================================================================

=== 采集时间: 2025-12-05 15:22:07 (增量周期: 10.0ms) ===
振动增量数据 [等效10000Hz, 100点]
时序序号	时间(s)	X振动(INT)	Y振动(INT)	Z振动(INT)
1	0.0000	150	449	319
2	0.0001	137	-360	-349
3	0.0002	-123	36	-151
4	0.0003	-164	-57	44
5	0.0004	-269	-83	37
6	0.0005	212	201	174
7	0.0006	75	178	113
8	0.0007	168	-356	22
9	0.0008	-79	52	-102
10	0.0009	-27	-162	-291
11	0.0010	-315	199	429
12	0.0011	122	-33	-177
13	0.0012	258	-160	-376
14	0.0013	79	259	521
15	0.0014	-349	-27	166
16	0.0015	304	91	-387
17	0.0016	83	-71	-107
18	0.0017	-23	-238	161
19	0.0018	349	335	-89
20	0.0019	-413	-24	506
21	0.0020	15	161	200
22	0.0021	155	118	-378
23	0.0022	253	-253	-154
24	0.0023	-378	-114	601
25	0.0024	116	-242	-1039
26	0.0025	63	9	159
27	0.0026	-370	-34	152
28	0.0027	407	-27	-54
29	0.0028	229	565	112
30	0.0029	-101	-354	93
31	0.0030	91	66	-111
32	0.0031	88	56	-16
33	0.0032	-230	32	241
34	0.0033	202	280	5
35	0.0034	138	16	126
36	0.0035	-413	-412	232
37	0.0036	-168	-187	-307
38	0.0037	-67	52	-366
39	0.0038	9	52	279
40	0.0039	-106	-31	-36
41	0.0040	345	2	-154
42	0.0041	-237	101	279
43	0.0042	-187	-144	109
44	0.0043	116	160	-98
45	0.0044	220	96	26
46	0.0045	366	-40	45
47	0.0046	-280	-31	19
48	0.0047	124	122	-8
49	0.0048	-79	336	63
50	0.0049	93	-58	78
51	0.0050	100	3	-134
52	0.0051	-353	-41	347
53	0.0052	483	-104	-1357
54	0.0053	-346	-293	521
55	0.0054	-371	-12	363
56	0.0055	211	67	-329
57	0.0056	204	248	296
58	0.0057	-442	-172	500
59	0.0058	-96	97	166
60	0.0059	464	515	-164
61	0.0060	-12	19	-278
62	0.0061	456	-79	-252
63	0.0062	67	-23	41
64	0.0063	-61	-134	116
65	0.0064	-148	96	-53
66	0.0065	-106	27	9
67	0.0066	-87	279	812
68	0.0067	127	124	-104
69	0.0068	134	67	-96
70	0.0069	-298	218	760
71	0.0070	-141	-174	-230
72	0.0071	471	189	-616
73	0.0072	176	-166	43
74	0.0073	-220	-173	144
75	0.0074	82	91	-393
76	0.0075	3	65	-45
77	0.0076	-221	64	264
78	0.0077	182	-117	-88
79	0.0078	-255	600	1164
80	0.0079	19	79	-53
81	0.0080	100	-130	-361
82	0.0081	96	83	6
83	0.0082	36	-221	49
84	0.0083	198	278	-290
85	0.0084	237	13	-101
86	0.0085	-174	-31	216
87	0.0086	-289	-135	-197
88	0.0087	96	96	39
89	0.0088	-369	152	450
90	0.0089	241	218	654
91	0.0090	-194	210	136
92	0.0091	450	-92	-368
93	0.0092	-147	-29	-97
94	0.0093	-32	-230	-231
95	0.0094	524	218	-491
96	0.0095	75	-206	-195
97	0.0096	-221	-81	259
98	0.0097	-81	165	176
99	0.0098	-46	92	186
100	0.0099	108	201	255

电流增量数据 [1000Hz, 10点]
采样序号	时间(s)	A相电流(INT)	B相电流(INT)	C相电流(INT)
1	0.000	539	-1654	1324
2	0.001	-140	-1242	1076
3	0.002	-1466	715	1537
4	0.003	-1764	5079	-163
5	0.004	-217	2602	-2010
6	0.005	1882	3579	-3508
7	0.006	762	839	-928
8	0.007	50	1371	-784
9	0.008	38	-98	-400
10	0.009	676	829	-617
================================================================================

=== 采集时间: 2025-12-05 15:22:07 (增量周期: 10.0ms) ===
振动增量数据 [等效10000Hz, 100点]
时序序号	时间(s)	X振动(INT)	Y振动(INT)	Z振动(INT)
1	0.0000	-108	112	148
2	0.0001	154	-70	-518
3	0.0002	88	-33	84
4	0.0003	-604	-114	350
5	0.0004	135	-24	143
6	0.0005	-130	428	88
7	0.0006	3	-362	13
8	0.0007	151	198	-196
9	0.0008	-12	-351	-139
10	0.0009	93	131	-101
11	0.0010	-27	90	117
12	0.0011	279	-168	-312
13	0.0012	-259	-19	447
14	0.0013	190	372	-174
15	0.0014	-249	-40	101
16	0.0015	-46	-78	-88
17	0.0016	224	-96	-280
18	0.0017	61	-123	144
19	0.0018	-200	190	309
20	0.0019	-284	-89	126
21	0.0020	13	215	-201
22	0.0021	116	-80	99
23	0.0022	-139	-65	113
24	0.0023	308	205	46
25	0.0024	103	-109	-290
26	0.0025	245	-96	0
27	0.0026	-232	-108	-140
28	0.0027	174	-63	-58
29	0.0028	-61	293	86
30	0.0029	41	-296	-190
31	0.0030	259	173	-199
32	0.0031	-195	-75	311
33	0.0032	-42	-14	-23
34	0.0033	82	90	-315
35	0.0034	43	9	217
36	0.0035	-194	97	135
37	0.0036	54	80	169
38	0.0037	-326	172	243
39	0.0038	-68	100	225
40	0.0039	117	-61	-28
41	0.0040	-143	313	806
42	0.0041	-454	69	305
43	0.0042	467	-66	-631
44	0.0043	-75	280	262
45	0.0044	-221	-349	497
46	0.0045	301	60	-625
47	0.0046	160	-15	19
48	0.0047	-388	-54	352
49	0.0048	190	-32	-461
50	0.0049	368	-40	-220
51	0.0050	-188	-208	140
52	0.0051	318	19	-508
53	0.0052	198	91	-314
54	0.0053	-118	-87	157
55	0.0054	-34	-17	-111
56	0.0055	-53	-49	-119
57	0.0056	137	189	53
58	0.0057	23	-75	36
59	0.0058	50	77	112
60	0.0059	130	223	294
61	0.0060	263	-75	-340
62	0.0061	182	-15	-200
63	0.0062	87	6	6
64	0.0063	-188	7	181
65	0.0064	-275	3	-12
66	0.0065	126	131	-184
67	0.0066	258	-168	-207
68	0.0067	-170	493	677
69	0.0068	-44	146	161
70	0.0069	518	-126	-1120
71	0.0070	-279	-276	511
72	0.0071	-233	-193	52
73	0.0072	203	356	-331
74	0.0073	-79	148	893
75	0.0074	-500	-54	399
76	0.0075	224	-67	-500
77	0.0076	3	60	6
78	0.0077	-245	-68	281
79	0.0078	610	148	-577
80	0.0079	87	-311	-323
81	0.0080	97	-233	-3
82	0.0081	-100	79	-289
83	0.0082	325	176	-167
84	0.0083	67	137	393
85	0.0084	45	-179	136
86	0.0085	129	344	-319
87	0.0086	-280	-156	382
88	0.0087	-234	-33	-71
89	0.0088	203	-106	-408
90	0.0089	-179	-104	229
91	0.0090	-296	58	645
92	0.0091	-110	80	-175
93	0.0092	-32	138	140
94	0.0093	-96	-38	461
95	0.0094	345	-328	-577
96	0.0095	-49	604	1221
97	0.0096	-439	15	131
98	0.0097	600	-48	-755
99	0.0098	67	107	88
100	0.0099	-286	-398	54

电流增量数据 [1000Hz, 10点]
采样序号	时间(s)	A相电流(INT)	B相电流(INT)	C相电流(INT)
1	0.000	-52	4461	-1265
2	0.001	2278	-518	-1409
3	0.002	1483	262	719
4	0.003	622	-1057	1372
5	0.004	594	-239	94
6	0.005	433	-1043	486
7	0.006	-46	-193	876
8	0.007	-572	1287	729
9	0.008	-955	1263	1052
10	0.009	-1001	1311	654
================================================================================

=== 采集时间: 2025-12-05 15:22:07 (增量周期: 10.0ms) ===
振动增量数据 [等效10000Hz, 100点]
时序序号	时间(s)	X振动(INT)	Y振动(INT)	Z振动(INT)
1	0.0000	593	201	-794
2	0.0001	-601	-156	1035
3	0.0002	33	112	236
4	0.0003	255	313	-384
5	0.0004	369	6	97
6	0.0005	-481	-353	-115
7	0.0006	218	-84	-331
8	0.0007	40	248	-445
9	0.0008	-66	-293	125
10	0.0009	-185	-32	294
11	0.0010	-6	7	27
12	0.0011	5	165	18
13	0.0012	-186	30	401
14	0.0013	41	202	133
15	0.0014	302	128	-2
16	0.0015	167	54	-83
17	0.0016	103	-185	-348
18	0.0017	22	48	-130
19	0.0018	-101	18	-154
20	0.0019	211	-153	-348
21	0.0020	-252	52	353
22	0.0021	-70	44	367
23	0.0022	-213	92	182
24	0.0023	5	118	-11
25	0.0024	-58	159	447
26	0.0025	210	214	20
27	0.0026	364	-14	-376
28	0.0027	-191	-61	529
29	0.0028	422	-40	-1205
30	0.0029	439	-328	-243
31	0.0030	-587	-31	387
32	0.0031	-38	-138	-393
33	0.0032	210	415	-57
34	0.0033	-648	-305	845
35	0.0034	62	103	273
36	0.0035	27	653	574
37	0.0036	140	-33	-102
38	0.0037	198	-317	-323
39	0.0038	19	293	273
40	0.0039	71	43	-255
41	0.0040	283	26	-289
42	0.0041	-19	-263	-195
43	0.0042	-374	-161	199
44	0.0043	-63	203	-184
45	0.0044	-106	-19	213
46	0.0045	-404	83	429
47	0.0046	193	167	151
48	0.0047	514	31	-214
49	0.0048	-93	-215	356
50	0.0049	131	-11	-184
51	0.0050	216	169	-516
52	0.0051	78	-174	-152
53	0.0052	-362	-176	399
54	0.0053	-110	322	309
55	0.0054	-46	20	-201
56	0.0055	-542	152	1385
57	0.0056	66	-46	-671
58	0.0057	190	-200	-221
59	0.0058	-36	134	-20
60	0.0059	-254	-364	138
61	0.0060	-168	-87	301
62	0.0061	24	172	-100
63	0.0062	-6	-16	-213
64	0.0063	124	-59	65
65	0.0064	-222	-213	-297
66	0.0065	50	5	199
67	0.0066	-169	124	14
68	0.0067	308	-130	69
69	0.0068	20	176	31
70	0.0069	6	-165	143
71	0.0070	-96	134	44
72	0.0071	-256	-66	117
73	0.0072	126	270	-406
74	0.0073	-76	-11	399
75	0.0074	-205	163	833
76	0.0075	-58	269	131
77	0.0076	245	241	44
78	0.0077	-37	44	50
79	0.0078	-105	-224	37
80	0.0079	117	-46	-184
81	0.0080	113	-19	-286
82	0.0081	44	-317	-191
83	0.0082	180	360	-220
84	0.0083	-546	-169	1202
85	0.0084	-169	147	-310
86	0.0085	274	152	159
87	0.0086	-467	190	872
88	0.0087	35	144	122
89	0.0088	353	431	16
90	0.0089	-250	-159	241
91	0.0090	-25	-339	-349
92	0.0091	197	-113	-509
93	0.0092	-63	41	69
94	0.0093	-230	13	120
95	0.0094	501	2	-520
96	0.0095	-64	-12	277
97	0.0096	-379	-37	725
98	0.0097	159	369	-58
99	0.0098	116	134	62
100	0.0099	-211	-165	356

电流增量数据 [1000Hz, 10点]
采样序号	时间(s)	A相电流(INT)	B相电流(INT)	C相电流(INT)
1	0.000	76	-1440	2313
2	0.001	-329	258	2202
3	0.002	-791	863	1132
4	0.003	-389	559	653
5	0.004	-751	-37	571
6	0.005	-691	-321	-16
7	0.006	-778	1557	-102
8	0.007	-523	1561	-412
9	0.008	7	2232	-1130
10	0.009	232	-2291	-790
================================================================================

=== 采集时间: 2025-12-05 15:22:08 (增量周期: 10.0ms) ===
振动增量数据 [等效10000Hz, 100点]
时序序号	时间(s)	X振动(INT)	Y振动(INT)	Z振动(INT)
1	0.0000	69	-92	-214
2	0.0001	208	32	-29
3	0.0002	161	75	177
4	0.0003	-173	118	0
5	0.0004	79	6	-47
6	0.0005	-230	124	344
7	0.0006	228	128	36
8	0.0007	404	-149	-568
9	0.0008	-21	308	491
10	0.0009	-527	56	472
11	0.0010	139	-21	-573
12	0.0011	223	374	23
13	0.0012	-266	-377	590
14	0.0013	39	192	75
15	0.0014	352	19	-452
16	0.0015	-194	-149	134
17	0.0016	-148	-123	23
18	0.0017	462	86	-424
19	0.0018	203	193	-49
20	0.0019	-21	-293	200
21	0.0020	-316	-17	148
22	0.0021	-20	6	-177
23	0.0022	-268	197	696
24	0.0023	-172	143	127
25	0.0024	494	-88	-160
26	0.0025	-108	-81	-132
27	0.0026	-173	-92	121
28	0.0027	26	237	-406
29	0.0028	283	-142	-318
30	0.0029	114	-114	-76
31	0.0030	-68	-108	202
32	0.0031	-387	269	374
33	0.0032	41	-153	-328
34	0.0033	-4	92	-6
35	0.0034	62	7	493
36	0.0035	211	-226	-560
37	0.0036	193	395	121
38	0.0037	-470	-44	373
39	0.0038	218	2	-378
40	0.0039	283	197	-58
41	0.0040	-23	-87	417
42	0.0041	84	69	-221
43	0.0042	172	0	49
44	0.0043	-403	71	186
45	0.0044	15	-83	129
46	0.0045	118	403	-201
47	0.0046	255	-176	-62
48	0.0047	-72	-7	146
49	0.0048	-11	-88	-181
50	0.0049	80	253	-134
51	0.0050	-105	-19	-12
52	0.0051	263	-84	57
53	0.0052	201	240	40
54	0.0053	-203	-91	112
55	0.0054	0	181	-19
56	0.0055	-374	-123	164
57	0.0056	-115	-8	486
58	0.0057	274	154	-188
59	0.0058	127	-129	198
60	0.0059	-288	184	271
61	0.0060	61	-88	-298
62	0.0061	-66	-157	-152
63	0.0062	-34	-164	256
64	0.0063	409	146	-894
65	0.0064	154	64	400
66	0.0065	-356	-143	40
67	0.0066	241	-301	-291
68	0.0067	509	313	-408
69	0.0068	-145	-233	33
70	0.0069	203	377	117
71	0.0070	-311	-19	-71
72	0.0071	-85	-196	49
73	0.0072	-19	1	-29
74	0.0073	161	125	-308
75	0.0074	161	158	388
76	0.0075	-254	-65	361
77	0.0076	117	-41	-286
78	0.0077	-148	90	31
79	0.0078	-85	-181	-24
80	0.0079	-58	286	425
81	0.0080	-50	160	198
82	0.0081	19	-187	9
83	0.0082	49	-271	-257
84	0.0083	-323	-161	125
85	0.0084	240	325	-264
86	0.0085	422	150	-165
87	0.0086	-232	-134	256
88	0.0087	-105	-109	160
89	0.0088	-148	205	-234
90	0.0089	223	-84	-97
91	0.0090	24	150	508
92	0.0091	561	92	-762
93	0.0092	75	-88	144
94	0.0093	-510	-199	-261
95	0.0094	389	112	-413
96	0.0095	-11	363	455
97	0.0096	-327	-277	420
98	0.0097	99	292	322
99	0.0098	-182	78	-148
100	0.0099	18	-348	-151

电流增量数据 [1000Hz, 10点]
采样序号	时间(s)	A相电流(INT)	B相电流(INT)	C相电流(INT)
1	0.000	744	-290	-653
2	0.001	550	-1528	645
3	0.002	631	-1567	636
4	0.003	-1297	893	2796
5	0.004	-2458	2696	1429
6	0.005	-1944	2297	270
7	0.006	-1094	1762	-819
8	0.007	-323	1041	20
9	0.008	-363	-140	72
10	0.009	-8	-437	-625
================================================================================

=== 采集时间: 2025-12-05 15:22:08 (增量周期: 10.0ms) ===
振动增量数据 [等效10000Hz, 100点]
时序序号	时间(s)	X振动(INT)	Y振动(INT)	Z振动(INT)
1	0.0000	-152	-394	226
2	0.0001	-341	14	212
3	0.0002	5	-130	-29
4	0.0003	26	410	520
5	0.0004	70	54	127
6	0.0005	33	160	160
7	0.0006	19	134	49
8	0.0007	-229	-267	-226
9	0.0008	66	-105	-234
10	0.0009	207	26	-274
11	0.0010	100	-10	11
12	0.0011	95	79	110
13	0.0012	-64	7	-98
14	0.0013	-79	-53	224
15	0.0014	229	27	-376
16	0.0015	421	-97	-464
17	0.0016	83	216	371
18	0.0017	-404	39	5
19	0.0018	147	90	-140
20	0.0019	-461	-155	216
21	0.0020	41	-104	97
22	0.0021	480	429	-264
23	0.0022	71	57	336
24	0.0023	-164	24	455
25	0.0024	109	41	-318
26	0.0025	385	-16	-627
27	0.0026	-148	-401	126
28	0.0027	114	317	-123
29	0.0028	-303	23	537
30	0.0029	-181	104	54
31	0.0030	-101	-238	121
32	0.0031	195	180	96
33	0.0032	-63	-65	-61
34	0.0033	154	-11	130
35	0.0034	-217	113	18
36	0.0035	157	-142	-379
37	0.0036	317	249	-285
38	0.0037	24	-267	109
39	0.0038	-160	133	704
40	0.0039	-84	90	-294
41	0.0040	214	146	-167
42	0.0041	-260	-142	114
43	0.0042	-29	-258	-194
44	0.0043	490	215	-629
45	0.0044	-27	-260	168
46	0.0045	-209	54	108
47	0.0046	71	-42	-152
48	0.0047	-186	134	36
49	0.0048	-16	-98	277
50	0.0049	103	283	191
51	0.0050	253	177	-184
52	0.0051	-152	80	174
53	0.0052	99	-129	160
54	0.0053	-110	86	135
55	0.0054	489	267	-621
56	0.0055	-426	-318	601
57	0.0056	-151	70	88
58	0.0057	157	13	-319
59	0.0058	50	48	118
60	0.0059	-203	-33	357
61	0.0060	113	156	-53
62	0.0061	-12	239	-80
63	0.0062	88	-242	174
64	0.0063	-49	58	-260
65	0.0064	399	24	13
66	0.0065	-8	31	-229
67	0.0066	7	-348	-227
68	0.0067	-49	39	-444
69	0.0068	-149	-321	-148
70	0.0069	231	104	-384
71	0.0070	-132	-59	131
72	0.0071	-4	13	200
73	0.0072	-74	44	273
74	0.0073	-100	144	451
75	0.0074	-155	26	-199
76	0.0075	486	35	-248
77	0.0076	-247	83	273
78	0.0077	-297	-220	354
79	0.0078	99	500	71
80	0.0079	-42	33	306
81	0.0080	18	69	185
82	0.0081	-222	65	656
83	0.0082	332	10	-816
84	0.0083	-305	-105	634
85	0.0084	-403	-27	-201
86	0.0085	663	-117	-637
87	0.0086	15	27	-109
88	0.0087	-134	-465	383
89	0.0088	107	395	-6
90	0.0089	1	105	147
91	0.0090	133	190	-24
92	0.0091	-202	-357	-37
93	0.0092	293	-104	-291
94	0.0093	83	-3	-181
95	0.0094	-215	-113	169
96	0.0095	160	274	-444
97	0.0096	172	-112	-7
98	0.0097	-72	79	136
99	0.0098	281	13	-107
100	0.0099	-4	134	-89

电流增量数据 [1000Hz, 10点]
采样序号	时间(s)	A相电流(INT)	B相电流(INT)	C相电流(INT)
1	0.000	-950	-1250	50
2	0.001	-348	-678	-1128
3	0.002	293	-1829	-1318
4	0.003	579	257	-788
5	0.004	775	-800	-276
6	0.005	1497	-15	-120
7	0.006	922	-1443	677
8	0.007	-121	-1793	966
9	0.008	-992	-901	1000
10	0.009	-958	1493	1007
================================================================================

=== 采集时间: 2025-12-05 15:22:08 (增量周期: 10.0ms) ===
振动增量数据 [等效10000Hz, 100点]
时序序号	时间(s)	X振动(INT)	Y振动(INT)	Z振动(INT)
1	0.0000	227	-105	-44
2	0.0001	84	248	153
3	0.0002	-97	-178	-34
4	0.0003	19	138	134
5	0.0004	374	232	-273
6	0.0005	-119	-122	615
7	0.0006	86	91	-310
8	0.0007	108	19	-234
9	0.0008	-207	43	427
10	0.0009	-144	32	-91
11	0.0010	509	250	75
12	0.0011	-282	276	508
13	0.0012	-439	-221	413
14	0.0013	32	111	-648
15	0.0014	1	-84	-143
16	0.0015	-102	-260	9
17	0.0016	245	58	-124
18	0.0017	0	78	138
19	0.0018	-33	33	220
20	0.0019	80	-10	-162
21	0.0020	60	-71	-41
22	0.0021	140	159	-75
23	0.0022	120	-41	43
24	0.0023	7	-14	-222
25	0.0024	-209	-193	-75
26	0.0025	-105	91	240
27	0.0026	-202	133	93
28	0.0027	99	41	221
29	0.0028	-17	86	36
30	0.0029	223	-161	-271
31	0.0030	19	-24	-98
32	0.0031	-144	448	982
33	0.0032	486	-6	-1072
34	0.0033	498	-259	-7
35	0.0034	-660	-241	333
36	0.0035	114	-280	-291
37	0.0036	161	604	-257
38	0.0037	-337	-522	367
39	0.0038	161	121	-182
40	0.0039	-89	0	48
41	0.0040	15	45	177
42	0.0041	-420	96	327
43	0.0042	428	97	-293
44	0.0043	315	147	-282
45	0.0044	190	-238	467
46	0.0045	14	112	-418
47	0.0046	167	53	54
48	0.0047	-409	48	208
49	0.0048	148	-118	-97
50	0.0049	-6	317	-28
51	0.0050	-24	-148	-221
52	0.0051	221	-34	-251
53	0.0052	-221	-81	53
54	0.0053	-84	83	-169
55	0.0054	165	-21	-383
56	0.0055	52	84	375
57	0.0056	-85	69	251
58	0.0057	420	-17	-261
59	0.0058	-49	521	627
60	0.0059	187	-400	-805
61	0.0060	385	-98	-555
62	0.0061	-426	-155	216
63	0.0062	-53	2	-404
64	0.0063	404	467	230
65	0.0064	-807	-264	675
66	0.0065	441	50	-289
67	0.0066	-72	336	437
68	0.0067	-508	64	863
69	0.0068	389	134	-237
70	0.0069	224	31	-191
71	0.0070	20	-105	-49
72	0.0071	117	-195	-276
73	0.0072	332	385	-452
74	0.0073	-23	3	24
75	0.0074	-182	-242	121
76	0.0075	0	-10	33
77	0.0076	-169	156	210
78	0.0077	-198	190	768
79	0.0078	135	323	221
80	0.0079	103	-38	195
81	0.0080	-58	3	147
82	0.0081	80	-85	-268
83	0.0082	215	178	-439
84	0.0083	49	-237	-113
85	0.0084	-58	-72	-105
86	0.0085	154	-134	-668
87	0.0086	124	331	421
88	0.0087	-608	-263	472
89	0.0088	259	182	0
90	0.0089	-62	369	431
91	0.0090	92	-212	90
92	0.0091	-71	95	271
93	0.0092	-17	90	88
94	0.0093	164	86	-269
95	0.0094	52	-33	-55
96	0.0095	-98	-200	-58
97	0.0096	-29	-14	-104
98	0.0097	-216	-57	-261
99	0.0098	-10	-63	-84
100	0.0099	-68	48	473

电流增量数据 [1000Hz, 10点]
采样序号	时间(s)	A相电流(INT)	B相电流(INT)	C相电流(INT)
1	0.000	611	-2820	-390
2	0.001	1072	-1532	165
3	0.002	388	-1797	724
4	0.003	-1427	624	1245
5	0.004	-981	254	595
6	0.005	-1187	-415	782
7	0.006	-1041	165	93
8	0.007	913	1234	-1612
9	0.008	2125	2632	-2444
10	0.009	2045	-1972	-16
================================================================================

=== 采集时间: 2025-12-05 15:22:09 (增量周期: 10.0ms) ===
振动增量数据 [等效10000Hz, 100点]
时序序号	时间(s)	X振动(INT)	Y振动(INT)	Z振动(INT)
1	0.0000	428	336	-12
2	0.0001	-97	0	18
3	0.0002	20	-234	-256
4	0.0003	468	-46	-697
5	0.0004	16	15	-118
6	0.0005	-67	-178	473
7	0.0006	-153	41	-104
8	0.0007	258	212	-209
9	0.0008	-472	-105	434
10	0.0009	71	-105	-387
11	0.0010	281	126	-184
12	0.0011	-188	-112	256
13	0.0012	84	235	-80
14	0.0013	-136	77	288
15	0.0014	-127	-45	185
16	0.0015	225	-45	-224
17	0.0016	177	-68	120
18	0.0017	-147	30	226
19	0.0018	-50	-36	-143
20	0.0019	392	364	-131
21	0.0020	-296	-356	23
22	0.0021	18	-241	216
23	0.0022	447	445	-988
24	0.0023	-228	-143	921
25	0.0024	-482	-24	-102
26	0.0025	336	-156	-501
27	0.0026	30	150	360
28	0.0027	-542	-298	336
29	0.0028	442	289	-84
30	0.0029	6	355	185
31	0.0030	-12	-217	134
32	0.0031	-34	49	-310
33	0.0032	259	228	14
34	0.0033	-162	-108	146
35	0.0034	279	-121	-355
36	0.0035	20	199	-36
37	0.0036	-498	-45	600
38	0.0037	139	-125	-410
39	0.0038	186	47	-106
40	0.0039	18	15	151
41	0.0040	216	250	-273
42	0.0041	308	163	40
43	0.0042	-470	-142	296
44	0.0043	138	-119	-199
45	0.0044	251	164	-111
46	0.0045	-350	-216	482
47	0.0046	-78	169	156
48	0.0047	-15	227	-130
49	0.0048	-21	-3	256
50	0.0049	-169	-284	164
51	0.0050	336	355	-435
52	0.0051	182	-144	63
53	0.0052	-271	-93	148
54	0.0053	129	-98	-297
55	0.0054	148	150	133
56	0.0055	-121	-88	198
57	0.0056	181	2	78
58	0.0057	208	175	-276
59	0.0058	-170	13	142
60	0.0059	-125	186	-81
61	0.0060	-6	-54	6
62	0.0061	148	-27	-308
63	0.0062	186	9	-200
64	0.0063	-263	-138	148
65	0.0064	-115	-33	142
66	0.0065	92	82	-140
67	0.0066	-34	71	444
68	0.0067	-139	48	369
69	0.0068	71	19	-77
70	0.0069	9	-23	-227
71	0.0070	150	-149	-340
72	0.0071	321	66	-126
73	0.0072	100	18	-396
74	0.0073	-128	-57	377
75	0.0074	-75	168	-97
76	0.0075	71	45	126
77	0.0076	-241	33	416
78	0.0077	-128	406	854
79	0.0078	486	306	-761
80	0.0079	305	-357	-297
81	0.0080	36	-19	87
82	0.0081	224	-156	-608
83	0.0082	139	180	-310
84	0.0083	-346	-317	147
85	0.0084	-307	-19	127
86	0.0085	-47	318	357
87	0.0086	-281	66	587
88	0.0087	250	113	27
89	0.0088	221	148	-45
90	0.0089	93	-249	-113
91	0.0090	-11	35	-161
92	0.0091	-168	-108	-148
93	0.0092	66	265	-36
94	0.0093	19	-97	28
95	0.0094	-59	-254	345
96	0.0095	177	146	-411
97	0.0096	0	-186	-24
98	0.0097	-141	252	58
99	0.0098	287	-296	-214
100	0.0099	87	-4	-79

电流增量数据 [1000Hz, 10点]
采样序号	时间(s)	A相电流(INT)	B相电流(INT)	C相电流(INT)
1	0.000	106	1328	-812
2	0.001	-88	1948	-1306
3	0.002	980	1845	-1531
4	0.003	1049	-4492	-92
5	0.004	459	-1742	977
6	0.005	49	-2213	1000
7	0.006	43	-791	831
8	0.007	-1026	-723	970
9	0.008	-1168	1810	75
10	0.009	-743	519	-661
================================================================================

=== 采集时间: 2025-12-05 15:22:09 (增量周期: 10.0ms) ===
振动增量数据 [等效10000Hz, 100点]
时序序号	时间(s)	X振动(INT)	Y振动(INT)	Z振动(INT)
1	0.0000	270	-25	-508
2	0.0001	109	-290	-364
3	0.0002	-260	-98	412
4	0.0003	284	346	-145
5	0.0004	-523	-27	795
6	0.0005	-134	173	93
7	0.0006	117	-74	189
8	0.0007	-24	142	43
9	0.0008	126	2	130
10	0.0009	58	297	109
11	0.0010	-106	-113	1
12	0.0011	-101	-170	-512
13	0.0012	181	-189	-469
14	0.0013	-157	13	305
15	0.0014	-272	-66	144
16	0.0015	107	82	130
17	0.0016	-100	43	199
18	0.0017	15	-160	44
19	0.0018	270	121	-20
20	0.0019	-109	-12	13
21	0.0020	553	-200	-952
22	0.0021	-370	-51	644
23	0.0022	-500	33	383
24	0.0023	697	274	-760
25	0.0024	155	13	262
26	0.0025	-400	-400	1011
27	0.0026	-23	266	-457
28	0.0027	489	395	-443
29	0.0028	-173	-161	-89
30	0.0029	177	-392	-38
31	0.0030	-203	463	785
32	0.0031	567	1	-952
33	0.0032	0	-223	134
34	0.0033	-487	-46	503
35	0.0034	58	-8	-388
36	0.0035	304	165	11
37	0.0036	-311	-147	159
38	0.0037	60	18	-98
39	0.0038	121	190	-161
40	0.0039	-477	-186	490
41	0.0040	-249	31	71
42	0.0041	506	205	-488
43	0.0042	0	-118	185
44	0.0043	18	-467	118
45	0.0044	142	219	-348
46	0.0045	-76	83	20
47	0.0046	271	122	-160
48	0.0047	20	-83	-136
49	0.0048	16	88	399
50	0.0049	-235	117	-72
51	0.0050	113	-118	151
52	0.0051	-19	27	54
53	0.0052	92	-12	-244
54	0.0053	-219	236	106
55	0.0054	-117	-55	-16
56	0.0055	150	-57	-244
57	0.0056	28	7	260
58	0.0057	-21	-241	-378
59	0.0058	377	549	-121
60	0.0059	-412	-242	249
61	0.0060	-71	-259	-462
62	0.0061	95	246	60
63	0.0062	-126	-102	392
64	0.0063	-102	148	306
65	0.0064	274	333	63
66	0.0065	-3	192	181
67	0.0066	-148	23	483
68	0.0067	36	-74	-364
69	0.0068	265	-59	-186
70	0.0069	-196	-159	-4
71	0.0070	93	13	-222
72	0.0071	-3	267	-28
73	0.0072	-128	-276	-311
74	0.0073	168	-160	121
75	0.0074	-183	-104	150
76	0.0075	9	184	198
77	0.0076	112	577	538
78	0.0077	-250	-49	266
79	0.0078	185	-140	44
80	0.0079	5	41	-85
81	0.0080	266	-102	-199
82	0.0081	-198	64	-72
83	0.0082	86	-266	-500
84	0.0083	203	253	-205
85	0.0084	-356	-98	83
86	0.0085	-58	-400	-42
87	0.0086	359	351	-89
88	0.0087	-416	-195	845
89	0.0088	-106	214	113
90	0.0089	-134	159	323
91	0.0090	20	131	263
92	0.0091	147	-117	-79
93	0.0092	348	-2	146
94	0.0093	-12	274	84
95	0.0094	-166	-174	-473
96	0.0095	-12	-15	-402
97	0.0096	-28	-91	-188
98	0.0097	66	-129	62
99	0.0098	33	130	276
100	0.0099	-153	280	547

电流增量数据 [1000Hz, 10点]
采样序号	时间(s)	A相电流(INT)	B相电流(INT)	C相电流(INT)
1	0.000	-766	2175	-689
2	0.001	-141	2137	-395
3	0.002	133	1265	-825
4	0.003	849	-791	-632
5	0.004	688	-1322	-699
6	0.005	873	740	-923
7	0.006	782	-141	-149
8	0.007	1423	-750	-73
9	0.008	-148	-4206	1094
10	0.009	-1011	-1945	1175
================================================================================

=== 采集时间: 2025-12-05 15:22:10 (增量周期: 10.0ms) ===
振动增量数据 [等效10000Hz, 100点]
时序序号	时间(s)	X振动(INT)	Y振动(INT)	Z振动(INT)
1	0.0000	53	471	-241
2	0.0001	374	-354	-452
3	0.0002	-148	172	54
4	0.0003	-614	-326	341
5	0.0004	125	317	-318
6	0.0005	-153	22	508
7	0.0006	272	-81	125
8	0.0007	-33	44	151
9	0.0008	221	165	200
10	0.0009	-126	69	-42
11	0.0010	202	-131	-392
12	0.0011	228	37	-318
13	0.0012	20	-65	237
14	0.0013	-255	5	0
15	0.0014	82	95	-187
16	0.0015	-301	116	434
17	0.0016	-459	-233	430
18	0.0017	266	220	-83
19	0.0018	227	159	193
20	0.0019	7	-98	-55
21	0.0020	375	60	-194
22	0.0021	-149	-29	164
23	0.0022	167	113	-251
24	0.0023	100	-155	-443
25	0.0024	186	-121	200
26	0.0025	-507	154	547
27	0.0026	207	309	-92
28	0.0027	56	348	266
29	0.0028	-200	-388	211
30	0.0029	93	249	264
31	0.0030	714	117	-1156
32	0.0031	80	-270	230
33	0.0032	-174	-127	221
34	0.0033	114	-122	-635
35	0.0034	552	509	-190
36	0.0035	-660	-395	697
37	0.0036	113	92	78
38	0.0037	-74	339	28
39	0.0038	-219	-187	290
40	0.0039	-152	159	185
41	0.0040	253	169	-413
42	0.0041	227	131	-33
43	0.0042	-215	-332	49
44	0.0043	-128	61	35
45	0.0044	-94	152	134
46	0.0045	-40	-68	114
47	0.0046	92	92	101
48	0.0047	-130	-6	580
49	0.0048	-51	276	50
50	0.0049	327	-61	-491
51	0.0050	63	175	-23
52	0.0051	308	-155	219
53	0.0052	121	169	-357
54	0.0053	221	-193	-383
55	0.0054	99	19	-396
56	0.0055	-68	-58	254
57	0.0056	298	-280	-462
58	0.0057	-38	705	1157
59	0.0058	-700	56	691
60	0.0059	575	124	-667
61	0.0060	-306	-46	90
62	0.0061	103	-496	-117
63	0.0062	177	171	-650
64	0.0063	275	-314	-212
65	0.0064	-284	235	22
66	0.0065	-37	-284	-265
67	0.0066	-158	-44	-20
68	0.0067	-268	-162	91
69	0.0068	172	100	-20
70	0.0069	-417	15	614
71	0.0070	36	31	-77
72	0.0071	338	188	-516
73	0.0072	41	114	202
74	0.0073	-301	-85	258
75	0.0074	259	176	46
76	0.0075	-288	359	253
77	0.0076	-207	-240	384
78	0.0077	35	139	66
79	0.0078	61	-3	185
80	0.0079	-2	269	720
81	0.0080	52	356	-20
82	0.0081	295	39	-277
83	0.0082	-277	99	212
84	0.0083	-66	-242	-17
85	0.0084	398	-189	-484
86	0.0085	-251	376	781
87	0.0086	-470	229	1345
88	0.0087	185	316	-762
89	0.0088	279	-65	305
90	0.0089	-215	-121	75
91	0.0090	562	-123	-531
92	0.0091	124	292	110
93	0.0092	39	48	135
94	0.0093	-33	-27	-318
95	0.0094	116	22	-130
96	0.0095	-260	-87	378
97	0.0096	1	9	249
98	0.0097	39	306	23
99	0.0098	210	2	52
100	0.0099	-329	-139	208

电流增量数据 [1000Hz, 10点]
采样序号	时间(s)	A相电流(INT)	B相电流(INT)	C相电流(INT)
1	0.000	1094	2679	-2285
2	0.001	1282	2184	-1597
3	0.002	1290	-22	-883
4	0.003	776	1931	-559
5	0.004	613	-1134	-12
6	0.005	638	-934	21
7	0.006	890	-2371	-32
8	0.007	32	-294	813
9	0.008	-240	-723	1591
10	0.009	-1427	1507	1157
================================================================================

=== 采集时间: 2025-12-05 15:22:10 (增量周期: 10.0ms) ===
振动增量数据 [等效10000Hz, 100点]
时序序号	时间(s)	X振动(INT)	Y振动(INT)	Z振动(INT)
1	0.0000	57	-225	-642
2	0.0001	174	313	238
3	0.0002	-533	-173	654
4	0.0003	751	-33	-723
5	0.0004	19	189	292
6	0.0005	-315	-187	510
7	0.0006	20	338	-143
8	0.0007	157	-66	-235
9	0.0008	-70	-328	-367
10	0.0009	370	92	-428
11	0.0010	-452	-34	884
12	0.0011	-23	118	-265
13	0.0012	61	231	430
14	0.0013	-255	75	140
15	0.0014	442	-229	-610
16	0.0015	-3	188	637
17	0.0016	-289	27	225
18	0.0017	392	-34	-802
19	0.0018	332	-105	-118
20	0.0019	-464	-161	117
21	0.0020	33	35	83
22	0.0021	40	338	83
23	0.0022	-242	-125	190
24	0.0023	-96	43	332
25	0.0024	268	348	-271
26	0.0025	-14	-353	-182
27	0.0026	159	35	-162
28	0.0027	-144	44	220
29	0.0028	-12	-51	7
30	0.0029	-3	-14	-62
31	0.0030	120	-160	363
32	0.0031	-87	197	185
33	0.0032	198	-25	-230
34	0.0033	14	207	-40
35	0.0034	-164	-80	-15
36	0.0035	351	-102	-701
37	0.0036	-249	-267	602
38	0.0037	424	116	-912
39	0.0038	-31	-80	426
40	0.0039	-284	33	240
41	0.0040	-235	-220	-303
42	0.0041	428	406	131
43	0.0042	-486	156	412
44	0.0043	108	-92	397
45	0.0044	-181	454	442
46	0.0045	-220	-253	253
47	0.0046	-34	69	-479
48	0.0047	112	-63	43
49	0.0048	-149	-29	437
50	0.0049	140	-40	-338
51	0.0050	285	19	-114
52	0.0051	-439	-126	228
53	0.0052	117	-151	-154
54	0.0053	349	299	-211
55	0.0054	-139	39	530
56	0.0055	40	137	-29
57	0.0056	155	2	-460
58	0.0057	-204	-335	-92
59	0.0058	15	28	-174
60	0.0059	171	52	-153
61	0.0060	62	71	57
62	0.0061	-122	-67	532
63	0.0062	2	192	-93
64	0.0063	248	-481	-890
65	0.0064	-38	244	577
66	0.0065	-720	-3	735
67	0.0066	287	134	-863
68	0.0067	-14	133	225
69	0.0068	-344	-339	474
70	0.0069	26	304	-140
71	0.0070	725	133	-45
72	0.0071	-392	-127	585
73	0.0072	190	-136	-389
74	0.0073	45	263	-469
75	0.0074	-59	9	332
76	0.0075	-84	3	-97
77	0.0076	237	2	92
78	0.0077	61	291	404
79	0.0078	-232	-29	345
80	0.0079	137	150	-286
81	0.0080	-233	-189	-315
82	0.0081	254	-388	-291
83	0.0082	1	249	319
84	0.0083	-127	117	390
85	0.0084	104	43	-71
86	0.0085	-75	-84	20
87	0.0086	219	-213	-64
88	0.0087	0	286	40
89	0.0088	73	111	129
90	0.0089	-23	280	-6
91	0.0090	-41	-132	-104
92	0.0091	-54	-28	199
93	0.0092	27	158	-21
94	0.0093	126	-55	127
95	0.0094	-6	-464	-914
96	0.0095	360	-68	-231
97	0.0096	-502	-42	463
98	0.0097	46	96	-8
99	0.0098	246	432	37
100	0.0099	-173	-253	504

电流增量数据 [1000Hz, 10点]
采样序号	时间(s)	A相电流(INT)	B相电流(INT)	C相电流(INT)
1	0.000	31	-649	172
2	0.001	-563	-123	639
3	0.002	-762	-761	375
4	0.003	-1083	445	451
5	0.004	-958	1107	213
6	0.005	-67	1970	-1338
7	0.006	483	175	-844
8	0.007	779	-2949	-687
9	0.008	802	-2515	-173
10	0.009	1219	-4657	164
================================================================================

=== 采集时间: 2025-12-05 15:22:10 (增量周期: 10.0ms) ===
振动增量数据 [等效10000Hz, 100点]
时序序号	时间(s)	X振动(INT)	Y振动(INT)	Z振动(INT)
1	0.0000	-117	-144	281
2	0.0001	122	-32	-458
3	0.0002	458	-36	-203
4	0.0003	-358	-66	331
5	0.0004	71	-59	-124
6	0.0005	-226	359	163
7	0.0006	-199	-20	740
8	0.0007	-80	130	215
9	0.0008	-76	45	365
10	0.0009	471	502	-452
11	0.0010	-294	-331	241
12	0.0011	-4	-257	-254
13	0.0012	216	-262	-628
14	0.0013	-64	-4	14
15	0.0014	-36	120	298
16	0.0015	-247	181	185
17	0.0016	101	201	196
18	0.0017	-205	69	371
19	0.0018	-130	-21	457
20	0.0019	120	534	303
21	0.0020	-162	-190	71
22	0.0021	325	455	116
23	0.0022	-333	-234	-66
24	0.0023	169	-264	-405
25	0.0024	144	-2	-181
26	0.0025	-194	-81	284
27	0.0026	-101	158	-28
28	0.0027	268	167	-29
29	0.0028	-164	45	176
30	0.0029	-179	19	464
31	0.0030	27	390	482
32	0.0031	287	210	14
33	0.0032	-91	-34	101
34	0.0033	-217	53	39
35	0.0034	383	33	-695
36	0.0035	229	-516	-594
37	0.0036	-249	287	1278
38	0.0037	-284	304	-113
39	0.0038	522	-161	-591
40	0.0039	-306	10	395
41	0.0040	-380	-390	174
42	0.0041	306	736	-8
43	0.0042	40	73	315
44	0.0043	-67	49	686
45	0.0044	-106	19	-348
46	0.0045	272	-217	-449
47	0.0046	-75	27	-332
48	0.0047	253	-138	-186
49	0.0048	44	199	95
50	0.0049	207	-65	7
51	0.0050	-122	10	335
52	0.0051	116	-32	-164
53	0.0052	-87	13	-42
54	0.0053	80	66	32
55	0.0054	100	96	-45
56	0.0055	96	10	-84
57	0.0056	-74	-28	126
58	0.0057	-165	-11	140
59	0.0058	163	-27	-87
60	0.0059	80	114	-64
61	0.0060	-104	-106	114
62	0.0061	278	152	-144
63	0.0062	-106	-140	-161
64	0.0063	-80	92	610
65	0.0064	253	-14	-920
66	0.0065	374	-147	203
67	0.0066	-443	2	259
68	0.0067	69	-204	-234
69	0.0068	58	340	-261
70	0.0069	-106	-373	-6
71	0.0070	82	167	-2
72	0.0071	101	206	159
73	0.0072	-128	44	232
74	0.0073	-2	-81	-71
75	0.0074	152	75	-128
76	0.0075	-72	36	134
77	0.0076	135	-48	116
78	0.0077	-45	246	105
79	0.0078	-336	-100	301
80	0.0079	321	20	-408
81	0.0080	-66	-48	157
82	0.0081	-29	44	260
83	0.0082	-59	40	-192
84	0.0083	103	-70	-38
85	0.0084	-343	69	76
86	0.0085	-84	-132	-20
87	0.0086	443	370	-110
88	0.0087	-76	-246	216
89	0.0088	143	-59	-97
90	0.0089	201	218	-246
91	0.0090	-28	-328	-462
92	0.0091	-134	218	546
93	0.0092	60	173	-151
94	0.0093	481	-193	-949
95	0.0094	138	-63	202
96	0.0095	-358	-324	465
97	0.0096	208	219	-468
98	0.0097	242	190	135
99	0.0098	-123	-142	-21
100	0.0099	54	36	80

电流增量数据 [1000Hz, 10点]
采样序号	时间(s)	A相电流(INT)	B相电流(INT)	C相电流(INT)
1	0.000	14	427	-803
2	0.001	433	-303	-767
3	0.002	967	-7	-937
4	0.003	1098	-384	-210
5	0.004	-33	-572	1294
6	0.005	299	-4478	861
7	0.006	-10	-1792	966
8	0.007	-1232	-2092	1064
9	0.008	-783	398	487
10	0.009	-236	-271	-398
================================================================================

=== 采集时间: 2025-12-05 15:22:11 (增量周期: 10.0ms) ===
振动增量数据 [等效10000Hz, 100点]
时序序号	时间(s)	X振动(INT)	Y振动(INT)	Z振动(INT)
1	0.0000	190	33	6
2	0.0001	-195	78	41
3	0.0002	-335	-270	333
4	0.0003	-80	-11	-126
5	0.0004	528	252	-297
6	0.0005	-143	9	319
7	0.0006	-202	-160	335
8	0.0007	144	269	-473
9	0.0008	-57	-352	-128
10	0.0009	-166	-24	275
11	0.0010	156	186	-36
12	0.0011	143	289	-28
13	0.0012	-10	-115	-111
14	0.0013	-83	-285	92
15	0.0014	23	239	-19
16	0.0015	229	169	-27
17	0.0016	-71	-62	147
18	0.0017	-29	57	-222
19	0.0018	-68	-127	37
20	0.0019	-25	82	129
21	0.0020	207	-245	-427
22	0.0021	2	261	593
23	0.0022	-292	-14	164
24	0.0023	284	-213	-521
25	0.0024	-109	176	267
26	0.0025	-12	-170	0
27	0.0026	319	67	-166
28	0.0027	297	193	407
29	0.0028	-341	40	146
30	0.0029	-20	58	2
31	0.0030	-145	75	-124
32	0.0031	-67	-135	178
33	0.0032	16	246	24
34	0.0033	155	67	113
35	0.0034	10	10	104
36	0.0035	-177	-155	-8
37	0.0036	135	-123	-243
38	0.0037	22	65	61
39	0.0038	-117	-2	200
40	0.0039	126	50	-265
41	0.0040	78	125	280
42	0.0041	37	-187	-184
43	0.0042	389	-21	-145
44	0.0043	-219	111	360
45	0.0044	-378	144	226
46	0.0045	-58	303	-87
47	0.0046	-211	-61	226
48	0.0047	33	-106	23
49	0.0048	133	-151	-140
50	0.0049	242	180	216
51	0.0050	-407	75	610
52	0.0051	-262	80	301
53	0.0052	-156	40	236
54	0.0053	-100	92	305
55	0.0054	15	-102	-307
56	0.0055	288	-134	-111
57	0.0056	-33	92	83
58	0.0057	-7	-65	-212
59	0.0058	214	57	-297
60	0.0059	-121	1	210
61	0.0060	-177	-44	485
62	0.0061	237	185	-226
63	0.0062	-49	19	9
64	0.0063	79	-207	-188
65	0.0064	165	-182	-842
66	0.0065	78	-29	-98
67	0.0066	-267	-7	515
68	0.0067	65	148	-160
69	0.0068	193	20	328
70	0.0069	-464	48	452
71	0.0070	-259	49	408
72	0.0071	331	372	-243
73	0.0072	-25	-138	-274
74	0.0073	268	-233	-29
75	0.0074	-70	194	-29
76	0.0075	-46	0	-45
77	0.0076	-58	360	592
78	0.0077	-224	-96	83
79	0.0078	408	65	-256
80	0.0079	-126	-121	-11
81	0.0080	-81	-468	-248
82	0.0081	181	326	-4
83	0.0082	-17	-216	-230
84	0.0083	322	9	-61
85	0.0084	-349	-46	236
86	0.0085	-97	44	88
87	0.0086	-158	2	1
88	0.0087	-50	43	-37
89	0.0088	-132	353	917
90	0.0089	-122	112	80
91	0.0090	439	-83	-697
92	0.0091	-45	-187	37
93	0.0092	-361	-319	19
94	0.0093	356	250	-541
95	0.0094	-72	7	187
96	0.0095	124	-159	-87
97	0.0096	27	-21	110
98	0.0097	-256	-38	273
99	0.0098	-131	164	215
100	0.0099	11	58	-87

电流增量数据 [1000Hz, 10点]
采样序号	时间(s)	A相电流(INT)	B相电流(INT)	C相电流(INT)
1	0.000	-1175	408	1205
2	0.001	-1135	-2572	351
3	0.002	-973	-534	88
4	0.003	121	-645	-1126
5	0.004	405	-1298	-838
6	0.005	1447	-1325	-1300
7	0.006	743	-362	-209
8	0.007	842	-220	38
9	0.008	248	-1982	1166
10	0.009	-1442	-1233	1510
================================================================================
