
=== 采集时间: 2025-12-05 15:24:18 (增量周期: 10.0ms) ===
振动增量数据 [等效10000Hz, 100点]
时序序号	时间(s)	X振动(INT)	Y振动(INT)	Z振动(INT)
1	0.0000	-7	-8	14
2	0.0001	-4	13	2
3	0.0002	-2	13	-4
4	0.0003	0	5	1
5	0.0004	-12	-7	0
6	0.0005	-6	3	22
7	0.0006	1	16	7
8	0.0007	0	10	-14
9	0.0008	1	6	-3
10	0.0009	-14	-7	-4
11	0.0010	-14	6	18
12	0.0011	-6	16	7
13	0.0012	2	13	-4
14	0.0013	5	5	6
15	0.0014	-8	-8	1
16	0.0015	-6	-2	13
17	0.0016	-8	2	7
18	0.0017	-6	-2	-8
19	0.0018	2	0	3
20	0.0019	-12	-8	-2
21	0.0020	-8	0	15
22	0.0021	-12	7	3
23	0.0022	-12	2	-10
24	0.0023	2	7	0
25	0.0024	-6	-10	1
26	0.0025	-4	2	15
27	0.0026	0	14	11
28	0.0027	-7	19	3
29	0.0028	2	14	3
30	0.0029	-12	1	-2
31	0.0030	-11	-6	16
32	0.0031	-4	13	15
33	0.0032	6	26	10
34	0.0033	13	20	6
35	0.0034	1	-4	-3
36	0.0035	-4	-7	2
37	0.0036	-10	5	10
38	0.0037	-6	24	6
39	0.0038	6	16	6
40	0.0039	-17	-17	-7
41	0.0040	-10	-7	6
42	0.0041	-15	2	3
43	0.0042	9	27	0
44	0.0043	11	10	6
45	0.0044	-16	-24	-4
46	0.0045	-12	-7	10
47	0.0046	-23	11	2
48	0.0047	-2	26	9
49	0.0048	9	14	5
50	0.0049	-7	-14	-10
51	0.0050	-8	14	16
52	0.0051	-11	3	1
53	0.0052	-14	-3	-12
54	0.0053	6	1	-3
55	0.0054	-6	-3	2
56	0.0055	0	16	19
57	0.0056	-6	10	10
58	0.0057	-3	3	-6
59	0.0058	9	13	2
60	0.0059	-10	1	0
61	0.0060	-10	9	16
62	0.0061	-14	3	7
63	0.0062	-4	13	-6
64	0.0063	3	23	9
65	0.0064	-2	0	11
66	0.0065	-3	9	10
67	0.0066	-7	9	2
68	0.0067	-6	5	-8
69	0.0068	5	16	2
70	0.0069	-14	-4	6
71	0.0070	-11	6	20
72	0.0071	-7	9	3
73	0.0072	-4	6	-8
74	0.0073	1	5	1
75	0.0074	-12	-8	7
76	0.0075	-3	5	20
77	0.0076	-6	9	0
78	0.0077	-10	3	-14
79	0.0078	-2	2	1
80	0.0079	-17	-3	7
81	0.0080	-6	15	13
82	0.0081	-3	7	0
83	0.0082	-3	5	-4
84	0.0083	11	11	11
85	0.0084	-6	11	7
86	0.0085	2	37	36
87	0.0086	-2	20	7
88	0.0087	-7	-3	-14
89	0.0088	1	3	2
90	0.0089	-8	2	9
91	0.0090	5	26	27
92	0.0091	10	15	7
93	0.0092	-6	-20	-11
94	0.0093	5	-2	7
95	0.0094	-15	6	5
96	0.0095	-7	11	24
97	0.0096	1	7	2
98	0.0097	-8	-17	-14
99	0.0098	9	15	6
100	0.0099	-2	10	11

电流增量数据 [1000Hz, 10点]
采样序号	时间(s)	A相电流(INT)	B相电流(INT)	C相电流(INT)
1	0.000	10	1983	-2
2	0.001	5	-94	6
3	0.002	-31	-653	-6
4	0.003	6	4	-5
5	0.004	32	2828	6
6	0.005	-22	1550	-7
7	0.006	-14	1350	10
8	0.007	52	2739	1
9	0.008	14	892	0
10	0.009	27	348	-5
================================================================================

=== 采集时间: 2025-12-05 15:24:19 (增量周期: 10.0ms) ===
振动增量数据 [等效10000Hz, 100点]
时序序号	时间(s)	X振动(INT)	Y振动(INT)	Z振动(INT)
1	0.0000	-7	10	13
2	0.0001	-3	9	6
3	0.0002	2	9	-8
4	0.0003	15	6	9
5	0.0004	-6	5	5
6	0.0005	-2	11	16
7	0.0006	-10	10	5
8	0.0007	-8	3	-8
9	0.0008	-2	11	3
10	0.0009	-12	0	5
11	0.0010	-7	10	16
12	0.0011	-7	7	2
13	0.0012	0	14	-3
14	0.0013	5	11	2
15	0.0014	-4	-3	5
16	0.0015	-12	1	15
17	0.0016	-8	6	3
18	0.0017	-2	7	-6
19	0.0018	9	13	9
20	0.0019	-11	-14	3
21	0.0020	-7	-2	16
22	0.0021	0	11	9
23	0.0022	1	13	-6
24	0.0023	10	14	3
25	0.0024	-19	-11	5
26	0.0025	-2	7	11
27	0.0026	0	23	5
28	0.0027	7	13	3
29	0.0028	9	11	6
30	0.0029	-8	-4	1
31	0.0030	0	23	23
32	0.0031	0	28	16
33	0.0032	2	14	-2
34	0.0033	3	3	9
35	0.0034	-11	-10	2
36	0.0035	0	14	22
37	0.0036	-6	19	9
38	0.0037	2	0	-14
39	0.0038	-4	-7	-3
40	0.0039	-15	-19	2
41	0.0040	-10	10	13
42	0.0041	-6	9	1
43	0.0042	-6	-10	-14
44	0.0043	-3	-10	-6
45	0.0044	-7	0	6
46	0.0045	-6	14	18
47	0.0046	-12	2	1
48	0.0047	-11	-8	-14
49	0.0048	-7	-4	-3
50	0.0049	-6	15	13
51	0.0050	-12	-2	10
52	0.0051	-8	3	1
53	0.0052	-3	7	-3
54	0.0053	10	9	5
55	0.0054	-8	-17	0
56	0.0055	-4	-3	13
57	0.0056	-10	10	11
58	0.0057	-7	10	2
59	0.0058	7	13	1
60	0.0059	-17	-14	-7
61	0.0060	-6	6	11
62	0.0061	-3	22	7
63	0.0062	3	19	2
64	0.0063	11	13	10
65	0.0064	-14	-16	-4
66	0.0065	-7	16	13
67	0.0066	-8	19	2
68	0.0067	-7	9	-6
69	0.0068	14	9	5
70	0.0069	-3	-11	-3
71	0.0070	-2	6	15
72	0.0071	-11	6	6
73	0.0072	-12	3	-14
74	0.0073	6	7	-4
75	0.0074	-11	-17	-4
76	0.0075	-6	-2	11
77	0.0076	-16	3	5
78	0.0077	-11	3	-8
79	0.0078	0	-2	-4
80	0.0079	-10	-11	-2
81	0.0080	-15	-2	11
82	0.0081	-20	6	0
83	0.0082	-10	1	-11
84	0.0083	5	13	-3
85	0.0084	-8	-7	7
86	0.0085	-12	10	19
87	0.0086	-15	13	3
88	0.0087	-11	11	-11
89	0.0088	9	14	-4
90	0.0089	-14	-14	-2
91	0.0090	-14	-2	22
92	0.0091	-10	6	2
93	0.0092	-2	5	-8
94	0.0093	16	6	1
95	0.0094	-10	-17	-4
96	0.0095	-8	5	18
97	0.0096	-10	6	10
98	0.0097	-4	3	-8
99	0.0098	10	7	-4
100	0.0099	-14	-17	-2

电流增量数据 [1000Hz, 10点]
采样序号	时间(s)	A相电流(INT)	B相电流(INT)	C相电流(INT)
1	0.000	5	1310	-6
2	0.001	7	1278	-16
3	0.002	29	-589	-2
4	0.003	46	-1270	7
5	0.004	-10	4	-15
6	0.005	19	-1635	-6
7	0.006	5	787	7
8	0.007	-26	258	6
9	0.008	-25	1688	-4
10	0.009	3	-299	-4
================================================================================

=== 采集时间: 2025-12-05 15:24:19 (增量周期: 10.0ms) ===
振动增量数据 [等效10000Hz, 100点]
时序序号	时间(s)	X振动(INT)	Y振动(INT)	Z振动(INT)
1	0.0000	-2	13	16
2	0.0001	-2	13	13
3	0.0002	5	5	-6
4	0.0003	7	6	1
5	0.0004	-16	-12	3
6	0.0005	-4	11	22
7	0.0006	0	6	7
8	0.0007	-2	1	-11
9	0.0008	2	1	0
10	0.0009	-15	-11	-2
11	0.0010	-10	13	20
12	0.0011	-4	11	9
13	0.0012	0	2	-6
14	0.0013	7	3	7
15	0.0014	-12	-6	5
16	0.0015	-8	14	16
17	0.0016	-7	14	6
18	0.0017	-3	1	-10
19	0.0018	3	9	3
20	0.0019	-11	-4	10
21	0.0020	1	14	14
22	0.0021	1	13	2
23	0.0022	-3	1	-12
24	0.0023	5	-4	0
25	0.0024	-10	-10	3
26	0.0025	-8	9	20
27	0.0026	-2	5	3
28	0.0027	2	1	-10
29	0.0028	9	7	5
30	0.0029	-11	-4	5
31	0.0030	-2	10	18
32	0.0031	-3	9	2
33	0.0032	2	1	-3
34	0.0033	9	16	10
35	0.0034	-14	0	6
36	0.0035	-10	18	16
37	0.0036	-6	3	0
38	0.0037	-4	-7	-16
39	0.0038	7	16	7
40	0.0039	-7	3	10
41	0.0040	-6	16	19
42	0.0041	-6	-4	-8
43	0.0042	-6	-14	-19
44	0.0043	-2	9	2
45	0.0044	-14	-8	15
46	0.0045	-19	6	18
47	0.0046	-3	-8	-4
48	0.0047	-8	-11	-17
49	0.0048	1	2	-2
50	0.0049	-3	-2	2
51	0.0050	-14	1	13
52	0.0051	-11	0	-6
53	0.0052	-19	-7	-19
54	0.0053	-8	9	-4
55	0.0054	-7	2	7
56	0.0055	-6	14	20
57	0.0056	0	6	6
58	0.0057	-14	-7	-23
59	0.0058	-3	7	0
60	0.0059	-16	7	5
61	0.0060	-3	-7	11
62	0.0061	-7	10	1
63	0.0062	-11	13	-7
64	0.0063	0	2	6
65	0.0064	-11	-8	0
66	0.0065	-2	9	10
67	0.0066	0	16	-3
68	0.0067	-6	7	-10
69	0.0068	2	10	5
70	0.0069	-12	3	3
71	0.0070	-3	11	22
72	0.0071	-10	13	9
73	0.0072	-7	11	-8
74	0.0073	-6	7	1
75	0.0074	-12	-7	2
76	0.0075	2	5	20
77	0.0076	-6	9	7
78	0.0077	-4	3	-4
79	0.0078	-7	9	5
80	0.0079	-11	-7	2
81	0.0080	-8	5	11
82	0.0081	-4	2	6
83	0.0082	-2	9	-4
84	0.0083	1	5	7
85	0.0084	0	-4	1
86	0.0085	-8	-2	22
87	0.0086	-12	13	11
88	0.0087	-7	16	-6
89	0.0088	2	11	5
90	0.0089	-12	-12	2
91	0.0090	-6	-2	22
92	0.0091	-4	30	16
93	0.0092	2	24	-6
94	0.0093	5	14	2
95	0.0094	-11	-16	-6
96	0.0095	-6	5	11
97	0.0096	-7	19	14
98	0.0097	-3	16	-3
99	0.0098	11	6	-2
100	0.0099	-11	-17	-8

电流增量数据 [1000Hz, 10点]
采样序号	时间(s)	A相电流(INT)	B相电流(INT)	C相电流(INT)
1	0.000	-5	-1611	1
2	0.001	30	359	-13
3	0.002	25	-1877	2
4	0.003	34	805	4
5	0.004	0	119	9
6	0.005	7	1321	12
7	0.006	12	-220	9
8	0.007	31	-571	9
9	0.008	21	-161	6
10	0.009	52	1292	15
================================================================================

=== 采集时间: 2025-12-05 15:24:19 (增量周期: 10.0ms) ===
振动增量数据 [等效10000Hz, 100点]
时序序号	时间(s)	X振动(INT)	Y振动(INT)	Z振动(INT)
1	0.0000	-4	14	28
2	0.0001	2	10	6
3	0.0002	-2	-7	-10
4	0.0003	7	-2	13
5	0.0004	-8	9	9
6	0.0005	-12	6	20
7	0.0006	-6	13	9
8	0.0007	-7	-8	-10
9	0.0008	7	5	11
10	0.0009	-8	6	5
11	0.0010	-4	2	10
12	0.0011	-3	18	2
13	0.0012	0	2	-6
14	0.0013	7	10	7
15	0.0014	-3	6	6
16	0.0015	-3	6	18
17	0.0016	0	13	2
18	0.0017	-4	9	-7
19	0.0018	-3	7	10
20	0.0019	-12	-2	5
21	0.0020	-6	10	19
22	0.0021	-4	9	9
23	0.0022	-2	6	-7
24	0.0023	-2	-3	-2
25	0.0024	-12	-7	0
26	0.0025	-8	-3	14
27	0.0026	-12	5	1
28	0.0027	-4	3	-6
29	0.0028	-8	0	3
30	0.0029	-8	1	6
31	0.0030	-8	6	16
32	0.0031	-4	7	2
33	0.0032	-6	-3	-8
34	0.0033	2	5	6
35	0.0034	-6	5	6
36	0.0035	-7	14	26
37	0.0036	-2	9	3
38	0.0037	-6	3	-15
39	0.0038	0	7	14
40	0.0039	-11	3	7
41	0.0040	-3	11	18
42	0.0041	-3	13	6
43	0.0042	0	1	-14
44	0.0043	13	6	9
45	0.0044	-6	10	18
46	0.0045	-7	13	20
47	0.0046	-4	13	7
48	0.0047	0	1	-10
49	0.0048	9	6	3
50	0.0049	-4	2	9
51	0.0050	-2	19	23
52	0.0051	-7	10	2
53	0.0052	-4	0	-11
54	0.0053	7	20	3
55	0.0054	-16	-11	6
56	0.0055	-4	10	26
57	0.0056	-8	10	11
58	0.0057	-2	2	-4
59	0.0058	2	10	2
60	0.0059	-17	-12	7
61	0.0060	-6	9	10
62	0.0061	-6	1	-2
63	0.0062	-3	-3	-15
64	0.0063	2	9	2
65	0.0064	-16	-8	7
66	0.0065	-4	11	16
67	0.0066	-4	11	2
68	0.0067	-2	3	-17
69	0.0068	0	9	6
70	0.0069	-17	-2	10
71	0.0070	-11	18	22
72	0.0071	2	19	10
73	0.0072	-6	-2	-6
74	0.0073	13	13	7
75	0.0074	-7	2	6
76	0.0075	-2	18	16
77	0.0076	6	15	3
78	0.0077	-11	-4	-15
79	0.0078	5	11	7
80	0.0079	-20	0	6
81	0.0080	-6	15	20
82	0.0081	-2	6	-2
83	0.0082	-6	-8	-12
84	0.0083	3	7	11
85	0.0084	-12	-3	10
86	0.0085	-3	10	15
87	0.0086	-7	-2	0
88	0.0087	-14	-7	-8
89	0.0088	2	16	6
90	0.0089	-17	3	0
91	0.0090	-7	1	10
92	0.0091	-8	-3	-4
93	0.0092	-10	3	-6
94	0.0093	2	36	10
95	0.0094	-10	7	9
96	0.0095	-12	-6	1
97	0.0096	-11	-12	-12
98	0.0097	-17	-7	-7
99	0.0098	2	30	11
100	0.0099	-7	2	3

电流增量数据 [1000Hz, 10点]
采样序号	时间(s)	A相电流(INT)	B相电流(INT)	C相电流(INT)
1	0.000	15	1017	-2
2	0.001	14	1498	18
3	0.002	22	1412	3
4	0.003	11	1738	3
5	0.004	3	-2067	-3
6	0.005	30	218	9
7	0.006	0	-1798	5
8	0.007	30	906	-5
9	0.008	18	-43	18
10	0.009	-7	1290	-6
================================================================================

=== 采集时间: 2025-12-05 15:24:19 (增量周期: 10.0ms) ===
振动增量数据 [等效10000Hz, 100点]
时序序号	时间(s)	X振动(INT)	Y振动(INT)	Z振动(INT)
1	0.0000	-6	9	18
2	0.0001	2	14	7
3	0.0002	-6	-3	-12
4	0.0003	3	2	3
5	0.0004	-16	-12	2
6	0.0005	-3	5	11
7	0.0006	2	13	2
8	0.0007	-6	1	-7
9	0.0008	-3	2	5
10	0.0009	-15	-3	6
11	0.0010	-7	14	13
12	0.0011	0	10	1
13	0.0012	-4	-8	-6
14	0.0013	6	13	10
15	0.0014	-10	6	9
16	0.0015	-8	22	23
17	0.0016	-4	20	3
18	0.0017	-3	-4	-10
19	0.0018	7	18	15
20	0.0019	-8	5	15
21	0.0020	-6	15	14
22	0.0021	6	13	-10
23	0.0022	-3	-6	-16
24	0.0023	11	13	18
25	0.0024	-12	6	10
26	0.0025	-15	7	14
27	0.0026	-10	-2	-3
28	0.0027	-10	-14	-16
29	0.0028	10	14	5
30	0.0029	-6	-7	13
31	0.0030	-8	-4	15
32	0.0031	0	5	3
33	0.0032	-12	-4	-4
34	0.0033	-3	18	7
35	0.0034	-17	3	5
36	0.0035	-15	10	7
37	0.0036	5	19	0
38	0.0037	-6	2	2
39	0.0038	5	9	7
40	0.0039	-14	-7	2
41	0.0040	-12	1	9
42	0.0041	-3	22	2
43	0.0042	-3	3	-4
44	0.0043	0	2	5
45	0.0044	-11	-15	10
46	0.0045	-7	5	10
47	0.0046	1	19	1
48	0.0047	-7	-4	-14
49	0.0048	5	9	7
50	0.0049	-14	-12	6
51	0.0050	-10	11	18
52	0.0051	-3	15	7
53	0.0052	2	2	-16
54	0.0053	10	9	2
55	0.0054	-6	-4	5
56	0.0055	-7	9	19
57	0.0056	-6	6	0
58	0.0057	-2	-2	-11
59	0.0058	5	9	14
60	0.0059	-8	2	15
61	0.0060	-2	5	15
62	0.0061	3	10	11
63	0.0062	3	3	-3
64	0.0063	10	14	18
65	0.0064	-6	0	7
66	0.0065	-4	2	16
67	0.0066	-3	16	2
68	0.0067	-2	10	-6
69	0.0068	7	22	10
70	0.0069	-6	-3	10
71	0.0070	1	13	22
72	0.0071	10	30	14
73	0.0072	5	24	5
74	0.0073	-2	-3	10
75	0.0074	-6	-10	2
76	0.0075	-6	6	20
77	0.0076	-3	28	16
78	0.0077	9	11	2
79	0.0078	0	-3	6
80	0.0079	-7	-16	-2
81	0.0080	-12	6	10
82	0.0081	-3	20	10
83	0.0082	0	-3	-10
84	0.0083	0	-11	6
85	0.0084	-7	-10	7
86	0.0085	-2	7	19
87	0.0086	-7	19	2
88	0.0087	-6	-7	-16
89	0.0088	-4	-2	1
90	0.0089	-10	13	16
91	0.0090	1	15	22
92	0.0091	3	16	10
93	0.0092	3	5	-4
94	0.0093	3	14	9
95	0.0094	-10	11	6
96	0.0095	-4	5	10
97	0.0096	-3	11	3
98	0.0097	-3	9	1
99	0.0098	7	18	18
100	0.0099	-2	2	6

电流增量数据 [1000Hz, 10点]
采样序号	时间(s)	A相电流(INT)	B相电流(INT)	C相电流(INT)
1	0.000	4	-578	-3
2	0.001	-15	-708	-5
3	0.002	24	3608	-8
4	0.003	-4	389	12
5	0.004	22	1839	18
6	0.005	42	177	-2
7	0.006	36	862	-3
8	0.007	11	27	2
9	0.008	31	777	7
10	0.009	50	1431	12
================================================================================

=== 采集时间: 2025-12-05 15:24:20 (增量周期: 10.0ms) ===
振动增量数据 [等效10000Hz, 100点]
时序序号	时间(s)	X振动(INT)	Y振动(INT)	Z振动(INT)
1	0.0000	5	22	11
2	0.0001	2	16	6
3	0.0002	0	9	-6
4	0.0003	10	19	19
5	0.0004	-14	9	14
6	0.0005	2	32	22
7	0.0006	3	15	2
8	0.0007	2	3	-10
9	0.0008	10	10	16
10	0.0009	-12	13	20
11	0.0010	0	24	24
12	0.0011	-4	2	6
13	0.0012	-4	-8	-8
14	0.0013	7	6	11
15	0.0014	-11	9	14
16	0.0015	-4	11	14
17	0.0016	-6	-10	-4
18	0.0017	-2	-3	-8
19	0.0018	9	16	13
20	0.0019	-6	11	15
21	0.0020	-3	3	5
22	0.0021	-7	-2	-2
23	0.0022	-3	11	-4
24	0.0023	11	26	24
25	0.0024	-6	6	15
26	0.0025	-2	9	20
27	0.0026	-7	11	3
28	0.0027	-2	18	-7
29	0.0028	9	19	13
30	0.0029	-7	-8	7
31	0.0030	-2	9	18
32	0.0031	-3	15	7
33	0.0032	-6	14	-11
34	0.0033	3	9	6
35	0.0034	-17	-12	-2
36	0.0035	-6	3	7
37	0.0036	-2	7	-2
38	0.0037	-2	6	-4
39	0.0038	9	11	18
40	0.0039	-10	-3	13
41	0.0040	-4	7	10
42	0.0041	-6	7	1
43	0.0042	-11	5	-8
44	0.0043	-2	9	5
45	0.0044	-8	2	6
46	0.0045	-2	11	18
47	0.0046	-3	6	2
48	0.0047	-6	5	-4
49	0.0048	0	9	9
50	0.0049	-6	11	6
51	0.0050	-12	5	14
52	0.0051	-6	3	1
53	0.0052	-4	-3	-11
54	0.0053	2	6	6
55	0.0054	-19	-7	7
56	0.0055	-7	10	16
57	0.0056	-3	15	2
58	0.0057	-7	11	-11
59	0.0058	1	11	2
60	0.0059	-23	-25	5
61	0.0060	-11	7	20
62	0.0061	6	27	10
63	0.0062	-6	11	-6
64	0.0063	5	9	1
65	0.0064	-17	-21	-3
66	0.0065	-4	7	26
67	0.0066	13	30	18
68	0.0067	-6	9	1
69	0.0068	2	7	10
70	0.0069	-14	-21	2
71	0.0070	-6	22	14
72	0.0071	16	26	10
73	0.0072	-8	-10	-6
74	0.0073	5	9	9
75	0.0074	-17	-19	-3
76	0.0075	-8	22	22
77	0.0076	10	19	11
78	0.0077	-10	-8	-11
79	0.0078	5	14	9
80	0.0079	-15	-12	9
81	0.0080	-10	16	14
82	0.0081	-3	9	-2
83	0.0082	-15	-14	-11
84	0.0083	7	20	7
85	0.0084	-6	3	18
86	0.0085	0	10	13
87	0.0086	0	9	5
88	0.0087	-10	-15	-11
89	0.0088	6	19	11
90	0.0089	-16	-8	6
91	0.0090	-8	5	10
92	0.0091	-4	2	0
93	0.0092	0	-7	-3
94	0.0093	10	19	16
95	0.0094	-15	-14	2
96	0.0095	-6	7	6
97	0.0096	-4	9	3
98	0.0097	2	3	2
99	0.0098	18	27	15
100	0.0099	-8	-12	7

电流增量数据 [1000Hz, 10点]
采样序号	时间(s)	A相电流(INT)	B相电流(INT)	C相电流(INT)
1	0.000	37	1095	6
2	0.001	-4	368	-2
3	0.002	20	468	-4
4	0.003	0	1191	2
5	0.004	21	1492	18
6	0.005	15	1931	-4
7	0.006	7	-2507	-8
8	0.007	20	-166	-17
9	0.008	-15	-470	-12
10	0.009	27	314	5
================================================================================

=== 采集时间: 2025-12-05 15:24:20 (增量周期: 10.0ms) ===
振动增量数据 [等效10000Hz, 100点]
时序序号	时间(s)	X振动(INT)	Y振动(INT)	Z振动(INT)
1	0.0000	-4	13	20
2	0.0001	1	7	7
3	0.0002	-3	9	-8
4	0.0003	5	18	13
5	0.0004	-15	-4	-4
6	0.0005	-7	5	9
7	0.0006	0	9	2
8	0.0007	-6	6	-3
9	0.0008	5	13	15
10	0.0009	-12	-4	7
11	0.0010	-6	1	7
12	0.0011	-3	13	-3
13	0.0012	-4	2	-11
14	0.0013	2	7	13
15	0.0014	-16	-4	16
16	0.0015	-8	11	15
17	0.0016	3	19	-2
18	0.0017	2	3	-8
19	0.0018	-2	3	7
20	0.0019	-11	-4	7
21	0.0020	-7	9	6
22	0.0021	-4	14	-2
23	0.0022	-6	6	-4
24	0.0023	-6	2	2
25	0.0024	-11	-2	5
26	0.0025	-2	7	10
27	0.0026	1	11	1
28	0.0027	-3	-3	-8
29	0.0028	-4	5	7
30	0.0029	-15	-11	3
31	0.0030	-4	6	7
32	0.0031	-2	7	3
33	0.0032	-8	-4	-10
34	0.0033	-3	3	13
35	0.0034	-12	-12	3
36	0.0035	0	10	13
37	0.0036	1	13	5
38	0.0037	-6	2	-10
39	0.0038	1	10	11
40	0.0039	-12	5	13
41	0.0040	-6	14	16
42	0.0041	3	6	2
43	0.0042	1	2	-4
44	0.0043	14	28	20
45	0.0044	-2	11	11
46	0.0045	-8	-2	6
47	0.0046	-6	-3	-4
48	0.0047	-10	3	-6
49	0.0048	7	30	20
50	0.0049	-10	10	7
51	0.0050	-7	2	5
52	0.0051	-2	-2	-3
53	0.0052	3	7	-3
54	0.0053	10	24	15
55	0.0054	-6	13	20
56	0.0055	-4	3	11
57	0.0056	2	10	-2
58	0.0057	-4	7	-10
59	0.0058	5	24	19
60	0.0059	1	3	22
61	0.0060	-8	9	16
62	0.0061	0	7	3
63	0.0062	-6	-4	-11
64	0.0063	2	13	7
65	0.0064	-12	-11	-2
66	0.0065	-3	2	6
67	0.0066	0	1	0
68	0.0067	-4	-3	-10
69	0.0068	7	14	14
70	0.0069	-24	-12	7
71	0.0070	-12	-3	6
72	0.0071	-4	6	-11
73	0.0072	-7	-8	-14
74	0.0073	5	9	10
75	0.0074	-16	-8	10
76	0.0075	-7	10	14
77	0.0076	-3	15	0
78	0.0077	-7	5	-14
79	0.0078	1	14	10
80	0.0079	-12	-2	3
81	0.0080	-2	13	14
82	0.0081	3	7	5
83	0.0082	0	2	-6
84	0.0083	0	5	7
85	0.0084	-15	-10	3
86	0.0085	-2	5	7
87	0.0086	-6	3	-2
88	0.0087	-2	2	-4
89	0.0088	-2	10	2
90	0.0089	-10	-3	1
91	0.0090	-6	5	9
92	0.0091	-2	5	-4
93	0.0092	-11	-3	-12
94	0.0093	-2	9	7
95	0.0094	-17	-6	0
96	0.0095	-12	18	7
97	0.0096	-10	13	1
98	0.0097	-17	-4	-14
99	0.0098	3	6	15
100	0.0099	-7	3	2

电流增量数据 [1000Hz, 10点]
采样序号	时间(s)	A相电流(INT)	B相电流(INT)	C相电流(INT)
1	0.000	21	1184	16
2	0.001	28	1356	-4
3	0.002	41	1529	14
4	0.003	15	-2181	7
5	0.004	10	-297	11
6	0.005	42	106	-6
7	0.006	11	-504	22
8	0.007	5	-114	12
9	0.008	12	552	13
10	0.009	9	1370	18
================================================================================

=== 采集时间: 2025-12-05 15:24:20 (增量周期: 10.0ms) ===
振动增量数据 [等效10000Hz, 100点]
时序序号	时间(s)	X振动(INT)	Y振动(INT)	Z振动(INT)
1	0.0000	-6	7	13
2	0.0001	0	13	1
3	0.0002	-12	-4	-16
4	0.0003	1	9	6
5	0.0004	-20	5	5
6	0.0005	2	18	14
7	0.0006	5	20	5
8	0.0007	-4	-3	-8
9	0.0008	-2	2	10
10	0.0009	-14	-2	7
11	0.0010	-4	14	10
12	0.0011	-4	7	-2
13	0.0012	-10	-17	-15
14	0.0013	-2	-2	6
15	0.0014	-15	2	13
16	0.0015	-2	20	13
17	0.0016	3	11	0
18	0.0017	-6	-3	-16
19	0.0018	-6	6	13
20	0.0019	-16	5	15
21	0.0020	-6	14	14
22	0.0021	-7	10	-7
23	0.0022	-7	2	-7
24	0.0023	-6	7	14
25	0.0024	-6	11	20
26	0.0025	-2	9	7
27	0.0026	3	5	-4
28	0.0027	-8	-4	-11
29	0.0028	-7	5	11
30	0.0029	-16	5	9
31	0.0030	-11	5	11
32	0.0031	-3	9	-3
33	0.0032	-7	-4	-12
34	0.0033	7	7	7
35	0.0034	-6	-2	5
36	0.0035	-3	10	15
37	0.0036	2	16	2
38	0.0037	-10	6	-11
39	0.0038	-3	6	9
40	0.0039	-23	7	9
41	0.0040	-3	18	10
42	0.0041	3	14	-2
43	0.0042	5	9	-3
44	0.0043	5	10	14
45	0.0044	-19	2	6
46	0.0045	-14	10	11
47	0.0046	-2	9	-4
48	0.0047	-2	7	-10
49	0.0048	6	14	15
50	0.0049	-21	-11	11
51	0.0050	-3	7	13
52	0.0051	0	5	-3
53	0.0052	-2	-2	-10
54	0.0053	2	2	6
55	0.0054	-20	-14	10
56	0.0055	1	9	15
57	0.0056	3	6	3
58	0.0057	-2	3	-2
59	0.0058	-11	2	0
60	0.0059	-24	-7	1
61	0.0060	-8	3	11
62	0.0061	-2	9	1
63	0.0062	-3	9	-3
64	0.0063	5	14	11
65	0.0064	-12	-10	2
66	0.0065	-8	-10	1
67	0.0066	-4	9	2
68	0.0067	-3	9	-4
69	0.0068	13	16	13
70	0.0069	-8	-10	9
71	0.0070	-12	-6	5
72	0.0071	-4	15	-6
73	0.0072	-3	14	-8
74	0.0073	10	22	22
75	0.0074	-8	-4	15
76	0.0075	1	7	10
77	0.0076	-2	19	5
78	0.0077	-6	13	0
79	0.0078	0	23	22
80	0.0079	-14	3	7
81	0.0080	0	13	13
82	0.0081	0	13	1
83	0.0082	-3	5	2
84	0.0083	7	19	22
85	0.0084	-6	-7	10
86	0.0085	-2	2	10
87	0.0086	-4	9	0
88	0.0087	-4	0	-6
89	0.0088	1	13	16
90	0.0089	-7	1	10
91	0.0090	-8	9	11
92	0.0091	0	9	1
93	0.0092	-2	1	1
94	0.0093	10	18	16
95	0.0094	3	-3	11
96	0.0095	-3	10	7
97	0.0096	1	18	5
98	0.0097	-14	11	0
99	0.0098	3	23	27
100	0.0099	-2	5	13

电流增量数据 [1000Hz, 10点]
采样序号	时间(s)	A相电流(INT)	B相电流(INT)	C相电流(INT)
1	0.000	36	-84	6
2	0.001	4	-820	3
3	0.002	22	-101	13
4	0.003	30	2377	16
5	0.004	36	1809	12
6	0.005	10	1074	15
7	0.006	19	2284	16
8	0.007	23	409	7
9	0.008	11	316	-8
10	0.009	29	-625	7
================================================================================

=== 采集时间: 2025-12-05 15:24:21 (增量周期: 10.0ms) ===
振动增量数据 [等效10000Hz, 100点]
时序序号	时间(s)	X振动(INT)	Y振动(INT)	Z振动(INT)
1	0.0000	-7	7	7
2	0.0001	0	15	1
3	0.0002	-2	5	-8
4	0.0003	2	5	11
5	0.0004	-17	-15	1
6	0.0005	-11	-3	1
7	0.0006	-2	7	-6
8	0.0007	-4	5	-4
9	0.0008	0	9	11
10	0.0009	-23	-10	2
11	0.0010	-10	-4	2
12	0.0011	-4	9	-7
13	0.0012	-4	5	-4
14	0.0013	-3	13	19
15	0.0014	-19	-2	10
16	0.0015	-11	11	0
17	0.0016	-3	11	-2
18	0.0017	-2	-3	-2
19	0.0018	5	16	30
20	0.0019	-11	5	10
21	0.0020	-11	13	1
22	0.0021	-2	5	-14
23	0.0022	-7	-4	-7
24	0.0023	11	19	23
25	0.0024	9	14	20
26	0.0025	-11	5	6
27	0.0026	1	-2	-7
28	0.0027	-14	-7	-11
29	0.0028	7	16	19
30	0.0029	-4	3	13
31	0.0030	-11	-6	10
32	0.0031	1	3	-3
33	0.0032	-14	1	-6
34	0.0033	9	30	27
35	0.0034	-14	3	11
36	0.0035	-8	-2	5
37	0.0036	-2	13	-6
38	0.0037	-7	6	-6
39	0.0038	11	27	26
40	0.0039	-16	-8	5
41	0.0040	-11	-4	-6
42	0.0041	-8	7	-15
43	0.0042	-6	1	-8
44	0.0043	6	20	16
45	0.0044	-17	-15	6
46	0.0045	-8	-6	2
47	0.0046	-6	6	-8
48	0.0047	-8	1	-4
49	0.0048	5	13	16
50	0.0049	-15	-15	11
51	0.0050	-7	6	7
52	0.0051	-2	9	-4
53	0.0052	-4	7	-7
54	0.0053	2	13	18
55	0.0054	-4	0	16
56	0.0055	3	7	11
57	0.0056	9	19	2
58	0.0057	1	9	-2
59	0.0058	2	7	16
60	0.0059	-12	-2	10
61	0.0060	-10	6	2
62	0.0061	-3	0	-4
63	0.0062	-6	-4	-4
64	0.0063	2	5	16
65	0.0064	-10	6	7
66	0.0065	-6	13	10
67	0.0066	-4	3	-3
68	0.0067	-6	5	-7
69	0.0068	-4	3	11
70	0.0069	-12	1	9
71	0.0070	2	26	16
72	0.0071	6	22	2
73	0.0072	-4	-2	-12
74	0.0073	0	-2	6
75	0.0074	-14	2	11
76	0.0075	5	37	23
77	0.0076	10	19	5
78	0.0077	-6	-14	-8
79	0.0078	5	1	18
80	0.0079	-11	2	9
81	0.0080	3	27	13
82	0.0081	9	13	1
83	0.0082	-7	-14	-12
84	0.0083	13	6	10
85	0.0084	-8	2	11
86	0.0085	0	23	14
87	0.0086	-3	3	-6
88	0.0087	-14	-11	-15
89	0.0088	2	14	15
90	0.0089	-8	10	18
91	0.0090	6	26	22
92	0.0091	1	6	0
93	0.0092	-2	2	-4
94	0.0093	5	22	18
95	0.0094	-11	7	19
96	0.0095	-3	15	15
97	0.0096	0	3	2
98	0.0097	-6	6	-3
99	0.0098	6	16	20
100	0.0099	-11	-4	10

电流增量数据 [1000Hz, 10点]
采样序号	时间(s)	A相电流(INT)	B相电流(INT)	C相电流(INT)
1	0.000	15	-750	24
2	0.001	24	-616	13
3	0.002	22	-463	13
4	0.003	36	1296	16
5	0.004	-4	2396	0
6	0.005	13	806	21
7	0.006	-13	2459	3
8	0.007	43	189	24
9	0.008	27	543	-7
10	0.009	-8	-526	-4
================================================================================

=== 采集时间: 2025-12-05 15:24:21 (增量周期: 10.0ms) ===
振动增量数据 [等效10000Hz, 100点]
时序序号	时间(s)	X振动(INT)	Y振动(INT)	Z振动(INT)
1	0.0000	-11	6	2
2	0.0001	-4	13	1
3	0.0002	-6	2	-3
4	0.0003	5	14	20
5	0.0004	-6	0	14
6	0.0005	-4	6	6
7	0.0006	-2	9	-7
8	0.0007	-8	-4	-3
9	0.0008	-7	1	14
10	0.0009	-15	-3	10
11	0.0010	-7	10	7
12	0.0011	0	10	2
13	0.0012	-7	-8	-14
14	0.0013	5	7	10
15	0.0014	-15	2	14
16	0.0015	-2	11	13
17	0.0016	2	13	-3
18	0.0017	-15	-3	-14
19	0.0018	-6	6	14
20	0.0019	-17	3	9
21	0.0020	3	16	16
22	0.0021	15	20	7
23	0.0022	-4	-2	0
24	0.0023	-3	7	16
25	0.0024	-11	0	6
26	0.0025	-6	10	7
27	0.0026	11	20	2
28	0.0027	-12	-8	-6
29	0.0028	-2	3	19
30	0.0029	-11	1	6
31	0.0030	-7	9	2
32	0.0031	7	9	-7
33	0.0032	-7	-15	-16
34	0.0033	0	7	19
35	0.0034	-4	0	14
36	0.0035	-6	6	11
37	0.0036	-2	7	-3
38	0.0037	-11	-6	-7
39	0.0038	-3	16	11
40	0.0039	-6	2	18
41	0.0040	-3	9	13
42	0.0041	9	15	2
43	0.0042	-3	1	1
44	0.0043	-2	18	14
45	0.0044	-8	6	11
46	0.0045	-10	-2	2
47	0.0046	3	11	0
48	0.0047	0	2	-4
49	0.0048	9	19	20
50	0.0049	-6	-3	10
51	0.0050	0	2	3
52	0.0051	5	14	0
53	0.0052	-3	5	0
54	0.0053	-3	7	16
55	0.0054	-17	-16	6
56	0.0055	-6	-3	5
57	0.0056	0	14	2
58	0.0057	-4	2	-7
59	0.0058	2	9	7
60	0.0059	-17	-7	2
61	0.0060	-4	10	7
62	0.0061	0	0	0
63	0.0062	1	-4	-16
64	0.0063	0	6	11
65	0.0064	-19	-3	5
66	0.0065	-14	-2	3
67	0.0066	-6	9	2
68	0.0067	-6	-3	-7
69	0.0068	0	9	10
70	0.0069	-19	-10	6
71	0.0070	-11	-6	6
72	0.0071	6	9	-6
73	0.0072	6	2	-12
74	0.0073	-7	5	6
75	0.0074	-19	6	10
76	0.0075	-20	11	1
77	0.0076	-2	18	-2
78	0.0077	-6	-6	-15
79	0.0078	-8	6	14
80	0.0079	-14	9	10
81	0.0080	-6	9	9
82	0.0081	6	7	-3
83	0.0082	-7	-14	-12
84	0.0083	-6	3	10
85	0.0084	-20	1	5
86	0.0085	-16	-2	3
87	0.0086	0	3	-4
88	0.0087	-6	-12	-15
89	0.0088	3	6	18
90	0.0089	-7	11	3
91	0.0090	-8	10	1
92	0.0091	-3	6	-4
93	0.0092	-12	-8	-10
94	0.0093	2	24	16
95	0.0094	-7	16	16
96	0.0095	-3	16	11
97	0.0096	2	1	-6
98	0.0097	-15	-8	-14
99	0.0098	-2	11	15
100	0.0099	-4	19	15

电流增量数据 [1000Hz, 10点]
采样序号	时间(s)	A相电流(INT)	B相电流(INT)	C相电流(INT)
1	0.000	19	1134	1
2	0.001	30	486	14
3	0.002	67	-1877	14
4	0.003	39	69	7
5	0.004	11	-2248	-5
6	0.005	19	533	21
7	0.006	-11	-212	3
8	0.007	20	1089	16
9	0.008	27	-443	12
10	0.009	23	-739	-5
================================================================================

=== 采集时间: 2025-12-05 15:24:21 (增量周期: 10.0ms) ===
振动增量数据 [等效10000Hz, 100点]
时序序号	时间(s)	X振动(INT)	Y振动(INT)	Z振动(INT)
1	0.0000	-10	2	0
2	0.0001	-6	-8	-11
3	0.0002	-2	2	-15
4	0.0003	0	3	16
5	0.0004	-8	-4	16
6	0.0005	-4	6	7
7	0.0006	2	6	0
8	0.0007	-11	3	-7
9	0.0008	-7	3	14
10	0.0009	-12	-2	13
11	0.0010	-6	14	6
12	0.0011	5	15	5
13	0.0012	-3	6	-4
14	0.0013	2	10	14
15	0.0014	-16	0	7
16	0.0015	-4	9	6
17	0.0016	5	22	0
18	0.0017	-4	7	-2
19	0.0018	1	10	24
20	0.0019	-16	-11	10
21	0.0020	5	13	7
22	0.0021	9	18	10
23	0.0022	3	6	2
24	0.0023	7	5	14
25	0.0024	-6	-8	3
26	0.0025	-2	9	10
27	0.0026	5	23	10
28	0.0027	-4	10	-2
29	0.0028	1	2	15
30	0.0029	-2	-14	-3
31	0.0030	0	16	7
32	0.0031	2	16	11
33	0.0032	0	18	6
34	0.0033	0	18	18
35	0.0034	-8	-3	7
36	0.0035	-4	3	3
37	0.0036	2	10	9
38	0.0037	-2	16	5
39	0.0038	11	23	26
40	0.0039	1	-4	6
41	0.0040	-2	-4	-2
42	0.0041	0	9	2
43	0.0042	-12	2	1
44	0.0043	7	19	20
45	0.0044	-7	-11	2
46	0.0045	-3	-8	5
47	0.0046	5	6	1
48	0.0047	-6	13	-2
49	0.0048	6	15	16
50	0.0049	-17	-21	-2
51	0.0050	2	23	16
52	0.0051	5	3	5
53	0.0052	-3	-19	-12
54	0.0053	3	20	15
55	0.0054	-20	0	14
56	0.0055	3	14	6
57	0.0056	6	5	-3
58	0.0057	-2	-11	-8
59	0.0058	7	15	16
60	0.0059	-12	3	14
61	0.0060	-7	6	6
62	0.0061	3	2	-8
63	0.0062	-2	0	-7
64	0.0063	7	19	18
65	0.0064	-8	5	18
66	0.0065	-4	10	9
67	0.0066	2	1	-7
68	0.0067	-2	2	-8
69	0.0068	0	19	13
70	0.0069	-11	7	9
71	0.0070	-8	11	6
72	0.0071	1	5	-2
73	0.0072	-4	1	-8
74	0.0073	2	19	24
75	0.0074	-19	1	13
76	0.0075	-12	-4	-2
77	0.0076	5	-4	-7
78	0.0077	-12	-4	-6
79	0.0078	0	18	23
80	0.0079	-14	3	13
81	0.0080	-7	-8	1
82	0.0081	1	5	-7
83	0.0082	-8	2	-6
84	0.0083	5	27	26
85	0.0084	-16	6	10
86	0.0085	-2	3	0
87	0.0086	5	11	-6
88	0.0087	-7	1	0
89	0.0088	3	28	27
90	0.0089	-10	10	18
91	0.0090	-10	9	2
92	0.0091	-3	6	-15
93	0.0092	-6	-16	-14
94	0.0093	1	15	22
95	0.0094	-2	10	19
96	0.0095	-4	9	2
97	0.0096	0	6	-14
98	0.0097	-8	-12	-16
99	0.0098	-7	9	14
100	0.0099	-2	9	11

电流增量数据 [1000Hz, 10点]
采样序号	时间(s)	A相电流(INT)	B相电流(INT)	C相电流(INT)
1	0.000	40	2605	24
2	0.001	1	169	1
3	0.002	50	696	5
4	0.003	11	-364	10
5	0.004	-4	510	-5
6	0.005	-16	1160	-5
7	0.006	10	1495	-4
8	0.007	-6	1330	-3
9	0.008	18	-2021	5
10	0.009	41	-32	5
================================================================================

=== 采集时间: 2025-12-05 15:24:21 (增量周期: 10.0ms) ===
振动增量数据 [等效10000Hz, 100点]
时序序号	时间(s)	X振动(INT)	Y振动(INT)	Z振动(INT)
1	0.0000	9	2	1
2	0.0001	6	3	2
3	0.0002	2	1	2
4	0.0003	0	9	19
5	0.0004	-10	9	15
6	0.0005	-8	2	6
7	0.0006	1	15	5
8	0.0007	-2	9	-3
9	0.0008	3	10	23
10	0.0009	1	16	13
11	0.0010	2	13	18
12	0.0011	3	26	9
13	0.0012	3	13	-3
14	0.0013	0	3	15
15	0.0014	-7	16	14
16	0.0015	1	19	14
17	0.0016	7	23	5
18	0.0017	1	1	-3
19	0.0018	0	-3	13
20	0.0019	-6	5	15
21	0.0020	-2	18	9
22	0.0021	3	18	6
23	0.0022	-6	-4	-4
24	0.0023	-7	-12	13
25	0.0024	-4	5	7
26	0.0025	-2	16	10
27	0.0026	5	19	3
28	0.0027	-4	0	-10
29	0.0028	0	1	18
30	0.0029	-14	6	7
31	0.0030	-2	18	9
32	0.0031	6	24	3
33	0.0032	-7	-3	-8
34	0.0033	0	9	14
35	0.0034	-12	7	14
36	0.0035	-10	14	14
37	0.0036	9	18	7
38	0.0037	-3	-3	-11
39	0.0038	3	3	9
40	0.0039	-10	-4	10
41	0.0040	-7	3	5
42	0.0041	0	15	0
43	0.0042	-10	-3	-10
44	0.0043	-2	-4	7
45	0.0044	-11	-4	6
46	0.0045	-6	14	5
47	0.0046	6	14	6
48	0.0047	0	-7	-10
49	0.0048	1	-4	10
50	0.0049	-12	-2	6
51	0.0050	-8	-2	-2
52	0.0051	-3	9	3
53	0.0052	-8	-3	-6
54	0.0053	0	6	16
55	0.0054	-11	-2	5
56	0.0055	-8	-4	-4
57	0.0056	7	15	1
58	0.0057	-6	2	-7
59	0.0058	-3	9	22
60	0.0059	-15	-12	2
61	0.0060	-14	2	2
62	0.0061	-2	28	10
63	0.0062	-6	9	6
64	0.0063	-2	14	18
65	0.0064	-12	-8	7
66	0.0065	-8	2	2
67	0.0066	9	27	10
68	0.0067	-10	13	2
69	0.0068	-2	7	18
70	0.0069	-12	-12	5
71	0.0070	-7	1	5
72	0.0071	6	24	3
73	0.0072	-8	3	-2
74	0.0073	-6	-8	2
75	0.0074	-12	-17	-3
76	0.0075	-2	5	7
77	0.0076	6	24	6
78	0.0077	-6	6	-2
79	0.0078	-8	-6	9
80	0.0079	-15	-11	1
81	0.0080	-7	9	0
82	0.0081	2	24	1
83	0.0082	-7	1	-2
84	0.0083	-2	1	13
85	0.0084	-6	9	13
86	0.0085	-3	11	10
87	0.0086	0	15	-2
88	0.0087	-4	7	-11
89	0.0088	3	10	16
90	0.0089	-11	3	13
91	0.0090	-2	6	10
92	0.0091	1	16	1
93	0.0092	0	-8	-3
94	0.0093	2	9	14
95	0.0094	-12	-6	14
96	0.0095	-2	3	6
97	0.0096	6	11	2
98	0.0097	-6	-4	-7
99	0.0098	2	9	18
100	0.0099	-17	-7	2

电流增量数据 [1000Hz, 10点]
采样序号	时间(s)	A相电流(INT)	B相电流(INT)	C相电流(INT)
1	0.000	19	892	-5
2	0.001	27	-34	3
3	0.002	30	178	13
4	0.003	34	1025	-3
5	0.004	37	1189	12
6	0.005	-11	1621	19
7	0.006	6	-2505	3
8	0.007	47	-336	13
9	0.008	32	-1240	2
10	0.009	19	208	15
================================================================================

=== 采集时间: 2025-12-05 15:24:22 (增量周期: 10.0ms) ===
振动增量数据 [等效10000Hz, 100点]
时序序号	时间(s)	X振动(INT)	Y振动(INT)	Z振动(INT)
1	0.0000	-2	18	5
2	0.0001	5	14	-4
3	0.0002	-8	-14	-17
4	0.0003	-8	-7	16
5	0.0004	-10	16	19
6	0.0005	2	19	7
7	0.0006	3	10	-2
8	0.0007	-15	-16	-19
9	0.0008	-7	6	16
10	0.0009	-12	9	14
11	0.0010	9	15	9
12	0.0011	3	6	-2
13	0.0012	-12	-17	-12
14	0.0013	-7	-3	9
15	0.0014	-21	5	5
16	0.0015	-3	10	2
17	0.0016	-8	-2	-4
18	0.0017	-10	-8	-2
19	0.0018	-8	-4	11
20	0.0019	-15	5	10
21	0.0020	0	9	5
22	0.0021	1	2	-4
23	0.0022	-12	-3	-14
24	0.0023	-15	3	13
25	0.0024	-20	5	5
26	0.0025	-3	15	1
27	0.0026	3	9	0
28	0.0027	-6	-2	-12
29	0.0028	-10	2	14
30	0.0029	-19	6	11
31	0.0030	-3	10	3
32	0.0031	6	6	5
33	0.0032	-8	-4	-10
34	0.0033	-6	-2	18
35	0.0034	-16	3	5
36	0.0035	-3	0	-3
37	0.0036	5	5	3
38	0.0037	-4	-2	0
39	0.0038	-7	5	16
40	0.0039	-12	3	5
41	0.0040	-10	1	-3
42	0.0041	3	7	1
43	0.0042	-2	7	-10
44	0.0043	5	16	22
45	0.0044	-10	5	11
46	0.0045	-2	9	7
47	0.0046	1	13	0
48	0.0047	-3	5	2
49	0.0048	-3	9	20
50	0.0049	-14	0	10
51	0.0050	-7	10	2
52	0.0051	1	9	0
53	0.0052	-2	5	3
54	0.0053	2	9	19
55	0.0054	-12	-6	6
56	0.0055	-10	-3	-7
57	0.0056	-2	6	-4
58	0.0057	-3	6	0
59	0.0058	5	14	28
60	0.0059	-10	-7	9
61	0.0060	-2	15	6
62	0.0061	13	27	5
63	0.0062	0	7	-6
64	0.0063	-4	-2	16
65	0.0064	-14	-8	9
66	0.0065	-15	6	6
67	0.0066	5	14	-2
68	0.0067	-2	-4	-15
69	0.0068	-3	-7	10
70	0.0069	-8	-2	9
71	0.0070	-10	6	3
72	0.0071	0	10	-2
73	0.0072	-8	0	-11
74	0.0073	-8	2	23
75	0.0074	-10	11	15
76	0.0075	-3	9	2
77	0.0076	3	13	2
78	0.0077	0	1	0
79	0.0078	1	15	26
80	0.0079	-11	16	18
81	0.0080	-10	2	1
82	0.0081	0	10	-7
83	0.0082	2	7	-10
84	0.0083	0	13	18
85	0.0084	-7	7	14
86	0.0085	-6	2	-3
87	0.0086	1	3	-4
88	0.0087	-8	-7	-7
89	0.0088	0	14	20
90	0.0089	-8	9	16
91	0.0090	-6	-7	-3
92	0.0091	2	-3	-7
93	0.0092	-8	-2	0
94	0.0093	1	14	23
95	0.0094	-8	9	6
96	0.0095	-6	3	5
97	0.0096	0	9	0
98	0.0097	-6	5	-7
99	0.0098	1	13	18
100	0.0099	-6	16	13

电流增量数据 [1000Hz, 10点]
采样序号	时间(s)	A相电流(INT)	B相电流(INT)	C相电流(INT)
1	0.000	32	-403	19
2	0.001	-11	967	5
3	0.002	-15	1613	4
4	0.003	-23	36	-2
5	0.004	16	-678	14
6	0.005	31	-843	22
7	0.006	16	3594	2
8	0.007	-10	447	2
9	0.008	-13	947	21
10	0.009	11	915	15
================================================================================

=== 采集时间: 2025-12-05 15:24:22 (增量周期: 10.0ms) ===
振动增量数据 [等效10000Hz, 100点]
时序序号	时间(s)	X振动(INT)	Y振动(INT)	Z振动(INT)
1	0.0000	-4	9	-3
2	0.0001	0	1	-2
3	0.0002	-2	1	-12
4	0.0003	3	19	28
5	0.0004	-12	15	9
6	0.0005	-11	2	0
7	0.0006	0	7	-2
8	0.0007	-10	3	-4
9	0.0008	0	14	20
10	0.0009	-8	10	10
11	0.0010	-3	-2	-3
12	0.0011	0	0	-10
13	0.0012	-2	2	-4
14	0.0013	-7	6	20
15	0.0014	-8	10	13
16	0.0015	-12	2	-8
17	0.0016	1	0	-7
18	0.0017	0	2	-4
19	0.0018	1	9	20
20	0.0019	-11	3	14
21	0.0020	-8	2	0
22	0.0021	2	13	6
23	0.0022	-10	3	-7
24	0.0023	-2	10	15
25	0.0024	-12	6	10
26	0.0025	-3	9	1
27	0.0026	10	15	3
28	0.0027	-7	0	-7
29	0.0028	-2	9	16
30	0.0029	-14	2	6
31	0.0030	-6	11	-4
32	0.0031	3	2	-4
33	0.0032	-7	-11	-10
34	0.0033	-4	-4	13
35	0.0034	-10	5	10
36	0.0035	-6	9	5
37	0.0036	0	3	-4
38	0.0037	-14	-12	-4
39	0.0038	-3	6	15
40	0.0039	-11	11	10
41	0.0040	-2	9	-2
42	0.0041	7	3	-4
43	0.0042	-4	-10	-6
44	0.0043	0	11	16
45	0.0044	-8	19	16
46	0.0045	-3	26	5
47	0.0046	2	2	-6
48	0.0047	-3	-3	-3
49	0.0048	1	7	18
50	0.0049	1	23	16
51	0.0050	-2	2	-4
52	0.0051	1	19	0
53	0.0052	-6	-7	-10
54	0.0053	-4	1	10
55	0.0054	-8	3	9
56	0.0055	-8	9	6
57	0.0056	0	20	3
58	0.0057	-6	-4	-7
59	0.0058	5	5	20
60	0.0059	-4	7	13
61	0.0060	-4	11	6
62	0.0061	1	15	7
63	0.0062	-4	0	0
64	0.0063	5	9	28
65	0.0064	-2	9	18
66	0.0065	-3	5	2
67	0.0066	9	14	2
68	0.0067	-4	-8	-6
69	0.0068	7	11	30
70	0.0069	-4	9	16
71	0.0070	3	18	9
72	0.0071	1	10	5
73	0.0072	-10	-11	-6
74	0.0073	3	11	15
75	0.0074	-3	15	13
76	0.0075	0	11	10
77	0.0076	10	14	2
78	0.0077	-2	-2	-2
79	0.0078	3	16	23
80	0.0079	-2	14	13
81	0.0080	1	7	2
82	0.0081	5	13	-3
83	0.0082	-7	1	-3
84	0.0083	0	14	18
85	0.0084	-7	11	14
86	0.0085	0	5	6
87	0.0086	11	13	5
88	0.0087	-4	-7	-7
89	0.0088	1	3	16
90	0.0089	-10	1	14
91	0.0090	-2	7	11
92	0.0091	13	10	6
93	0.0092	-6	-10	-3
94	0.0093	-7	-2	18
95	0.0094	-12	5	2
96	0.0095	-2	14	0
97	0.0096	7	15	7
98	0.0097	-4	-6	-11
99	0.0098	-3	5	19
100	0.0099	-7	19	20

电流增量数据 [1000Hz, 10点]
采样序号	时间(s)	A相电流(INT)	B相电流(INT)	C相电流(INT)
1	0.000	15	-886	9
2	0.001	42	-795	12
3	0.002	25	2508	13
4	0.003	-4	1403	14
5	0.004	12	783	18
6	0.005	34	1788	20
7	0.006	20	486	2
8	0.007	-3	-151	4
9	0.008	49	-1258	12
10	0.009	60	540	29
================================================================================

=== 采集时间: 2025-12-05 15:24:22 (增量周期: 10.0ms) ===
振动增量数据 [等效10000Hz, 100点]
时序序号	时间(s)	X振动(INT)	Y振动(INT)	Z振动(INT)
1	0.0000	3	10	5
2	0.0001	9	23	7
3	0.0002	5	3	3
4	0.0003	5	13	22
5	0.0004	-12	-2	10
6	0.0005	-7	6	1
7	0.0006	9	22	5
8	0.0007	3	3	2
9	0.0008	0	3	20
10	0.0009	-11	-2	10
11	0.0010	0	10	1
12	0.0011	7	9	-2
13	0.0012	-3	1	10
14	0.0013	-4	10	23
15	0.0014	-8	3	7
16	0.0015	-4	13	-7
17	0.0016	9	20	7
18	0.0017	-2	3	3
19	0.0018	-2	6	31
20	0.0019	-6	2	11
21	0.0020	7	7	-4
22	0.0021	9	27	1
23	0.0022	-4	-2	-3
24	0.0023	-8	9	20
25	0.0024	-8	5	13
26	0.0025	-4	10	-2
27	0.0026	11	14	0
28	0.0027	1	-7	-11
29	0.0028	3	7	19
30	0.0029	5	18	18
31	0.0030	-2	-3	-4
32	0.0031	3	1	-4
33	0.0032	-14	-6	-2
34	0.0033	-3	18	31
35	0.0034	2	27	18
36	0.0035	-3	-6	-2
37	0.0036	1	-2	-10
38	0.0037	-4	0	-7
39	0.0038	2	24	31
40	0.0039	-3	16	16
41	0.0040	-10	-11	0
42	0.0041	-3	1	0
43	0.0042	-4	6	-4
44	0.0043	0	19	22
45	0.0044	-6	6	10
46	0.0045	-8	-15	-8
47	0.0046	0	-2	-7
48	0.0047	-10	-4	2
49	0.0048	0	18	18
50	0.0049	-14	14	10
51	0.0050	-6	10	2
52	0.0051	10	14	3
53	0.0052	-3	-4	-4
54	0.0053	-8	6	20
55	0.0054	-16	6	10
56	0.0055	-10	7	-4
57	0.0056	9	14	-3
58	0.0057	0	-7	-4
59	0.0058	-3	3	15
60	0.0059	-14	5	3
61	0.0060	-10	6	-6
62	0.0061	9	11	2
63	0.0062	-2	2	2
64	0.0063	0	10	22
65	0.0064	-14	7	11
66	0.0065	-3	7	-2
67	0.0066	15	9	-2
68	0.0067	-2	0	1
69	0.0068	5	11	27
70	0.0069	-14	9	11
71	0.0070	-10	14	-3
72	0.0071	6	16	-2
73	0.0072	-11	-4	-7
74	0.0073	-11	3	16
75	0.0074	-14	11	11
76	0.0075	0	13	1
77	0.0076	9	10	0
78	0.0077	-6	-8	-3
79	0.0078	-10	1	14
80	0.0079	-11	10	14
81	0.0080	-8	6	-4
82	0.0081	3	1	0
83	0.0082	-8	-17	-3
84	0.0083	0	5	16
85	0.0084	-8	9	6
86	0.0085	-6	5	-8
87	0.0086	3	7	-4
88	0.0087	-11	-8	-3
89	0.0088	0	14	27
90	0.0089	-6	14	16
91	0.0090	-6	10	0
92	0.0091	6	9	-2
93	0.0092	-6	-3	-8
94	0.0093	1	13	22
95	0.0094	-7	11	14
96	0.0095	-12	1	-2
97	0.0096	-3	6	0
98	0.0097	-10	-7	-6
99	0.0098	0	9	22
100	0.0099	-8	5	3

电流增量数据 [1000Hz, 10点]
采样序号	时间(s)	A相电流(INT)	B相电流(INT)	C相电流(INT)
1	0.000	10	639	-6
2	0.001	12	-609	10
3	0.002	48	1128	9
4	0.003	5	1190	13
5	0.004	11	788	11
6	0.005	-8	-1189	3
7	0.006	-20	-1832	3
8	0.007	5	-370	-6
9	0.008	32	-1600	-4
10	0.009	1	-121	4
================================================================================

=== 采集时间: 2025-12-05 15:24:23 (增量周期: 10.0ms) ===
振动增量数据 [等效10000Hz, 100点]
时序序号	时间(s)	X振动(INT)	Y振动(INT)	Z振动(INT)
1	0.0000	-10	9	1
2	0.0001	0	1	-3
3	0.0002	-8	-11	-19
4	0.0003	-4	3	10
5	0.0004	-15	3	5
6	0.0005	-12	2	-2
7	0.0006	0	10	6
8	0.0007	-12	-12	-6
9	0.0008	1	1	14
10	0.0009	-6	6	7
11	0.0010	-3	5	0
12	0.0011	10	13	5
13	0.0012	-7	-12	-4
14	0.0013	-8	-4	14
15	0.0014	-14	1	7
16	0.0015	-3	15	-3
17	0.0016	11	27	5
18	0.0017	-2	-8	0
19	0.0018	1	3	11
20	0.0019	-4	5	1
21	0.0020	0	24	6
22	0.0021	2	16	7
23	0.0022	-4	-4	1
24	0.0023	-7	3	19
25	0.0024	-6	7	10
26	0.0025	1	18	2
27	0.0026	9	11	2
28	0.0027	-3	0	2
29	0.0028	0	3	16
30	0.0029	-4	2	5
31	0.0030	-6	9	-8
32	0.0031	3	9	2
33	0.0032	-12	-7	-6
34	0.0033	-2	2	15
35	0.0034	-8	6	-2
36	0.0035	-7	0	-6
37	0.0036	1	10	0
38	0.0037	-8	-2	0
39	0.0038	2	9	24
40	0.0039	-6	6	9
41	0.0040	-7	2	-11
42	0.0041	3	15	-2
43	0.0042	-12	-8	-3
44	0.0043	-4	11	18
45	0.0044	-11	5	3
46	0.0045	-7	3	-6
47	0.0046	0	13	-2
48	0.0047	-6	1	2
49	0.0048	0	13	19
50	0.0049	-10	-3	2
51	0.0050	2	5	0
52	0.0051	9	18	9
53	0.0052	-6	10	5
54	0.0053	-2	16	10
55	0.0054	-7	5	6
56	0.0055	-4	6	0
57	0.0056	6	18	13
58	0.0057	-2	16	10
59	0.0058	1	3	14
60	0.0059	2	2	5
61	0.0060	2	9	0
62	0.0061	0	18	1
63	0.0062	-12	-2	1
64	0.0063	-10	-2	11
65	0.0064	-10	-6	0
66	0.0065	0	3	0
67	0.0066	7	6	5
68	0.0067	-4	-6	-3
69	0.0068	-3	-2	7
70	0.0069	-19	-11	-2
71	0.0070	-8	6	-6
72	0.0071	-3	13	5
73	0.0072	-6	-2	2
74	0.0073	-4	5	15
75	0.0074	-4	3	0
76	0.0075	-4	14	-6
77	0.0076	11	19	7
78	0.0077	0	10	7
79	0.0078	2	13	26
80	0.0079	-11	6	7
81	0.0080	0	16	3
82	0.0081	6	16	10
83	0.0082	3	1	9
84	0.0083	0	6	28
85	0.0084	-11	0	6
86	0.0085	-2	7	-2
87	0.0086	10	13	13
88	0.0087	2	-2	3
89	0.0088	6	13	22
90	0.0089	-4	3	7
91	0.0090	-2	10	1
92	0.0091	5	15	2
93	0.0092	-3	0	2
94	0.0093	-3	13	16
95	0.0094	-8	14	18
96	0.0095	-2	14	0
97	0.0096	14	16	3
98	0.0097	-3	1	6
99	0.0098	-2	5	24
100	0.0099	-8	13	7

电流增量数据 [1000Hz, 10点]
采样序号	时间(s)	A相电流(INT)	B相电流(INT)	C相电流(INT)
1	0.000	12	-659	6
2	0.001	-8	-859	13
3	0.002	1	-896	9
4	0.003	5	-621	19
5	0.004	43	2588	16
6	0.005	19	175	19
7	0.006	6	2601	18
8	0.007	28	-101	9
9	0.008	18	294	-3
10	0.009	15	-614	-3
================================================================================

=== 采集时间: 2025-12-05 15:24:23 (增量周期: 10.0ms) ===
振动增量数据 [等效10000Hz, 100点]
时序序号	时间(s)	X振动(INT)	Y振动(INT)	Z振动(INT)
1	0.0000	-7	3	-3
2	0.0001	3	9	-3
3	0.0002	-11	-11	-8
4	0.0003	-8	9	15
5	0.0004	-7	13	10
6	0.0005	0	13	0
7	0.0006	6	6	5
8	0.0007	-6	-21	-4
9	0.0008	-3	10	23
10	0.0009	-8	33	24
11	0.0010	-6	15	-4
12	0.0011	0	-7	-6
13	0.0012	-14	-28	-8
14	0.0013	-8	11	24
15	0.0014	0	37	23
16	0.0015	5	9	-4
17	0.0016	2	-14	-7
18	0.0017	-8	-16	0
19	0.0018	-6	18	18
20	0.0019	-8	27	14
21	0.0020	-3	-7	1
22	0.0021	-2	-8	1
23	0.0022	5	2	5
24	0.0023	2	15	20
25	0.0024	-2	16	10
26	0.0025	-11	-4	-8
27	0.0026	0	5	-10
28	0.0027	-3	6	5
29	0.0028	-4	9	19
30	0.0029	-3	11	7
31	0.0030	-8	0	-8
32	0.0031	7	14	2
33	0.0032	0	5	-4
34	0.0033	-3	6	22
35	0.0034	-10	6	14
36	0.0035	-12	2	0
37	0.0036	5	27	2
38	0.0037	-8	-7	-2
39	0.0038	-2	-2	23
40	0.0039	-12	-3	3
41	0.0040	-10	1	-3
42	0.0041	3	16	1
43	0.0042	-19	-7	-4
44	0.0043	-10	-4	16
45	0.0044	-10	-4	1
46	0.0045	-4	-4	-8
47	0.0046	11	11	-4
48	0.0047	-11	-11	-2
49	0.0048	-11	-2	22
50	0.0049	-12	-2	5
51	0.0050	-12	9	0
52	0.0051	-2	3	1
53	0.0052	-7	-3	-8
54	0.0053	-16	0	7
55	0.0054	-23	-6	-2
56	0.0055	-7	3	-4
57	0.0056	0	5	2
58	0.0057	-6	-7	0
59	0.0058	-11	-11	6
60	0.0059	-20	-12	5
61	0.0060	-16	10	-3
62	0.0061	3	19	3
63	0.0062	-6	0	-11
64	0.0063	-10	-16	6
65	0.0064	-14	-17	1
66	0.0065	3	24	1
67	0.0066	15	40	13
68	0.0067	-7	3	-7
69	0.0068	-12	-16	3
70	0.0069	-19	-19	-4
71	0.0070	-4	27	6
72	0.0071	13	33	20
73	0.0072	-6	-6	2
74	0.0073	3	-12	6
75	0.0074	-17	-12	5
76	0.0075	-3	22	0
77	0.0076	6	19	6
78	0.0077	-12	-12	-4
79	0.0078	0	-11	13
80	0.0079	-15	-3	5
81	0.0080	6	24	0
82	0.0081	9	11	2
83	0.0082	-4	-12	0
84	0.0083	3	6	14
85	0.0084	-15	9	6
86	0.0085	-2	13	2
87	0.0086	-6	15	6
88	0.0087	-4	6	11
89	0.0088	2	19	16
90	0.0089	-3	2	6
91	0.0090	-3	10	-6
92	0.0091	0	6	5
93	0.0092	-4	-3	6
94	0.0093	-3	20	18
95	0.0094	-17	0	9
96	0.0095	-8	6	-8
97	0.0096	5	2	2
98	0.0097	0	1	0
99	0.0098	2	5	23
100	0.0099	-12	-4	5

电流增量数据 [1000Hz, 10点]
采样序号	时间(s)	A相电流(INT)	B相电流(INT)	C相电流(INT)
1	0.000	16	-2984	11
2	0.001	12	-222	9
3	0.002	22	-1336	1
4	0.003	27	388	23
5	0.004	19	0	-6
6	0.005	5	642	18
7	0.006	37	-232	18
8	0.007	22	-710	18
9	0.008	-15	-809	13
10	0.009	32	-1190	22
================================================================================

=== 采集时间: 2025-12-05 15:24:23 (增量周期: 10.0ms) ===
振动增量数据 [等效10000Hz, 100点]
时序序号	时间(s)	X振动(INT)	Y振动(INT)	Z振动(INT)
1	0.0000	-3	6	-3
2	0.0001	6	11	6
3	0.0002	-6	-2	6
4	0.0003	0	9	22
5	0.0004	-12	-7	2
6	0.0005	-17	-2	-8
7	0.0006	2	16	1
8	0.0007	-8	5	7
9	0.0008	0	13	24
10	0.0009	-4	2	13
11	0.0010	-7	5	-3
12	0.0011	7	22	3
13	0.0012	-10	3	2
14	0.0013	0	16	27
15	0.0014	-2	1	7
16	0.0015	1	10	-3
17	0.0016	10	19	11
18	0.0017	-10	-4	1
19	0.0018	-2	10	18
20	0.0019	-7	-2	6
21	0.0020	3	5	-2
22	0.0021	13	14	5
23	0.0022	-10	-7	7
24	0.0023	-7	6	23
25	0.0024	-6	14	7
26	0.0025	3	14	-6
27	0.0026	9	2	0
28	0.0027	-8	-15	9
29	0.0028	1	16	28
30	0.0029	7	32	23
31	0.0030	1	15	7
32	0.0031	2	-2	-4
33	0.0032	-16	-14	-3
34	0.0033	-3	19	27
35	0.0034	3	26	22
36	0.0035	0	2	2
37	0.0036	10	2	-3
38	0.0037	-10	-14	-4
39	0.0038	0	23	20
40	0.0039	-2	19	11
41	0.0040	-14	-12	-10
42	0.0041	3	1	0
43	0.0042	-15	-8	5
44	0.0043	-2	22	24
45	0.0044	-2	7	7
46	0.0045	-8	-8	-8
47	0.0046	13	9	-4
48	0.0047	-8	2	6
49	0.0048	-2	16	22
50	0.0049	-10	-3	1
51	0.0050	-7	10	-2
52	0.0051	7	18	7
53	0.0052	-7	-4	2
54	0.0053	-2	2	14
55	0.0054	-8	3	-2
56	0.0055	-6	6	-6
57	0.0056	2	10	0
58	0.0057	-12	-7	1
59	0.0058	0	6	13
60	0.0059	-8	7	2
61	0.0060	0	10	2
62	0.0061	1	9	6
63	0.0062	-7	-7	-7
64	0.0063	-6	5	9
65	0.0064	-10	2	2
66	0.0065	-3	14	0
67	0.0066	3	14	7
68	0.0067	-10	-4	1
69	0.0068	-6	7	19
70	0.0069	-8	9	7
71	0.0070	-6	11	-2
72	0.0071	5	13	9
73	0.0072	-11	-11	5
74	0.0073	-3	13	23
75	0.0074	-7	6	11
76	0.0075	-7	2	1
77	0.0076	5	14	5
78	0.0077	-8	0	1
79	0.0078	0	6	20
80	0.0079	-7	3	7
81	0.0080	-8	3	-6
82	0.0081	1	7	-4
83	0.0082	-11	5	2
84	0.0083	3	19	24
85	0.0084	-10	7	11
86	0.0085	-10	-10	-4
87	0.0086	1	7	-3
88	0.0087	-6	6	3
89	0.0088	6	26	20
90	0.0089	3	2	2
91	0.0090	-8	1	-7
92	0.0091	-3	7	-3
93	0.0092	-10	9	2
94	0.0093	-2	13	13
95	0.0094	-4	-3	1
96	0.0095	2	3	-2
97	0.0096	15	15	3
98	0.0097	-3	-2	2
99	0.0098	-2	-4	14
100	0.0099	-14	-7	1

电流增量数据 [1000Hz, 10点]
采样序号	时间(s)	A相电流(INT)	B相电流(INT)	C相电流(INT)
1	0.000	38	763	7
2	0.001	11	406	7
3	0.002	2	-335	1
4	0.003	6	-865	-2
5	0.004	6	821	9
6	0.005	19	1051	18
7	0.006	12	1284	10
8	0.007	12	-3078	22
9	0.008	43	-577	-3
10	0.009	21	-919	10
================================================================================

=== 采集时间: 2025-12-05 15:24:24 (增量周期: 10.0ms) ===
振动增量数据 [等效10000Hz, 100点]
时序序号	时间(s)	X振动(INT)	Y振动(INT)	Z振动(INT)
1	0.0000	-10	0	-11
2	0.0001	1	6	9
3	0.0002	-6	7	10
4	0.0003	-3	6	20
5	0.0004	-16	-11	1
6	0.0005	-2	2	-12
7	0.0006	3	9	2
8	0.0007	-2	6	2
9	0.0008	-3	14	23
10	0.0009	-14	0	6
11	0.0010	-4	6	-11
12	0.0011	0	3	0
13	0.0012	-7	-2	7
14	0.0013	2	13	19
15	0.0014	-10	2	6
16	0.0015	1	9	-3
17	0.0016	5	0	-2
18	0.0017	-4	-2	7
19	0.0018	-4	7	11
20	0.0019	0	6	0
21	0.0020	6	9	-11
22	0.0021	2	3	2
23	0.0022	-14	-8	10
24	0.0023	-4	11	19
25	0.0024	-8	10	2
26	0.0025	-4	7	-8
27	0.0026	1	3	6
28	0.0027	-11	-4	9
29	0.0028	2	14	22
30	0.0029	-4	14	13
31	0.0030	-7	7	0
32	0.0031	1	11	-2
33	0.0032	-17	-3	2
34	0.0033	-2	13	27
35	0.0034	-2	9	11
36	0.0035	3	11	-2
37	0.0036	9	10	5
38	0.0037	-14	-4	6
39	0.0038	-2	14	19
40	0.0039	-7	11	7
41	0.0040	-6	7	-4
42	0.0041	1	9	5
43	0.0042	-8	-7	0
44	0.0043	6	10	16
45	0.0044	2	2	11
46	0.0045	-2	9	5
47	0.0046	9	13	3
48	0.0047	-6	-2	1
49	0.0048	-3	9	18
50	0.0049	-6	5	11
51	0.0050	13	37	7
52	0.0051	2	10	7
53	0.0052	-16	-14	0
54	0.0053	-7	-7	16
55	0.0054	-15	18	18
56	0.0055	13	31	7
57	0.0056	7	5	7
58	0.0057	-7	-8	-3
59	0.0058	-3	6	20
60	0.0059	-10	16	13
61	0.0060	2	15	2
62	0.0061	1	-4	13
63	0.0062	-6	3	7
64	0.0063	1	10	23
65	0.0064	-4	13	13
66	0.0065	-2	7	-7
67	0.0066	7	-2	6
68	0.0067	-7	7	9
69	0.0068	-7	15	28
70	0.0069	-4	18	7
71	0.0070	2	6	-4
72	0.0071	5	2	7
73	0.0072	2	5	2
74	0.0073	-6	9	15
75	0.0074	-14	2	7
76	0.0075	-20	2	-6
77	0.0076	2	2	3
78	0.0077	-4	2	2
79	0.0078	-3	7	18
80	0.0079	-8	2	6
81	0.0080	-6	5	-6
82	0.0081	-2	5	0
83	0.0082	0	7	6
84	0.0083	-7	6	16
85	0.0084	-12	0	5
86	0.0085	-2	6	-10
87	0.0086	0	5	1
88	0.0087	-8	1	1
89	0.0088	-7	10	20
90	0.0089	-10	3	10
91	0.0090	-6	9	1
92	0.0091	1	7	6
93	0.0092	-14	-10	1
94	0.0093	-11	1	23
95	0.0094	-12	3	11
96	0.0095	1	6	0
97	0.0096	10	2	14
98	0.0097	-10	-2	6
99	0.0098	-6	14	26
100	0.0099	-12	15	6

电流增量数据 [1000Hz, 10点]
采样序号	时间(s)	A相电流(INT)	B相电流(INT)	C相电流(INT)
1	0.000	22	1205	18
2	0.001	5	335	12
3	0.002	27	1688	13
4	0.003	14	279	21
5	0.004	20	33	9
6	0.005	38	-1259	10
7	0.006	36	748	22
8	0.007	1	1205	7
9	0.008	-4	1113	18
10	0.009	22	-2330	6
================================================================================

=== 采集时间: 2025-12-05 15:24:24 (增量周期: 10.0ms) ===
振动增量数据 [等效10000Hz, 100点]
时序序号	时间(s)	X振动(INT)	Y振动(INT)	Z振动(INT)
1	0.0000	-10	14	-4
2	0.0001	6	13	16
3	0.0002	1	3	14
4	0.0003	-2	10	22
5	0.0004	-7	-4	5
6	0.0005	-4	6	-8
7	0.0006	11	16	6
8	0.0007	-8	0	6
9	0.0008	-8	5	27
10	0.0009	-17	0	2
11	0.0010	-12	10	-8
12	0.0011	3	14	5
13	0.0012	-11	-8	1
14	0.0013	5	10	16
15	0.0014	-11	0	3
16	0.0015	-6	6	-7
17	0.0016	-2	7	6
18	0.0017	-19	-10	2
19	0.0018	-6	2	9
20	0.0019	-6	1	6
21	0.0020	1	10	-6
22	0.0021	5	7	7
23	0.0022	-3	-4	7
24	0.0023	-3	9	14
25	0.0024	-11	2	2
26	0.0025	-6	10	-4
27	0.0026	0	7	5
28	0.0027	5	14	10
29	0.0028	5	14	23
30	0.0029	2	2	2
31	0.0030	-4	5	-20
32	0.0031	0	13	1
33	0.0032	-10	1	5
34	0.0033	1	9	18
35	0.0034	-6	5	11
36	0.0035	-15	2	-6
37	0.0036	2	7	5
38	0.0037	-15	3	1
39	0.0038	-4	5	18
40	0.0039	-11	-4	3
41	0.0040	-8	2	-7
42	0.0041	3	13	10
43	0.0042	-10	7	5
44	0.0043	-6	11	16
45	0.0044	-10	0	-2
46	0.0045	-3	1	-8
47	0.0046	-3	9	2
48	0.0047	-12	-2	2
49	0.0048	-4	10	19
50	0.0049	-10	1	3
51	0.0050	-6	6	-12
52	0.0051	0	2	3
53	0.0052	-7	-4	3
54	0.0053	-2	2	9
55	0.0054	0	14	7
56	0.0055	-3	14	-2
57	0.0056	0	3	-6
58	0.0057	-8	-7	-3
59	0.0058	-8	-7	13
60	0.0059	-11	7	15
61	0.0060	5	23	1
62	0.0061	7	11	5
63	0.0062	-11	-17	-4
64	0.0063	-2	0	11
65	0.0064	-16	7	9
66	0.0065	3	18	-3
67	0.0066	2	-3	0
68	0.0067	-8	-12	9
69	0.0068	3	7	26
70	0.0069	-4	13	9
71	0.0070	3	14	-7
72	0.0071	-4	-7	-3
73	0.0072	-19	-7	6
74	0.0073	-3	16	28
75	0.0074	-8	7	13
76	0.0075	-2	5	-17
77	0.0076	-4	-6	-3
78	0.0077	-16	1	1
79	0.0078	-3	13	14
80	0.0079	-8	2	-2
81	0.0080	-7	6	-4
82	0.0081	-6	2	9
83	0.0082	-14	3	0
84	0.0083	-4	10	11
85	0.0084	-7	-7	1
86	0.0085	-6	-2	-10
87	0.0086	0	6	6
88	0.0087	-11	5	1
89	0.0088	-6	11	14
90	0.0089	-15	-3	5
91	0.0090	-4	6	-10
92	0.0091	3	0	-2
93	0.0092	-4	-6	3
94	0.0093	-3	1	11
95	0.0094	-8	-4	-4
96	0.0095	-11	2	-8
97	0.0096	2	3	3
98	0.0097	-19	1	-2
99	0.0098	-7	9	13
100	0.0099	-12	1	1

电流增量数据 [1000Hz, 10点]
采样序号	时间(s)	A相电流(INT)	B相电流(INT)	C相电流(INT)
1	0.000	-6	909	-5
2	0.001	41	821	-2
3	0.002	5	344	-6
4	0.003	-6	-1102	12
5	0.004	-4	-2231	3
6	0.005	25	-498	2
7	0.006	36	-2157	13
8	0.007	6	162	12
9	0.008	38	-271	23
10	0.009	7	800	18
================================================================================

=== 采集时间: 2025-12-05 15:24:24 (增量周期: 10.0ms) ===
振动增量数据 [等效10000Hz, 100点]
时序序号	时间(s)	X振动(INT)	Y振动(INT)	Z振动(INT)
1	0.0000	-8	13	-10
2	0.0001	0	15	3
3	0.0002	-12	-2	2
4	0.0003	2	6	14
5	0.0004	0	7	9
6	0.0005	1	7	-2
7	0.0006	5	18	2
8	0.0007	-11	-6	0
9	0.0008	-4	5	10
10	0.0009	-3	2	1
11	0.0010	-7	5	-4
12	0.0011	3	18	10
13	0.0012	-8	-10	-3
14	0.0013	-8	0	7
15	0.0014	-7	1	0
16	0.0015	-7	0	-12
17	0.0016	-2	6	7
18	0.0017	-7	3	7
19	0.0018	1	10	16
20	0.0019	-6	18	2
21	0.0020	-10	-4	-10
22	0.0021	-7	5	-2
23	0.0022	1	5	2
24	0.0023	-3	11	23
25	0.0024	-3	13	11
26	0.0025	1	7	-6
27	0.0026	-2	7	9
28	0.0027	-2	5	11
29	0.0028	-6	6	16
30	0.0029	-8	3	5
31	0.0030	1	5	-2
32	0.0031	-6	13	14
33	0.0032	-7	9	18
34	0.0033	-10	-3	9
35	0.0034	-3	13	7
36	0.0035	-2	3	-3
37	0.0036	5	16	7
38	0.0037	-8	2	2
39	0.0038	-10	-4	11
40	0.0039	-2	15	2
41	0.0040	2	16	-6
42	0.0041	5	14	5
43	0.0042	-11	-11	-3
44	0.0043	-16	-8	9
45	0.0044	-2	18	5
46	0.0045	0	13	0
47	0.0046	6	6	7
48	0.0047	-6	-8	1
49	0.0048	1	5	22
50	0.0049	3	27	14
51	0.0050	0	11	-3
52	0.0051	9	1	2
53	0.0052	-12	-15	1
54	0.0053	-2	10	24
55	0.0054	9	30	15
56	0.0055	5	10	-8
57	0.0056	5	1	2
58	0.0057	-12	-10	-2
59	0.0058	-10	11	22
60	0.0059	5	24	11
61	0.0060	9	18	1
62	0.0061	5	10	10
63	0.0062	-4	-7	5
64	0.0063	-4	9	18
65	0.0064	1	11	11
66	0.0065	3	18	1
67	0.0066	10	14	16
68	0.0067	-14	-7	5
69	0.0068	-8	10	20
70	0.0069	-3	18	10
71	0.0070	0	19	9
72	0.0071	9	9	16
73	0.0072	-12	-16	5
74	0.0073	-4	9	10
75	0.0074	0	14	7
76	0.0075	2	10	-2
77	0.0076	9	13	14
78	0.0077	-17	-14	3
79	0.0078	-11	5	15
80	0.0079	-10	9	-7
81	0.0080	-3	6	-11
82	0.0081	3	10	7
83	0.0082	-11	-16	5
84	0.0083	-2	13	15
85	0.0084	-6	11	6
86	0.0085	-12	1	-4
87	0.0086	7	13	7
88	0.0087	-6	-3	1
89	0.0088	2	16	19
90	0.0089	0	9	9
91	0.0090	-3	2	-8
92	0.0091	1	10	2
93	0.0092	-10	-3	2
94	0.0093	-8	10	16
95	0.0094	-8	7	6
96	0.0095	0	7	-4
97	0.0096	10	11	14
98	0.0097	-2	0	14
99	0.0098	-4	6	10
100	0.0099	-4	5	2

电流增量数据 [1000Hz, 10点]
采样序号	时间(s)	A相电流(INT)	B相电流(INT)	C相电流(INT)
1	0.000	1	-1039	18
2	0.001	16	2440	15
3	0.002	5	606	10
4	0.003	15	2138	13
5	0.004	24	-37	7
6	0.005	12	86	-10
7	0.006	79	-672	-3
8	0.007	27	897	14
9	0.008	51	860	20
10	0.009	20	784	-2
================================================================================

=== 采集时间: 2025-12-05 15:24:25 (增量周期: 10.0ms) ===
振动增量数据 [等效10000Hz, 100点]
时序序号	时间(s)	X振动(INT)	Y振动(INT)	Z振动(INT)
1	0.0000	0	-7	-12
2	0.0001	5	9	6
3	0.0002	-8	11	6
4	0.0003	-6	14	16
5	0.0004	0	19	10
6	0.0005	-11	1	-10
7	0.0006	2	10	10
8	0.0007	-16	5	1
9	0.0008	-8	0	16
10	0.0009	-4	10	0
11	0.0010	-8	-3	-14
12	0.0011	3	13	2
13	0.0012	-21	-7	6
14	0.0013	-11	1	18
15	0.0014	-10	14	6
16	0.0015	-4	-2	-6
17	0.0016	0	3	-2
18	0.0017	-10	-8	2
19	0.0018	-6	9	16
20	0.0019	0	10	7
21	0.0020	-3	5	1
22	0.0021	-6	5	2
23	0.0022	-11	5	6
24	0.0023	-6	11	11
25	0.0024	2	11	11
26	0.0025	-2	2	-2
27	0.0026	7	6	13
28	0.0027	-11	2	2
29	0.0028	-7	14	15
30	0.0029	-6	10	2
31	0.0030	-6	3	-4
32	0.0031	0	10	9
33	0.0032	-11	0	7
34	0.0033	0	6	13
35	0.0034	0	9	-2
36	0.0035	-4	10	-4
37	0.0036	3	13	10
38	0.0037	-15	-7	-2
39	0.0038	-11	5	16
40	0.0039	-3	16	15
41	0.0040	-3	6	-6
42	0.0041	6	15	18
43	0.0042	-10	1	10
44	0.0043	-10	9	15
45	0.0044	0	13	3
46	0.0045	-7	6	-6
47	0.0046	0	10	15
48	0.0047	-12	3	9
49	0.0048	-3	15	19
50	0.0049	-2	9	2
51	0.0050	2	22	10
52	0.0051	0	9	7
53	0.0052	-12	-7	0
54	0.0053	0	10	15
55	0.0054	-3	7	9
56	0.0055	2	15	1
57	0.0056	-2	-2	3
58	0.0057	-16	-8	6
59	0.0058	-6	19	15
60	0.0059	-2	14	10
61	0.0060	1	3	-10
62	0.0061	9	-4	7
63	0.0062	-14	-11	6
64	0.0063	-2	22	23
65	0.0064	-3	14	7
66	0.0065	-2	5	-8
67	0.0066	9	6	9
68	0.0067	-10	5	13
69	0.0068	3	22	16
70	0.0069	1	9	0
71	0.0070	-6	-2	-10
72	0.0071	7	9	7
73	0.0072	-6	9	9
74	0.0073	2	19	23
75	0.0074	-6	2	6
76	0.0075	-3	-2	-11
77	0.0076	-2	9	10
78	0.0077	-7	1	7
79	0.0078	-2	19	20
80	0.0079	-4	2	7
81	0.0080	0	2	-8
82	0.0081	0	7	7
83	0.0082	-16	1	2
84	0.0083	-12	9	13
85	0.0084	-11	7	1
86	0.0085	-3	1	-12
87	0.0086	3	9	9
88	0.0087	-16	1	7
89	0.0088	-12	5	9
90	0.0089	-10	7	0
91	0.0090	-7	-3	-11
92	0.0091	5	7	5
93	0.0092	-11	-4	11
94	0.0093	-6	14	24
95	0.0094	-6	7	0
96	0.0095	-6	5	-14
97	0.0096	5	3	1
98	0.0097	-10	-11	2
99	0.0098	-2	19	24
100	0.0099	-2	16	11

电流增量数据 [1000Hz, 10点]
采样序号	时间(s)	A相电流(INT)	B相电流(INT)	C相电流(INT)
1	0.000	32	2853	14
2	0.001	-4	25	13
3	0.002	13	862	14
4	0.003	23	-590	13
5	0.004	-11	132	3
6	0.005	9	-697	6
7	0.006	2	172	-3
8	0.007	25	613	12
9	0.008	30	603	18
10	0.009	30	831	10
================================================================================

=== 采集时间: 2025-12-05 15:24:25 (增量周期: 10.0ms) ===
振动增量数据 [等效10000Hz, 100点]
时序序号	时间(s)	X振动(INT)	Y振动(INT)	Z振动(INT)
1	0.0000	-12	2	-15
2	0.0001	3	16	14
3	0.0002	-11	-6	15
4	0.0003	-4	10	19
5	0.0004	-6	7	2
6	0.0005	-10	-2	-8
7	0.0006	0	9	7
8	0.0007	-11	2	9
9	0.0008	-3	14	15
10	0.0009	-4	1	5
11	0.0010	-3	6	-4
12	0.0011	-2	6	7
13	0.0012	-7	-2	6
14	0.0013	-6	2	11
15	0.0014	-6	7	-3
16	0.0015	-6	-2	-10
17	0.0016	6	10	11
18	0.0017	-11	-2	7
19	0.0018	-4	11	15
20	0.0019	-3	3	2
21	0.0020	-8	-2	-15
22	0.0021	3	10	10
23	0.0022	-8	1	10
24	0.0023	6	11	18
25	0.0024	2	11	5
26	0.0025	-6	5	-7
27	0.0026	-2	13	5
28	0.0027	-15	-3	1
29	0.0028	-3	5	7
30	0.0029	0	2	-3
31	0.0030	-11	3	-6
32	0.0031	0	16	15
33	0.0032	-16	-2	5
34	0.0033	-4	0	5
35	0.0034	-2	0	2
36	0.0035	-10	9	3
37	0.0036	3	10	15
38	0.0037	-12	-3	1
39	0.0038	-3	3	20
40	0.0039	2	5	6
41	0.0040	1	13	-2
42	0.0041	5	7	7
43	0.0042	-16	-4	2
44	0.0043	-6	13	11
45	0.0044	0	14	13
46	0.0045	1	11	0
47	0.0046	5	10	11
48	0.0047	-17	-10	-2
49	0.0048	-2	10	7
50	0.0049	-2	13	5
51	0.0050	1	10	-3
52	0.0051	10	14	15
53	0.0052	-17	-11	7
54	0.0053	-3	10	10
55	0.0054	-3	13	-3
56	0.0055	2	6	-11
57	0.0056	9	2	7
58	0.0057	-7	-4	5
59	0.0058	-2	11	15
60	0.0059	-4	7	6
61	0.0060	2	15	1
62	0.0061	9	18	14
63	0.0062	-12	-16	2
64	0.0063	0	10	6
65	0.0064	1	14	9
66	0.0065	-4	10	-4
67	0.0066	6	10	5
68	0.0067	-17	-2	2
69	0.0068	-8	7	18
70	0.0069	3	22	10
71	0.0070	2	14	0
72	0.0071	9	11	15
73	0.0072	-11	-8	5
74	0.0073	2	6	5
75	0.0074	-2	13	11
76	0.0075	11	19	7
77	0.0076	10	18	16
78	0.0077	-6	5	2
79	0.0078	-10	9	6
80	0.0079	-4	14	7
81	0.0080	0	14	3
82	0.0081	15	22	23
83	0.0082	-4	-7	6
84	0.0083	0	7	7
85	0.0084	-4	13	3
86	0.0085	-3	6	2
87	0.0086	15	18	15
88	0.0087	-10	-2	9
89	0.0088	-15	7	16
90	0.0089	-4	6	2
91	0.0090	-8	5	-8
92	0.0091	10	10	7
93	0.0092	-11	-6	-4
94	0.0093	-11	5	11
95	0.0094	-14	10	2
96	0.0095	-14	2	-11
97	0.0096	9	15	6
98	0.0097	-15	-12	6
99	0.0098	-7	5	15
100	0.0099	-4	9	3

电流增量数据 [1000Hz, 10点]
采样序号	时间(s)	A相电流(INT)	B相电流(INT)	C相电流(INT)
1	0.000	3	-1367	2
2	0.001	39	-1670	16
3	0.002	48	2731	21
4	0.003	30	41	10
5	0.004	1	370	3
6	0.005	22	359	18
7	0.006	15	312	14
8	0.007	4	-699	2
9	0.008	49	-635	10
10	0.009	4	425	0
================================================================================

=== 采集时间: 2025-12-05 15:24:25 (增量周期: 10.0ms) ===
振动增量数据 [等效10000Hz, 100点]
时序序号	时间(s)	X振动(INT)	Y振动(INT)	Z振动(INT)
1	0.0000	-3	-8	-16
2	0.0001	10	7	9
3	0.0002	-6	11	20
4	0.0003	2	20	24
5	0.0004	1	6	-3
6	0.0005	-6	-4	-16
7	0.0006	1	3	11
8	0.0007	-12	16	14
9	0.0008	-3	18	23
10	0.0009	3	7	1
11	0.0010	0	-4	-11
12	0.0011	5	11	10
13	0.0012	-17	6	14
14	0.0013	-11	11	16
15	0.0014	-2	2	0
16	0.0015	-6	2	-17
17	0.0016	-3	3	14
18	0.0017	-14	1	9
19	0.0018	-7	16	15
20	0.0019	-6	9	2
21	0.0020	-6	-8	-19
22	0.0021	-7	-7	-3
23	0.0022	-19	7	13
24	0.0023	-6	16	15
25	0.0024	1	15	2
26	0.0025	-7	-2	-15
27	0.0026	-6	-8	1
28	0.0027	-23	-3	9
29	0.0028	-3	22	19
30	0.0029	5	13	6
31	0.0030	-4	1	-11
32	0.0031	-3	-2	11
33	0.0032	-17	0	10
34	0.0033	0	23	14
35	0.0034	2	7	3
36	0.0035	-11	-3	-20
37	0.0036	5	13	10
38	0.0037	-16	1	10
39	0.0038	9	20	22
40	0.0039	10	13	0
41	0.0040	-6	-2	-7
42	0.0041	5	13	11
43	0.0042	-14	6	10
44	0.0043	-4	19	16
45	0.0044	-2	3	3
46	0.0045	-4	-3	-6
47	0.0046	0	10	11
48	0.0047	-14	0	7
49	0.0048	-2	10	6
50	0.0049	-8	-8	0
51	0.0050	-6	-4	-12
52	0.0051	-2	19	10
53	0.0052	-19	-4	7
54	0.0053	-6	5	6
55	0.0054	-12	-7	-4
56	0.0055	-4	-4	-3
57	0.0056	-2	13	7
58	0.0057	-6	7	16
59	0.0058	-7	3	9
60	0.0059	-3	2	10
61	0.0060	-2	5	-7
62	0.0061	-2	7	6
63	0.0062	-14	-8	2
64	0.0063	-8	11	13
65	0.0064	-7	13	10
66	0.0065	0	1	-8
67	0.0066	3	7	10
68	0.0067	-10	-8	2
69	0.0068	-6	9	10
70	0.0069	-4	13	5
71	0.0070	-4	3	-3
72	0.0071	11	14	3
73	0.0072	-12	-3	1
74	0.0073	-11	5	16
75	0.0074	-4	7	2
76	0.0075	2	2	-15
77	0.0076	5	10	7
78	0.0077	-17	-8	7
79	0.0078	-8	7	14
80	0.0079	-6	10	2
81	0.0080	-2	5	-6
82	0.0081	10	9	13
83	0.0082	-17	-7	7
84	0.0083	-12	2	9
85	0.0084	-3	5	-6
86	0.0085	-3	2	-14
87	0.0086	2	5	1
88	0.0087	-12	-4	3
89	0.0088	-8	3	10
90	0.0089	-6	9	-3
91	0.0090	-8	-2	-15
92	0.0091	-2	2	-4
93	0.0092	-12	-6	0
94	0.0093	-11	6	13
95	0.0094	-4	7	5
96	0.0095	-6	-8	-15
97	0.0096	-2	13	6
98	0.0097	-14	-8	1
99	0.0098	-6	10	9
100	0.0099	6	13	2

电流增量数据 [1000Hz, 10点]
采样序号	时间(s)	A相电流(INT)	B相电流(INT)	C相电流(INT)
1	0.000	23	317	15
2	0.001	27	1021	13
3	0.002	13	460	19
4	0.003	-22	-2753	-5
5	0.004	32	-1251	9
6	0.005	21	-824	12
7	0.006	30	-1717	13
8	0.007	19	-820	18
9	0.008	-14	-142	14
10	0.009	30	908	29
================================================================================

=== 采集时间: 2025-12-05 15:24:26 (增量周期: 10.0ms) ===
振动增量数据 [等效10000Hz, 100点]
时序序号	时间(s)	X振动(INT)	Y振动(INT)	Z振动(INT)
1	0.0000	-8	-7	-15
2	0.0001	5	3	6
3	0.0002	-17	-3	0
4	0.0003	-8	10	7
5	0.0004	0	6	-7
6	0.0005	-4	-2	-8
7	0.0006	7	11	11
8	0.0007	-11	-3	7
9	0.0008	-10	9	3
10	0.0009	-3	2	-6
11	0.0010	-4	2	-10
12	0.0011	10	16	19
13	0.0012	-11	3	11
14	0.0013	-10	9	11
15	0.0014	-12	0	-8
16	0.0015	-3	9	-11
17	0.0016	13	16	14
18	0.0017	-6	-7	18
19	0.0018	-2	11	15
20	0.0019	-7	11	0
21	0.0020	-12	2	-12
22	0.0021	0	10	13
23	0.0022	-21	-8	9
24	0.0023	-2	15	15
25	0.0024	2	19	9
26	0.0025	-2	9	1
27	0.0026	3	13	20
28	0.0027	-11	-2	9
29	0.0028	-7	6	13
30	0.0029	-7	10	1
31	0.0030	-11	1	-11
32	0.0031	0	11	14
33	0.0032	-12	-7	11
34	0.0033	-4	11	11
35	0.0034	-7	6	1
36	0.0035	-12	1	-7
37	0.0036	2	11	7
38	0.0037	-12	-3	10
39	0.0038	-3	13	20
40	0.0039	0	13	7
41	0.0040	-6	6	-3
42	0.0041	2	14	10
43	0.0042	-10	-2	2
44	0.0043	0	9	15
45	0.0044	6	15	2
46	0.0045	-2	10	-2
47	0.0046	0	7	9
48	0.0047	-8	-7	7
49	0.0048	0	9	9
50	0.0049	-3	11	0
51	0.0050	-14	-10	-8
52	0.0051	-7	-4	10
53	0.0052	-14	9	7
54	0.0053	2	20	16
55	0.0054	0	-2	-2
56	0.0055	-3	-3	-6
57	0.0056	1	6	15
58	0.0057	-17	7	13
59	0.0058	2	13	13
60	0.0059	-7	5	-7
61	0.0060	-3	2	-10
62	0.0061	0	11	16
63	0.0062	-11	9	15
64	0.0063	6	14	16
65	0.0064	2	9	5
66	0.0065	1	9	-7
67	0.0066	10	11	14
68	0.0067	-11	5	14
69	0.0068	1	11	16
70	0.0069	-6	6	7
71	0.0070	-3	27	-3
72	0.0071	6	5	14
73	0.0072	-15	-7	3
74	0.0073	-4	-4	6
75	0.0074	-3	13	-3
76	0.0075	3	24	-4
77	0.0076	1	7	16
78	0.0077	-12	-10	9
79	0.0078	-6	-2	7
80	0.0079	-3	13	3
81	0.0080	0	23	2
82	0.0081	-7	6	7
83	0.0082	-6	-10	11
84	0.0083	0	9	18
85	0.0084	2	10	13
86	0.0085	3	27	6
87	0.0086	-2	7	18
88	0.0087	-14	-3	0
89	0.0088	-4	7	11
90	0.0089	2	19	9
91	0.0090	9	16	2
92	0.0091	3	7	22
93	0.0092	-10	-4	1
94	0.0093	-6	7	6
95	0.0094	1	9	7
96	0.0095	-2	10	-3
97	0.0096	10	13	18
98	0.0097	-8	-7	9
99	0.0098	1	10	11
100	0.0099	2	14	5

电流增量数据 [1000Hz, 10点]
采样序号	时间(s)	A相电流(INT)	B相电流(INT)	C相电流(INT)
1	0.000	-10	-965	0
2	0.001	-11	-1011	18
3	0.002	34	946	25
4	0.003	12	1675	-3
5	0.004	12	280	13
6	0.005	9	1637	7
7	0.006	29	-663	-10
8	0.007	37	-167	2
9	0.008	52	-1494	2
10	0.009	16	382	16
================================================================================

=== 采集时间: 2025-12-05 15:24:26 (增量周期: 10.0ms) ===
振动增量数据 [等效10000Hz, 100点]
时序序号	时间(s)	X振动(INT)	Y振动(INT)	Z振动(INT)
1	0.0000	-12	114	95
2	0.0001	7	96	70
3	0.0002	-16	-53	-55
4	0.0003	-44	-122	-62
5	0.0004	62	-36	-160
6	0.0005	50	80	105
7	0.0006	36	120	127
8	0.0007	41	-20	46
9	0.0008	-25	-85	-71
10	0.0009	-98	-101	-55
11	0.0010	10	73	-80
12	0.0011	39	131	101
13	0.0012	-21	33	143
14	0.0013	6	-75	-11
15	0.0014	-33	-45	-36
16	0.0015	-110	47	70
17	0.0016	11	121	-14
18	0.0017	96	67	-81
19	0.0018	43	-70	92
20	0.0019	-29	-27	16
21	0.0020	2	35	31
22	0.0021	-14	97	26
23	0.0022	9	-57	-23
24	0.0023	3	3	-42
25	0.0024	-37	-4	37
26	0.0025	-28	-28	-2
27	0.0026	3	35	-3
28	0.0027	-44	-14	91
29	0.0028	37	13	-57
30	0.0029	-4	-45	-42
31	0.0030	-27	9	-12
32	0.0031	-54	18	41
33	0.0032	83	70	-11
34	0.0033	48	33	79
35	0.0034	-21	-25	108
36	0.0035	-6	33	-51
37	0.0036	-31	16	-32
38	0.0037	-29	9	27
39	0.0038	2	6	32
40	0.0039	43	10	-11
41	0.0040	14	-33	14
42	0.0041	-29	-10	14
43	0.0042	-20	43	36
44	0.0043	-16	35	-19
45	0.0044	22	-8	-28
46	0.0045	39	-34	-36
47	0.0046	-11	10	75
48	0.0047	40	31	27
49	0.0048	-11	64	22
50	0.0049	-41	9	23
51	0.0050	2	18	32
52	0.0051	-31	-11	46
53	0.0052	30	27	53
54	0.0053	-45	-4	-32
55	0.0054	-4	-28	-29
56	0.0055	-3	40	-42
57	0.0056	0	-7	32
58	0.0057	3	10	16
59	0.0058	-58	-50	14
60	0.0059	-17	50	41
61	0.0060	-49	44	-6
62	0.0061	-2	-25	-17
63	0.0062	37	23	-16
64	0.0063	-17	-57	3
65	0.0064	99	36	-36
66	0.0065	2	18	30
67	0.0066	-37	7	65
68	0.0067	-55	10	-34
69	0.0068	-40	-48	-6
70	0.0069	15	27	3
71	0.0070	31	5	23
72	0.0071	40	67	43
73	0.0072	-47	-12	60
74	0.0073	-93	-36	-19
75	0.0074	1	41	-34
76	0.0075	-68	18	2
77	0.0076	70	20	46
78	0.0077	60	49	22
79	0.0078	2	-38	24
80	0.0079	32	18	-4
81	0.0080	-53	-33	-63
82	0.0081	-3	22	-11
83	0.0082	-23	43	66
84	0.0083	15	-28	-17
85	0.0084	40	-66	-80
86	0.0085	-24	-78	-14
87	0.0086	37	90	61
88	0.0087	6	167	133
89	0.0088	9	-4	-25
90	0.0089	-75	-153	-102
91	0.0090	-98	-50	-37
92	0.0091	40	103	35
93	0.0092	75	164	140
94	0.0093	10	39	96
95	0.0094	-32	-100	-44
96	0.0095	-80	-114	-164
97	0.0096	-58	-33	-37
98	0.0097	9	165	120
99	0.0098	74	80	69
100	0.0099	37	-92	-15

电流增量数据 [1000Hz, 10点]
采样序号	时间(s)	A相电流(INT)	B相电流(INT)	C相电流(INT)
1	0.000	1127	-1984	-133
2	0.001	775	-976	137
3	0.002	730	-2158	196
4	0.003	733	-416	18
5	0.004	-22	-524	964
6	0.005	1432	776	-1944
7	0.006	1555	-1728	-1814
8	0.007	1794	-2661	-1623
9	0.008	1887	-1618	-1190
10	0.009	1860	-4278	-761
================================================================================

=== 采集时间: 2025-12-05 15:24:26 (增量周期: 10.0ms) ===
振动增量数据 [等效10000Hz, 100点]
时序序号	时间(s)	X振动(INT)	Y振动(INT)	Z振动(INT)
1	0.0000	-29	-49	-29
2	0.0001	-14	-7	-7
3	0.0002	-11	9	-42
4	0.0003	-16	-10	-49
5	0.0004	6	-16	10
6	0.0005	-41	1	84
7	0.0006	-44	126	153
8	0.0007	-34	74	48
9	0.0008	-2	-144	-147
10	0.0009	28	-70	-127
11	0.0010	20	-29	-67
12	0.0011	-14	95	66
13	0.0012	60	96	113
14	0.0013	-42	-54	53
15	0.0014	-6	-74	-29
16	0.0015	2	-68	-141
17	0.0016	2	61	-14
18	0.0017	-10	121	93
19	0.0018	-11	24	126
20	0.0019	-10	-45	-7
21	0.0020	-31	-132	-70
22	0.0021	-75	28	-17
23	0.0022	-6	73	-8
24	0.0023	40	35	-81
25	0.0024	56	-65	24
26	0.0025	3	-54	-20
27	0.0026	-7	45	90
28	0.0027	-49	92	91
29	0.0028	-28	-31	-72
30	0.0029	1	-45	-100
31	0.0030	-36	-33	7
32	0.0031	11	56	79
33	0.0032	-6	74	114
34	0.0033	19	15	56
35	0.0034	-75	-66	-41
36	0.0035	0	-54	-105
37	0.0036	-42	45	-50
38	0.0037	75	71	43
39	0.0038	-2	15	60
40	0.0039	53	-65	9
41	0.0040	-19	-36	-21
42	0.0041	-58	13	13
43	0.0042	-10	64	-20
44	0.0043	-14	-14	-19
45	0.0044	-2	-4	16
46	0.0045	-19	-15	54
47	0.0046	-12	32	63
48	0.0047	-12	22	11
49	0.0048	-33	-14	-19
50	0.0049	-2	3	-59
51	0.0050	-14	30	6
52	0.0051	14	-11	22
53	0.0052	-23	-27	16
54	0.0053	-40	5	-14
55	0.0054	11	44	-28
56	0.0055	11	-4	-8
57	0.0056	-6	-7	18
58	0.0057	9	3	43
59	0.0058	-46	-12	-16
60	0.0059	16	-8	-29
61	0.0060	-40	32	16
62	0.0061	36	-4	41
63	0.0062	10	-2	6
64	0.0063	9	-33	-3
65	0.0064	7	18	-8
66	0.0065	-36	-2	0
67	0.0066	-21	13	22
68	0.0067	-19	32	15
69	0.0068	14	-15	-41
70	0.0069	37	11	9
71	0.0070	-28	-34	7
72	0.0071	10	39	31
73	0.0072	13	52	39
74	0.0073	-80	1	1
75	0.0074	-8	-20	-25
76	0.0075	-36	-59	-55
77	0.0076	50	-23	-31
78	0.0077	44	96	105
79	0.0078	-14	73	100
80	0.0079	-29	-31	6
81	0.0080	-54	-91	-98
82	0.0081	41	0	-46
83	0.0082	30	88	45
84	0.0083	0	65	57
85	0.0084	39	32	69
86	0.0085	-70	-67	-33
87	0.0086	14	-32	-40
88	0.0087	-17	58	14
89	0.0088	-53	0	0
90	0.0089	48	-41	-109
91	0.0090	-23	-96	-8
92	0.0091	26	113	136
93	0.0092	-28	168	213
94	0.0093	9	-75	-132
95	0.0094	-38	-166	-124
96	0.0095	-72	-42	-44
97	0.0096	48	117	-36
98	0.0097	65	169	153
99	0.0098	-19	37	177
100	0.0099	-2	-92	-45

电流增量数据 [1000Hz, 10点]
采样序号	时间(s)	A相电流(INT)	B相电流(INT)	C相电流(INT)
1	0.000	582	-747	-642
2	0.001	1397	-737	-668
3	0.002	1102	-1287	-810
4	0.003	707	-1430	-535
5	0.004	410	-1897	84
6	0.005	-241	-716	-496
7	0.006	156	2868	-663
8	0.007	150	489	-861
9	0.008	79	2379	-922
10	0.009	174	-326	-878
================================================================================

=== 采集时间: 2025-12-05 15:24:26 (增量周期: 10.0ms) ===
振动增量数据 [等效10000Hz, 100点]
时序序号	时间(s)	X振动(INT)	Y振动(INT)	Z振动(INT)
1	0.0000	-57	14	-104
2	0.0001	78	3	45
3	0.0002	-38	33	44
4	0.0003	0	-15	88
5	0.0004	-20	61	-45
6	0.0005	30	-33	-105
7	0.0006	-75	2	3
8	0.0007	-36	-7	105
9	0.0008	-57	67	-51
10	0.0009	-12	18	99
11	0.0010	-127	-33	93
12	0.0011	6	-11	46
13	0.0012	18	26	-23
14	0.0013	79	-4	-3
15	0.0014	62	-4	-29
16	0.0015	52	-19	-72
17	0.0016	67	13	-64
18	0.0017	24	-12	2
19	0.0018	-15	26	-62
20	0.0019	30	16	26
21	0.0020	-115	16	63
22	0.0021	7	27	84
23	0.0022	-8	10	-8
24	0.0023	23	-12	-51
25	0.0024	-12	16	-8
26	0.0025	-79	-33	-23
27	0.0026	-7	19	-3
28	0.0027	9	-63	0
29	0.0028	23	69	45
30	0.0029	35	3	71
31	0.0030	-46	27	-36
32	0.0031	50	-32	-33
33	0.0032	-81	23	16
34	0.0033	-28	30	56
35	0.0034	-20	54	24
36	0.0035	20	-33	-7
37	0.0036	-68	-88	-3
38	0.0037	30	-7	31
39	0.0038	-27	169	123
40	0.0039	-8	73	105
41	0.0040	35	-95	-149
42	0.0041	-64	-117	-114
43	0.0042	49	-55	-54
44	0.0043	-40	26	1
45	0.0044	159	130	153
46	0.0045	-64	62	143
47	0.0046	92	-79	-50
48	0.0047	-58	-58	-105
49	0.0048	36	-17	-44
50	0.0049	-53	91	20
51	0.0050	6	62	22
52	0.0051	-38	97	31
53	0.0052	10	-57	26
54	0.0053	-42	-50	-47
55	0.0054	-24	-32	61
56	0.0055	-7	113	39
57	0.0056	43	-25	-85
58	0.0057	19	-16	-63
59	0.0058	-24	-92	3
60	0.0059	32	50	19
61	0.0060	-106	7	54
62	0.0061	86	103	110
63	0.0062	-88	-15	11
64	0.0063	133	14	-15
65	0.0064	-109	0	-44
66	0.0065	67	41	10
67	0.0066	-85	48	6
68	0.0067	15	-38	103
69	0.0068	-83	-34	-28
70	0.0069	97	-46	-66
71	0.0070	-89	19	-53
72	0.0071	75	-4	1
73	0.0072	-29	-8	-62
74	0.0073	60	-11	0
75	0.0074	-72	14	131
76	0.0075	-42	30	41
77	0.0076	15	74	-23
78	0.0077	-63	-19	134
79	0.0078	-70	40	74
80	0.0079	6	33	-34
81	0.0080	20	30	7
82	0.0081	-59	-61	0
83	0.0082	-12	-7	-29
84	0.0083	32	-12	-63
85	0.0084	10	27	0
86	0.0085	0	19	7
87	0.0086	7	48	65
88	0.0087	77	-10	53
89	0.0088	2	-27	-27
90	0.0089	30	-11	19
91	0.0090	-62	-24	-29
92	0.0091	37	-4	-28
93	0.0092	-36	16	-67
94	0.0093	40	13	39
95	0.0094	-155	15	26
96	0.0095	88	2	-45
97	0.0096	-81	75	6
98	0.0097	1	-45	161
99	0.0098	-41	27	-11
100	0.0099	69	-16	-2

电流增量数据 [1000Hz, 10点]
采样序号	时间(s)	A相电流(INT)	B相电流(INT)	C相电流(INT)
1	0.000	-614	1625	-71
2	0.001	-604	-3080	102
3	0.002	-694	-426	490
4	0.003	-711	-1167	202
5	0.004	-775	359	-6
6	0.005	-62	-1592	802
7	0.006	-502	-380	753
8	0.007	-646	-720	657
9	0.008	-560	-1327	667
10	0.009	-847	-1371	675
================================================================================

=== 采集时间: 2025-12-05 15:24:27 (增量周期: 10.0ms) ===
振动增量数据 [等效10000Hz, 100点]
时序序号	时间(s)	X振动(INT)	Y振动(INT)	Z振动(INT)
1	0.0000	-58	-79	-14
2	0.0001	-2	-91	-93
3	0.0002	80	165	83
4	0.0003	-98	35	88
5	0.0004	97	-3	-40
6	0.0005	-75	-85	-111
7	0.0006	26	-91	-31
8	0.0007	-70	131	117
9	0.0008	-2	104	71
10	0.0009	52	108	44
11	0.0010	-28	-148	-109
12	0.0011	24	-104	-97
13	0.0012	-72	11	50
14	0.0013	15	91	13
15	0.0014	54	92	-15
16	0.0015	-63	-121	58
17	0.0016	-20	-105	-57
18	0.0017	-41	30	-54
19	0.0018	-40	64	41
20	0.0019	-28	-2	9
21	0.0020	48	-12	-119
22	0.0021	23	-25	40
23	0.0022	-140	30	130
24	0.0023	-28	128	155
25	0.0024	0	62	114
26	0.0025	26	11	-7
27	0.0026	79	-114	-20
28	0.0027	15	62	-19
29	0.0028	19	3	-61
30	0.0029	86	40	2
31	0.0030	-28	-44	-47
32	0.0031	54	-70	-40
33	0.0032	-71	20	3
34	0.0033	-47	-14	43
35	0.0034	-68	50	93
36	0.0035	-23	16	104
37	0.0036	-45	14	-16
38	0.0037	31	-15	10
39	0.0038	-54	-12	-23
40	0.0039	60	-78	-173
41	0.0040	31	62	-33
42	0.0041	-62	-12	140
43	0.0042	-8	91	86
44	0.0043	28	33	36
45	0.0044	-8	13	75
46	0.0045	10	-7	11
47	0.0046	78	11	-61
48	0.0047	61	41	-40
49	0.0048	28	-76	-71
50	0.0049	-6	-10	-85
51	0.0050	36	10	-29
52	0.0051	-68	-3	20
53	0.0052	-8	24	60
54	0.0053	-31	-19	-28
55	0.0054	6	-48	-33
56	0.0055	30	2	-64
57	0.0056	23	-23	-28
58	0.0057	-23	39	15
59	0.0058	39	-16	-67
60	0.0059	-12	14	-25
61	0.0060	-47	-33	-23
62	0.0061	56	-17	-16
63	0.0062	-27	28	-25
64	0.0063	-58	-46	69
65	0.0064	-61	56	83
66	0.0065	-24	19	18
67	0.0066	-20	6	16
68	0.0067	-15	-20	-85
69	0.0068	65	-27	-70
70	0.0069	-98	-21	74
71	0.0070	19	-29	0
72	0.0071	-42	19	28
73	0.0072	-17	-54	9
74	0.0073	-59	15	15
75	0.0074	40	27	-29
76	0.0075	46	14	-76
77	0.0076	45	-57	7
78	0.0077	44	65	-34
79	0.0078	-29	-4	2
80	0.0079	2	75	79
81	0.0080	-78	-91	22
82	0.0081	33	30	-24
83	0.0082	15	-21	-32
84	0.0083	9	-44	-46
85	0.0084	-27	84	121
86	0.0085	-36	73	114
87	0.0086	-15	9	-19
88	0.0087	70	-151	-123
89	0.0088	-79	-79	-42
90	0.0089	88	78	127
91	0.0090	-17	188	-4
92	0.0091	173	107	148
93	0.0092	-126	-45	33
94	0.0093	46	-193	-145
95	0.0094	24	60	-165
96	0.0095	35	27	-32
97	0.0096	26	96	73
98	0.0097	-36	-34	93
99	0.0098	-45	-102	-8
100	0.0099	-27	6	-79

电流增量数据 [1000Hz, 10点]
采样序号	时间(s)	A相电流(INT)	B相电流(INT)	C相电流(INT)
1	0.000	-598	-927	532
2	0.001	-841	-1132	651
3	0.002	-921	-1405	842
4	0.003	-892	-797	615
5	0.004	-784	579	-46
6	0.005	-365	810	-8
7	0.006	-127	-2022	971
8	0.007	34	-2047	599
9	0.008	77	-2457	593
10	0.009	-627	2476	625
================================================================================

=== 采集时间: 2025-12-05 15:24:27 (增量周期: 10.0ms) ===
振动增量数据 [等效10000Hz, 100点]
时序序号	时间(s)	X振动(INT)	Y振动(INT)	Z振动(INT)
1	0.0000	40	-46	14
2	0.0001	48	9	-33
3	0.0002	33	7	-27
4	0.0003	-23	31	33
5	0.0004	-23	-34	20
6	0.0005	-11	6	-31
7	0.0006	-78	47	148
8	0.0007	-29	16	-3
9	0.0008	-14	-28	-12
10	0.0009	-79	-14	10
11	0.0010	78	39	2
12	0.0011	-61	-10	-67
13	0.0012	139	-23	-42
14	0.0013	-144	-54	-67
15	0.0014	110	-51	-44
16	0.0015	-47	90	48
17	0.0016	80	-45	136
18	0.0017	-14	87	13
19	0.0018	83	-61	22
20	0.0019	-3	49	-54
21	0.0020	-17	-41	-128
22	0.0021	70	33	-85
23	0.0022	-58	15	70
24	0.0023	-8	19	30
25	0.0024	-7	50	7
26	0.0025	-28	24	-40
27	0.0026	-46	-12	90
28	0.0027	-19	2	-23
29	0.0028	67	19	-34
30	0.0029	19	-40	22
31	0.0030	-11	2	-11
32	0.0031	60	-20	-105
33	0.0032	18	-15	-70
34	0.0033	-29	-14	74
35	0.0034	-49	48	9
36	0.0035	33	50	-44
37	0.0036	-8	-21	26
38	0.0037	-47	-8	53
39	0.0038	-4	19	-40
40	0.0039	77	-7	-34
41	0.0040	-11	-81	-57
42	0.0041	9	-3	22
43	0.0042	67	154	82
44	0.0043	-21	44	37
45	0.0044	109	-78	-97
46	0.0045	-78	-65	-42
47	0.0046	35	-2	11
48	0.0047	-97	92	26
49	0.0048	0	33	70
50	0.0049	-80	62	114
51	0.0050	62	-27	-41
52	0.0051	-28	16	40
53	0.0052	16	3	30
54	0.0053	0	19	-152
55	0.0054	95	16	-70
56	0.0055	1	-65	-29
57	0.0056	-21	-65	-27
58	0.0057	71	43	-47
59	0.0058	-29	13	101
60	0.0059	-16	32	73
61	0.0060	-21	-6	82
62	0.0061	-2	10	48
63	0.0062	-61	45	2
64	0.0063	-2	7	11
65	0.0064	-42	27	33
66	0.0065	75	27	9
67	0.0066	2	7	-15
68	0.0067	2	-59	37
69	0.0068	-31	-14	-36
70	0.0069	33	6	-17
71	0.0070	35	20	-77
72	0.0071	11	-71	-64
73	0.0072	-11	-4	-15
74	0.0073	-37	-24	39
75	0.0074	-12	66	46
76	0.0075	-33	-33	-32
77	0.0076	28	16	15
78	0.0077	-126	-10	67
79	0.0078	-4	54	44
80	0.0079	67	92	-37
81	0.0080	52	-58	13
82	0.0081	22	10	33
83	0.0082	10	-50	-55
84	0.0083	27	47	-117
85	0.0084	-41	-65	62
86	0.0085	-58	13	-57
87	0.0086	83	9	57
88	0.0087	-131	-10	101
89	0.0088	82	-12	2
90	0.0089	-72	74	54
91	0.0090	-54	-2	45
92	0.0091	-21	-3	-74
93	0.0092	16	5	-29
94	0.0093	-7	23	35
95	0.0094	-84	-40	78
96	0.0095	65	18	-47
97	0.0096	-57	-2	-8
98	0.0097	-2	16	91
99	0.0098	-53	26	-21
100	0.0099	75	-28	-17

电流增量数据 [1000Hz, 10点]
采样序号	时间(s)	A相电流(INT)	B相电流(INT)	C相电流(INT)
1	0.000	-729	490	37
2	0.001	-590	2178	-118
3	0.002	82	50	-469
4	0.003	147	-262	-558
5	0.004	-52	-1214	-460
6	0.005	111	904	-855
7	0.006	-300	643	498
8	0.007	-537	195	544
9	0.008	-1011	-2634	603
10	0.009	-816	-885	490
================================================================================

=== 采集时间: 2025-12-05 15:24:27 (增量周期: 10.0ms) ===
振动增量数据 [等效10000Hz, 100点]
时序序号	时间(s)	X振动(INT)	Y振动(INT)	Z振动(INT)
1	0.0000	-2	14	83
2	0.0001	-63	14	44
3	0.0002	5	88	99
4	0.0003	1	43	92
5	0.0004	56	-11	-17
6	0.0005	99	-48	-79
7	0.0006	-34	-37	-67
8	0.0007	-20	5	-25
9	0.0008	14	56	62
10	0.0009	16	32	90
11	0.0010	2	-29	67
12	0.0011	-83	-40	-34
13	0.0012	26	0	-72
14	0.0013	-67	28	-44
15	0.0014	66	45	1
16	0.0015	50	-12	-4
17	0.0016	22	-15	41
18	0.0017	-70	-3	79
19	0.0018	-27	67	5
20	0.0019	109	48	-10
21	0.0020	18	-44	-57
22	0.0021	104	-37	-80
23	0.0022	57	2	-54
24	0.0023	-53	-33	-6
25	0.0024	-8	57	84
26	0.0025	-29	84	43
27	0.0026	-7	41	113
28	0.0027	-111	-112	-42
29	0.0028	73	-51	-126
30	0.0029	-93	33	28
31	0.0030	73	60	37
32	0.0031	-29	47	0
33	0.0032	77	-25	33
34	0.0033	-96	-25	28
35	0.0034	52	54	53
36	0.0035	48	67	-51
37	0.0036	127	48	127
38	0.0037	-79	22	57
39	0.0038	80	-29	14
40	0.0039	-58	94	-46
41	0.0040	48	-58	32
42	0.0041	-42	62	-68
43	0.0042	70	-53	54
44	0.0043	-93	43	1
45	0.0044	97	52	15
46	0.0045	-117	9	-25
47	0.0046	-7	-42	62
48	0.0047	-76	-27	-47
49	0.0048	33	-29	-4
50	0.0049	-42	9	-6
51	0.0050	-38	31	-7
52	0.0051	60	-23	-55
53	0.0052	-54	-25	16
54	0.0053	26	9	28
55	0.0054	-38	49	-12
56	0.0055	49	15	-16
57	0.0056	-12	-28	48
58	0.0057	-31	10	0
59	0.0058	28	-14	-15
60	0.0059	-47	-21	-19
61	0.0060	49	-62	-67
62	0.0061	-89	-96	-8
63	0.0062	3	94	37
64	0.0063	1	117	101
65	0.0064	-14	9	-63
66	0.0065	67	-92	-93
67	0.0066	-8	-66	-101
68	0.0067	32	-2	-42
69	0.0068	-47	104	76
70	0.0069	-7	73	147
71	0.0070	-14	-4	0
72	0.0071	1	-127	-32
73	0.0072	37	-4	-57
74	0.0073	18	10	-2
75	0.0074	-29	108	7
76	0.0075	5	-11	41
77	0.0076	-71	13	33
78	0.0077	-64	-29	117
79	0.0078	10	91	-44
80	0.0079	33	-80	-16
81	0.0080	1	41	-72
82	0.0081	14	-71	57
83	0.0082	-46	57	15
84	0.0083	0	-21	27
85	0.0084	-105	13	-21
86	0.0085	74	27	-31
87	0.0086	-108	-31	73
88	0.0087	-32	-4	6
89	0.0088	90	47	-80
90	0.0089	-157	-36	61
91	0.0090	-12	-37	61
92	0.0091	-54	0	-38
93	0.0092	44	-31	-72
94	0.0093	78	6	-137
95	0.0094	18	-62	-74
96	0.0095	99	61	67
97	0.0096	-72	-3	54
98	0.0097	61	19	14
99	0.0098	-37	43	-17
100	0.0099	-19	-84	20

电流增量数据 [1000Hz, 10点]
采样序号	时间(s)	A相电流(INT)	B相电流(INT)	C相电流(INT)
1	0.000	541	485	-481
2	0.001	417	-128	-106
3	0.002	609	-1463	-410
4	0.003	749	-3021	-122
5	0.004	1008	-2097	144
6	0.005	61	-2349	-676
7	0.006	204	362	-804
8	0.007	354	-285	-561
9	0.008	424	577	-479
10	0.009	514	-1227	-628
================================================================================

=== 采集时间: 2025-12-05 15:24:27 (增量周期: 10.0ms) ===
振动增量数据 [等效10000Hz, 100点]
时序序号	时间(s)	X振动(INT)	Y振动(INT)	Z振动(INT)
1	0.0000	-15	35	58
2	0.0001	32	20	91
3	0.0002	22	49	66
4	0.0003	-17	-10	-37
5	0.0004	-23	2	-31
6	0.0005	1	-12	-77
7	0.0006	-32	-16	-25
8	0.0007	-32	27	110
9	0.0008	-54	22	20
10	0.0009	30	7	22
11	0.0010	-19	30	-21
12	0.0011	22	-31	58
13	0.0012	16	7	14
14	0.0013	-8	-33	80
15	0.0014	-40	47	54
16	0.0015	67	-6	2
17	0.0016	-8	-16	-54
18	0.0017	78	-33	-7
19	0.0018	-53	15	-38
20	0.0019	71	36	-6
21	0.0020	-84	27	6
22	0.0021	14	-12	27
23	0.0022	27	-27	-128
24	0.0023	2	-118	-21
25	0.0024	50	88	135
26	0.0025	-36	173	126
27	0.0026	99	137	58
28	0.0027	-94	-157	-66
29	0.0028	36	-183	-110
30	0.0029	6	23	-130
31	0.0030	-8	37	153
32	0.0031	-40	130	65
33	0.0032	7	6	86
34	0.0033	-115	-122	-36
35	0.0034	-38	-119	-143
36	0.0035	53	120	-19
37	0.0036	-27	246	166
38	0.0037	66	-7	103
39	0.0038	-98	-109	-88
40	0.0039	-12	-119	-71
41	0.0040	-108	87	19
42	0.0041	43	124	78
43	0.0042	99	14	23
44	0.0043	6	-19	43
45	0.0044	-11	-61	-42
46	0.0045	-75	69	23
47	0.0046	-58	82	177
48	0.0047	-17	-8	-117
49	0.0048	52	-68	-84
50	0.0049	-89	-62	57
51	0.0050	-31	69	41
52	0.0051	39	109	46
53	0.0052	60	-19	9
54	0.0053	-17	-89	-20
55	0.0054	-7	-16	44
56	0.0055	-79	113	2
57	0.0056	-3	9	0
58	0.0057	15	22	39
59	0.0058	6	-70	83
60	0.0059	-45	-6	86
61	0.0060	-11	45	-15
62	0.0061	107	-8	1
63	0.0062	-51	30	2
64	0.0063	31	14	20
65	0.0064	31	48	-102
66	0.0065	40	13	28
67	0.0066	23	9	53
68	0.0067	15	-25	22
69	0.0068	39	36	-76
70	0.0069	-33	-8	24
71	0.0070	-74	-6	5
72	0.0071	1	2	31
73	0.0072	-54	5	-14
74	0.0073	58	-10	-4
75	0.0074	-40	-34	-31
76	0.0075	54	13	-57
77	0.0076	-87	3	5
78	0.0077	20	47	53
79	0.0078	-57	6	-34
80	0.0079	20	-65	37
81	0.0080	-76	5	35
82	0.0081	39	14	84
83	0.0082	-24	88	-3
84	0.0083	23	-54	1
85	0.0084	5	44	-29
86	0.0085	10	-40	-19
87	0.0086	-31	-27	-29
88	0.0087	41	67	57
89	0.0088	-15	40	-32
90	0.0089	74	-42	35
91	0.0090	-8	50	0
92	0.0091	10	-70	41
93	0.0092	-8	122	-46
94	0.0093	-2	-65	-14
95	0.0094	19	22	2
96	0.0095	40	-36	-24
97	0.0096	-14	-2	-4
98	0.0097	-38	90	74
99	0.0098	-93	-34	16
100	0.0099	14	31	-72

电流增量数据 [1000Hz, 10点]
采样序号	时间(s)	A相电流(INT)	B相电流(INT)	C相电流(INT)
1	0.000	929	-1134	145
2	0.001	858	-2229	147
3	0.002	836	-555	59
4	0.003	586	-223	142
5	0.004	232	-199	308
6	0.005	78	-820	467
7	0.006	755	-2621	-657
8	0.007	500	-786	-650
9	0.008	707	-3209	-729
10	0.009	856	-489	-707
================================================================================

=== 采集时间: 2025-12-05 15:24:28 (增量周期: 10.0ms) ===
振动增量数据 [等效10000Hz, 100点]
时序序号	时间(s)	X振动(INT)	Y振动(INT)	Z振动(INT)
1	0.0000	-46	69	-58
2	0.0001	5	-2	50
3	0.0002	-113	1	-29
4	0.0003	58	-75	-101
5	0.0004	-10	40	-81
6	0.0005	-12	-70	31
7	0.0006	-66	44	7
8	0.0007	30	45	32
9	0.0008	-58	-2	41
10	0.0009	54	-36	-54
11	0.0010	-62	-27	2
12	0.0011	67	50	36
13	0.0012	-19	50	80
14	0.0013	49	19	54
15	0.0014	-21	-36	-7
16	0.0015	-45	-51	-44
17	0.0016	-15	3	-68
18	0.0017	-6	48	49
19	0.0018	20	1	-4
20	0.0019	2	-8	-29
21	0.0020	-4	-28	50
22	0.0021	28	-65	-92
23	0.0022	3	-41	-79
24	0.0023	104	114	48
25	0.0024	-11	74	-20
26	0.0025	126	-41	-81
27	0.0026	-46	-62	-58
28	0.0027	31	-42	-25
29	0.0028	-64	41	-38
30	0.0029	126	45	83
31	0.0030	-89	-2	9
32	0.0031	5	-78	-14
33	0.0032	-42	47	-19
34	0.0033	-3	24	63
35	0.0034	37	113	11
36	0.0035	104	-15	-2
37	0.0036	14	-59	-36
38	0.0037	-45	-79	-71
39	0.0038	2	100	-32
40	0.0039	45	40	49
41	0.0040	-15	-49	-63
42	0.0041	116	31	61
43	0.0042	-139	-25	24
44	0.0043	-12	6	-53
45	0.0044	-57	23	-4
46	0.0045	44	-44	-49
47	0.0046	-16	-27	-28
48	0.0047	-2	-8	-14
49	0.0048	22	66	-4
50	0.0049	-68	-8	45
51	0.0050	65	31	-21
52	0.0051	-37	-44	-45
53	0.0052	155	26	-45
54	0.0053	-6	60	0
55	0.0054	93	-42	10
56	0.0055	-31	64	-89
57	0.0056	30	-84	22
58	0.0057	-61	13	41
59	0.0058	-53	-49	-16
60	0.0059	-27	40	0
61	0.0060	-58	13	40
62	0.0061	-75	-40	-36
63	0.0062	48	-27	-20
64	0.0063	-29	-36	-16
65	0.0064	10	50	2
66	0.0065	15	75	66
67	0.0066	-44	24	65
68	0.0067	82	-65	-83
69	0.0068	62	-25	-23
70	0.0069	-7	52	84
71	0.0070	27	134	82
72	0.0071	-8	9	2
73	0.0072	-23	-75	-46
74	0.0073	0	-49	-83
75	0.0074	23	49	-20
76	0.0075	61	45	-59
77	0.0076	-4	2	116
78	0.0077	-54	-38	16
79	0.0078	-44	-55	-27
80	0.0079	-41	33	18
81	0.0080	-6	36	-20
82	0.0081	90	30	-7
83	0.0082	30	-10	23
84	0.0083	-33	-23	-8
85	0.0084	-44	30	20
86	0.0085	-131	30	86
87	0.0086	-31	-29	78
88	0.0087	-28	64	-37
89	0.0088	1	-78	-37
90	0.0089	-74	23	41
91	0.0090	50	-20	-37
92	0.0091	10	27	-4
93	0.0092	31	-15	105
94	0.0093	-45	-44	-54
95	0.0094	-27	10	27
96	0.0095	-27	45	9
97	0.0096	14	3	44
98	0.0097	20	33	109
99	0.0098	-84	-41	66
100	0.0099	13	77	-28

电流增量数据 [1000Hz, 10点]
采样序号	时间(s)	A相电流(INT)	B相电流(INT)	C相电流(INT)
1	0.000	-364	-3171	525
2	0.001	-586	-233	580
3	0.002	-678	-2127	490
4	0.003	-626	558	61
5	0.004	-655	-577	441
6	0.005	-17	-356	504
7	0.006	100	-1403	465
8	0.007	-43	-1836	692
9	0.008	-209	-2080	930
10	0.009	-123	-2115	659
================================================================================

=== 采集时间: 2025-12-05 15:24:28 (增量周期: 10.0ms) ===
振动增量数据 [等效10000Hz, 100点]
时序序号	时间(s)	X振动(INT)	Y振动(INT)	Z振动(INT)
1	0.0000	0	31	-24
2	0.0001	-2	-40	15
3	0.0002	-21	-3	-40
4	0.0003	-50	-10	-85
5	0.0004	100	31	-98
6	0.0005	-84	-49	-46
7	0.0006	-11	-19	40
8	0.0007	-58	74	70
9	0.0008	-42	0	36
10	0.0009	-4	43	65
11	0.0010	-29	-19	70
12	0.0011	63	-2	-67
13	0.0012	-6	-28	-23
14	0.0013	-36	5	11
15	0.0014	74	53	-6
16	0.0015	-61	-8	43
17	0.0016	22	-62	54
18	0.0017	-51	5	-76
19	0.0018	13	14	31
20	0.0019	-58	82	58
21	0.0020	-19	-3	20
22	0.0021	23	-8	5
23	0.0022	-110	-55	44
24	0.0023	28	-20	-53
25	0.0024	28	80	10
26	0.0025	20	35	75
27	0.0026	31	27	10
28	0.0027	19	16	10
29	0.0028	22	-2	-49
30	0.0029	3	-53	-42
31	0.0030	40	13	-70
32	0.0031	-2	0	6
33	0.0032	-63	7	78
34	0.0033	-28	26	14
35	0.0034	-50	13	20
36	0.0035	10	-61	-7
37	0.0036	-42	-49	-66
38	0.0037	109	44	-47
39	0.0038	-4	14	-68
40	0.0039	9	-61	-25
41	0.0040	-34	-11	-71
42	0.0041	-36	1	82
43	0.0042	2	10	3
44	0.0043	40	3	19
45	0.0044	3	43	39
46	0.0045	-29	-8	-31
47	0.0046	32	56	11
48	0.0047	-12	-25	61
49	0.0048	-42	-17	114
50	0.0049	5	-25	-100
51	0.0050	107	-28	-135
52	0.0051	-70	120	208
53	0.0052	-79	75	212
54	0.0053	40	11	-128
55	0.0054	-96	-212	-36
56	0.0055	-64	-32	22
57	0.0056	15	101	-11
58	0.0057	31	160	66
59	0.0058	5	14	69
60	0.0059	35	-122	-85
61	0.0060	36	99	-85
62	0.0061	-8	66	75
63	0.0062	-3	70	10
64	0.0063	-21	-71	-29
65	0.0064	-12	-71	-14
66	0.0065	-7	23	-101
67	0.0066	-2	30	22
68	0.0067	44	48	114
69	0.0068	-45	-70	-33
70	0.0069	19	2	70
71	0.0070	-64	87	54
72	0.0071	2	-49	16
73	0.0072	26	95	-29
74	0.0073	-8	-96	-45
75	0.0074	-16	11	-45
76	0.0075	-104	-41	2
77	0.0076	10	37	-7
78	0.0077	28	13	37
79	0.0078	-12	-31	7
80	0.0079	118	66	-36
81	0.0080	-47	-46	-45
82	0.0081	49	41	-8
83	0.0082	15	7	-12
84	0.0083	2	-4	11
85	0.0084	10	13	20
86	0.0085	-92	2	19
87	0.0086	-27	62	16
88	0.0087	-84	50	95
89	0.0088	-37	-74	-32
90	0.0089	40	-11	-29
91	0.0090	-45	-4	16
92	0.0091	15	109	155
93	0.0092	9	66	69
94	0.0093	33	-63	-83
95	0.0094	41	-65	-32
96	0.0095	22	-42	-27
97	0.0096	19	77	9
98	0.0097	-14	112	177
99	0.0098	-68	73	73
100	0.0099	43	-85	9

电流增量数据 [1000Hz, 10点]
采样序号	时间(s)	A相电流(INT)	B相电流(INT)	C相电流(INT)
1	0.000	-209	247	-559
2	0.001	-286	-428	-239
3	0.002	-20	655	-618
4	0.003	374	307	-828
5	0.004	1218	-1070	-1247
6	0.005	277	-1121	-637
7	0.006	-685	-1709	567
8	0.007	-685	2862	495
9	0.008	-508	530	139
10	0.009	-538	1182	48
================================================================================

=== 采集时间: 2025-12-05 15:24:28 (增量周期: 10.0ms) ===
振动增量数据 [等效10000Hz, 100点]
时序序号	时间(s)	X振动(INT)	Y振动(INT)	Z振动(INT)
1	0.0000	-42	-121	-114
2	0.0001	-29	35	-93
3	0.0002	10	62	63
4	0.0003	-58	60	125
5	0.0004	74	-38	24
6	0.0005	7	-92	-36
7	0.0006	-21	-11	-24
8	0.0007	50	56	-17
9	0.0008	-21	48	11
10	0.0009	66	-25	-110
11	0.0010	36	-83	-131
12	0.0011	-87	0	61
13	0.0012	37	75	150
14	0.0013	-93	121	27
15	0.0014	105	-106	-147
16	0.0015	-98	-92	-84
17	0.0016	5	31	44
18	0.0017	-20	114	78
19	0.0018	75	35	65
20	0.0019	39	-42	-54
21	0.0020	-2	-81	7
22	0.0021	-51	23	-76
23	0.0022	33	3	-42
24	0.0023	15	31	-23
25	0.0024	14	-50	70
26	0.0025	-20	-2	31
27	0.0026	-84	-29	28
28	0.0027	-61	75	65
29	0.0028	-111	24	-17
30	0.0029	129	23	-62
31	0.0030	-58	-7	100
32	0.0031	18	5	73
33	0.0032	-36	37	54
34	0.0033	46	41	-44
35	0.0034	20	-23	-83
36	0.0035	16	-49	-67
37	0.0036	-14	-38	-51
38	0.0037	-2	6	-10
39	0.0038	-81	-33	44
40	0.0039	-44	10	6
41	0.0040	15	7	26
42	0.0041	-74	10	-54
43	0.0042	10	-33	-63
44	0.0043	-31	9	-97
45	0.0044	39	-32	6
46	0.0045	-28	37	70
47	0.0046	-7	3	78
48	0.0047	19	64	-7
49	0.0048	-50	13	33
50	0.0049	-12	5	13
51	0.0050	-47	-17	43
52	0.0051	-72	-2	22
53	0.0052	-45	57	-7
54	0.0053	22	13	-46
55	0.0054	-49	-48	35
56	0.0055	-7	-54	19
57	0.0056	-58	52	80
58	0.0057	5	50	53
59	0.0058	-15	19	-8
60	0.0059	84	-3	-31
61	0.0060	-19	-19	-57
62	0.0061	43	-6	-21
63	0.0062	11	23	-10
64	0.0063	5	-16	23
65	0.0064	2	27	104
66	0.0065	-32	-11	2
67	0.0066	19	47	36
68	0.0067	-40	-14	-28
69	0.0068	18	-23	-25
70	0.0069	-2	22	27
71	0.0070	-72	-61	40
72	0.0071	9	73	56
73	0.0072	-54	-61	32
74	0.0073	9	61	1
75	0.0074	15	-23	-25
76	0.0075	121	88	-105
77	0.0076	33	-10	24
78	0.0077	-4	-11	69
79	0.0078	36	32	-84
80	0.0079	5	32	40
81	0.0080	-36	-6	-24
82	0.0081	54	30	82
83	0.0082	-54	-8	-29
84	0.0083	50	-113	-97
85	0.0084	-58	-65	-61
86	0.0085	-24	117	271
87	0.0086	-31	225	37
88	0.0087	93	-27	-87
89	0.0088	-83	-138	-20
90	0.0089	-20	-117	-98
91	0.0090	69	113	-81
92	0.0091	31	122	172
93	0.0092	-78	-15	70
94	0.0093	83	-49	-151
95	0.0094	1	-106	-109
96	0.0095	-29	-33	2
97	0.0096	58	144	5
98	0.0097	49	62	11
99	0.0098	-2	-75	24
100	0.0099	-63	-129	-40

电流增量数据 [1000Hz, 10点]
采样序号	时间(s)	A相电流(INT)	B相电流(INT)	C相电流(INT)
1	0.000	-161	-2258	695
2	0.001	-7	-1769	662
3	0.002	-109	-1054	944
4	0.003	-742	171	974
5	0.004	-686	-1209	740
6	0.005	919	-1287	-666
7	0.006	698	-1828	-401
8	0.007	606	2102	-69
9	0.008	581	-269	-123
10	0.009	651	-249	-20
================================================================================

=== 采集时间: 2025-12-05 15:24:28 (增量周期: 10.0ms) ===
振动增量数据 [等效10000Hz, 100点]
时序序号	时间(s)	X振动(INT)	Y振动(INT)	Z振动(INT)
1	0.0000	16	-115	-151
2	0.0001	-67	-89	-36
3	0.0002	36	99	37
4	0.0003	20	61	60
5	0.0004	45	100	163
6	0.0005	-67	-98	-4
7	0.0006	-17	-88	-113
8	0.0007	33	41	-36
9	0.0008	-87	44	36
10	0.0009	82	134	82
11	0.0010	-63	-98	-11
12	0.0011	-29	-65	35
13	0.0012	-64	19	-16
14	0.0013	-31	13	-28
15	0.0014	41	97	-36
16	0.0015	18	-49	70
17	0.0016	-31	39	76
18	0.0017	18	-2	76
19	0.0018	-58	79	41
20	0.0019	56	19	39
21	0.0020	-29	-41	-143
22	0.0021	20	-48	22
23	0.0022	-114	27	10
24	0.0023	-7	54	88
25	0.0024	-41	87	138
26	0.0025	-6	-72	44
27	0.0026	6	-54	-71
28	0.0027	-27	-24	19
29	0.0028	35	84	10
30	0.0029	112	48	-37
31	0.0030	73	5	92
32	0.0031	-31	-34	31
33	0.0032	0	15	9
34	0.0033	-27	37	-31
35	0.0034	-20	30	45
36	0.0035	19	49	-17
37	0.0036	0	-23	36
38	0.0037	-46	-2	49
39	0.0038	-24	5	39
40	0.0039	-32	39	-4
41	0.0040	-11	-11	39
42	0.0041	-31	-37	-42
43	0.0042	-3	13	-8
44	0.0043	11	23	1
45	0.0044	37	-25	39
46	0.0045	18	23	16
47	0.0046	11	-61	1
48	0.0047	0	60	-55
49	0.0048	28	-65	-102
50	0.0049	-79	15	-16
51	0.0050	-88	-58	-36
52	0.0051	-84	-25	127
53	0.0052	-28	-15	44
54	0.0053	-11	73	40
55	0.0054	69	45	67
56	0.0055	-2	-16	-27
57	0.0056	6	-7	11
58	0.0057	28	19	40
59	0.0058	90	27	-51
60	0.0059	52	-36	-23
61	0.0060	-34	1	-16
62	0.0061	41	40	-29
63	0.0062	-55	39	-27
64	0.0063	0	13	0
65	0.0064	32	27	-14
66	0.0065	-55	-66	-14
67	0.0066	-2	23	7
68	0.0067	-93	19	16
69	0.0068	-44	28	-71
70	0.0069	-11	-36	-2
71	0.0070	-84	-81	62
72	0.0071	-28	2	19
73	0.0072	19	15	35
74	0.0073	-27	57	105
75	0.0074	-2	-2	6
76	0.0075	79	13	-45
77	0.0076	-15	30	113
78	0.0077	-98	-20	104
79	0.0078	2	77	-41
80	0.0079	11	-20	-28
81	0.0080	-51	-98	-93
82	0.0081	65	-68	-186
83	0.0082	41	65	15
84	0.0083	-166	97	220
85	0.0084	-21	52	96
86	0.0085	-36	-196	-319
87	0.0086	-23	-165	11
88	0.0087	-34	121	142
89	0.0088	48	109	20
90	0.0089	40	90	58
91	0.0090	-71	-149	90
92	0.0091	-15	10	-36
93	0.0092	87	54	-41
94	0.0093	-53	43	46
95	0.0094	58	99	33
96	0.0095	-53	-96	-75
97	0.0096	-17	-42	63
98	0.0097	-50	9	43
99	0.0098	-23	65	28
100	0.0099	36	58	-29

电流增量数据 [1000Hz, 10点]
采样序号	时间(s)	A相电流(INT)	B相电流(INT)	C相电流(INT)
1	0.000	-537	1055	187
2	0.001	-600	671	153
3	0.002	-550	-1237	-368
4	0.003	-179	-1025	-654
5	0.004	-130	-392	-598
6	0.005	-200	-2889	737
7	0.006	-1207	-415	870
8	0.007	-589	-310	462
9	0.008	-572	732	598
10	0.009	-1339	-444	462
================================================================================

=== 采集时间: 2025-12-05 15:24:29 (增量周期: 10.0ms) ===
振动增量数据 [等效10000Hz, 100点]
时序序号	时间(s)	X振动(INT)	Y振动(INT)	Z振动(INT)
1	0.0000	-57	-6	-51
2	0.0001	54	14	-17
3	0.0002	-66	9	70
4	0.0003	54	-45	16
5	0.0004	-15	-19	-124
6	0.0005	87	-31	-67
7	0.0006	-8	61	6
8	0.0007	1	91	255
9	0.0008	-58	78	5
10	0.0009	15	-169	-67
11	0.0010	-92	64	-10
12	0.0011	-54	-68	63
13	0.0012	33	184	67
14	0.0013	13	30	87
15	0.0014	19	-58	0
16	0.0015	2	-109	-158
17	0.0016	-45	-84	-14
18	0.0017	-23	176	58
19	0.0018	-10	6	61
20	0.0019	10	-29	-46
21	0.0020	23	-121	0
22	0.0021	-113	9	14
23	0.0022	53	74	-51
24	0.0023	-27	33	-42
25	0.0024	11	-11	44
26	0.0025	-91	13	79
27	0.0026	-4	66	73
28	0.0027	-33	49	33
29	0.0028	22	-48	15
30	0.0029	-14	-27	-32
31	0.0030	103	-4	-81
32	0.0031	-23	2	16
33	0.0032	14	27	69
34	0.0033	-46	33	15
35	0.0034	88	-8	-23
36	0.0035	-37	-57	0
37	0.0036	77	54	122
38	0.0037	-134	14	-7
39	0.0038	161	35	-49
40	0.0039	-71	10	-81
41	0.0040	120	-41	53
42	0.0041	-71	112	-2
43	0.0042	118	-19	24
44	0.0043	-17	49	-119
45	0.0044	66	-110	-77
46	0.0045	-15	26	19
47	0.0046	-20	1	88
48	0.0047	-29	60	7
49	0.0048	11	14	56
50	0.0049	-75	-89	-21
51	0.0050	-68	-31	11
52	0.0051	20	-44	30
53	0.0052	-2	-17	-132
54	0.0053	109	-44	-171
55	0.0054	86	-65	-174
56	0.0055	36	16	27
57	0.0056	-4	109	16
58	0.0057	-72	0	28
59	0.0058	-94	15	62
60	0.0059	1	3	33
61	0.0060	5	94	26
62	0.0061	61	65	127
63	0.0062	9	7	-41
64	0.0063	-7	-117	-88
65	0.0064	-4	28	9
66	0.0065	11	-36	-40
67	0.0066	62	54	66
68	0.0067	-29	-14	67
69	0.0068	-20	-33	20
70	0.0069	9	94	16
71	0.0070	10	27	84
72	0.0071	-33	64	13
73	0.0072	99	11	-49
74	0.0073	-123	14	1
75	0.0074	65	3	10
76	0.0075	-36	-8	-92
77	0.0076	75	-11	32
78	0.0077	-29	1	97
79	0.0078	3	-25	-118
80	0.0079	101	11	-152
81	0.0080	-91	-16	109
82	0.0081	-55	5	108
83	0.0082	109	73	-12
84	0.0083	40	9	15
85	0.0084	-68	-54	92
86	0.0085	-25	-24	-27
87	0.0086	11	114	48
88	0.0087	40	23	52
89	0.0088	26	53	-32
90	0.0089	32	-51	-8
91	0.0090	-41	-37	-96
92	0.0091	6	-54	18
93	0.0092	48	48	-115
94	0.0093	86	86	50
95	0.0094	-45	50	129
96	0.0095	7	-117	-85
97	0.0096	6	-57	-119
98	0.0097	2	-40	-4
99	0.0098	22	90	66
100	0.0099	9	61	80

电流增量数据 [1000Hz, 10点]
采样序号	时间(s)	A相电流(INT)	B相电流(INT)	C相电流(INT)
1	0.000	-567	-1428	585
2	0.001	-933	819	777
3	0.002	-640	2032	491
4	0.003	-594	410	250
5	0.004	-500	2553	19
6	0.005	371	-1332	289
7	0.006	-276	-660	1043
8	0.007	73	-2269	696
9	0.008	-653	6	943
10	0.009	-1043	1108	765
================================================================================

=== 采集时间: 2025-12-05 15:24:29 (增量周期: 10.0ms) ===
振动增量数据 [等效10000Hz, 100点]
时序序号	时间(s)	X振动(INT)	Y振动(INT)	Z振动(INT)
1	0.0000	15	-20	-33
2	0.0001	67	62	27
3	0.0002	-27	43	91
4	0.0003	77	23	2
5	0.0004	39	33	-80
6	0.0005	-58	-65	60
7	0.0006	-11	-11	-28
8	0.0007	58	-46	-122
9	0.0008	32	6	32
10	0.0009	-8	-42	52
11	0.0010	-23	28	-8
12	0.0011	18	39	44
13	0.0012	-75	-14	-67
14	0.0013	36	5	-84
15	0.0014	-10	70	11
16	0.0015	-11	-25	45
17	0.0016	-14	24	2
18	0.0017	-42	-45	2
19	0.0018	70	53	-47
20	0.0019	15	-48	-88
21	0.0020	26	-33	-85
22	0.0021	28	-16	-3
23	0.0022	15	24	49
24	0.0023	6	20	11
25	0.0024	41	40	67
26	0.0025	-68	-27	14
27	0.0026	-59	0	19
28	0.0027	-27	6	2
29	0.0028	-23	24	-24
30	0.0029	-45	24	33
31	0.0030	-50	-31	78
32	0.0031	-59	41	-15
33	0.0032	-50	-65	-10
34	0.0033	-75	30	48
35	0.0034	-8	32	69
36	0.0035	53	-8	-21
37	0.0036	62	39	26
38	0.0037	62	-14	15
39	0.0038	36	19	-85
40	0.0039	7	-50	-84
41	0.0040	0	9	-6
42	0.0041	23	-16	26
43	0.0042	-66	13	6
44	0.0043	78	41	-17
45	0.0044	-71	-78	-44
46	0.0045	63	14	-75
47	0.0046	2	50	1
48	0.0047	6	35	32
49	0.0048	9	-16	57
50	0.0049	-49	-51	-27
51	0.0050	-57	14	-31
52	0.0051	57	50	44
53	0.0052	-11	118	86
54	0.0053	82	-27	-29
55	0.0054	-6	-49	-47
56	0.0055	-23	-92	1
57	0.0056	13	92	-19
58	0.0057	16	112	-33
59	0.0058	61	36	-42
60	0.0059	58	-72	-44
61	0.0060	-64	-12	113
62	0.0061	-24	47	-11
63	0.0062	13	-28	-136
64	0.0063	39	-15	-84
65	0.0064	30	36	52
66	0.0065	15	95	78
67	0.0066	40	57	133
68	0.0067	-75	-8	-8
69	0.0068	33	-53	-45
70	0.0069	-79	-38	-105
71	0.0070	24	-62	-199
72	0.0071	70	54	-72
73	0.0072	-58	6	74
74	0.0073	0	-28	90
75	0.0074	-20	16	52
76	0.0075	-59	-65	31
77	0.0076	-15	71	7
78	0.0077	43	32	-6
79	0.0078	-37	-28	-8
80	0.0079	138	35	49
81	0.0080	-58	-54	-6
82	0.0081	49	-19	26
83	0.0082	-115	22	-36
84	0.0083	30	-2	-2
85	0.0084	-34	75	-84
86	0.0085	40	-75	32
87	0.0086	22	114	22
88	0.0087	58	-42	49
89	0.0088	-55	24	-21
90	0.0089	91	-12	-20
91	0.0090	-62	6	-101
92	0.0091	92	50	33
93	0.0092	-29	-36	43
94	0.0093	70	-11	-70
95	0.0094	3	90	75
96	0.0095	-84	-29	-21
97	0.0096	15	48	-2
98	0.0097	0	-36	-50
99	0.0098	23	-15	5
100	0.0099	6	97	86

电流增量数据 [1000Hz, 10点]
采样序号	时间(s)	A相电流(INT)	B相电流(INT)	C相电流(INT)
1	0.000	-608	1987	-424
2	0.001	-76	1577	-753
3	0.002	256	1471	-865
4	0.003	-74	-1997	-870
5	0.004	-129	159	-388
6	0.005	-571	-2809	474
7	0.006	-655	7	643
8	0.007	-1362	-37	796
9	0.008	-901	532	530
10	0.009	-536	-893	333
================================================================================

=== 采集时间: 2025-12-05 15:24:29 (增量周期: 10.0ms) ===
振动增量数据 [等效10000Hz, 100点]
时序序号	时间(s)	X振动(INT)	Y振动(INT)	Z振动(INT)
1	0.0000	11	-16	-37
2	0.0001	62	-16	-58
3	0.0002	-16	19	2
4	0.0003	-17	19	27
5	0.0004	36	5	-97
6	0.0005	24	13	1
7	0.0006	2	14	87
8	0.0007	35	67	37
9	0.0008	56	6	-107
10	0.0009	40	22	50
11	0.0010	-46	-16	26
12	0.0011	15	14	-12
13	0.0012	-21	9	-49
14	0.0013	11	6	-25
15	0.0014	-38	-4	33
16	0.0015	19	13	-19
17	0.0016	52	15	39
18	0.0017	-25	97	93
19	0.0018	35	-140	-117
20	0.0019	32	-4	-63
21	0.0020	-8	-10	41
22	0.0021	-114	53	105
23	0.0022	35	92	93
24	0.0023	-58	-21	-4
25	0.0024	56	-72	-81
26	0.0025	32	-8	-101
27	0.0026	61	37	-53
28	0.0027	60	96	37
29	0.0028	-62	-15	6
30	0.0029	82	-6	-29
31	0.0030	-92	-28	-16
32	0.0031	31	16	139
33	0.0032	-32	95	-45
34	0.0033	77	-57	10
35	0.0034	-64	20	33
36	0.0035	-12	-55	23
37	0.0036	9	61	-71
38	0.0037	-20	1	90
39	0.0038	-105	-11	5
40	0.0039	43	23	-34
41	0.0040	-75	19	-53
42	0.0041	15	6	83
43	0.0042	-4	35	-29
44	0.0043	70	-19	46
45	0.0044	-6	-10	-74
46	0.0045	79	22	-8
47	0.0046	-23	45	-28
48	0.0047	62	-19	-37
49	0.0048	-17	-67	2
50	0.0049	20	53	73
51	0.0050	-15	-19	-29
52	0.0051	-6	-33	-23
53	0.0052	-47	-38	-135
54	0.0053	-11	37	54
55	0.0054	-62	20	105
56	0.0055	2	41	121
57	0.0056	-14	57	103
58	0.0057	-46	14	-11
59	0.0058	-11	-24	-74
60	0.0059	70	50	-38
61	0.0060	24	-57	-38
62	0.0061	90	-16	62
63	0.0062	-44	-29	13
64	0.0063	33	-3	-28
65	0.0064	-91	15	-12
66	0.0065	-14	-65	-67
67	0.0066	16	90	60
68	0.0067	-84	30	163
69	0.0068	-70	18	50
70	0.0069	-98	-25	10
71	0.0070	-71	-70	-84
72	0.0071	-62	30	76
73	0.0072	-19	56	26
74	0.0073	71	24	14
75	0.0074	-40	0	7
76	0.0075	66	-54	53
77	0.0076	-46	82	53
78	0.0077	139	-27	-28
79	0.0078	-47	54	13
80	0.0079	104	-7	-4
81	0.0080	-85	88	70
82	0.0081	-36	2	49
83	0.0082	-23	16	-49
84	0.0083	-51	-66	-12
85	0.0084	-2	54	48
86	0.0085	-38	-23	14
87	0.0086	24	91	-14
88	0.0087	-41	-36	87
89	0.0088	3	15	-36
90	0.0089	66	-62	-37
91	0.0090	-33	16	88
92	0.0091	-23	24	44
93	0.0092	-44	54	20
94	0.0093	2	-10	91
95	0.0094	-88	-78	-25
96	0.0095	28	-32	-14
97	0.0096	-58	5	1
98	0.0097	-58	26	62
99	0.0098	14	146	95
100	0.0099	7	19	-32

电流增量数据 [1000Hz, 10点]
采样序号	时间(s)	A相电流(INT)	B相电流(INT)	C相电流(INT)
1	0.000	657	-1736	205
2	0.001	1046	-1927	223
3	0.002	849	-788	110
4	0.003	598	-31	88
5	0.004	101	468	412
6	0.005	685	-3359	-734
7	0.006	762	-617	-743
8	0.007	696	-2112	-734
9	0.008	762	-76	-849
10	0.009	687	-1454	-195
================================================================================

=== 采集时间: 2025-12-05 15:24:30 (增量周期: 10.0ms) ===
振动增量数据 [等效10000Hz, 100点]
时序序号	时间(s)	X振动(INT)	Y振动(INT)	Z振动(INT)
1	0.0000	20	37	-47
2	0.0001	62	-62	-80
3	0.0002	-10	32	31
4	0.0003	23	-19	-89
5	0.0004	53	94	37
6	0.0005	-58	6	74
7	0.0006	-20	-4	19
8	0.0007	-44	-23	62
9	0.0008	-27	30	82
10	0.0009	-57	65	41
11	0.0010	-4	0	-55
12	0.0011	-47	-58	22
13	0.0012	-14	-65	-62
14	0.0013	75	30	-76
15	0.0014	24	37	2
16	0.0015	35	3	73
17	0.0016	-10	13	31
18	0.0017	19	13	-10
19	0.0018	-6	57	33
20	0.0019	-3	39	99
21	0.0020	56	-12	-118
22	0.0021	97	-74	-83
23	0.0022	-134	-46	90
24	0.0023	80	190	48
25	0.0024	-62	61	100
26	0.0025	-37	-160	-23
27	0.0026	-15	-112	-158
28	0.0027	-31	40	79
29	0.0028	-51	152	52
30	0.0029	45	22	6
31	0.0030	-11	-34	-41
32	0.0031	-2	-134	-32
33	0.0032	-37	2	-17
34	0.0033	61	201	120
35	0.0034	-34	112	118
36	0.0035	31	-71	-92
37	0.0036	23	-149	-77
38	0.0037	-117	-40	35
39	0.0038	36	128	32
40	0.0039	43	78	78
41	0.0040	10	-65	84
42	0.0041	5	-4	2
43	0.0042	15	9	6
44	0.0043	-17	77	-31
45	0.0044	23	-33	-85
46	0.0045	86	14	-66
47	0.0046	15	-67	-63
48	0.0047	-32	-29	48
49	0.0048	-31	88	-10
50	0.0049	26	62	91
51	0.0050	-2	-50	-81
52	0.0051	-10	-38	-38
53	0.0052	-58	7	14
54	0.0053	75	75	-2
55	0.0054	79	33	-44
56	0.0055	-2	-98	32
57	0.0056	-72	-57	-28
58	0.0057	-12	-33	-132
59	0.0058	40	64	-119
60	0.0059	31	39	79
61	0.0060	-17	-2	46
62	0.0061	6	45	118
63	0.0062	-104	-24	20
64	0.0063	15	50	-20
65	0.0064	-29	16	57
66	0.0065	-57	-31	32
67	0.0066	113	1	-75
68	0.0067	-29	27	-40
69	0.0068	33	-3	24
70	0.0069	1	20	3
71	0.0070	43	-46	-66
72	0.0071	32	22	-77
73	0.0072	-50	2	10
74	0.0073	13	84	71
75	0.0074	-59	14	66
76	0.0075	71	0	-21
77	0.0076	-3	-29	-4
78	0.0077	-53	-36	26
79	0.0078	-44	19	-100
80	0.0079	46	23	-87
81	0.0080	10	2	67
82	0.0081	-41	50	140
83	0.0082	32	28	67
84	0.0083	-63	47	69
85	0.0084	48	-21	-4
86	0.0085	13	73	-21
87	0.0086	-8	9	-37
88	0.0087	57	-6	16
89	0.0088	-24	-19	-25
90	0.0089	66	-11	-29
91	0.0090	-2	48	-10
92	0.0091	66	16	-4
93	0.0092	-68	-14	-68
94	0.0093	45	-53	10
95	0.0094	-37	19	40
96	0.0095	19	2	54
97	0.0096	66	53	27
98	0.0097	13	-23	18
99	0.0098	97	58	-55
100	0.0099	0	20	-57

电流增量数据 [1000Hz, 10点]
采样序号	时间(s)	A相电流(INT)	B相电流(INT)	C相电流(INT)
1	0.000	953	390	-835
2	0.001	1020	-1285	-771
3	0.002	813	-1125	-865
4	0.003	645	-1562	-472
5	0.004	410	2036	-52
6	0.005	230	1068	-1004
7	0.006	245	1018	-618
8	0.007	-13	891	-786
9	0.008	299	772	-718
10	0.009	384	-508	-607
================================================================================

=== 采集时间: 2025-12-05 15:24:30 (增量周期: 10.0ms) ===
振动增量数据 [等效10000Hz, 100点]
时序序号	时间(s)	X振动(INT)	Y振动(INT)	Z振动(INT)
1	0.0000	-10	11	3
2	0.0001	-19	-27	-24
3	0.0002	54	-20	-123
4	0.0003	36	-44	-42
5	0.0004	-27	-11	69
6	0.0005	-41	35	19
7	0.0006	16	56	2
8	0.0007	-64	-53	5
9	0.0008	50	9	-92
10	0.0009	-50	20	-45
11	0.0010	-14	80	54
12	0.0011	2	-2	-74
13	0.0012	3	-16	14
14	0.0013	-59	-14	-4
15	0.0014	-31	-33	57
16	0.0015	-75	117	135
17	0.0016	-7	-23	120
18	0.0017	10	-25	-16
19	0.0018	61	-23	-42
20	0.0019	-59	-6	90
21	0.0020	-32	62	13
22	0.0021	53	56	-32
23	0.0022	-130	-14	112
24	0.0023	-71	-11	62
25	0.0024	5	0	-81
26	0.0025	18	27	7
27	0.0026	-28	-12	-2
28	0.0027	88	26	-23
29	0.0028	-38	36	27
30	0.0029	-14	-44	16
31	0.0030	13	24	-58
32	0.0031	57	39	23
33	0.0032	-33	-65	66
34	0.0033	61	40	-81
35	0.0034	53	-23	-20
36	0.0035	-47	1	44
37	0.0036	-45	-41	-27
38	0.0037	3	40	-21
39	0.0038	-68	-4	-42
40	0.0039	37	-87	-130
41	0.0040	-32	-50	5
42	0.0041	-11	61	151
43	0.0042	-2	155	93
44	0.0043	151	37	-66
45	0.0044	-33	-161	-81
46	0.0045	40	-25	-29
47	0.0046	9	70	-29
48	0.0047	83	96	70
49	0.0048	32	-19	-15
50	0.0049	62	-41	-47
51	0.0050	-4	-105	-92
52	0.0051	-31	61	48
53	0.0052	-58	99	80
54	0.0053	-4	90	-7
55	0.0054	-8	-100	-31
56	0.0055	-14	-81	32
57	0.0056	-54	35	-19
58	0.0057	82	78	0
59	0.0058	-51	31	9
60	0.0059	74	-37	19
61	0.0060	48	-12	-88
62	0.0061	-33	-65	-41
63	0.0062	-16	6	6
64	0.0063	-14	66	-2
65	0.0064	61	143	96
66	0.0065	-68	-24	60
67	0.0066	33	-48	-46
68	0.0067	-61	-45	-3
69	0.0068	-61	19	39
70	0.0069	83	151	0
71	0.0070	-55	-34	95
72	0.0071	36	-57	-45
73	0.0072	40	-25	-21
74	0.0073	-21	40	19
75	0.0074	1	74	-14
76	0.0075	48	-65	-51
77	0.0076	5	-28	-79
78	0.0077	-11	-28	19
79	0.0078	-34	67	9
80	0.0079	39	44	10
81	0.0080	15	-16	69
82	0.0081	-23	-21	14
83	0.0082	97	6	-134
84	0.0083	-57	40	73
85	0.0084	-6	-10	-2
86	0.0085	80	1	-61
87	0.0086	26	7	73
88	0.0087	1	23	6
89	0.0088	53	53	11
90	0.0089	-76	86	53
91	0.0090	-21	-58	20
92	0.0091	-33	57	-93
93	0.0092	-8	-29	53
94	0.0093	-32	58	126
95	0.0094	16	-14	-34
96	0.0095	16	23	14
97	0.0096	-96	-70	-4
98	0.0097	53	6	-33
99	0.0098	3	56	35
100	0.0099	88	20	105

电流增量数据 [1000Hz, 10点]
采样序号	时间(s)	A相电流(INT)	B相电流(INT)	C相电流(INT)
1	0.000	316	-677	16
2	0.001	564	-1486	563
3	0.002	936	-365	48
4	0.003	591	-1898	74
5	0.004	73	-1860	349
6	0.005	115	-1728	510
7	0.006	527	2120	-813
8	0.007	612	814	-738
9	0.008	120	572	-568
10	0.009	841	987	-676
================================================================================

=== 采集时间: 2025-12-05 15:24:30 (增量周期: 10.0ms) ===
振动增量数据 [等效10000Hz, 100点]
时序序号	时间(s)	X振动(INT)	Y振动(INT)	Z振动(INT)
1	0.0000	-111	90	130
2	0.0001	-21	-16	112
3	0.0002	-12	50	-7
4	0.0003	-14	-61	54
5	0.0004	-28	56	31
6	0.0005	69	-8	-119
7	0.0006	60	16	-23
8	0.0007	-33	-45	2
9	0.0008	48	24	-50
10	0.0009	-33	56	2
11	0.0010	-16	-29	74
12	0.0011	-68	-4	-3
13	0.0012	65	0	0
14	0.0013	-32	-3	-44
15	0.0014	-8	-122	-25
16	0.0015	-63	56	33
17	0.0016	-84	73	233
18	0.0017	-23	186	163
19	0.0018	-15	-149	-84
20	0.0019	10	-109	-111
21	0.0020	15	-71	-87
22	0.0021	43	190	142
23	0.0022	19	228	173
24	0.0023	57	-29	14
25	0.0024	-74	-190	-192
26	0.0025	-7	-172	-109
27	0.0026	-50	92	-46
28	0.0027	160	194	86
29	0.0028	35	28	105
30	0.0029	53	-114	46
31	0.0030	-110	-88	-134
32	0.0031	-8	13	9
33	0.0032	-105	104	-17
34	0.0033	159	22	-45
35	0.0034	0	33	15
36	0.0035	-16	-54	92
37	0.0036	-122	54	62
38	0.0037	-42	18	44
39	0.0038	-25	-23	5
40	0.0039	15	-66	-71
41	0.0040	63	14	-31
42	0.0041	-36	74	131
43	0.0042	-3	39	96
44	0.0043	83	47	80
45	0.0044	-51	-61	43
46	0.0045	20	-40	-63
47	0.0046	15	86	-68
48	0.0047	49	82	46
49	0.0048	65	74	44
50	0.0049	74	-41	20
51	0.0050	125	23	-10
52	0.0051	-61	54	6
53	0.0052	86	-15	16
54	0.0053	-37	-20	-75
55	0.0054	83	-32	-19
56	0.0055	-49	0	-123
57	0.0056	116	23	-10
58	0.0057	-78	92	63
59	0.0058	18	-45	104
60	0.0059	-64	71	-47
61	0.0060	26	-48	99
62	0.0061	-31	61	-3
63	0.0062	57	13	52
64	0.0063	0	88	-34
65	0.0064	33	-91	-70
66	0.0065	13	-31	-92
67	0.0066	-25	9	39
68	0.0067	2	99	16
69	0.0068	35	13	6
70	0.0069	-58	-14	41
71	0.0070	-70	-76	-12
72	0.0071	15	43	-42
73	0.0072	-3	9	75
74	0.0073	-12	-27	-10
75	0.0074	18	-2	6
76	0.0075	23	58	-53
77	0.0076	-70	-37	73
78	0.0077	13	73	-40
79	0.0078	-6	-78	-42
80	0.0079	-23	47	36
81	0.0080	36	6	-20
82	0.0081	-58	50	93
83	0.0082	27	16	1
84	0.0083	-64	-65	-72
85	0.0084	101	-8	-23
86	0.0085	-125	-45	2
87	0.0086	26	56	148
88	0.0087	-67	75	-6
89	0.0088	-34	-89	35
90	0.0089	-2	48	41
91	0.0090	-67	-50	10
92	0.0091	40	77	1
93	0.0092	-51	-29	-38
94	0.0093	-2	31	30
95	0.0094	5	-2	20
96	0.0095	23	-20	-34
97	0.0096	15	-7	-59
98	0.0097	-4	-25	-17
99	0.0098	-29	-2	-54
100	0.0099	-24	-23	131

电流增量数据 [1000Hz, 10点]
采样序号	时间(s)	A相电流(INT)	B相电流(INT)	C相电流(INT)
1	0.000	936	196	-201
2	0.001	446	-67	-17
3	0.002	747	-2497	463
4	0.003	660	-3362	452
5	0.004	128	-2077	980
6	0.005	37	-1923	-752
7	0.006	356	279	-655
8	0.007	324	-159	-547
9	0.008	773	489	-898
10	0.009	650	-1230	-959
================================================================================

=== 采集时间: 2025-12-05 15:24:31 (增量周期: 10.0ms) ===
振动增量数据 [等效10000Hz, 100点]
时序序号	时间(s)	X振动(INT)	Y振动(INT)	Z振动(INT)
1	0.0000	107	15	-53
2	0.0001	-51	-3	-102
3	0.0002	26	15	99
4	0.0003	-97	37	97
5	0.0004	39	-31	-16
6	0.0005	20	10	-139
7	0.0006	-54	-109	0
8	0.0007	-20	141	20
9	0.0008	5	74	125
10	0.0009	-40	48	13
11	0.0010	-27	-136	22
12	0.0011	-10	-87	-143
13	0.0012	63	14	-55
14	0.0013	52	116	95
15	0.0014	-25	97	91
16	0.0015	50	-65	33
17	0.0016	-40	-123	-107
18	0.0017	62	-21	-33
19	0.0018	-37	141	138
20	0.0019	1	75	5
21	0.0020	46	-25	-88
22	0.0021	-114	-89	44
23	0.0022	-83	-27	19
24	0.0023	-17	80	28
25	0.0024	-16	50	99
26	0.0025	32	-19	-6
27	0.0026	54	-21	-38
28	0.0027	-47	23	1
29	0.0028	6	35	-14
30	0.0029	40	54	-92
31	0.0030	88	-54	-61
32	0.0031	-74	-62	46
33	0.0032	70	35	-29
34	0.0033	-92	19	-4
35	0.0034	-2	-15	71
36	0.0035	10	-34	-31
37	0.0036	49	-29	-75
38	0.0037	18	-8	-164
39	0.0038	-7	13	7
40	0.0039	-23	-12	-67
41	0.0040	26	-16	37
42	0.0041	7	86	136
43	0.0042	-31	-33	19
44	0.0043	11	45	-84
45	0.0044	-6	-49	-27
46	0.0045	11	30	-77
47	0.0046	-7	5	9
48	0.0047	-11	-8	44
49	0.0048	-20	14	45
50	0.0049	-11	40	40
51	0.0050	-17	-21	44
52	0.0051	10	5	-29
53	0.0052	16	-28	-27
54	0.0053	5	49	-4
55	0.0054	10	-45	-15
56	0.0055	-2	15	1
57	0.0056	-42	2	84
58	0.0057	31	-36	-71
59	0.0058	11	65	-58
60	0.0059	-34	-65	1
61	0.0060	-38	23	79
62	0.0061	20	44	32
63	0.0062	-14	-20	27
64	0.0063	-28	39	61
65	0.0064	-66	-7	46
66	0.0065	40	60	-93
67	0.0066	-2	-8	-12
68	0.0067	-108	-68	84
69	0.0068	-10	27	-15
70	0.0069	3	-54	-81
71	0.0070	15	-57	9
72	0.0071	40	-11	33
73	0.0072	77	41	-45
74	0.0073	95	30	-32
75	0.0074	-33	-20	52
76	0.0075	20	44	35
77	0.0076	-28	18	-15
78	0.0077	53	9	73
79	0.0078	-84	60	-38
80	0.0079	61	-7	7
81	0.0080	-72	1	-28
82	0.0081	-37	-40	20
83	0.0082	30	24	-44
84	0.0083	45	79	52
85	0.0084	1	16	67
86	0.0085	11	31	-14
87	0.0086	-28	-2	-46
88	0.0087	-15	-16	87
89	0.0088	10	56	-6
90	0.0089	143	31	5
91	0.0090	-78	-67	-7
92	0.0091	73	-87	-98
93	0.0092	-117	-8	39
94	0.0093	43	185	121
95	0.0094	7	101	50
96	0.0095	71	-95	-6
97	0.0096	-79	-104	-44
98	0.0097	52	49	-58
99	0.0098	53	164	-23
100	0.0099	-14	-33	75

电流增量数据 [1000Hz, 10点]
采样序号	时间(s)	A相电流(INT)	B相电流(INT)	C相电流(INT)
1	0.000	176	495	-1198
2	0.001	500	-2382	-1037
3	0.002	522	333	-887
4	0.003	37	-55	-605
5	0.004	476	405	-866
6	0.005	428	-1052	-750
7	0.006	-693	-900	223
8	0.007	-567	-726	11
9	0.008	-597	517	86
10	0.009	-676	2670	6
================================================================================

=== 采集时间: 2025-12-05 15:24:31 (增量周期: 10.0ms) ===
振动增量数据 [等效10000Hz, 100点]
时序序号	时间(s)	X振动(INT)	Y振动(INT)	Z振动(INT)
1	0.0000	53	-112	-141
2	0.0001	-42	-2	-15
3	0.0002	-14	-2	-36
4	0.0003	62	126	27
5	0.0004	-97	-15	168
6	0.0005	-88	-53	66
7	0.0006	6	9	-77
8	0.0007	-45	-8	-34
9	0.0008	1	33	5
10	0.0009	-24	11	41
11	0.0010	-33	15	45
12	0.0011	-54	-79	-29
13	0.0012	9	-17	-91
14	0.0013	-75	6	24
15	0.0014	45	27	-14
16	0.0015	63	-3	-76
17	0.0016	2	-7	63
18	0.0017	-50	-25	40
19	0.0018	-15	10	6
20	0.0019	-21	36	52
21	0.0020	-50	-7	13
22	0.0021	20	44	-74
23	0.0022	-4	-19	3
24	0.0023	-46	-3	49
25	0.0024	-21	-24	2
26	0.0025	6	44	41
27	0.0026	-42	-27	41
28	0.0027	-57	-3	39
29	0.0028	14	13	-101
30	0.0029	56	9	26
31	0.0030	23	-20	35
32	0.0031	117	70	-23
33	0.0032	3	-10	-21
34	0.0033	-51	1	27
35	0.0034	-49	47	39
36	0.0035	-3	18	48
37	0.0036	-8	31	7
38	0.0037	74	-49	-33
39	0.0038	-3	-31	-80
40	0.0039	2	-8	11
41	0.0040	54	41	-20
42	0.0041	19	58	-34
43	0.0042	30	-29	-8
44	0.0043	-49	26	-40
45	0.0044	37	-8	19
46	0.0045	-38	32	-31
47	0.0046	1	-23	74
48	0.0047	-40	87	27
49	0.0048	10	-29	-87
50	0.0049	-27	6	33
51	0.0050	-21	-36	33
52	0.0051	44	-4	-80
53	0.0052	16	-65	-77
54	0.0053	30	56	1
55	0.0054	0	78	108
56	0.0055	19	-7	-46
57	0.0056	23	-117	-119
58	0.0057	-6	-91	-77
59	0.0058	-33	48	-67
60	0.0059	83	182	73
61	0.0060	15	210	168
62	0.0061	5	37	45
63	0.0062	-98	-236	-97
64	0.0063	30	-71	-111
65	0.0064	-54	16	-46
66	0.0065	87	190	87
67	0.0066	-63	58	152
68	0.0067	-104	-106	27
69	0.0068	-45	-50	-47
70	0.0069	-96	-12	44
71	0.0070	31	114	37
72	0.0071	28	64	83
73	0.0072	63	-19	-8
74	0.0073	48	2	-41
75	0.0074	-27	13	130
76	0.0075	-20	40	52
77	0.0076	32	14	-71
78	0.0077	23	-42	6
79	0.0078	5	43	-41
80	0.0079	18	-38	23
81	0.0080	-28	95	16
82	0.0081	-47	-78	75
83	0.0082	63	-20	-70
84	0.0083	2	-28	-14
85	0.0084	0	69	33
86	0.0085	-23	50	-4
87	0.0086	75	53	-4
88	0.0087	-57	-37	50
89	0.0088	35	14	62
90	0.0089	-12	10	-76
91	0.0090	-58	35	31
92	0.0091	-10	103	91
93	0.0092	-24	-15	30
94	0.0093	57	10	-20
95	0.0094	-36	-65	24
96	0.0095	-58	-10	7
97	0.0096	6	19	-58
98	0.0097	-23	-34	-37
99	0.0098	31	40	41
100	0.0099	0	-63	-8

电流增量数据 [1000Hz, 10点]
采样序号	时间(s)	A相电流(INT)	B相电流(INT)	C相电流(INT)
1	0.000	-631	378	-6
2	0.001	-702	145	-276
3	0.002	-441	847	-372
4	0.003	-168	-175	-408
5	0.004	11	-568	-722
6	0.005	-56	-538	-825
7	0.006	-707	-1294	756
8	0.007	-515	2272	661
9	0.008	-802	-188	731
10	0.009	-722	2192	-208
================================================================================

=== 采集时间: 2025-12-05 15:24:31 (增量周期: 10.0ms) ===
振动增量数据 [等效10000Hz, 100点]
时序序号	时间(s)	X振动(INT)	Y振动(INT)	Z振动(INT)
1	0.0000	-34	-2	15
2	0.0001	-38	-48	20
3	0.0002	-111	53	15
4	0.0003	-64	0	-19
5	0.0004	-50	1	-4
6	0.0005	-25	-37	27
7	0.0006	-36	19	86
8	0.0007	7	52	76
9	0.0008	30	19	-21
10	0.0009	80	-24	-15
11	0.0010	26	-45	-59
12	0.0011	33	-29	26
13	0.0012	31	61	-7
14	0.0013	45	35	-29
15	0.0014	-61	2	23
16	0.0015	-6	-29	-42
17	0.0016	0	-12	-97
18	0.0017	-23	47	80
19	0.0018	-44	27	-6
20	0.0019	41	30	32
21	0.0020	-46	-12	49
22	0.0021	-33	-37	-4
23	0.0022	0	2	33
24	0.0023	-20	47	9
25	0.0024	9	-45	-29
26	0.0025	-3	-3	-6
27	0.0026	-55	-20	48
28	0.0027	32	54	66
29	0.0028	3	50	-19
30	0.0029	66	47	41
31	0.0030	-68	-20	-29
32	0.0031	69	-11	-34
33	0.0032	-72	43	-4
34	0.0033	27	31	114
35	0.0034	-64	74	-15
36	0.0035	50	-58	1
37	0.0036	-87	-29	5
38	0.0037	0	-2	52
39	0.0038	2	39	-50
40	0.0039	37	-58	57
41	0.0040	-21	-41	-50
42	0.0041	124	37	-105
43	0.0042	45	90	-51
44	0.0043	-64	-29	83
45	0.0044	-132	14	31
46	0.0045	-16	6	1
47	0.0046	-115	-4	96
48	0.0047	-57	-65	60
49	0.0048	-2	104	54
50	0.0049	70	95	138
51	0.0050	0	1	-20
52	0.0051	30	-38	10
53	0.0052	-51	-76	-127
54	0.0053	-58	-23	-67
55	0.0054	48	41	73
56	0.0055	-32	99	151
57	0.0056	22	48	103
58	0.0057	-25	-78	-25
59	0.0058	-19	-44	-89
60	0.0059	82	-21	-76
61	0.0060	39	39	15
62	0.0061	-36	96	39
63	0.0062	28	0	50
64	0.0063	-83	37	48
65	0.0064	-17	-78	41
66	0.0065	13	73	-11
67	0.0066	6	6	-12
68	0.0067	10	10	23
69	0.0068	70	43	-21
70	0.0069	13	-63	-32
71	0.0070	-72	11	121
72	0.0071	-40	50	122
73	0.0072	-42	-2	-34
74	0.0073	54	27	-36
75	0.0074	-59	-51	2
76	0.0075	5	24	23
77	0.0076	15	49	27
78	0.0077	-11	-2	71
79	0.0078	-37	3	11
80	0.0079	-32	-36	-38
81	0.0080	-29	-24	-11
82	0.0081	46	39	-72
83	0.0082	62	18	65
84	0.0083	30	84	117
85	0.0084	-33	-32	54
86	0.0085	15	19	-84
87	0.0086	-71	6	-44
88	0.0087	23	54	-4
89	0.0088	-2	22	6
90	0.0089	-27	-40	61
91	0.0090	-6	30	26
92	0.0091	-62	40	174
93	0.0092	-87	56	57
94	0.0093	44	9	-68
95	0.0094	-15	7	-4
96	0.0095	15	-74	30
97	0.0096	57	40	-32
98	0.0097	36	-2	-42
99	0.0098	56	14	-75
100	0.0099	-41	-65	-38

电流增量数据 [1000Hz, 10点]
采样序号	时间(s)	A相电流(INT)	B相电流(INT)	C相电流(INT)
1	0.000	-649	-621	-38
2	0.001	-724	257	30
3	0.002	-788	767	33
4	0.003	-818	1785	-572
5	0.004	-48	1945	-885
6	0.005	-553	-2943	-173
7	0.006	-236	-717	803
8	0.007	-26	-1923	579
9	0.008	-532	-71	654
10	0.009	-779	-670	828
================================================================================

=== 采集时间: 2025-12-05 15:24:31 (增量周期: 10.0ms) ===
振动增量数据 [等效10000Hz, 100点]
时序序号	时间(s)	X振动(INT)	Y振动(INT)	Z振动(INT)
1	0.0000	58	11	44
2	0.0001	-23	83	-10
3	0.0002	53	-84	36
4	0.0003	-50	77	7
5	0.0004	-24	-21	96
6	0.0005	49	95	24
7	0.0006	3	-4	33
8	0.0007	69	3	-62
9	0.0008	-8	-36	-94
10	0.0009	-31	6	6
11	0.0010	-27	101	75
12	0.0011	-21	6	46
13	0.0012	28	14	33
14	0.0013	-79	-84	18
15	0.0014	-3	11	-38
16	0.0015	36	24	-20
17	0.0016	-6	-10	79
18	0.0017	65	-12	-27
19	0.0018	-15	10	-7
20	0.0019	-27	19	22
21	0.0020	-68	11	82
22	0.0021	-27	47	57
23	0.0022	23	13	11
24	0.0023	-2	-6	36
25	0.0024	16	27	36
26	0.0025	-54	-3	63
27	0.0026	24	7	0
28	0.0027	3	-15	-84
29	0.0028	33	-12	39
30	0.0029	-41	88	23
31	0.0030	-32	-44	26
32	0.0031	52	67	-75
33	0.0032	-74	-132	-11
34	0.0033	35	39	11
35	0.0034	-8	75	0
36	0.0035	20	43	82
37	0.0036	-101	-66	-19
38	0.0037	33	-53	-87
39	0.0038	-11	-40	-54
40	0.0039	40	54	23
41	0.0040	-7	37	37
42	0.0041	5	14	75
43	0.0042	-58	13	-75
44	0.0043	-14	-54	32
45	0.0044	-46	49	2
46	0.0045	40	2	66
47	0.0046	5	99	-31
48	0.0047	-23	-15	143
49	0.0048	-105	-24	48
50	0.0049	10	-14	-104
51	0.0050	-20	2	-50
52	0.0051	9	56	-44
53	0.0052	-32	11	108
54	0.0053	-93	-17	-24
55	0.0054	46	7	-40
56	0.0055	-42	3	79
57	0.0056	36	14	62
58	0.0057	57	13	-44
59	0.0058	62	62	41
60	0.0059	-27	5	-46
61	0.0060	1	-44	40
62	0.0061	-85	70	31
63	0.0062	30	-57	-17
64	0.0063	-15	-33	-165
65	0.0064	13	-65	-49
66	0.0065	40	97	-80
67	0.0066	40	7	-23
68	0.0067	-76	-123	-88
69	0.0068	-4	-42	-29
70	0.0069	-122	10	7
71	0.0070	46	96	134
72	0.0071	-94	163	293
73	0.0072	93	27	-2
74	0.0073	49	-101	-115
75	0.0074	-34	-92	-17
76	0.0075	35	70	-111
77	0.0076	0	135	53
78	0.0077	-49	-4	108
79	0.0078	-6	-91	0
80	0.0079	-114	-16	-16
81	0.0080	40	27	84
82	0.0081	-109	104	19
83	0.0082	134	9	-50
84	0.0083	-93	-33	0
85	0.0084	-2	-117	106
86	0.0085	-87	104	24
87	0.0086	-3	121	178
88	0.0087	-31	96	28
89	0.0088	31	-122	-36
90	0.0089	28	-53	-114
91	0.0090	-6	-46	-53
92	0.0091	15	116	63
93	0.0092	-11	58	35
94	0.0093	92	22	99
95	0.0094	-71	-15	28
96	0.0095	57	-17	2
97	0.0096	-40	82	86
98	0.0097	19	67	135
99	0.0098	74	50	-19
100	0.0099	124	-16	-66

电流增量数据 [1000Hz, 10点]
采样序号	时间(s)	A相电流(INT)	B相电流(INT)	C相电流(INT)
1	0.000	-738	-2715	281
2	0.001	-583	-85	-3
3	0.002	-616	-755	519
4	0.003	-556	-983	79
5	0.004	-663	-242	-341
6	0.005	11	-958	797
7	0.006	-100	-598	955
8	0.007	-190	-1344	606
9	0.008	-285	-1532	603
10	0.009	-238	-1760	527
================================================================================

=== 采集时间: 2025-12-05 15:24:32 (增量周期: 10.0ms) ===
振动增量数据 [等效10000Hz, 100点]
时序序号	时间(s)	X振动(INT)	Y振动(INT)	Z振动(INT)
1	0.0000	-36	-37	-59
2	0.0001	-17	-19	44
3	0.0002	-14	54	30
4	0.0003	74	27	-24
5	0.0004	66	-23	7
6	0.0005	20	-72	-17
7	0.0006	35	36	-64
8	0.0007	-2	61	-10
9	0.0008	60	10	-67
10	0.0009	62	-2	3
11	0.0010	-16	-36	134
12	0.0011	-50	11	-19
13	0.0012	-12	16	-27
14	0.0013	-96	30	27
15	0.0014	-131	-85	-3
16	0.0015	9	-21	-34
17	0.0016	-50	-24	31
18	0.0017	0	-49	-20
19	0.0018	18	66	-19
20	0.0019	0	86	108
21	0.0020	31	-59	-100
22	0.0021	-12	-92	-81
23	0.0022	7	14	-20
24	0.0023	2	27	60
25	0.0024	-27	135	155
26	0.0025	7	44	95
27	0.0026	-14	-25	31
28	0.0027	-53	-81	-98
29	0.0028	16	-16	-76
30	0.0029	-63	92	90
31	0.0030	-4	6	27
32	0.0031	-16	-3	2
33	0.0032	7	-65	-45
34	0.0033	-58	-7	-34
35	0.0034	15	30	36
36	0.0035	45	69	-46
37	0.0036	-4	-17	78
38	0.0037	9	44	49
39	0.0038	10	24	46
40	0.0039	13	73	46
41	0.0040	58	-3	-92
42	0.0041	16	-55	-40
43	0.0042	-50	-46	54
44	0.0043	-19	33	-10
45	0.0044	43	58	-6
46	0.0045	-23	44	105
47	0.0046	-125	-115	49
48	0.0047	3	23	-41
49	0.0048	-49	-6	-54
50	0.0049	35	37	78
51	0.0050	-12	-2	22
52	0.0051	-27	24	-3
53	0.0052	-4	-12	67
54	0.0053	-19	69	50
55	0.0054	61	-11	10
56	0.0055	33	9	-38
57	0.0056	27	-2	10
58	0.0057	33	39	40
59	0.0058	10	83	-20
60	0.0059	32	14	45
61	0.0060	-58	35	69
62	0.0061	1	-71	-33
63	0.0062	-12	10	-12
64	0.0063	-7	19	31
65	0.0064	-10	30	0
66	0.0065	49	39	27
67	0.0066	-87	-92	10
68	0.0067	-21	-55	-111
69	0.0068	-24	19	18
70	0.0069	-31	35	30
71	0.0070	105	33	16
72	0.0071	27	19	27
73	0.0072	10	1	74
74	0.0073	-36	33	97
75	0.0074	57	73	-23
76	0.0075	15	23	-29
77	0.0076	30	-32	-7
78	0.0077	-21	-78	-77
79	0.0078	83	69	-72
80	0.0079	-14	30	23
81	0.0080	32	15	36
82	0.0081	-33	-14	50
83	0.0082	19	-10	-29
84	0.0083	-32	27	-12
85	0.0084	13	37	16
86	0.0085	-25	9	41
87	0.0086	-10	23	28
88	0.0087	36	-15	-36
89	0.0088	14	-8	-44
90	0.0089	-10	37	-4
91	0.0090	-21	16	33
92	0.0091	7	37	13
93	0.0092	32	13	-7
94	0.0093	5	-24	43
95	0.0094	26	-14	-50
96	0.0095	6	1	-53
97	0.0096	36	14	-27
98	0.0097	19	-11	-84
99	0.0098	14	-59	-4
100	0.0099	9	52	10

电流增量数据 [1000Hz, 10点]
采样序号	时间(s)	A相电流(INT)	B相电流(INT)	C相电流(INT)
1	0.000	-626	-596	32
2	0.001	-571	-990	299
3	0.002	-733	-506	-94
4	0.003	-730	2956	-6
5	0.004	-257	1455	-305
6	0.005	-496	392	503
7	0.006	-568	1007	634
8	0.007	-786	55	760
9	0.008	-672	-454	569
10	0.009	-820	-1030	678
================================================================================

=== 采集时间: 2025-12-05 15:24:32 (增量周期: 10.0ms) ===
振动增量数据 [等效10000Hz, 100点]
时序序号	时间(s)	X振动(INT)	Y振动(INT)	Z振动(INT)
1	0.0000	-49	23	-32
2	0.0001	-106	11	199
3	0.0002	20	206	24
4	0.0003	32	-32	28
5	0.0004	-64	-40	82
6	0.0005	-11	-49	-85
7	0.0006	-12	61	-45
8	0.0007	-12	60	57
9	0.0008	-16	18	26
10	0.0009	-21	19	66
11	0.0010	-64	-62	80
12	0.0011	-109	-59	33
13	0.0012	91	47	-83
14	0.0013	-23	-37	-10
15	0.0014	88	-10	2
16	0.0015	-23	39	41
17	0.0016	-28	45	43
18	0.0017	-47	-28	6
19	0.0018	-7	6	-6
20	0.0019	-32	11	35
21	0.0020	-33	50	-8
22	0.0021	75	-11	-46
23	0.0022	-55	35	126
24	0.0023	31	15	52
25	0.0024	5	23	-41
26	0.0025	44	-40	-58
27	0.0026	-17	1	14
28	0.0027	61	57	-55
29	0.0028	92	16	31
30	0.0029	-58	-40	76
31	0.0030	15	18	73
32	0.0031	-59	30	-10
33	0.0032	27	26	-14
34	0.0033	-58	-17	-61
35	0.0034	-8	14	35
36	0.0035	-2	77	73
37	0.0036	-76	-6	199
38	0.0037	-6	75	-16
39	0.0038	-11	-37	43
40	0.0039	-66	10	-12
41	0.0040	1	-57	6
42	0.0041	-29	58	-29
43	0.0042	49	-12	39
44	0.0043	-138	-50	44
45	0.0044	54	26	14
46	0.0045	-71	3	52
47	0.0046	-37	44	10
48	0.0047	77	-2	-123
49	0.0048	-37	5	20
50	0.0049	15	-31	71
51	0.0050	-49	9	-64
52	0.0051	69	-40	-64
53	0.0052	-17	23	-62
54	0.0053	30	-44	50
55	0.0054	-23	92	62
56	0.0055	9	88	160
57	0.0056	33	64	52
58	0.0057	30	-66	-31
59	0.0058	19	5	40
60	0.0059	-84	24	50
61	0.0060	53	20	-91
62	0.0061	-51	3	60
63	0.0062	-134	-66	16
64	0.0063	79	20	-80
65	0.0064	-19	35	-6
66	0.0065	-23	-21	86
67	0.0066	30	48	-19
68	0.0067	35	-28	11
69	0.0068	36	-3	-84
70	0.0069	78	-12	-64
71	0.0070	-8	22	-33
72	0.0071	36	-12	-3
73	0.0072	35	50	49
74	0.0073	-23	52	48
75	0.0074	-83	-2	91
76	0.0075	-45	-25	7
77	0.0076	-20	-25	-88
78	0.0077	-3	-45	-57
79	0.0078	66	-2	-33
80	0.0079	0	66	105
81	0.0080	-3	131	121
82	0.0081	45	-24	-38
83	0.0082	-14	-155	-178
84	0.0083	18	-27	-162
85	0.0084	66	39	-81
86	0.0085	50	92	69
87	0.0086	-21	23	91
88	0.0087	-14	-51	33
89	0.0088	-94	-66	-50
90	0.0089	-31	6	-42
91	0.0090	-28	99	114
92	0.0091	9	-8	-25
93	0.0092	60	-50	-21
94	0.0093	-27	-42	7
95	0.0094	-51	13	-2
96	0.0095	45	47	3
97	0.0096	-29	70	75
98	0.0097	43	22	-11
99	0.0098	3	54	20
100	0.0099	-33	-15	125

电流增量数据 [1000Hz, 10点]
采样序号	时间(s)	A相电流(INT)	B相电流(INT)	C相电流(INT)
1	0.000	266	-1458	-793
2	0.001	191	-1358	-730
3	0.002	292	-708	-627
4	0.003	414	-2400	-477
5	0.004	869	-379	-914
6	0.005	-660	648	-109
7	0.006	-549	1397	48
8	0.007	-559	-387	-308
9	0.008	-486	-272	-128
10	0.009	-210	-414	-429
================================================================================

=== 采集时间: 2025-12-05 15:24:32 (增量周期: 10.0ms) ===
振动增量数据 [等效10000Hz, 100点]
时序序号	时间(s)	X振动(INT)	Y振动(INT)	Z振动(INT)
1	0.0000	-57	23	69
2	0.0001	74	24	56
3	0.0002	39	6	-79
4	0.0003	114	-24	-81
5	0.0004	2	-11	-68
6	0.0005	41	-31	5
7	0.0006	-83	9	11
8	0.0007	16	-2	-6
9	0.0008	-80	49	26
10	0.0009	15	7	131
11	0.0010	-85	27	127
12	0.0011	19	30	-24
13	0.0012	-16	7	-71
14	0.0013	-34	20	-19
15	0.0014	-7	-14	13
16	0.0015	23	52	44
17	0.0016	86	-29	10
18	0.0017	43	-6	19
19	0.0018	3	56	65
20	0.0019	9	52	6
21	0.0020	5	66	-11
22	0.0021	6	-100	-51
23	0.0022	-46	0	-16
24	0.0023	-10	-98	-57
25	0.0024	-45	79	155
26	0.0025	-109	56	70
27	0.0026	60	36	20
28	0.0027	-140	-40	44
29	0.0028	9	-138	-97
30	0.0029	2	35	-110
31	0.0030	79	-40	-98
32	0.0031	125	111	-11
33	0.0032	3	30	58
34	0.0033	-4	-63	-25
35	0.0034	-7	-54	-21
36	0.0035	-28	-21	-8
37	0.0036	-15	95	73
38	0.0037	-31	56	99
39	0.0038	-38	-28	-3
40	0.0039	-10	-7	32
41	0.0040	-37	-15	-42
42	0.0041	9	13	22
43	0.0042	2	73	-34
44	0.0043	6	33	16
45	0.0044	-4	50	58
46	0.0045	-58	10	13
47	0.0046	-3	5	104
48	0.0047	-25	65	65
49	0.0048	3	-87	-3
50	0.0049	-29	48	-29
51	0.0050	-28	-3	-25
52	0.0051	-45	45	-46
53	0.0052	32	-4	-11
54	0.0053	-11	-51	6
55	0.0054	20	-34	-19
56	0.0055	-42	19	-8
57	0.0056	9	6	-34
58	0.0057	60	43	-20
59	0.0058	-44	-44	11
60	0.0059	37	44	-7
61	0.0060	-58	32	80
62	0.0061	-40	28	90
63	0.0062	-44	-20	-8
64	0.0063	-49	-21	33
65	0.0064	-15	88	45
66	0.0065	-42	24	108
67	0.0066	-47	40	48
68	0.0067	-6	-59	-27
69	0.0068	14	1	-98
70	0.0069	56	-42	5
71	0.0070	10	67	10
72	0.0071	-27	-54	87
73	0.0072	6	80	11
74	0.0073	33	-79	-28
75	0.0074	-19	54	133
76	0.0075	2	65	26
77	0.0076	57	31	-94
78	0.0077	-79	-7	3
79	0.0078	-57	-83	-37
80	0.0079	-134	33	24
81	0.0080	13	69	39
82	0.0081	-45	-28	-27
83	0.0082	80	-63	-141
84	0.0083	56	-88	-25
85	0.0084	-50	-44	14
86	0.0085	176	118	-96
87	0.0086	-4	10	139
88	0.0087	2	50	121
89	0.0088	37	-67	-98
90	0.0089	-2	75	-14
91	0.0090	-58	6	86
92	0.0091	-58	-38	0
93	0.0092	13	40	-14
94	0.0093	-44	-92	-46
95	0.0094	-38	48	10
96	0.0095	20	75	70
97	0.0096	-6	67	-17
98	0.0097	88	10	-68
99	0.0098	-10	-100	-58
100	0.0099	-7	-44	28

电流增量数据 [1000Hz, 10点]
采样序号	时间(s)	A相电流(INT)	B相电流(INT)	C相电流(INT)
1	0.000	588	563	-673
2	0.001	606	982	-738
3	0.002	790	555	-905
4	0.003	-505	-150	-358
5	0.004	-19	-1130	-1101
6	0.005	-68	-161	-588
7	0.006	-15	-2284	-529
8	0.007	-31	423	-196
9	0.008	78	74	-756
10	0.009	86	1151	-894
================================================================================

=== 采集时间: 2025-12-05 15:24:32 (增量周期: 10.0ms) ===
振动增量数据 [等效10000Hz, 100点]
时序序号	时间(s)	X振动(INT)	Y振动(INT)	Z振动(INT)
1	0.0000	-63	-15	40
2	0.0001	36	41	-45
3	0.0002	-33	45	24
4	0.0003	14	-25	-42
5	0.0004	70	3	30
6	0.0005	-72	-11	84
7	0.0006	32	43	57
8	0.0007	-27	44	-15
9	0.0008	18	-25	-16
10	0.0009	-7	9	-3
11	0.0010	33	-65	-68
12	0.0011	20	41	-49
13	0.0012	-11	-37	-10
14	0.0013	-27	23	-20
15	0.0014	-24	-57	46
16	0.0015	-108	-20	-28
17	0.0016	40	71	-8
18	0.0017	-7	71	93
19	0.0018	107	49	26
20	0.0019	61	43	11
21	0.0020	-67	-71	-40
22	0.0021	40	20	-55
23	0.0022	-83	2	-44
24	0.0023	109	19	-68
25	0.0024	32	5	-14
26	0.0025	-24	-34	135
27	0.0026	-2	79	-14
28	0.0027	0	33	23
29	0.0028	-46	23	3
30	0.0029	-24	-87	-15
31	0.0030	-23	35	31
32	0.0031	-23	-2	46
33	0.0032	-4	-2	-11
34	0.0033	-23	-16	78
35	0.0034	-4	57	83
36	0.0035	-17	33	-25
37	0.0036	-14	-25	-6
38	0.0037	-15	-7	-68
39	0.0038	155	-4	-40
40	0.0039	127	78	-34
41	0.0040	82	5	74
42	0.0041	41	99	-42
43	0.0042	-42	-41	-33
44	0.0043	-80	-36	-71
45	0.0044	-47	13	73
46	0.0045	-33	13	52
47	0.0046	6	-37	45
48	0.0047	-58	5	100
49	0.0048	-8	133	138
50	0.0049	-7	133	60
51	0.0050	33	-143	-170
52	0.0051	-19	-78	-134
53	0.0052	9	2	-42
54	0.0053	-16	66	90
55	0.0054	28	100	92
56	0.0055	3	-4	66
57	0.0056	-33	-61	-34
58	0.0057	19	-102	-36
59	0.0058	32	101	-21
60	0.0059	56	53	22
61	0.0060	-50	45	49
62	0.0061	39	-65	20
63	0.0062	-179	-23	60
64	0.0063	26	-14	-109
65	0.0064	28	23	-124
66	0.0065	36	-57	40
67	0.0066	-32	-27	19
68	0.0067	3	23	11
69	0.0068	-44	26	16
70	0.0069	-79	-65	41
71	0.0070	60	49	-66
72	0.0071	45	-17	-15
73	0.0072	-29	49	87
74	0.0073	-6	37	7
75	0.0074	24	30	32
76	0.0075	-7	-49	33
77	0.0076	50	-27	-67
78	0.0077	37	13	-79
79	0.0078	-45	36	45
80	0.0079	33	39	-19
81	0.0080	66	9	30
82	0.0081	-20	-67	-6
83	0.0082	-7	6	19
84	0.0083	-33	47	-57
85	0.0084	-25	39	-21
86	0.0085	-44	-19	16
87	0.0086	-28	-24	41
88	0.0087	-44	22	86
89	0.0088	26	9	97
90	0.0089	-51	37	-63
91	0.0090	19	-41	-4
92	0.0091	7	77	-34
93	0.0092	32	-28	79
94	0.0093	-19	113	0
95	0.0094	37	-50	26
96	0.0095	-31	-7	-3
97	0.0096	-49	-66	24
98	0.0097	31	109	0
99	0.0098	2	39	-24
100	0.0099	9	-44	3

电流增量数据 [1000Hz, 10点]
采样序号	时间(s)	A相电流(INT)	B相电流(INT)	C相电流(INT)
1	0.000	-848	742	670
2	0.001	-879	1293	155
3	0.002	-571	796	225
4	0.003	-501	-2864	343
5	0.004	-590	288	46
6	0.005	-744	-1952	28
7	0.006	106	-683	509
8	0.007	-328	-1107	1227
9	0.008	-766	342	964
10	0.009	-621	-1142	582
================================================================================

=== 采集时间: 2025-12-05 15:24:33 (增量周期: 10.0ms) ===
振动增量数据 [等效10000Hz, 100点]
时序序号	时间(s)	X振动(INT)	Y振动(INT)	Z振动(INT)
1	0.0000	-63	27	125
2	0.0001	-11	-53	-44
3	0.0002	67	13	-89
4	0.0003	-16	-2	-8
5	0.0004	-10	33	-29
6	0.0005	-6	-37	-40
7	0.0006	-40	-34	74
8	0.0007	-25	-20	-4
9	0.0008	57	54	35
10	0.0009	-101	18	82
11	0.0010	-24	-24	53
12	0.0011	77	77	-92
13	0.0012	36	-20	-10
14	0.0013	-25	15	96
15	0.0014	-24	52	95
16	0.0015	-23	49	41
17	0.0016	-25	49	-4
18	0.0017	-21	-57	-28
19	0.0018	11	56	28
20	0.0019	16	43	80
21	0.0020	9	15	-16
22	0.0021	110	30	-38
23	0.0022	-63	-92	-24
24	0.0023	3	5	44
25	0.0024	-74	37	-67
26	0.0025	15	-33	54
27	0.0026	-152	9	82
28	0.0027	14	-45	83
29	0.0028	-59	43	48
30	0.0029	-10	-14	122
31	0.0030	-58	2	-25
32	0.0031	33	-2	-79
33	0.0032	2	-20	-3
34	0.0033	43	58	7
35	0.0034	28	48	44
36	0.0035	7	47	80
37	0.0036	-46	-14	23
38	0.0037	20	16	-21
39	0.0038	-61	-7	6
40	0.0039	5	16	7
41	0.0040	3	-4	-19
42	0.0041	14	-31	-20
43	0.0042	13	-11	33
44	0.0043	-37	37	-10
45	0.0044	-25	-10	-37
46	0.0045	-44	-54	19
47	0.0046	43	14	-123
48	0.0047	19	30	43
49	0.0048	-68	47	82
50	0.0049	15	-4	44
51	0.0050	-38	27	65
52	0.0051	16	103	65
53	0.0052	15	-25	28
54	0.0053	-55	-37	-28
55	0.0054	28	23	0
56	0.0055	-41	3	-51
57	0.0056	26	-32	1
58	0.0057	-21	19	-7
59	0.0058	26	47	58
60	0.0059	19	50	40
61	0.0060	10	-31	-47
62	0.0061	22	-40	-83
63	0.0062	-4	45	44
64	0.0063	-36	18	26
65	0.0064	52	52	36
66	0.0065	-42	-34	-3
67	0.0066	-50	-17	48
68	0.0067	45	87	-27
69	0.0068	80	44	-51
70	0.0069	9	41	112
71	0.0070	-105	-54	48
72	0.0071	28	23	-8
73	0.0072	99	30	-127
74	0.0073	19	-53	-23
75	0.0074	65	83	50
76	0.0075	-79	10	18
77	0.0076	22	20	58
78	0.0077	-127	27	37
79	0.0078	10	-97	10
80	0.0079	14	48	-83
81	0.0080	87	-4	-2
82	0.0081	5	50	58
83	0.0082	-19	6	23
84	0.0083	33	-40	-89
85	0.0084	-29	9	-33
86	0.0085	3	-88	-57
87	0.0086	1	9	7
88	0.0087	9	87	172
89	0.0088	-21	185	173
90	0.0089	99	24	-27
91	0.0090	-10	-196	-118
92	0.0091	-89	-80	-21
93	0.0092	-16	168	45
94	0.0093	-23	156	105
95	0.0094	-10	-7	26
96	0.0095	-8	-135	-74
97	0.0096	11	-63	-66
98	0.0097	-24	2	-81
99	0.0098	-34	122	106
100	0.0099	-58	65	70

电流增量数据 [1000Hz, 10点]
采样序号	时间(s)	A相电流(INT)	B相电流(INT)	C相电流(INT)
1	0.000	-12	-603	-1005
2	0.001	114	-1078	-684
3	0.002	392	3163	-1016
4	0.003	38	811	-748
5	0.004	662	1446	-941
6	0.005	-882	-734	788
7	0.006	-1088	781	208
8	0.007	-616	-573	217
9	0.008	-748	675	128
10	0.009	-522	727	228
================================================================================

=== 采集时间: 2025-12-05 15:24:33 (增量周期: 10.0ms) ===
振动增量数据 [等效10000Hz, 100点]
时序序号	时间(s)	X振动(INT)	Y振动(INT)	Z振动(INT)
1	0.0000	10	-53	-11
2	0.0001	48	15	5
3	0.0002	77	96	19
4	0.0003	-47	-25	74
5	0.0004	33	16	2
6	0.0005	0	-65	-44
7	0.0006	5	195	127
8	0.0007	24	79	96
9	0.0008	77	-25	-14
10	0.0009	-72	7	166
11	0.0010	-23	-61	-58
12	0.0011	30	74	-94
13	0.0012	-78	20	138
14	0.0013	-61	7	-28
15	0.0014	97	-16	-81
16	0.0015	-84	-88	50
17	0.0016	-64	-28	28
18	0.0017	65	131	-41
19	0.0018	23	-14	-31
20	0.0019	39	-48	-14
21	0.0020	10	-29	80
22	0.0021	-19	103	41
23	0.0022	61	-7	-8
24	0.0023	-44	-27	-28
25	0.0024	36	6	-38
26	0.0025	-24	11	-34
27	0.0026	-54	-4	71
28	0.0027	-12	13	-27
29	0.0028	-4	-12	61
30	0.0029	37	48	-42
31	0.0030	65	-92	-70
32	0.0031	-25	13	-51
33	0.0032	83	1	-98
34	0.0033	-33	27	-63
35	0.0034	52	-50	46
36	0.0035	-57	-59	-7
37	0.0036	-17	61	112
38	0.0037	-38	103	73
39	0.0038	-119	35	156
40	0.0039	37	50	-17
41	0.0040	2	14	7
42	0.0041	1	6	-24
43	0.0042	-21	-28	53
44	0.0043	-29	52	-14
45	0.0044	-45	-12	91
46	0.0045	-57	-24	53
47	0.0046	27	-37	-31
48	0.0047	50	32	-55
49	0.0048	30	27	6
50	0.0049	-8	-36	20
51	0.0050	2	60	-17
52	0.0051	15	-44	-17
53	0.0052	-3	41	-79
54	0.0053	-58	-33	-37
55	0.0054	-29	88	56
56	0.0055	-68	37	69
57	0.0056	-17	-2	62
58	0.0057	-29	73	101
59	0.0058	11	-54	33
60	0.0059	15	7	-40
61	0.0060	22	35	159
62	0.0061	32	-10	-105
63	0.0062	95	-67	-130
64	0.0063	-41	62	33
65	0.0064	5	52	27
66	0.0065	14	69	-115
67	0.0066	15	-46	76
68	0.0067	-89	-17	37
69	0.0068	75	50	86
70	0.0069	-32	48	66
71	0.0070	45	-38	49
72	0.0071	11	39	-57
73	0.0072	36	-33	-23
74	0.0073	31	57	-21
75	0.0074	36	9	16
76	0.0075	3	-3	13
77	0.0076	-8	-36	-11
78	0.0077	10	19	39
79	0.0078	-79	35	44
80	0.0079	-51	54	71
81	0.0080	-12	3	76
82	0.0081	54	-33	-46
83	0.0082	-47	58	169
84	0.0083	7	82	63
85	0.0084	0	-63	-211
86	0.0085	90	-54	-88
87	0.0086	-128	2	117
88	0.0087	113	185	80
89	0.0088	-19	26	86
90	0.0089	-24	-58	49
91	0.0090	-46	-105	-62
92	0.0091	62	45	-25
93	0.0092	44	163	-15
94	0.0093	108	113	144
95	0.0094	-58	-15	-100
96	0.0095	52	-190	-145
97	0.0096	-166	-54	-24
98	0.0097	41	116	39
99	0.0098	24	86	-62
100	0.0099	20	-100	45

电流增量数据 [1000Hz, 10点]
采样序号	时间(s)	A相电流(INT)	B相电流(INT)	C相电流(INT)
1	0.000	855	-983	-1199
2	0.001	545	-1299	-727
3	0.002	690	2868	-693
4	0.003	627	-112	-150
5	0.004	687	-226	236
6	0.005	540	-37	-22
7	0.006	-55	945	-209
8	0.007	74	-248	-492
9	0.008	-163	-62	-460
10	0.009	299	961	-840
================================================================================

=== 采集时间: 2025-12-05 15:24:33 (增量周期: 10.0ms) ===
振动增量数据 [等效10000Hz, 100点]
时序序号	时间(s)	X振动(INT)	Y振动(INT)	Z振动(INT)
1	0.0000	-27	-6	0
2	0.0001	130	-12	-21
3	0.0002	30	33	-40
4	0.0003	66	-32	-17
5	0.0004	-27	39	24
6	0.0005	78	9	-23
7	0.0006	-42	6	-70
8	0.0007	54	-11	-45
9	0.0008	-72	-49	-96
10	0.0009	-28	56	262
11	0.0010	-153	164	131
12	0.0011	82	-50	-41
13	0.0012	-94	-118	-147
14	0.0013	18	-159	-91
15	0.0014	5	82	-55
16	0.0015	56	94	122
17	0.0016	-42	10	-20
18	0.0017	57	36	37
19	0.0018	-49	-59	-4
20	0.0019	-37	-32	49
21	0.0020	1	64	1
22	0.0021	0	103	84
23	0.0022	-20	27	76
24	0.0023	7	-36	-17
25	0.0024	-24	49	2
26	0.0025	-2	-24	-33
27	0.0026	9	-27	-154
28	0.0027	99	-58	-111
29	0.0028	-23	36	22
30	0.0029	37	0	53
31	0.0030	-75	54	26
32	0.0031	-50	-31	44
33	0.0032	-64	26	-4
34	0.0033	26	-75	-114
35	0.0034	-12	9	-47
36	0.0035	-33	-16	53
37	0.0036	-57	37	6
38	0.0037	-10	30	86
39	0.0038	-58	-16	16
40	0.0039	6	-8	-15
41	0.0040	37	18	10
42	0.0041	-54	6	62
43	0.0042	62	-23	-4
44	0.0043	-31	50	48
45	0.0044	6	-12	140
46	0.0045	-29	50	-88
47	0.0046	40	-95	-149
48	0.0047	-21	27	-64
49	0.0048	-145	-65	-17
50	0.0049	90	64	-63
51	0.0050	-96	-3	-16
52	0.0051	13	0	-10
53	0.0052	-45	45	80
54	0.0053	-47	13	99
55	0.0054	41	9	-50
56	0.0055	-2	-45	-19
57	0.0056	-64	-33	-24
58	0.0057	69	66	-8
59	0.0058	45	44	-37
60	0.0059	35	-65	52
61	0.0060	-33	14	-31
62	0.0061	-19	-11	-38
63	0.0062	-58	36	28
64	0.0063	-31	-29	48
65	0.0064	7	47	24
66	0.0065	-2	74	153
67	0.0066	-46	23	1
68	0.0067	31	0	-58
69	0.0068	30	13	-40
70	0.0069	26	-57	36
71	0.0070	58	109	14
72	0.0071	67	32	45
73	0.0072	-34	13	10
74	0.0073	57	-63	-33
75	0.0074	-25	15	-19
76	0.0075	-3	18	37
77	0.0076	-17	91	-40
78	0.0077	-12	-33	-4
79	0.0078	-71	-29	-17
80	0.0079	-34	-50	40
81	0.0080	41	65	11
82	0.0081	-27	-10	-50
83	0.0082	11	-28	-11
84	0.0083	-47	-40	-47
85	0.0084	1	-17	18
86	0.0085	-24	-2	30
87	0.0086	54	39	109
88	0.0087	7	13	13
89	0.0088	9	-20	-67
90	0.0089	-50	10	-49
91	0.0090	-34	10	3
92	0.0091	1	30	-4
93	0.0092	2	-36	-45
94	0.0093	7	-42	-6
95	0.0094	-31	-2	43
96	0.0095	-6	96	110
97	0.0096	9	94	127
98	0.0097	142	7	-45
99	0.0098	-4	-110	24
100	0.0099	2	36	39

电流增量数据 [1000Hz, 10点]
采样序号	时间(s)	A相电流(INT)	B相电流(INT)	C相电流(INT)
1	0.000	878	-1734	97
2	0.001	533	-2501	295
3	0.002	159	-1349	425
4	0.003	157	-834	474
5	0.004	-55	-104	904
6	0.005	1060	-1342	-725
7	0.006	788	-1636	-208
8	0.007	535	-1662	-131
9	0.008	1071	1226	-31
10	0.009	651	346	-203
================================================================================

=== 采集时间: 2025-12-05 15:24:34 (增量周期: 10.0ms) ===
振动增量数据 [等效10000Hz, 100点]
时序序号	时间(s)	X振动(INT)	Y振动(INT)	Z振动(INT)
1	0.0000	62	6	16
2	0.0001	-40	71	-20
3	0.0002	20	-8	5
4	0.0003	32	26	-24
5	0.0004	22	-34	-15
6	0.0005	15	39	-29
7	0.0006	35	-19	23
8	0.0007	48	52	-17
9	0.0008	36	-32	13
10	0.0009	-8	11	-21
11	0.0010	-12	19	63
12	0.0011	-92	-2	13
13	0.0012	-16	9	-29
14	0.0013	-32	23	3
15	0.0014	-50	-10	37
16	0.0015	18	1	-28
17	0.0016	49	-23	-46
18	0.0017	-20	14	3
19	0.0018	30	-49	63
20	0.0019	2	95	20
21	0.0020	41	-8	48
22	0.0021	-24	64	61
23	0.0022	93	-23	-2
24	0.0023	-8	23	41
25	0.0024	-51	-41	1
26	0.0025	26	79	-20
27	0.0026	-81	-19	-14
28	0.0027	71	14	-16
29	0.0028	-57	-33	-7
30	0.0029	10	19	15
31	0.0030	-83	-12	-12
32	0.0031	-32	20	76
33	0.0032	0	9	-93
34	0.0033	91	-75	-165
35	0.0034	43	-54	27
36	0.0035	18	111	69
37	0.0036	62	143	40
38	0.0037	49	-33	-64
39	0.0038	-97	-168	-57
40	0.0039	-53	-10	-4
41	0.0040	-63	80	-33
42	0.0041	-32	31	139
43	0.0042	-63	87	110
44	0.0043	-6	26	174
45	0.0044	-105	-68	-50
46	0.0045	50	-113	-153
47	0.0046	-51	24	-24
48	0.0047	40	75	104
49	0.0048	30	54	-62
50	0.0049	60	-17	118
51	0.0050	-2	-7	49
52	0.0051	3	-66	-50
53	0.0052	-24	-12	5
54	0.0053	-2	71	84
55	0.0054	-8	83	22
56	0.0055	10	3	30
57	0.0056	-64	-44	-4
58	0.0057	-58	-4	23
59	0.0058	-24	50	15
60	0.0059	1	22	96
61	0.0060	52	44	69
62	0.0061	-2	7	13
63	0.0062	82	50	-42
64	0.0063	-42	-44	-16
65	0.0064	18	-16	-6
66	0.0065	11	14	-42
67	0.0066	-8	-55	-21
68	0.0067	-19	50	-17
69	0.0068	-91	-36	16
70	0.0069	-11	79	44
71	0.0070	-92	-48	86
72	0.0071	-14	15	-8
73	0.0072	-53	15	10
74	0.0073	24	16	11
75	0.0074	-42	-23	-17
76	0.0075	58	-27	49
77	0.0076	40	15	-37
78	0.0077	67	33	67
79	0.0078	14	32	32
80	0.0079	-4	-32	86
81	0.0080	20	30	-89
82	0.0081	60	33	26
83	0.0082	-58	11	-29
84	0.0083	53	-23	44
85	0.0084	-115	18	-34
86	0.0085	27	11	27
87	0.0086	-49	40	18
88	0.0087	101	-7	11
89	0.0088	7	33	7
90	0.0089	73	-27	49
91	0.0090	-71	11	-59
92	0.0091	100	52	53
93	0.0092	-101	30	105
94	0.0093	39	-19	11
95	0.0094	-44	13	14
96	0.0095	-33	-36	14
97	0.0096	-3	37	-67
98	0.0097	50	16	-38
99	0.0098	-54	22	-63
100	0.0099	2	-27	108

电流增量数据 [1000Hz, 10点]
采样序号	时间(s)	A相电流(INT)	B相电流(INT)	C相电流(INT)
1	0.000	-621	-116	-17
2	0.001	-588	-1783	-4
3	0.002	-255	413	-278
4	0.003	13	325	-465
5	0.004	93	1455	-887
6	0.005	-631	-922	598
7	0.006	-830	-858	705
8	0.007	-599	-495	100
9	0.008	-594	2057	207
10	0.009	-704	1609	187
================================================================================

=== 采集时间: 2025-12-05 15:24:34 (增量周期: 10.0ms) ===
振动增量数据 [等效10000Hz, 100点]
时序序号	时间(s)	X振动(INT)	Y振动(INT)	Z振动(INT)
1	0.0000	-59	1	-71
2	0.0001	-63	20	41
3	0.0002	43	64	1
4	0.0003	10	15	69
5	0.0004	-36	-11	176
6	0.0005	-58	60	-59
7	0.0006	49	-33	-66
8	0.0007	-3	-14	-91
9	0.0008	103	-27	-62
10	0.0009	11	40	27
11	0.0010	-20	35	126
12	0.0011	-37	-7	7
13	0.0012	-25	-2	82
14	0.0013	-17	-12	-20
15	0.0014	31	-53	-31
16	0.0015	19	54	-10
17	0.0016	-34	-40	-29
18	0.0017	5	10	15
19	0.0018	-3	23	-44
20	0.0019	-24	-40	-14
21	0.0020	2	36	-32
22	0.0021	-7	-17	-29
23	0.0022	31	84	-6
24	0.0023	75	31	50
25	0.0024	-27	-11	-4
26	0.0025	35	-15	48
27	0.0026	22	47	-33
28	0.0027	-11	-36	-72
29	0.0028	26	19	-33
30	0.0029	0	-21	-24
31	0.0030	15	3	15
32	0.0031	5	-12	-40
33	0.0032	1	23	31
34	0.0033	-32	-8	-11
35	0.0034	-47	-4	0
36	0.0035	10	67	30
37	0.0036	3	-25	-19
38	0.0037	-53	-27	-29
39	0.0038	22	7	-3
40	0.0039	-54	28	43
41	0.0040	30	35	30
42	0.0041	-3	-17	27
43	0.0042	-31	-2	71
44	0.0043	39	18	14
45	0.0044	-12	28	49
46	0.0045	99	49	-14
47	0.0046	6	-8	16
48	0.0047	-15	-10	36
49	0.0048	-3	54	20
50	0.0049	-11	86	62
51	0.0050	-20	50	3
52	0.0051	45	-28	-29
53	0.0052	-42	-3	0
54	0.0053	31	28	9
55	0.0054	-7	86	30
56	0.0055	-31	13	71
57	0.0056	-44	-12	23
58	0.0057	28	-25	3
59	0.0058	-10	-14	-61
60	0.0059	53	14	41
61	0.0060	-92	30	61
62	0.0061	57	32	5
63	0.0062	-31	-24	7
64	0.0063	44	6	62
65	0.0064	-46	-17	-16
66	0.0065	71	1	-104
67	0.0066	20	-10	-106
68	0.0067	-4	-38	6
69	0.0068	-37	113	70
70	0.0069	-53	90	198
71	0.0070	-37	54	58
72	0.0071	41	-81	-115
73	0.0072	-27	-123	-118
74	0.0073	-16	48	63
75	0.0074	67	84	-54
76	0.0075	43	24	79
77	0.0076	-24	37	71
78	0.0077	-49	-110	-74
79	0.0078	-19	-96	-197
80	0.0079	53	41	13
81	0.0080	-62	134	156
82	0.0081	30	54	-21
83	0.0082	27	-67	-2
84	0.0083	-147	3	112
85	0.0084	-42	91	5
86	0.0085	90	22	-74
87	0.0086	27	-33	16
88	0.0087	43	-44	-40
89	0.0088	122	78	-111
90	0.0089	50	2	5
91	0.0090	-81	-16	116
92	0.0091	3	43	-44
93	0.0092	43	3	-79
94	0.0093	-66	-61	56
95	0.0094	-51	6	65
96	0.0095	16	79	87
97	0.0096	3	19	-15
98	0.0097	15	-67	15
99	0.0098	-33	13	-41
100	0.0099	-47	19	-32

电流增量数据 [1000Hz, 10点]
采样序号	时间(s)	A相电流(INT)	B相电流(INT)	C相电流(INT)
1	0.000	-794	2229	571
2	0.001	-793	694	137
3	0.002	-618	2543	106
4	0.003	-812	802	-28
5	0.004	-684	1328	-86
6	0.005	-6	-55	-617
7	0.006	-39	1409	-532
8	0.007	49	19	859
9	0.008	-65	91	641
10	0.009	-239	-1287	403
================================================================================

=== 采集时间: 2025-12-05 15:24:34 (增量周期: 10.0ms) ===
振动增量数据 [等效10000Hz, 100点]
时序序号	时间(s)	X振动(INT)	Y振动(INT)	Z振动(INT)
1	0.0000	24	135	-61
2	0.0001	13	-122	11
3	0.0002	50	113	-42
4	0.0003	50	-91	-4
5	0.0004	-44	58	65
6	0.0005	-44	19	50
7	0.0006	-67	5	-14
8	0.0007	-14	47	92
9	0.0008	-70	-46	0
10	0.0009	1	-6	23
11	0.0010	-21	44	16
12	0.0011	-83	-72	66
13	0.0012	41	91	-74
14	0.0013	-8	-100	-67
15	0.0014	-54	-48	-44
16	0.0015	91	114	93
17	0.0016	-94	135	292
18	0.0017	60	-7	-34
19	0.0018	-41	-170	-132
20	0.0019	40	-16	-76
21	0.0020	-80	64	95
22	0.0021	40	92	-16
23	0.0022	108	44	-89
24	0.0023	-17	-156	-71
25	0.0024	-58	-112	-34
26	0.0025	-24	107	69
27	0.0026	35	159	33
28	0.0027	-17	-25	33
29	0.0028	-29	-57	49
30	0.0029	-97	-50	122
31	0.0030	-37	33	-2
32	0.0031	87	69	-40
33	0.0032	30	-42	2
34	0.0033	-6	-24	-54
35	0.0034	46	9	-8
36	0.0035	-74	100	97
37	0.0036	11	27	109
38	0.0037	24	1	-42
39	0.0038	54	-57	-29
40	0.0039	5	-95	-123
41	0.0040	11	47	37
42	0.0041	-4	180	160
43	0.0042	-4	117	230
44	0.0043	28	-36	-123
45	0.0044	13	-230	-68
46	0.0045	-87	27	-58
47	0.0046	11	66	-80
48	0.0047	0	148	32
49	0.0048	-46	-24	103
50	0.0049	-47	-74	30
51	0.0050	49	-87	-24
52	0.0051	-38	41	3
53	0.0052	27	108	22
54	0.0053	-27	94	40
55	0.0054	-64	-83	30
56	0.0055	-78	-44	-14
57	0.0056	-23	41	60
58	0.0057	-24	108	46
59	0.0058	58	70	73
60	0.0059	23	-24	-97
61	0.0060	46	-16	-23
62	0.0061	-63	22	-6
63	0.0062	-2	66	70
64	0.0063	39	111	28
65	0.0064	-29	-117	-44
66	0.0065	37	-2	-19
67	0.0066	-54	-58	-42
68	0.0067	13	74	20
69	0.0068	-45	18	90
70	0.0069	-7	-24	63
71	0.0070	65	-15	-75
72	0.0071	-38	-21	-36
73	0.0072	45	32	-85
74	0.0073	50	9	-57
75	0.0074	0	2	87
76	0.0075	77	-44	11
77	0.0076	-29	-10	-40
78	0.0077	-40	24	123
79	0.0078	-23	71	-49
80	0.0079	124	64	-67
81	0.0080	-2	-20	1
82	0.0081	-61	-71	2
83	0.0082	-36	-12	-38
84	0.0083	-10	18	43
85	0.0084	-36	13	75
86	0.0085	35	6	10
87	0.0086	-19	-11	32
88	0.0087	-7	-55	23
89	0.0088	74	66	-74
90	0.0089	39	-16	16
91	0.0090	13	58	1
92	0.0091	-34	-29	28
93	0.0092	-64	75	26
94	0.0093	-40	-8	50
95	0.0094	-87	-14	13
96	0.0095	14	14	61
97	0.0096	-27	-15	-6
98	0.0097	83	48	-51
99	0.0098	14	11	0
100	0.0099	-50	-11	46

电流增量数据 [1000Hz, 10点]
采样序号	时间(s)	A相电流(INT)	B相电流(INT)	C相电流(INT)
1	0.000	918	-227	-995
2	0.001	607	-2800	-317
3	0.002	546	-163	-115
4	0.003	845	-1512	-52
5	0.004	992	-445	-4
6	0.005	295	-230	-834
7	0.006	135	-532	-559
8	0.007	294	-1116	-334
9	0.008	762	-1030	-697
10	0.009	235	2625	-634
================================================================================

=== 采集时间: 2025-12-05 15:24:35 (增量周期: 10.0ms) ===
振动增量数据 [等效10000Hz, 100点]
时序序号	时间(s)	X振动(INT)	Y振动(INT)	Z振动(INT)
1	0.0000	-12	-72	26
2	0.0001	-16	69	-57
3	0.0002	0	9	11
4	0.0003	-61	74	82
5	0.0004	-8	-49	67
6	0.0005	3	23	-36
7	0.0006	22	-78	-85
8	0.0007	-76	20	-17
9	0.0008	66	50	-3
10	0.0009	15	32	67
11	0.0010	40	-36	60
12	0.0011	1	54	48
13	0.0012	-108	7	26
14	0.0013	-31	43	16
15	0.0014	2	-91	-46
16	0.0015	62	19	28
17	0.0016	6	71	50
18	0.0017	-34	39	114
19	0.0018	-46	32	3
20	0.0019	-54	-72	-61
21	0.0020	110	36	-51
22	0.0021	-44	-6	67
23	0.0022	35	15	49
24	0.0023	15	83	56
25	0.0024	-75	-83	105
26	0.0025	30	2	-36
27	0.0026	30	44	45
28	0.0027	30	43	-23
29	0.0028	80	5	-27
30	0.0029	-6	-4	-2
31	0.0030	62	60	20
32	0.0031	-57	14	-20
33	0.0032	30	-38	11
34	0.0033	-6	-3	-49
35	0.0034	-3	-33	-31
36	0.0035	-32	28	5
37	0.0036	-27	-15	43
38	0.0037	44	10	22
39	0.0038	-11	-3	41
40	0.0039	22	-21	23
41	0.0040	-66	35	-20
42	0.0041	18	44	-6
43	0.0042	43	20	-12
44	0.0043	39	-24	33
45	0.0044	-33	-7	33
46	0.0045	-3	113	114
47	0.0046	-23	54	-67
48	0.0047	-2	-113	-126
49	0.0048	41	-19	-62
50	0.0049	-88	-72	16
51	0.0050	-29	121	-4
52	0.0051	-51	-8	67
53	0.0052	-87	-3	75
54	0.0053	-42	-84	-88
55	0.0054	-15	-2	22
56	0.0055	-37	91	157
57	0.0056	-12	100	67
58	0.0057	11	23	60
59	0.0058	-2	-55	2
60	0.0059	-44	-21	133
61	0.0060	-68	-57	35
62	0.0061	-16	2	-33
63	0.0062	32	131	49
64	0.0063	-33	-4	110
65	0.0064	-37	125	97
66	0.0065	-12	-67	2
67	0.0066	-20	-59	-153
68	0.0067	71	-12	22
69	0.0068	10	43	10
70	0.0069	50	96	69
71	0.0070	43	20	32
72	0.0071	-28	-70	-100
73	0.0072	129	-40	-169
74	0.0073	-42	36	-33
75	0.0074	36	75	83
76	0.0075	-28	79	23
77	0.0076	-6	-67	39
78	0.0077	-97	-54	-12
79	0.0078	52	-27	-40
80	0.0079	7	100	-46
81	0.0080	79	22	95
82	0.0081	6	-3	-62
83	0.0082	108	-46	14
84	0.0083	-58	70	31
85	0.0084	24	20	86
86	0.0085	-12	56	-17
87	0.0086	-58	-75	-2
88	0.0087	-55	-2	56
89	0.0088	-81	69	127
90	0.0089	-54	19	104
91	0.0090	-19	20	15
92	0.0091	10	-70	-3
93	0.0092	-24	-21	-32
94	0.0093	9	16	-66
95	0.0094	27	44	26
96	0.0095	15	31	-8
97	0.0096	40	-16	63
98	0.0097	-24	23	-20
99	0.0098	-34	-27	7
100	0.0099	-158	16	75

电流增量数据 [1000Hz, 10点]
采样序号	时间(s)	A相电流(INT)	B相电流(INT)	C相电流(INT)
1	0.000	-559	-748	534
2	0.001	-649	-854	460
3	0.002	-752	-1040	265
4	0.003	-1117	3849	231
5	0.004	-950	1389	99
6	0.005	-570	1818	-116
7	0.006	145	-1259	421
8	0.007	75	-367	439
9	0.008	154	-1396	453
10	0.009	-48	-746	881
================================================================================

=== 采集时间: 2025-12-05 15:24:35 (增量周期: 10.0ms) ===
振动增量数据 [等效10000Hz, 100点]
时序序号	时间(s)	X振动(INT)	Y振动(INT)	Z振动(INT)
1	0.0000	-12	-16	-101
2	0.0001	14	3	11
3	0.0002	-63	-71	-31
4	0.0003	-49	43	-8
5	0.0004	5	94	76
6	0.0005	-84	54	62
7	0.0006	67	-63	-40
8	0.0007	-7	-59	-64
9	0.0008	33	9	73
10	0.0009	-16	80	9
11	0.0010	126	18	-89
12	0.0011	13	9	5
13	0.0012	39	-123	-75
14	0.0013	-28	-11	-31
15	0.0014	30	70	62
16	0.0015	-46	27	44
17	0.0016	-38	-20	-16
18	0.0017	-21	-65	-11
19	0.0018	-87	1	10
20	0.0019	23	-2	-38
21	0.0020	-15	53	39
22	0.0021	49	-45	-59
23	0.0022	32	2	-38
24	0.0023	0	15	7
25	0.0024	-72	35	-2
26	0.0025	15	41	53
27	0.0026	-62	20	70
28	0.0027	37	-12	69
29	0.0028	2	9	-58
30	0.0029	71	23	-20
31	0.0030	14	13	-21
32	0.0031	-17	-42	-4
33	0.0032	120	-6	-98
34	0.0033	-58	-4	41
35	0.0034	-15	-50	-3
36	0.0035	19	80	-113
37	0.0036	53	-32	-29
38	0.0037	-58	64	120
39	0.0038	-58	-42	40
40	0.0039	13	56	-84
41	0.0040	-58	-24	44
42	0.0041	-58	44	93
43	0.0042	52	11	-20
44	0.0043	28	-7	-20
45	0.0044	16	-27	58
46	0.0045	-7	19	-6
47	0.0046	-6	75	44
48	0.0047	18	-31	56
49	0.0048	-15	7	56
50	0.0049	14	-55	-11
51	0.0050	52	-42	-53
52	0.0051	57	111	65
53	0.0052	-50	142	193
54	0.0053	20	31	-72
55	0.0054	-7	-164	-81
56	0.0055	-85	-62	-41
57	0.0056	-41	39	-49
58	0.0057	57	173	58
59	0.0058	3	48	82
60	0.0059	1	-36	73
61	0.0060	117	-27	-71
62	0.0061	-7	-2	5
63	0.0062	-45	-23	74
64	0.0063	-50	48	31
65	0.0064	-38	44	10
66	0.0065	40	-25	-38
67	0.0066	-19	-32	-38
68	0.0067	48	6	86
69	0.0068	-57	65	73
70	0.0069	16	43	16
71	0.0070	33	-15	-81
72	0.0071	11	-66	-77
73	0.0072	-28	-54	-71
74	0.0073	-24	61	-33
75	0.0074	-71	39	125
76	0.0075	-75	-24	104
77	0.0076	18	28	24
78	0.0077	-33	-21	44
79	0.0078	23	1	0
80	0.0079	-8	37	-33
81	0.0080	146	53	-115
82	0.0081	-12	-2	-46
83	0.0082	75	-7	20
84	0.0083	-28	16	22
85	0.0084	-28	-25	35
86	0.0085	-28	22	6
87	0.0086	-47	-3	33
88	0.0087	-37	9	-24
89	0.0088	22	24	-16
90	0.0089	-51	-28	-31
91	0.0090	31	-8	2
92	0.0091	-71	-28	-29
93	0.0092	2	-53	-29
94	0.0093	-31	79	-11
95	0.0094	-27	-21	40
96	0.0095	3	45	9
97	0.0096	39	-29	31
98	0.0097	16	33	48
99	0.0098	-28	22	6
100	0.0099	11	-2	26

电流增量数据 [1000Hz, 10点]
采样序号	时间(s)	A相电流(INT)	B相电流(INT)	C相电流(INT)
1	0.000	-164	-3753	855
2	0.001	-212	-1016	678
3	0.002	-600	-1047	638
4	0.003	-730	-1054	620
5	0.004	-736	-486	509
6	0.005	-640	508	137
7	0.006	444	-166	151
8	0.007	256	-1222	163
9	0.008	29	-1330	327
10	0.009	168	-1841	419
================================================================================

=== 采集时间: 2025-12-05 15:24:35 (增量周期: 10.0ms) ===
振动增量数据 [等效10000Hz, 100点]
时序序号	时间(s)	X振动(INT)	Y振动(INT)	Z振动(INT)
1	0.0000	-33	-28	79
2	0.0001	35	31	-67
3	0.0002	19	-36	-36
4	0.0003	-81	10	139
5	0.0004	-68	44	75
6	0.0005	40	49	-51
7	0.0006	-20	43	5
8	0.0007	10	15	0
9	0.0008	-64	-29	-41
10	0.0009	-19	14	13
11	0.0010	-80	2	35
12	0.0011	19	24	60
13	0.0012	30	18	-15
14	0.0013	-4	-37	88
15	0.0014	-45	10	-15
16	0.0015	62	40	-49
17	0.0016	-36	9	11
18	0.0017	32	-14	28
19	0.0018	-40	19	-41
20	0.0019	7	-10	49
21	0.0020	-74	26	15
22	0.0021	14	28	3
23	0.0022	1	40	26
24	0.0023	15	7	39
25	0.0024	45	-45	-36
26	0.0025	-34	35	35
27	0.0026	-34	-16	31
28	0.0027	-23	35	23
29	0.0028	-36	-4	66
30	0.0029	-33	7	28
31	0.0030	32	27	15
32	0.0031	-34	62	87
33	0.0032	-66	-41	-2
34	0.0033	61	5	-75
35	0.0034	-34	-32	-46
36	0.0035	9	-25	71
37	0.0036	-8	61	-29
38	0.0037	101	7	-24
39	0.0038	-33	-42	-42
40	0.0039	23	-72	13
41	0.0040	-10	175	75
42	0.0041	19	43	41
43	0.0042	54	-93	-183
44	0.0043	-55	-88	52
45	0.0044	-58	43	-6
46	0.0045	-14	52	-6
47	0.0046	-16	56	43
48	0.0047	-64	-24	41
49	0.0048	5	-25	-21
50	0.0049	-33	-98	-72
51	0.0050	7	16	46
52	0.0051	-34	79	79
53	0.0052	121	108	63
54	0.0053	-16	-50	-64
55	0.0054	40	-142	-50
56	0.0055	-75	113	-23
57	0.0056	65	57	52
58	0.0057	-12	103	5
59	0.0058	-8	-57	110
60	0.0059	-108	-24	40
61	0.0060	36	64	-105
62	0.0061	3	-75	-55
63	0.0062	-7	7	-44
64	0.0063	41	-27	-96
65	0.0064	54	67	30
66	0.0065	-68	-11	70
67	0.0066	26	0	-6
68	0.0067	-57	6	2
69	0.0068	-25	-45	33
70	0.0069	6	32	-51
71	0.0070	44	-25	57
72	0.0071	40	35	44
73	0.0072	19	-24	3
74	0.0073	19	56	0
75	0.0074	-106	-14	74
76	0.0075	-7	66	-6
77	0.0076	-41	-19	-40
78	0.0077	30	-7	0
79	0.0078	-75	-58	75
80	0.0079	-10	2	49
81	0.0080	-24	47	32
82	0.0081	5	18	10
83	0.0082	37	43	-14
84	0.0083	2	-71	-20
85	0.0084	35	35	-2
86	0.0085	41	-29	27
87	0.0086	-57	22	6
88	0.0087	46	-3	-11
89	0.0088	-67	-10	-42
90	0.0089	-55	15	13
91	0.0090	-6	50	46
92	0.0091	-34	26	20
93	0.0092	28	15	41
94	0.0093	-15	-4	20
95	0.0094	-37	23	14
96	0.0095	39	43	-19
97	0.0096	-15	19	40
98	0.0097	35	-14	6
99	0.0098	2	-58	6
100	0.0099	62	2	30

电流增量数据 [1000Hz, 10点]
采样序号	时间(s)	A相电流(INT)	B相电流(INT)	C相电流(INT)
1	0.000	-605	-854	131
2	0.001	-714	-220	12
3	0.002	-910	-1796	49
4	0.003	-507	678	-148
5	0.004	-2	646	-553
6	0.005	19	1827	-561
7	0.006	-500	-766	456
8	0.007	-642	-863	613
9	0.008	-782	-650	518
10	0.009	-837	2496	624
================================================================================

=== 采集时间: 2025-12-05 15:24:35 (增量周期: 10.0ms) ===
振动增量数据 [等效10000Hz, 100点]
时序序号	时间(s)	X振动(INT)	Y振动(INT)	Z振动(INT)
1	0.0000	-8	-54	-16
2	0.0001	14	-10	-123
3	0.0002	45	39	-141
4	0.0003	20	28	20
5	0.0004	50	36	58
6	0.0005	19	-25	95
7	0.0006	56	36	49
8	0.0007	-98	28	35
9	0.0008	83	31	-29
10	0.0009	-59	44	3
11	0.0010	15	-29	41
12	0.0011	-83	31	-14
13	0.0012	-44	-8	67
14	0.0013	-83	28	44
15	0.0014	37	-44	-14
16	0.0015	57	-19	-115
17	0.0016	167	2	-100
18	0.0017	14	5	33
19	0.0018	50	50	16
20	0.0019	45	2	-29
21	0.0020	56	22	109
22	0.0021	-16	35	0
23	0.0022	-21	18	-7
24	0.0023	-61	20	67
25	0.0024	-106	-122	-64
26	0.0025	-23	92	31
27	0.0026	-41	-17	75
28	0.0027	9	73	-15
29	0.0028	9	-2	-50
30	0.0029	-33	18	97
31	0.0030	-57	40	49
32	0.0031	130	33	19
33	0.0032	1	20	88
34	0.0033	26	-16	134
35	0.0034	-19	50	54
36	0.0035	86	67	-6
37	0.0036	-25	-10	-77
38	0.0037	23	-57	-29
39	0.0038	-68	58	-7
40	0.0039	23	-20	49
41	0.0040	-85	31	-31
42	0.0041	26	-7	23
43	0.0042	-91	-7	5
44	0.0043	71	-17	-46
45	0.0044	28	32	-11
46	0.0045	11	30	48
47	0.0046	60	64	2
48	0.0047	-80	-34	52
49	0.0048	6	23	99
50	0.0049	-109	52	43
51	0.0050	-19	50	-36
52	0.0051	-11	-59	20
53	0.0052	-58	0	48
54	0.0053	-23	43	44
55	0.0054	-74	-36	1
56	0.0055	-32	-55	-101
57	0.0056	-14	47	52
58	0.0057	-58	133	224
59	0.0058	93	61	-3
60	0.0059	11	-114	24
61	0.0060	-10	-51	-110
62	0.0061	-15	-11	-3
63	0.0062	49	163	24
64	0.0063	32	82	122
65	0.0064	24	35	135
66	0.0065	-16	-68	43
67	0.0066	1	1	-27
68	0.0067	58	70	-14
69	0.0068	-24	66	14
70	0.0069	-21	-65	-44
71	0.0070	-27	-67	-46
72	0.0071	-67	-19	-14
73	0.0072	15	41	45
74	0.0073	-28	-10	-15
75	0.0074	61	19	40
76	0.0075	-72	-11	2
77	0.0076	70	66	26
78	0.0077	-51	50	41
79	0.0078	0	6	67
80	0.0079	2	-2	3
81	0.0080	40	-33	-29
82	0.0081	-6	26	-33
83	0.0082	-16	7	41
84	0.0083	-23	60	30
85	0.0084	36	-40	-33
86	0.0085	-15	-25	37
87	0.0086	-2	1	-45
88	0.0087	1	52	5
89	0.0088	-51	-12	-46
90	0.0089	9	-32	-27
91	0.0090	-50	23	73
92	0.0091	-29	41	90
93	0.0092	32	101	18
94	0.0093	13	-17	-7
95	0.0094	-42	7	32
96	0.0095	37	-29	-100
97	0.0096	13	-7	-66
98	0.0097	14	44	14
99	0.0098	-31	-4	27
100	0.0099	10	-23	-16

电流增量数据 [1000Hz, 10点]
采样序号	时间(s)	A相电流(INT)	B相电流(INT)	C相电流(INT)
1	0.000	-626	1619	570
2	0.001	-681	822	207
3	0.002	-635	2588	169
4	0.003	-652	61	137
5	0.004	-594	745	85
6	0.005	714	-1823	103
7	0.006	77	211	417
8	0.007	-120	371	860
9	0.008	-141	-94	991
10	0.009	-500	-1789	752
================================================================================

=== 采集时间: 2025-12-05 15:24:36 (增量周期: 10.0ms) ===
振动增量数据 [等效10000Hz, 100点]
时序序号	时间(s)	X振动(INT)	Y振动(INT)	Z振动(INT)
1	0.0000	19	11	84
2	0.0001	49	73	-31
3	0.0002	78	0	-50
4	0.0003	-25	-21	-47
5	0.0004	99	-16	-96
6	0.0005	-11	41	-14
7	0.0006	18	37	62
8	0.0007	-76	35	32
9	0.0008	13	15	14
10	0.0009	-58	-20	-40
11	0.0010	-84	-38	61
12	0.0011	-40	28	-10
13	0.0012	-31	-33	52
14	0.0013	-24	13	43
15	0.0014	20	-51	-46
16	0.0015	28	13	15
17	0.0016	-49	-37	0
18	0.0017	15	-23	-102
19	0.0018	52	37	-4
20	0.0019	-97	-33	114
21	0.0020	-29	16	32
22	0.0021	16	54	-29
23	0.0022	-55	-2	43
24	0.0023	-32	49	61
25	0.0024	-51	6	-93
26	0.0025	9	14	1
27	0.0026	-89	-40	20
28	0.0027	56	-16	52
29	0.0028	13	53	33
30	0.0029	16	-24	-2
31	0.0030	-2	-19	-36
32	0.0031	36	-46	-49
33	0.0032	26	-24	61
34	0.0033	61	92	-12
35	0.0034	23	35	13
36	0.0035	-106	-41	-4
37	0.0036	-4	-3	-70
38	0.0037	-23	0	-71
39	0.0038	5	66	96
40	0.0039	-41	90	138
41	0.0040	6	112	48
42	0.0041	-11	-44	-29
43	0.0042	-8	-159	-182
44	0.0043	23	-32	-46
45	0.0044	-7	116	123
46	0.0045	118	79	46
47	0.0046	35	30	52
48	0.0047	-32	-75	61
49	0.0048	-31	-20	-59
50	0.0049	33	24	-55
51	0.0050	-80	30	35
52	0.0051	-23	26	-64
53	0.0052	-91	-93	6
54	0.0053	-75	27	113
55	0.0054	-11	14	54
56	0.0055	53	61	-28
57	0.0056	49	-27	-46
58	0.0057	-3	-19	-10
59	0.0058	24	100	-14
60	0.0059	70	65	60
61	0.0060	-33	75	49
62	0.0061	24	-24	23
63	0.0062	77	128	13
64	0.0063	-15	-67	18
65	0.0064	-7	-7	-10
66	0.0065	-6	36	-6
67	0.0066	-27	-23	-76
68	0.0067	39	-54	-111
69	0.0068	-44	1	41
70	0.0069	-17	33	90
71	0.0070	41	64	80
72	0.0071	53	33	11
73	0.0072	23	-58	70
74	0.0073	-3	-29	-144
75	0.0074	15	-68	-94
76	0.0075	-21	71	-72
77	0.0076	36	-33	-19
78	0.0077	-19	14	96
79	0.0078	-37	40	116
80	0.0079	1	101	74
81	0.0080	-51	35	37
82	0.0081	62	-66	-134
83	0.0082	-8	-48	-83
84	0.0083	124	33	-44
85	0.0084	-36	23	14
86	0.0085	66	24	142
87	0.0086	-106	-14	7
88	0.0087	46	-102	-70
89	0.0088	-15	83	-106
90	0.0089	-23	-34	53
91	0.0090	-64	41	129
92	0.0091	6	19	-19
93	0.0092	-36	-11	63
94	0.0093	-64	41	36
95	0.0094	5	-74	-126
96	0.0095	86	118	14
97	0.0096	-58	-40	44
98	0.0097	31	20	26
99	0.0098	50	90	-31
100	0.0099	-36	-45	91

电流增量数据 [1000Hz, 10点]
采样序号	时间(s)	A相电流(INT)	B相电流(INT)	C相电流(INT)
1	0.000	-819	745	539
2	0.001	-691	97	640
3	0.002	-911	733	704
4	0.003	-1120	-149	247
5	0.004	-634	-794	528
6	0.005	-793	-495	318
7	0.006	518	-349	182
8	0.007	-484	1071	1377
9	0.008	-87	-336	678
10	0.009	114	1908	570
================================================================================

=== 采集时间: 2025-12-05 15:24:36 (增量周期: 10.0ms) ===
振动增量数据 [等效10000Hz, 100点]
时序序号	时间(s)	X振动(INT)	Y振动(INT)	Z振动(INT)
1	0.0000	-25	-28	6
2	0.0001	-115	-31	-31
3	0.0002	33	-15	-58
4	0.0003	7	7	27
5	0.0004	-47	18	146
6	0.0005	7	5	-41
7	0.0006	31	37	-33
8	0.0007	-62	5	83
9	0.0008	16	50	46
10	0.0009	33	70	79
11	0.0010	49	39	143
12	0.0011	-32	-36	-29
13	0.0012	58	58	-29
14	0.0013	-135	-23	109
15	0.0014	3	53	-7
16	0.0015	20	13	-34
17	0.0016	35	-29	2
18	0.0017	-85	-34	52
19	0.0018	82	-28	-44
20	0.0019	-15	30	-31
21	0.0020	109	-50	-54
22	0.0021	13	28	-62
23	0.0022	62	15	0
24	0.0023	-3	9	-20
25	0.0024	61	-4	-32
26	0.0025	26	13	10
27	0.0026	28	-12	-93
28	0.0027	-10	70	-41
29	0.0028	-67	-7	76
30	0.0029	-76	64	15
31	0.0030	-21	-87	-3
32	0.0031	-59	-12	-10
33	0.0032	10	-16	83
34	0.0033	-33	77	31
35	0.0034	-3	74	9
36	0.0035	-61	-78	10
37	0.0036	-81	-75	-8
38	0.0037	46	2	-17
39	0.0038	28	84	-15
40	0.0039	36	49	83
41	0.0040	-49	-15	-58
42	0.0041	45	-46	-49
43	0.0042	-97	1	-8
44	0.0043	79	3	-11
45	0.0044	-2	69	-27
46	0.0045	30	-98	46
47	0.0046	-40	-25	-51
48	0.0047	71	133	114
49	0.0048	-81	159	140
50	0.0049	-28	-96	-23
51	0.0050	57	-97	-42
52	0.0051	-111	-78	46
53	0.0052	13	113	58
54	0.0053	65	176	41
55	0.0054	-34	-32	-7
56	0.0055	19	-79	-83
57	0.0056	7	-66	-140
58	0.0057	40	50	-45
59	0.0058	-24	99	79
60	0.0059	-17	9	40
61	0.0060	-21	-59	-2
62	0.0061	-102	-61	26
63	0.0062	-10	11	41
64	0.0063	20	65	2
65	0.0064	71	9	58
66	0.0065	-24	-58	-14
67	0.0066	15	-12	-51
68	0.0067	-87	7	58
69	0.0068	-59	83	73
70	0.0069	-66	9	11
71	0.0070	60	15	57
72	0.0071	-2	-23	-58
73	0.0072	87	-37	-3
74	0.0073	-4	101	14
75	0.0074	-41	-63	23
76	0.0075	44	7	-114
77	0.0076	-27	-112	-94
78	0.0077	-4	-23	-23
79	0.0078	7	-12	-31
80	0.0079	0	30	88
81	0.0080	74	131	157
82	0.0081	-11	52	-14
83	0.0082	14	-23	-29
84	0.0083	-58	-46	-83
85	0.0084	-27	-4	-59
86	0.0085	80	154	48
87	0.0086	-36	2	19
88	0.0087	45	-33	75
89	0.0088	-89	-15	43
90	0.0089	-6	53	60
91	0.0090	78	121	93
92	0.0091	-28	31	31
93	0.0092	105	-31	-28
94	0.0093	-14	-65	-31
95	0.0094	1	-29	-61
96	0.0095	-17	83	86
97	0.0096	-25	36	1
98	0.0097	49	-37	-110
99	0.0098	2	0	67
100	0.0099	-58	35	63

电流增量数据 [1000Hz, 10点]
采样序号	时间(s)	A相电流(INT)	B相电流(INT)	C相电流(INT)
1	0.000	543	795	-14
2	0.001	535	-3338	-185
3	0.002	775	-963	51
4	0.003	252	-2407	379
5	0.004	159	-157	452
6	0.005	534	-211	-643
7	0.006	559	732	-597
8	0.007	257	-220	-599
9	0.008	982	-908	-804
10	0.009	962	-1204	-763
================================================================================

=== 采集时间: 2025-12-05 15:24:36 (增量周期: 10.0ms) ===
振动增量数据 [等效10000Hz, 100点]
时序序号	时间(s)	X振动(INT)	Y振动(INT)	Z振动(INT)
1	0.0000	3	48	-23
2	0.0001	-66	57	49
3	0.0002	-38	-139	2
4	0.0003	-3	43	-50
5	0.0004	32	43	164
6	0.0005	-75	133	105
7	0.0006	167	33	-67
8	0.0007	-88	-179	-154
9	0.0008	56	-104	-84
10	0.0009	-3	116	-59
11	0.0010	109	84	103
12	0.0011	-45	75	138
13	0.0012	-27	-117	79
14	0.0013	-68	-10	-164
15	0.0014	-126	-174	-67
16	0.0015	53	158	-4
17	0.0016	30	65	61
18	0.0017	118	64	101
19	0.0018	-54	-21	33
20	0.0019	-84	-75	-93
21	0.0020	-70	-6	-113
22	0.0021	-21	-66	-83
23	0.0022	39	54	63
24	0.0023	40	65	150
25	0.0024	-15	14	65
26	0.0025	-11	-50	30
27	0.0026	-87	-11	-27
28	0.0027	48	-24	-85
29	0.0028	44	41	-91
30	0.0029	71	-41	-119
31	0.0030	50	45	40
32	0.0031	-33	64	127
33	0.0032	1	40	79
34	0.0033	-17	9	86
35	0.0034	-28	-34	-49
36	0.0035	13	-4	-109
37	0.0036	33	91	-3
38	0.0037	49	39	69
39	0.0038	70	-38	20
40	0.0039	-44	-62	5
41	0.0040	-47	-55	-33
42	0.0041	-85	54	-51
43	0.0042	-46	39	-4
44	0.0043	-36	-6	106
45	0.0044	3	-28	46
46	0.0045	-10	-28	63
47	0.0046	-58	11	-21
48	0.0047	46	27	-89
49	0.0048	-81	-44	-7
50	0.0049	24	-10	-42
51	0.0050	60	32	41
52	0.0051	-42	-19	6
53	0.0052	60	-27	-38
54	0.0053	-24	-11	-44
55	0.0054	78	-8	32
56	0.0055	-72	5	-41
57	0.0056	60	7	58
58	0.0057	-44	23	9
59	0.0058	16	-36	2
60	0.0059	-16	65	-40
61	0.0060	23	-6	61
62	0.0061	-21	45	-66
63	0.0062	65	-50	49
64	0.0063	-55	36	-33
65	0.0064	70	-3	19
66	0.0065	-14	33	-20
67	0.0066	0	-65	14
68	0.0067	5	18	-3
69	0.0068	-16	2	105
70	0.0069	-54	33	43
71	0.0070	57	49	-7
72	0.0071	-59	-2	-63
73	0.0072	24	-40	-19
74	0.0073	-61	7	3
75	0.0074	-40	9	39
76	0.0075	-28	-2	30
77	0.0076	13	23	-3
78	0.0077	-20	19	46
79	0.0078	78	62	91
80	0.0079	-64	-7	-25
81	0.0080	120	-20	6
82	0.0081	-83	40	-44
83	0.0082	71	-32	44
84	0.0083	-102	44	-61
85	0.0084	107	-63	2
86	0.0085	-111	57	-19
87	0.0086	50	-62	45
88	0.0087	-29	150	-14
89	0.0088	-8	-91	62
90	0.0089	-15	41	-106
91	0.0090	2	-49	82
92	0.0091	-12	156	70
93	0.0092	27	14	33
94	0.0093	41	10	33
95	0.0094	30	-10	-25
96	0.0095	-70	-71	53
97	0.0096	40	71	-32
98	0.0097	13	49	26
99	0.0098	-76	69	133
100	0.0099	31	43	65

电流增量数据 [1000Hz, 10点]
采样序号	时间(s)	A相电流(INT)	B相电流(INT)	C相电流(INT)
1	0.000	-797	-104	741
2	0.001	-1197	99	573
3	0.002	-1075	1247	182
4	0.003	-865	695	353
5	0.004	-590	-134	105
6	0.005	362	-1644	353
7	0.006	-32	-2004	491
8	0.007	124	2410	504
9	0.008	135	-725	561
10	0.009	-145	481	756
================================================================================

=== 采集时间: 2025-12-05 15:24:37 (增量周期: 10.0ms) ===
振动增量数据 [等效10000Hz, 100点]
时序序号	时间(s)	X振动(INT)	Y振动(INT)	Z振动(INT)
1	0.0000	11	5	-91
2	0.0001	-2	35	136
3	0.0002	-57	146	52
4	0.0003	95	27	52
5	0.0004	-23	-24	-72
6	0.0005	7	-46	5
7	0.0006	-42	128	1
8	0.0007	-70	5	104
9	0.0008	14	-4	9
10	0.0009	-4	-106	-15
11	0.0010	-21	10	-27
12	0.0011	-44	-17	10
13	0.0012	-63	20	-54
14	0.0013	53	-24	3
15	0.0014	-61	7	74
16	0.0015	69	-14	23
17	0.0016	15	79	-6
18	0.0017	-58	-19	63
19	0.0018	74	94	-11
20	0.0019	0	-33	-89
21	0.0020	39	43	32
22	0.0021	-87	35	90
23	0.0022	6	-10	57
24	0.0023	2	48	-2
25	0.0024	7	-75	-25
26	0.0025	48	16	-83
27	0.0026	-17	-29	-41
28	0.0027	-12	-63	-14
29	0.0028	-29	-8	-83
30	0.0029	1	10	49
31	0.0030	-45	37	32
32	0.0031	35	48	101
33	0.0032	-40	70	43
34	0.0033	23	-23	66
35	0.0034	-32	37	-19
36	0.0035	20	-10	1
37	0.0036	49	61	-4
38	0.0037	-50	-45	5
39	0.0038	37	-2	1
40	0.0039	-6	35	-25
41	0.0040	-29	-45	2
42	0.0041	70	70	-20
43	0.0042	-36	-96	16
44	0.0043	18	22	37
45	0.0044	-78	47	6
46	0.0045	-23	27	37
47	0.0046	-14	28	-72
48	0.0047	61	-88	-87
49	0.0048	86	28	-74
50	0.0049	44	-49	31
51	0.0050	-16	32	11
52	0.0051	-23	14	-28
53	0.0052	53	28	-28
54	0.0053	-34	-38	11
55	0.0054	28	57	14
56	0.0055	-51	-27	31
57	0.0056	-68	-8	-33
58	0.0057	-10	39	23
59	0.0058	-51	-44	11
60	0.0059	30	18	60
61	0.0060	39	-14	28
62	0.0061	82	74	-59
63	0.0062	-50	-53	7
64	0.0063	-38	-27	-126
65	0.0064	-51	-2	-14
66	0.0065	-15	78	48
67	0.0066	41	16	28
68	0.0067	19	41	74
69	0.0068	-32	-49	2
70	0.0069	15	-28	-51
71	0.0070	-14	32	-70
72	0.0071	56	19	-17
73	0.0072	-46	-7	-53
74	0.0073	43	-125	9
75	0.0074	-85	11	30
76	0.0075	74	148	181
77	0.0076	-29	100	58
78	0.0077	39	-108	-32
79	0.0078	-79	-125	-97
80	0.0079	-50	65	28
81	0.0080	78	222	155
82	0.0081	33	116	88
83	0.0082	60	-33	-7
84	0.0083	43	-153	-94
85	0.0084	-46	-70	-135
86	0.0085	33	141	41
87	0.0086	-33	109	67
88	0.0087	108	-20	58
89	0.0088	-59	-172	-12
90	0.0089	-27	9	103
91	0.0090	-97	73	-4
92	0.0091	-29	10	-85
93	0.0092	7	-33	-102
94	0.0093	45	-36	-45
95	0.0094	10	75	117
96	0.0095	-53	94	109
97	0.0096	10	39	-38
98	0.0097	58	-12	-70
99	0.0098	26	-98	-97
100	0.0099	2	26	37

电流增量数据 [1000Hz, 10点]
采样序号	时间(s)	A相电流(INT)	B相电流(INT)	C相电流(INT)
1	0.000	581	1202	-694
2	0.001	981	338	-859
3	0.002	750	-254	-429
4	0.003	641	-1722	4
5	0.004	701	-345	293
6	0.005	-78	1939	-545
7	0.006	525	1897	-1185
8	0.007	462	-2384	-1047
9	0.008	937	48	-1113
10	0.009	606	-751	-581
================================================================================

=== 采集时间: 2025-12-05 15:24:37 (增量周期: 10.0ms) ===
振动增量数据 [等效10000Hz, 100点]
时序序号	时间(s)	X振动(INT)	Y振动(INT)	Z振动(INT)
1	0.0000	10	-65	-24
2	0.0001	-16	-58	-63
3	0.0002	40	15	32
4	0.0003	-70	-48	24
5	0.0004	15	-12	49
6	0.0005	-21	13	-61
7	0.0006	-40	-14	43
8	0.0007	-42	79	91
9	0.0008	-44	-16	-10
10	0.0009	0	87	31
11	0.0010	13	18	-41
12	0.0011	9	-3	18
13	0.0012	-3	65	83
14	0.0013	41	-36	-64
15	0.0014	2	-20	-58
16	0.0015	30	-17	7
17	0.0016	-40	-27	-61
18	0.0017	122	43	16
19	0.0018	-36	-15	-17
20	0.0019	32	-25	97
21	0.0020	20	26	-41
22	0.0021	-33	-65	2
23	0.0022	14	57	-41
24	0.0023	-61	1	5
25	0.0024	32	56	32
26	0.0025	-70	27	50
27	0.0026	60	9	-2
28	0.0027	-10	22	6
29	0.0028	16	-36	35
30	0.0029	-10	27	-16
31	0.0030	71	54	1
32	0.0031	0	-12	-31
33	0.0032	62	15	35
34	0.0033	5	-29	-53
35	0.0034	52	19	-10
36	0.0035	-46	49	11
37	0.0036	-72	-2	50
38	0.0037	-33	26	-74
39	0.0038	3	-29	3
40	0.0039	27	9	2
41	0.0040	22	91	80
42	0.0041	-32	15	33
43	0.0042	-55	-58	-64
44	0.0043	30	-57	-77
45	0.0044	15	-16	-31
46	0.0045	65	95	97
47	0.0046	-25	-8	-3
48	0.0047	65	44	37
49	0.0048	-71	-92	3
50	0.0049	41	-46	-89
51	0.0050	39	-3	-80
52	0.0051	-40	22	7
53	0.0052	52	32	50
54	0.0053	18	74	-45
55	0.0054	-6	-81	-44
56	0.0055	-80	-40	27
57	0.0056	-38	-8	-50
58	0.0057	3	31	-68
59	0.0058	84	44	27
60	0.0059	-62	-70	-7
61	0.0060	-19	52	86
62	0.0061	-108	56	74
63	0.0062	0	-6	28
64	0.0063	-51	2	14
65	0.0064	28	-21	52
66	0.0065	-19	66	-87
67	0.0066	67	-48	-33
68	0.0067	-101	27	80
69	0.0068	30	5	46
70	0.0069	37	37	-74
71	0.0070	49	-19	28
72	0.0071	7	1	-53
73	0.0072	60	40	-47
74	0.0073	15	9	52
75	0.0074	-16	-40	46
76	0.0075	31	39	-3
77	0.0076	-67	-21	52
78	0.0077	-108	-20	28
79	0.0078	1	-3	-4
80	0.0079	-49	58	40
81	0.0080	33	26	61
82	0.0081	-27	-101	-53
83	0.0082	-11	-29	1
84	0.0083	-87	-8	-59
85	0.0084	20	50	-51
86	0.0085	37	53	-17
87	0.0086	41	-4	31
88	0.0087	26	-12	11
89	0.0088	-8	-4	15
90	0.0089	-101	13	75
91	0.0090	-28	121	14
92	0.0091	60	11	-89
93	0.0092	-71	-75	49
94	0.0093	-46	-95	-31
95	0.0094	-21	61	-24
96	0.0095	3	56	43
97	0.0096	-58	-87	44
98	0.0097	36	35	-87
99	0.0098	32	-40	-29
100	0.0099	-84	28	83

电流增量数据 [1000Hz, 10点]
采样序号	时间(s)	A相电流(INT)	B相电流(INT)	C相电流(INT)
1	0.000	123	-1916	577
2	0.001	214	-31	485
3	0.002	-362	873	741
4	0.003	-913	952	675
5	0.004	-528	-1732	546
6	0.005	481	-1242	4
7	0.006	644	-834	-303
8	0.007	550	-2580	-83
9	0.008	710	-1280	327
10	0.009	328	-511	398
================================================================================

=== 采集时间: 2025-12-05 15:24:37 (增量周期: 10.0ms) ===
振动增量数据 [等效10000Hz, 100点]
时序序号	时间(s)	X振动(INT)	Y振动(INT)	Z振动(INT)
1	0.0000	-36	20	-2
2	0.0001	-38	-34	32
3	0.0002	-24	-19	15
4	0.0003	-2	-20	-15
5	0.0004	69	36	-38
6	0.0005	31	3	-31
7	0.0006	35	-25	-21
8	0.0007	-7	47	44
9	0.0008	-58	-44	48
10	0.0009	-10	45	-50
11	0.0010	7	-45	-32
12	0.0011	-41	-16	44
13	0.0012	37	73	31
14	0.0013	-29	69	152
15	0.0014	-75	6	37
16	0.0015	-24	-144	-61
17	0.0016	20	23	-126
18	0.0017	-46	-33	91
19	0.0018	30	108	53
20	0.0019	-32	35	19
21	0.0020	-16	-14	174
22	0.0021	-135	-101	-70
23	0.0022	125	-17	-57
24	0.0023	-72	103	106
25	0.0024	27	62	136
26	0.0025	10	159	7
27	0.0026	-42	-123	26
28	0.0027	-102	-50	-27
29	0.0028	19	-20	-32
30	0.0029	32	128	19
31	0.0030	48	64	54
32	0.0031	58	-21	-68
33	0.0032	57	-14	-45
34	0.0033	-50	-44	76
35	0.0034	23	88	-17
36	0.0035	78	50	-31
37	0.0036	-47	-37	-45
38	0.0037	40	-28	30
39	0.0038	-58	41	45
40	0.0039	16	44	93
41	0.0040	20	36	-23
42	0.0041	37	-63	-68
43	0.0042	-31	-68	-93
44	0.0043	7	3	-28
45	0.0044	88	108	-28
46	0.0045	-3	27	121
47	0.0046	79	-25	-46
48	0.0047	-2	-3	-25
49	0.0048	-58	27	87
50	0.0049	-63	36	-4
51	0.0050	-98	-10	-12
52	0.0051	-3	-49	-37
53	0.0052	10	62	-2
54	0.0053	-19	-19	43
55	0.0054	-40	6	58
56	0.0055	-61	16	45
57	0.0056	22	-3	-27
58	0.0057	-24	30	20
59	0.0058	9	-14	116
60	0.0059	-8	79	74
61	0.0060	83	39	-14
62	0.0061	67	-28	-27
63	0.0062	-25	39	2
64	0.0063	-27	-17	7
65	0.0064	-68	60	-14
66	0.0065	-7	-44	22
67	0.0066	-57	-8	-6
68	0.0067	45	40	7
69	0.0068	-17	-10	-15
70	0.0069	2	52	11
71	0.0070	9	9	-33
72	0.0071	9	11	2
73	0.0072	44	45	63
74	0.0073	-17	5	13
75	0.0074	74	19	33
76	0.0075	-50	-19	48
77	0.0076	23	19	62
78	0.0077	-14	80	33
79	0.0078	-28	-34	-37
80	0.0079	-68	23	104
81	0.0080	-64	27	46
82	0.0081	27	54	-46
83	0.0082	27	19	121
84	0.0083	-126	-10	71
85	0.0084	77	9	-40
86	0.0085	13	18	5
87	0.0086	-34	-65	39
88	0.0087	97	86	-29
89	0.0088	14	-31	23
90	0.0089	39	13	-21
91	0.0090	71	30	-16
92	0.0091	-46	20	-31
93	0.0092	23	70	37
94	0.0093	-41	-51	15
95	0.0094	-68	16	62
96	0.0095	-3	-11	-34
97	0.0096	15	-10	-57
98	0.0097	14	107	165
99	0.0098	-21	112	130
100	0.0099	65	-37	-74

电流增量数据 [1000Hz, 10点]
采样序号	时间(s)	A相电流(INT)	B相电流(INT)	C相电流(INT)
1	0.000	211	-93	-892
2	0.001	208	9	-929
3	0.002	154	-274	-702
4	0.003	523	991	-717
5	0.004	779	2254	-742
6	0.005	-745	1186	12
7	0.006	-801	3158	-82
8	0.007	-736	441	86
9	0.008	-993	1289	130
10	0.009	-154	-19	-283
================================================================================

=== 采集时间: 2025-12-05 15:24:38 (增量周期: 10.0ms) ===
振动增量数据 [等效10000Hz, 100点]
时序序号	时间(s)	X振动(INT)	Y振动(INT)	Z振动(INT)
1	0.0000	-19	26	13
2	0.0001	-93	-10	1
3	0.0002	5	-42	-21
4	0.0003	-2	84	46
5	0.0004	19	-16	-6
6	0.0005	110	-15	-64
7	0.0006	-12	9	-29
8	0.0007	40	-42	-7
9	0.0008	22	50	9
10	0.0009	52	-12	82
11	0.0010	-25	57	40
12	0.0011	-23	-65	-25
13	0.0012	-31	37	16
14	0.0013	-104	20	93
15	0.0014	-47	56	54
16	0.0015	-14	-3	-34
17	0.0016	-3	-15	-29
18	0.0017	-44	-91	-20
19	0.0018	-7	30	3
20	0.0019	73	79	48
21	0.0020	40	47	30
22	0.0021	66	-37	-38
23	0.0022	43	-51	3
24	0.0023	6	69	-25
25	0.0024	24	20	44
26	0.0025	-109	83	71
27	0.0026	28	-87	-32
28	0.0027	-128	-54	14
29	0.0028	-85	-118	-57
30	0.0029	24	84	-2
31	0.0030	3	141	110
32	0.0031	58	77	57
33	0.0032	80	-138	-137
34	0.0033	-8	-106	-84
35	0.0034	-58	35	28
36	0.0035	48	186	69
37	0.0036	53	50	35
38	0.0037	10	-74	62
39	0.0038	-6	6	39
40	0.0039	-68	-37	37
41	0.0040	-67	107	36
42	0.0041	22	-31	-47
43	0.0042	-68	-11	28
44	0.0043	-67	-93	23
45	0.0044	-16	70	50
46	0.0045	-54	65	71
47	0.0046	-8	-49	-36
48	0.0047	27	-33	-21
49	0.0048	82	31	-50
50	0.0049	40	41	10
51	0.0050	9	69	148
52	0.0051	0	-29	-20
53	0.0052	58	19	-33
54	0.0053	-28	1	-6
55	0.0054	-47	-97	-46
56	0.0055	-25	75	-62
57	0.0056	-23	-4	78
58	0.0057	-53	75	127
59	0.0058	26	-45	70
60	0.0059	-37	88	87
61	0.0060	54	49	-3
62	0.0061	-54	13	31
63	0.0062	60	-15	83
64	0.0063	62	-45	-12
65	0.0064	5	-20	-63
66	0.0065	9	37	6
67	0.0066	-97	-7	-92
68	0.0067	92	-12	-36
69	0.0068	-33	23	118
70	0.0069	-62	-28	146
71	0.0070	-29	154	97
72	0.0071	31	28	-14
73	0.0072	52	35	-3
74	0.0073	31	5	-55
75	0.0074	80	-2	15
76	0.0075	-36	16	-45
77	0.0076	32	-12	19
78	0.0077	-58	39	95
79	0.0078	9	-8	14
80	0.0079	28	-78	-76
81	0.0080	46	37	-27
82	0.0081	-47	-36	-59
83	0.0082	37	87	93
84	0.0083	-122	44	165
85	0.0084	-17	10	52
86	0.0085	24	-4	-141
87	0.0086	-3	-40	18
88	0.0087	-33	-25	-63
89	0.0088	97	54	-23
90	0.0089	-38	1	58
91	0.0090	52	-14	22
92	0.0091	-75	18	105
93	0.0092	26	54	84
94	0.0093	-19	43	-24
95	0.0094	91	3	-3
96	0.0095	-25	18	10
97	0.0096	33	-58	-23
98	0.0097	-3	23	-6
99	0.0098	-85	-33	54
100	0.0099	16	30	-29

电流增量数据 [1000Hz, 10点]
采样序号	时间(s)	A相电流(INT)	B相电流(INT)	C相电流(INT)
1	0.000	-57	-213	-621
2	0.001	115	3235	-609
3	0.002	418	409	-704
4	0.003	117	2611	-641
5	0.004	175	-77	-655
6	0.005	649	619	-657
7	0.006	-547	-306	129
8	0.007	-850	1640	-109
9	0.008	-268	2424	-1070
10	0.009	-224	1876	-466
================================================================================

=== 采集时间: 2025-12-05 15:24:38 (增量周期: 10.0ms) ===
振动增量数据 [等效10000Hz, 100点]
时序序号	时间(s)	X振动(INT)	Y振动(INT)	Z振动(INT)
1	0.0000	24	50	-14
2	0.0001	40	33	-27
3	0.0002	126	70	-45
4	0.0003	49	-2	53
5	0.0004	-25	53	116
6	0.0005	-44	50	139
7	0.0006	-58	58	27
8	0.0007	69	-29	-38
9	0.0008	30	-61	-96
10	0.0009	0	-87	-29
11	0.0010	19	37	-61
12	0.0011	5	-19	-44
13	0.0012	40	22	6
14	0.0013	-11	-34	32
15	0.0014	20	-3	-102
16	0.0015	32	86	28
17	0.0016	1	48	160
18	0.0017	27	24	-27
19	0.0018	83	49	14
20	0.0019	-83	-93	0
21	0.0020	23	49	-45
22	0.0021	-64	-49	-160
23	0.0022	75	56	26
24	0.0023	-92	-59	33
25	0.0024	31	-11	100
26	0.0025	-42	99	37
27	0.0026	-15	-44	110
28	0.0027	-50	92	24
29	0.0028	57	-31	-8
30	0.0029	16	7	-66
31	0.0030	99	-3	-4
32	0.0031	-23	13	2
33	0.0032	-6	6	39
34	0.0033	-78	13	32
35	0.0034	-10	-68	3
36	0.0035	-14	86	15
37	0.0036	23	5	67
38	0.0037	16	118	13
39	0.0038	-21	-40	15
40	0.0039	-119	-48	15
41	0.0040	22	52	-29
42	0.0041	35	19	16
43	0.0042	-37	150	159
44	0.0043	96	-75	-53
45	0.0044	-25	-58	-36
46	0.0045	28	9	44
47	0.0046	-40	23	-58
48	0.0047	84	91	16
49	0.0048	-49	-29	-10
50	0.0049	1	-50	-59
51	0.0050	-14	92	-44
52	0.0051	-42	33	39
53	0.0052	-74	13	83
54	0.0053	-4	-53	-8
55	0.0054	-8	14	-11
56	0.0055	40	62	37
57	0.0056	-54	48	35
58	0.0057	5	-16	24
59	0.0058	48	28	-4
60	0.0059	-33	-76	27
61	0.0060	83	92	63
62	0.0061	3	20	-8
63	0.0062	41	-2	-24
64	0.0063	-40	9	18
65	0.0064	1	-15	22
66	0.0065	-54	37	-19
67	0.0066	43	-10	-19
68	0.0067	-58	-83	-23
69	0.0068	41	-54	-50
70	0.0069	-17	7	-25
71	0.0070	91	148	156
72	0.0071	-68	82	79
73	0.0072	43	-101	-2
74	0.0073	14	6	-61
75	0.0074	-10	-33	-8
76	0.0075	-12	130	27
77	0.0076	49	100	120
78	0.0077	-24	-7	28
79	0.0078	-14	-75	-6
80	0.0079	-15	-54	-76
81	0.0080	-3	43	-10
82	0.0081	-4	11	-16
83	0.0082	-19	33	73
84	0.0083	37	41	86
85	0.0084	-58	-54	-40
86	0.0085	9	-55	-77
87	0.0086	-78	-16	-4
88	0.0087	-21	36	2
89	0.0088	43	77	-3
90	0.0089	-32	64	120
91	0.0090	-58	-40	58
92	0.0091	-51	-6	-20
93	0.0092	-4	-11	-20
94	0.0093	-7	15	-14
95	0.0094	67	-2	-45
96	0.0095	5	-15	69
97	0.0096	-3	35	90
98	0.0097	26	57	66
99	0.0098	20	24	54
100	0.0099	18	1	16

电流增量数据 [1000Hz, 10点]
采样序号	时间(s)	A相电流(INT)	B相电流(INT)	C相电流(INT)
1	0.000	92	-1171	459
2	0.001	5	-1178	573
3	0.002	-296	-2019	1017
4	0.003	-30	2612	671
5	0.004	-792	655	659
6	0.005	792	1269	-802
7	0.006	767	-143	-633
8	0.007	846	-104	-59
9	0.008	671	-913	-7
10	0.009	1217	-811	-132
================================================================================

=== 采集时间: 2025-12-05 15:24:38 (增量周期: 10.0ms) ===
振动增量数据 [等效10000Hz, 100点]
时序序号	时间(s)	X振动(INT)	Y振动(INT)	Z振动(INT)
1	0.0000	83	49	23
2	0.0001	-74	-28	-2
3	0.0002	-47	5	2
4	0.0003	53	18	-40
5	0.0004	18	-8	-46
6	0.0005	30	-12	76
7	0.0006	-71	-16	-29
8	0.0007	13	49	49
9	0.0008	-70	30	1
10	0.0009	-14	-24	0
11	0.0010	82	49	-41
12	0.0011	-78	-50	5
13	0.0012	14	47	120
14	0.0013	-96	3	39
15	0.0014	33	16	7
16	0.0015	-21	27	33
17	0.0016	-31	6	22
18	0.0017	0	49	83
19	0.0018	-66	33	113
20	0.0019	5	-36	39
21	0.0020	52	40	-31
22	0.0021	-4	14	15
23	0.0022	16	36	26
24	0.0023	-31	5	-40
25	0.0024	-17	-34	-70
26	0.0025	13	-11	-57
27	0.0026	0	-34	-29
28	0.0027	-2	37	96
29	0.0028	-50	20	88
30	0.0029	6	6	-10
31	0.0030	-42	14	48
32	0.0031	-45	-2	7
33	0.0032	46	-4	1
34	0.0033	103	19	-34
35	0.0034	-11	-36	2
36	0.0035	-6	56	14
37	0.0036	-23	30	-53
38	0.0037	-64	-33	44
39	0.0038	-71	-16	23
40	0.0039	32	19	92
41	0.0040	-44	49	73
42	0.0041	-23	-3	36
43	0.0042	-83	11	20
44	0.0043	-7	-20	48
45	0.0044	-49	14	15
46	0.0045	117	69	49
47	0.0046	-16	27	-57
48	0.0047	48	-67	20
49	0.0048	-61	-10	-16
50	0.0049	19	5	7
51	0.0050	-68	37	13
52	0.0051	-6	-23	19
53	0.0052	-37	27	88
54	0.0053	65	-2	87
55	0.0054	63	120	28
56	0.0055	36	-38	-21
57	0.0056	0	-78	-136
58	0.0057	83	0	-23
59	0.0058	-45	41	78
60	0.0059	26	100	99
61	0.0060	41	50	14
62	0.0061	-33	-45	78
63	0.0062	10	-11	-113
64	0.0063	40	-17	23
65	0.0064	-100	131	50
66	0.0065	66	-11	24
67	0.0066	-63	-62	-118
68	0.0067	78	-85	18
69	0.0068	-130	-15	54
70	0.0069	84	94	-14
71	0.0070	46	41	-81
72	0.0071	-33	-12	177
73	0.0072	-76	90	127
74	0.0073	-54	15	113
75	0.0074	-68	83	105
76	0.0075	-6	-16	44
77	0.0076	52	53	-37
78	0.0077	41	-8	23
79	0.0078	-64	-68	-23
80	0.0079	5	69	-19
81	0.0080	-44	47	112
82	0.0081	-21	-65	-21
83	0.0082	-3	-28	70
84	0.0083	41	-53	26
85	0.0084	-20	73	90
86	0.0085	56	30	75
87	0.0086	30	16	-29
88	0.0087	13	-3	16
89	0.0088	9	32	-6
90	0.0089	27	92	11
91	0.0090	-24	-23	15
92	0.0091	-37	27	-75
93	0.0092	53	18	50
94	0.0093	-72	56	187
95	0.0094	-29	69	69
96	0.0095	10	37	44
97	0.0096	-49	-48	-98
98	0.0097	96	-98	-32
99	0.0098	-68	-15	-36
100	0.0099	96	61	19

电流增量数据 [1000Hz, 10点]
采样序号	时间(s)	A相电流(INT)	B相电流(INT)	C相电流(INT)
1	0.000	755	2500	-498
2	0.001	545	1496	-682
3	0.002	875	910	-843
4	0.003	564	1135	-278
5	0.004	689	207	-382
6	0.005	165	766	-926
7	0.006	-8	-64	-939
8	0.007	-59	1762	-715
9	0.008	137	2218	-802
10	0.009	797	1105	-624
================================================================================

=== 采集时间: 2025-12-05 15:24:39 (增量周期: 10.0ms) ===
振动增量数据 [等效10000Hz, 100点]
时序序号	时间(s)	X振动(INT)	Y振动(INT)	Z振动(INT)
1	0.0000	74	-15	-2
2	0.0001	-3	-63	-81
3	0.0002	-11	-45	90
4	0.0003	-49	80	127
5	0.0004	-58	57	31
6	0.0005	90	10	24
7	0.0006	-28	-24	-77
8	0.0007	63	13	1
9	0.0008	-75	0	0
10	0.0009	58	60	33
11	0.0010	15	1	-16
12	0.0011	66	-33	-45
13	0.0012	-19	-65	-31
14	0.0013	-38	-36	-42
15	0.0014	-59	37	-67
16	0.0015	82	49	13
17	0.0016	-17	-11	130
18	0.0017	37	-15	134
19	0.0018	-38	69	-54
20	0.0019	16	-40	-100
21	0.0020	-47	9	-50
22	0.0021	-17	-96	-72
23	0.0022	56	69	-85
24	0.0023	-88	-92	65
25	0.0024	-42	37	54
26	0.0025	-38	16	44
27	0.0026	6	32	-27
28	0.0027	57	49	49
29	0.0028	-2	-58	43
30	0.0029	14	33	-83
31	0.0030	19	19	27
32	0.0031	-68	-48	22
33	0.0032	16	18	5
34	0.0033	9	-10	-40
35	0.0034	-31	7	63
36	0.0035	-6	54	-6
37	0.0036	37	-2	-123
38	0.0037	-28	23	56
39	0.0038	-14	-40	14
40	0.0039	-4	19	-17
41	0.0040	53	28	-21
42	0.0041	-38	-27	41
43	0.0042	-16	-40	61
44	0.0043	-33	45	23
45	0.0044	40	-8	48
46	0.0045	20	78	3
47	0.0046	-42	-37	88
48	0.0047	-42	36	11
49	0.0048	31	23	39
50	0.0049	-15	-41	-24
51	0.0050	107	22	-58
52	0.0051	-42	13	60
53	0.0052	-40	90	104
54	0.0053	-51	-8	-29
55	0.0054	-55	-98	-91
56	0.0055	53	31	-24
57	0.0056	-11	-6	43
58	0.0057	97	113	26
59	0.0058	-25	-50	13
60	0.0059	-81	-68	-16
61	0.0060	40	53	-67
62	0.0061	3	35	70
63	0.0062	-10	99	84
64	0.0063	-46	-12	40
65	0.0064	-44	-7	0
66	0.0065	-19	-49	26
67	0.0066	-27	-20	-83
68	0.0067	44	87	146
69	0.0068	-12	188	199
70	0.0069	53	19	7
71	0.0070	54	-92	-97
72	0.0071	-23	-108	-23
73	0.0072	-47	9	-40
74	0.0073	87	159	19
75	0.0074	19	48	92
76	0.0075	36	-15	22
77	0.0076	-23	-140	-136
78	0.0077	-41	-89	-106
79	0.0078	-31	80	-11
80	0.0079	-8	58	79
81	0.0080	1	50	16
82	0.0081	26	-85	80
83	0.0082	-131	44	113
84	0.0083	37	54	23
85	0.0084	0	71	41
86	0.0085	93	22	-50
87	0.0086	19	-24	3
88	0.0087	-58	70	87
89	0.0088	-29	-28	63
90	0.0089	-55	22	6
91	0.0090	20	-46	-24
92	0.0091	3	-33	-92
93	0.0092	27	5	-4
94	0.0093	-2	47	-46
95	0.0094	37	13	-7
96	0.0095	46	-11	-28
97	0.0096	-7	-54	26
98	0.0097	-17	86	121
99	0.0098	-15	172	146
100	0.0099	-16	5	-31

电流增量数据 [1000Hz, 10点]
采样序号	时间(s)	A相电流(INT)	B相电流(INT)	C相电流(INT)
1	0.000	-573	255	374
2	0.001	-641	1352	-44
3	0.002	-642	323	-244
4	0.003	-26	307	-578
5	0.004	395	356	-1134
6	0.005	238	2186	-777
7	0.006	1	546	888
8	0.007	-739	833	744
9	0.008	-939	2429	773
10	0.009	-729	194	602
================================================================================

=== 采集时间: 2025-12-05 15:24:39 (增量周期: 10.0ms) ===
振动增量数据 [等效10000Hz, 100点]
时序序号	时间(s)	X振动(INT)	Y振动(INT)	Z振动(INT)
1	0.0000	-58	-27	-57
2	0.0001	-19	35	32
3	0.0002	-23	75	54
4	0.0003	-12	-14	39
5	0.0004	3	-12	-44
6	0.0005	31	-40	-50
7	0.0006	-47	-23	-54
8	0.0007	6	62	120
9	0.0008	-45	27	54
10	0.0009	84	19	5
11	0.0010	-62	-44	79
12	0.0011	15	23	-7
13	0.0012	45	56	74
14	0.0013	-19	39	-16
15	0.0014	142	-6	15
16	0.0015	-4	13	3
17	0.0016	9	-25	-41
18	0.0017	-15	84	66
19	0.0018	-32	-11	20
20	0.0019	41	27	-49
21	0.0020	-21	20	75
22	0.0021	-38	-15	20
23	0.0022	-49	-20	-67
24	0.0023	15	13	-27
25	0.0024	14	16	73
26	0.0025	19	26	52
27	0.0026	0	-57	-2
28	0.0027	14	33	31
29	0.0028	-62	-11	18
30	0.0029	120	116	-44
31	0.0030	-63	30	110
32	0.0031	-2	35	142
33	0.0032	-74	-2	-53
34	0.0033	-40	-19	23
35	0.0034	-79	28	6
36	0.0035	-24	-63	26
37	0.0036	-16	40	-31
38	0.0037	49	-55	27
39	0.0038	-41	-7	-45
40	0.0039	39	-57	-41
41	0.0040	-44	1	-45
42	0.0041	121	16	84
43	0.0042	7	36	66
44	0.0043	104	64	95
45	0.0044	-23	43	31
46	0.0045	-27	-11	-27
47	0.0046	0	-8	-110
48	0.0047	1	-7	-16
49	0.0048	-29	19	-10
50	0.0049	-10	11	69
51	0.0050	-51	5	14
52	0.0051	-7	-62	-28
53	0.0052	-24	18	24
54	0.0053	33	3	6
55	0.0054	-11	-3	-104
56	0.0055	78	19	83
57	0.0056	-85	-25	-20
58	0.0057	109	-19	-36
59	0.0058	36	33	10
60	0.0059	-2	-16	44
61	0.0060	75	27	-38
62	0.0061	-37	37	36
63	0.0062	-6	-10	60
64	0.0063	26	-37	-92
65	0.0064	-40	-117	-110
66	0.0065	-17	87	66
67	0.0066	19	163	127
68	0.0067	80	62	-11
69	0.0068	-98	-189	11
70	0.0069	-38	-53	-100
71	0.0070	26	97	-42
72	0.0071	-27	90	76
73	0.0072	-4	37	142
74	0.0073	32	-27	6
75	0.0074	-23	-58	-36
76	0.0075	3	-32	36
77	0.0076	69	150	15
78	0.0077	58	44	-17
79	0.0078	15	-55	69
80	0.0079	-63	-92	-83
81	0.0080	-45	18	18
82	0.0081	-72	92	56
83	0.0082	27	-20	-33
84	0.0083	-29	35	63
85	0.0084	-58	-8	48
86	0.0085	-62	27	-16
87	0.0086	-61	-12	-8
88	0.0087	36	62	27
89	0.0088	82	5	6
90	0.0089	-7	-72	-111
91	0.0090	36	30	-70
92	0.0091	-79	0	-20
93	0.0092	-41	33	86
94	0.0093	58	27	73
95	0.0094	-38	-12	-3
96	0.0095	41	-2	24
97	0.0096	-29	6	-2
98	0.0097	56	30	-29
99	0.0098	53	-6	-55
100	0.0099	23	-68	-29

电流增量数据 [1000Hz, 10点]
采样序号	时间(s)	A相电流(INT)	B相电流(INT)	C相电流(INT)
1	0.000	-403	329	669
2	0.001	-571	-2071	552
3	0.002	-700	554	623
4	0.003	-883	-4	892
5	0.004	-756	1391	165
6	0.005	-577	212	-74
7	0.006	896	-1595	153
8	0.007	371	-1127	312
9	0.008	518	-489	217
10	0.009	95	1905	415
================================================================================

=== 采集时间: 2025-12-05 15:24:39 (增量周期: 10.0ms) ===
振动增量数据 [等效10000Hz, 100点]
时序序号	时间(s)	X振动(INT)	Y振动(INT)	Z振动(INT)
1	0.0000	49	37	-17
2	0.0001	-42	27	-34
3	0.0002	-4	13	73
4	0.0003	-50	20	-11
5	0.0004	28	-16	18
6	0.0005	19	56	-33
7	0.0006	61	-78	-36
8	0.0007	32	35	52
9	0.0008	13	6	44
10	0.0009	-58	10	9
11	0.0010	107	54	31
12	0.0011	-36	-37	-41
13	0.0012	79	-42	13
14	0.0013	-27	3	-59
15	0.0014	-14	-54	-126
16	0.0015	-46	58	49
17	0.0016	-102	-11	70
18	0.0017	-27	-2	-29
19	0.0018	33	48	41
20	0.0019	-71	-51	5
21	0.0020	57	50	-54
22	0.0021	-8	11	-50
23	0.0022	-10	-10	109
24	0.0023	-36	50	95
25	0.0024	43	-14	39
26	0.0025	-57	73	70
27	0.0026	35	-41	-42
28	0.0027	19	58	-20
29	0.0028	-21	19	37
30	0.0029	16	18	-25
31	0.0030	-51	41	97
32	0.0031	-49	-19	65
33	0.0032	-50	14	63
34	0.0033	31	-40	-25
35	0.0034	2	-25	-3
36	0.0035	75	37	31
37	0.0036	44	60	-6
38	0.0037	43	28	18
39	0.0038	-34	-50	-21
40	0.0039	15	-88	-158
41	0.0040	-4	39	30
42	0.0041	-88	96	159
43	0.0042	-6	108	96
44	0.0043	9	50	11
45	0.0044	-47	-117	23
46	0.0045	-25	14	-33
47	0.0046	67	64	0
48	0.0047	-11	77	100
49	0.0048	-8	-53	7
50	0.0049	-4	-63	-62
51	0.0050	2	19	1
52	0.0051	2	-2	-16
53	0.0052	-7	22	73
54	0.0053	-28	-11	-67
55	0.0054	-33	-23	-31
56	0.0055	-54	65	37
57	0.0056	-49	10	67
58	0.0057	-27	69	117
59	0.0058	33	19	-3
60	0.0059	33	-48	-58
61	0.0060	-31	20	104
62	0.0061	61	22	-67
63	0.0062	11	-49	-25
64	0.0063	-54	31	97
65	0.0064	92	90	23
66	0.0065	2	13	99
67	0.0066	70	-21	100
68	0.0067	-92	-40	74
69	0.0068	-63	33	23
70	0.0069	-36	7	-44
71	0.0070	11	10	-83
72	0.0071	37	23	-29
73	0.0072	-29	5	131
74	0.0073	-49	28	41
75	0.0074	11	-17	-38
76	0.0075	26	65	-54
77	0.0076	109	11	-41
78	0.0077	105	73	-7
79	0.0078	46	19	100
80	0.0079	0	-12	-41
81	0.0080	67	33	-28
82	0.0081	-83	-29	83
83	0.0082	5	60	-6
84	0.0083	-4	7	-15
85	0.0084	-94	3	5
86	0.0085	9	-37	-40
87	0.0086	62	33	-36
88	0.0087	-58	1	123
89	0.0088	-44	-48	83
90	0.0089	-4	62	-122
91	0.0090	15	-65	18
92	0.0091	-58	31	63
93	0.0092	174	-53	-118
94	0.0093	10	-2	-33
95	0.0094	14	-44	67
96	0.0095	-12	3	-127
97	0.0096	40	65	-12
98	0.0097	-89	-11	3
99	0.0098	10	-37	18
100	0.0099	30	65	-91

电流增量数据 [1000Hz, 10点]
采样序号	时间(s)	A相电流(INT)	B相电流(INT)	C相电流(INT)
1	0.000	-1016	-585	366
2	0.001	-756	3826	394
3	0.002	-614	671	379
4	0.003	-723	1915	-118
5	0.004	-819	1155	-220
6	0.005	-283	1814	-463
7	0.006	-571	-911	1514
8	0.007	-724	583	671
9	0.008	-675	1104	842
10	0.009	-436	1429	461
================================================================================

=== 采集时间: 2025-12-05 15:24:40 (增量周期: 10.0ms) ===
振动增量数据 [等效10000Hz, 100点]
时序序号	时间(s)	X振动(INT)	Y振动(INT)	Z振动(INT)
1	0.0000	-17	-33	-37
2	0.0001	10	-42	-83
3	0.0002	-12	41	78
4	0.0003	-75	156	210
5	0.0004	32	6	76
6	0.0005	-23	-17	2
7	0.0006	88	-91	-55
8	0.0007	19	100	2
9	0.0008	54	-37	-44
10	0.0009	36	88	16
11	0.0010	26	-70	-11
12	0.0011	14	-59	-111
13	0.0012	-2	5	-33
14	0.0013	-54	53	33
15	0.0014	-33	73	-34
16	0.0015	-23	-42	63
17	0.0016	-81	-29	-55
18	0.0017	61	24	39
19	0.0018	-19	71	130
20	0.0019	69	31	36
21	0.0020	92	2	-83
22	0.0021	33	-36	-68
23	0.0022	-16	-38	-12
24	0.0023	-10	36	20
25	0.0024	-11	22	26
26	0.0025	-32	-14	20
27	0.0026	-66	-42	41
28	0.0027	-66	44	36
29	0.0028	-63	43	136
30	0.0029	-3	19	-110
31	0.0030	14	-17	48
32	0.0031	-34	-12	36
33	0.0032	35	1	-2
34	0.0033	49	32	5
35	0.0034	-10	-15	61
36	0.0035	41	24	45
37	0.0036	57	-23	-17
38	0.0037	10	14	50
39	0.0038	43	27	-10
40	0.0039	60	40	-144
41	0.0040	22	5	-77
42	0.0041	-21	-7	-14
43	0.0042	-45	-3	-29
44	0.0043	-53	19	-7
45	0.0044	-92	37	79
46	0.0045	48	50	88
47	0.0046	-58	-24	39
48	0.0047	43	-19	3
49	0.0048	-10	-12	-57
50	0.0049	44	-46	-41
51	0.0050	3	1	15
52	0.0051	56	16	-16
53	0.0052	-58	37	53
54	0.0053	-58	2	73
55	0.0054	-87	18	-2
56	0.0055	-31	66	122
57	0.0056	-81	44	44
58	0.0057	-2	-4	83
59	0.0058	6	7	-23
60	0.0059	-7	-42	9
61	0.0060	93	-12	-33
62	0.0061	28	20	-29
63	0.0062	40	5	-53
64	0.0063	113	35	28
65	0.0064	-71	49	11
66	0.0065	11	16	45
67	0.0066	-118	73	-16
68	0.0067	-97	-36	31
69	0.0068	-57	79	90
70	0.0069	-41	-23	31
71	0.0070	2	-8	-8
72	0.0071	-2	3	10
73	0.0072	-75	-34	11
74	0.0073	104	41	-38
75	0.0074	44	-55	-62
76	0.0075	54	-10	2
77	0.0076	56	32	-4
78	0.0077	-8	14	57
79	0.0078	2	-2	37
80	0.0079	-55	15	10
81	0.0080	-34	-8	90
82	0.0081	-131	58	16
83	0.0082	9	-12	-37
84	0.0083	-27	-12	-54
85	0.0084	-25	-46	63
86	0.0085	7	74	95
87	0.0086	22	65	18
88	0.0087	-7	-27	-45
89	0.0088	75	-110	-46
90	0.0089	-3	5	-134
91	0.0090	20	23	63
92	0.0091	31	152	123
93	0.0092	-6	-41	2
94	0.0093	36	-71	-45
95	0.0094	-75	-65	-96
96	0.0095	26	35	2
97	0.0096	-81	208	172
98	0.0097	-19	11	168
99	0.0098	1	-19	-34
100	0.0099	-32	-115	-32

电流增量数据 [1000Hz, 10点]
采样序号	时间(s)	A相电流(INT)	B相电流(INT)	C相电流(INT)
1	0.000	291	1839	-1198
2	0.001	14	2145	-828
3	0.002	302	1321	-951
4	0.003	663	549	-922
5	0.004	168	-289	-559
6	0.005	428	1493	-707
7	0.006	-653	2712	85
8	0.007	-553	2455	-568
9	0.008	-83	-1628	-891
10	0.009	-417	594	-220
================================================================================

=== 采集时间: 2025-12-05 15:24:40 (增量周期: 10.0ms) ===
振动增量数据 [等效10000Hz, 100点]
时序序号	时间(s)	X振动(INT)	Y振动(INT)	Z振动(INT)
1	0.0000	-89	47	6
2	0.0001	73	28	1
3	0.0002	-24	0	52
4	0.0003	-7	-59	-2
5	0.0004	13	14	-84
6	0.0005	-44	-29	43
7	0.0006	39	30	-66
8	0.0007	50	-72	-105
9	0.0008	30	13	-51
10	0.0009	0	-70	11
11	0.0010	-27	61	20
12	0.0011	58	14	-4
13	0.0012	-64	9	49
14	0.0013	93	20	-29
15	0.0014	-70	-15	-7
16	0.0015	44	36	60
17	0.0016	-45	23	-34
18	0.0017	19	-2	46
19	0.0018	-85	-12	-36
20	0.0019	7	-50	-79
21	0.0020	-31	71	-16
22	0.0021	32	-55	96
23	0.0022	23	11	-36
24	0.0023	78	-42	-19
25	0.0024	-58	80	82
26	0.0025	-58	-59	49
27	0.0026	-17	67	-67
28	0.0027	-28	-59	5
29	0.0028	-12	40	19
30	0.0029	-4	-4	1
31	0.0030	-38	26	36
32	0.0031	-40	-3	0
33	0.0032	-36	-50	-23
34	0.0033	-70	-3	69
35	0.0034	-19	56	56
36	0.0035	-63	-16	-27
37	0.0036	67	10	-28
38	0.0037	-94	-42	116
39	0.0038	88	32	26
40	0.0039	49	-4	-122
41	0.0040	27	-41	92
42	0.0041	-47	6	-41
43	0.0042	74	35	-14
44	0.0043	-11	82	-4
45	0.0044	31	-15	44
46	0.0045	13	-36	-66
47	0.0046	71	-59	-36
48	0.0047	-61	23	16
49	0.0048	10	154	66
50	0.0049	-20	71	50
51	0.0050	-31	107	88
52	0.0051	-50	113	156
53	0.0052	-3	31	-23
54	0.0053	-91	-189	-24
55	0.0054	-61	1	30
56	0.0055	-33	62	45
57	0.0056	83	167	166
58	0.0057	-24	16	69
59	0.0058	33	-110	-70
60	0.0059	-46	-49	-105
61	0.0060	36	-12	-101
62	0.0061	50	130	57
63	0.0062	-42	24	182
64	0.0063	43	-25	-17
65	0.0064	37	-54	-68
66	0.0065	-80	52	57
67	0.0066	14	-19	-109
68	0.0067	70	90	5
69	0.0068	-28	-8	61
70	0.0069	-27	-6	-21
71	0.0070	-38	-57	-21
72	0.0071	-72	19	73
73	0.0072	-10	78	84
74	0.0073	67	92	61
75	0.0074	-62	-3	41
76	0.0075	-47	-58	7
77	0.0076	-40	-23	-62
78	0.0077	24	30	126
79	0.0078	57	49	-37
80	0.0079	87	7	45
81	0.0080	-80	-27	5
82	0.0081	-10	-59	-74
83	0.0082	49	69	33
84	0.0083	58	-33	14
85	0.0084	96	-34	-75
86	0.0085	37	58	30
87	0.0086	-91	-6	-2
88	0.0087	-3	19	16
89	0.0088	-71	-20	22
90	0.0089	7	14	40
91	0.0090	0	24	84
92	0.0091	-66	-53	-8
93	0.0092	-8	5	-2
94	0.0093	-23	10	-51
95	0.0094	65	14	-7
96	0.0095	-32	-16	33
97	0.0096	88	-15	-88
98	0.0097	-11	2	-3
99	0.0098	-21	16	75
100	0.0099	-11	83	14

电流增量数据 [1000Hz, 10点]
采样序号	时间(s)	A相电流(INT)	B相电流(INT)	C相电流(INT)
1	0.000	-238	48	603
2	0.001	-1272	660	867
3	0.002	-760	1407	539
4	0.003	-1165	302	175
5	0.004	-699	217	87
6	0.005	622	-1040	124
7	0.006	555	1232	353
8	0.007	1020	563	66
9	0.008	-58	563	662
10	0.009	-199	1279	968
================================================================================

=== 采集时间: 2025-12-05 15:24:40 (增量周期: 10.0ms) ===
振动增量数据 [等效10000Hz, 100点]
时序序号	时间(s)	X振动(INT)	Y振动(INT)	Z振动(INT)
1	0.0000	24	86	-4
2	0.0001	-14	-29	91
3	0.0002	65	50	11
4	0.0003	35	7	126
5	0.0004	-55	-15	79
6	0.0005	43	77	7
7	0.0006	-2	27	-37
8	0.0007	50	27	-25
9	0.0008	-12	-23	-19
10	0.0009	54	-12	-31
11	0.0010	2	39	-36
12	0.0011	-17	-40	-3
13	0.0012	-50	35	0
14	0.0013	-8	-76	36
15	0.0014	-17	37	20
16	0.0015	27	0	54
17	0.0016	-19	65	-27
18	0.0017	26	-34	5
19	0.0018	-66	-15	13
20	0.0019	90	75	62
21	0.0020	-24	53	70
22	0.0021	10	41	70
23	0.0022	-59	-40	10
24	0.0023	-58	-8	-37
25	0.0024	-29	-41	-61
26	0.0025	-34	-2	70
27	0.0026	-45	52	-72
28	0.0027	-21	1	62
29	0.0028	-81	14	65
30	0.0029	-19	-55	3
31	0.0030	56	82	-4
32	0.0031	-25	-21	48
33	0.0032	6	13	-17
34	0.0033	49	71	-28
35	0.0034	-14	35	27
36	0.0035	-11	37	87
37	0.0036	-14	-6	57
38	0.0037	-29	-32	54
39	0.0038	-40	-8	19
40	0.0039	-7	-51	-55
41	0.0040	45	126	57
42	0.0041	-41	61	127
43	0.0042	129	64	67
44	0.0043	-105	-132	13
45	0.0044	-16	-121	-164
46	0.0045	2	80	-182
47	0.0046	31	-15	50
48	0.0047	-41	171	263
49	0.0048	6	-44	54
50	0.0049	71	22	-29
51	0.0050	-111	-102	-25
52	0.0051	74	35	-58
53	0.0052	3	168	-31
54	0.0053	103	-87	9
55	0.0054	-91	-88	-84
56	0.0055	35	-28	93
57	0.0056	-114	100	-10
58	0.0057	109	-8	-29
59	0.0058	-2	20	-100
60	0.0059	43	-71	-17
61	0.0060	-32	37	73
62	0.0061	31	-24	-64
63	0.0062	45	-21	11
64	0.0063	-76	73	133
65	0.0064	16	79	27
66	0.0065	-29	18	76
67	0.0066	-21	-119	-55
68	0.0067	49	-50	-81
69	0.0068	-28	9	-15
70	0.0069	52	77	-27
71	0.0070	39	103	52
72	0.0071	7	-23	49
73	0.0072	-31	-92	-64
74	0.0073	35	2	-46
75	0.0074	-83	56	-12
76	0.0075	20	65	80
77	0.0076	-34	10	40
78	0.0077	-58	-65	65
79	0.0078	11	27	20
80	0.0079	22	-3	6
81	0.0080	-4	70	31
82	0.0081	16	3	26
83	0.0082	2	1	-66
84	0.0083	31	27	99
85	0.0084	-92	-3	19
86	0.0085	91	32	-45
87	0.0086	-58	-25	-36
88	0.0087	-28	-67	78
89	0.0088	5	92	-15
90	0.0089	56	30	-64
91	0.0090	35	-8	13
92	0.0091	14	-66	0
93	0.0092	-27	-24	40
94	0.0093	24	94	44
95	0.0094	-24	-3	-77
96	0.0095	37	128	100
97	0.0096	-62	-46	43
98	0.0097	71	-48	-93
99	0.0098	-15	-54	-50
100	0.0099	-68	15	16

电流增量数据 [1000Hz, 10点]
采样序号	时间(s)	A相电流(INT)	B相电流(INT)	C相电流(INT)
1	0.000	-312	1932	-357
2	0.001	361	1666	-609
3	0.002	-26	1276	-634
4	0.003	13	-1071	-959
5	0.004	464	1060	-1089
6	0.005	554	-1783	-616
7	0.006	-732	934	403
8	0.007	-839	799	120
9	0.008	-478	1523	-195
10	0.009	-561	119	-140
================================================================================

=== 采集时间: 2025-12-05 15:24:41 (增量周期: 10.0ms) ===
振动增量数据 [等效10000Hz, 100点]
时序序号	时间(s)	X振动(INT)	Y振动(INT)	Z振动(INT)
1	0.0000	-149	-20	56
2	0.0001	3	28	80
3	0.0002	23	112	-7
4	0.0003	19	-28	74
5	0.0004	22	2	-17
6	0.0005	73	-53	-25
7	0.0006	2	2	-62
8	0.0007	-25	-15	101
9	0.0008	-57	88	54
10	0.0009	23	-2	-32
11	0.0010	24	26	33
12	0.0011	-110	-96	53
13	0.0012	14	117	37
14	0.0013	33	-11	-6
15	0.0014	22	-45	-46
16	0.0015	18	18	-10
17	0.0016	-61	-8	33
18	0.0017	26	96	-8
19	0.0018	52	-27	75
20	0.0019	-15	64	125
21	0.0020	80	-24	54
22	0.0021	-29	27	-76
23	0.0022	-28	58	82
24	0.0023	-24	10	-21
25	0.0024	50	37	-6
26	0.0025	26	-6	66
27	0.0026	-59	-21	83
28	0.0027	14	104	-8
29	0.0028	-33	-23	27
30	0.0029	-16	9	-79
31	0.0030	-21	-79	-6
32	0.0031	-84	-29	-23
33	0.0032	-2	40	-27
34	0.0033	-29	-41	-63
35	0.0034	31	10	18
36	0.0035	13	14	56
37	0.0036	-46	26	-20
38	0.0037	37	62	92
39	0.0038	-126	-70	14
40	0.0039	121	7	-15
41	0.0040	32	-41	-88
42	0.0041	117	-65	-96
43	0.0042	5	144	75
44	0.0043	-88	43	166
45	0.0044	22	49	-72
46	0.0045	2	-132	-134
47	0.0046	-85	-50	7
48	0.0047	-47	35	117
49	0.0048	-27	86	60
50	0.0049	57	77	90
51	0.0050	36	-36	-80
52	0.0051	-64	47	-25
53	0.0052	-19	109	33
54	0.0053	11	61	49
55	0.0054	-68	-63	60
56	0.0055	-16	-44	6
57	0.0056	-41	27	-27
58	0.0057	30	44	10
59	0.0058	80	49	-24
60	0.0059	27	-32	-79
61	0.0060	146	10	-14
62	0.0061	-123	32	-3
63	0.0062	26	-15	86
64	0.0063	-58	40	-46
65	0.0064	52	-123	10
66	0.0065	-59	40	0
67	0.0066	16	27	91
68	0.0067	-110	82	110
69	0.0068	-4	18	37
70	0.0069	-40	-40	1
71	0.0070	11	-40	-17
72	0.0071	-10	27	-98
73	0.0072	88	83	2
74	0.0073	30	78	63
75	0.0074	63	-19	54
76	0.0075	11	20	-12
77	0.0076	15	3	73
78	0.0077	-40	48	-67
79	0.0078	30	0	-42
80	0.0079	-54	40	43
81	0.0080	-55	-80	-24
82	0.0081	27	44	-31
83	0.0082	-36	-37	32
84	0.0083	-32	23	40
85	0.0084	-58	16	86
86	0.0085	-44	9	40
87	0.0086	20	27	61
88	0.0087	40	11	-28
89	0.0088	7	-41	43
90	0.0089	18	57	-57
91	0.0090	31	6	3
92	0.0091	-8	10	-19
93	0.0092	2	-57	18
94	0.0093	-44	44	67
95	0.0094	52	-4	-37
96	0.0095	-6	18	-72
97	0.0096	54	14	62
98	0.0097	-42	61	19
99	0.0098	9	-54	-104
100	0.0099	56	-20	-132

电流增量数据 [1000Hz, 10点]
采样序号	时间(s)	A相电流(INT)	B相电流(INT)	C相电流(INT)
1	0.000	1200	-76	-1406
2	0.001	285	617	-614
3	0.002	541	1387	-599
4	0.003	829	1450	-885
5	0.004	895	1621	-905
6	0.005	-693	-1796	-19
7	0.006	-736	1167	6
8	0.007	-245	-397	-761
9	0.008	66	1459	-913
10	0.009	120	667	-676
================================================================================

=== 采集时间: 2025-12-05 15:24:41 (增量周期: 10.0ms) ===
振动增量数据 [等效10000Hz, 100点]
时序序号	时间(s)	X振动(INT)	Y振动(INT)	Z振动(INT)
1	0.0000	-50	9	151
2	0.0001	-32	10	-46
3	0.0002	5	-95	-49
4	0.0003	-57	40	104
5	0.0004	-58	5	105
6	0.0005	57	88	-50
7	0.0006	-34	-4	70
8	0.0007	-58	-23	122
9	0.0008	5	87	-63
10	0.0009	63	-12	-25
11	0.0010	-49	-6	-12
12	0.0011	54	-27	-29
13	0.0012	-54	44	-19
14	0.0013	0	16	135
15	0.0014	-143	74	183
16	0.0015	13	44	93
17	0.0016	-71	-20	-14
18	0.0017	3	-19	46
19	0.0018	-2	31	-54
20	0.0019	104	30	-61
21	0.0020	50	-6	88
22	0.0021	-17	-28	-19
23	0.0022	44	103	40
24	0.0023	-70	33	100
25	0.0024	-34	-85	-83
26	0.0025	46	0	-72
27	0.0026	-58	-11	79
28	0.0027	1	94	138
29	0.0028	-21	48	76
30	0.0029	-23	27	52
31	0.0030	-75	-91	-36
32	0.0031	62	23	-132
33	0.0032	-12	52	10
34	0.0033	86	70	57
35	0.0034	-49	-17	-17
36	0.0035	97	-4	16
37	0.0036	-114	30	65
38	0.0037	22	-25	83
39	0.0038	-42	40	-152
40	0.0039	96	-112	-119
41	0.0040	75	-84	1
42	0.0041	-113	-25	-63
43	0.0042	-4	-57	20
44	0.0043	-16	120	-64
45	0.0044	56	-36	69
46	0.0045	-23	13	-4
47	0.0046	27	-36	-24
48	0.0047	-79	64	134
49	0.0048	-27	57	65
50	0.0049	35	-50	-87
51	0.0050	36	-38	-127
52	0.0051	-6	-98	-11
53	0.0052	26	159	10
54	0.0053	-10	67	133
55	0.0054	-4	49	74
56	0.0055	19	-79	-57
57	0.0056	-47	-140	-77
58	0.0057	11	97	28
59	0.0058	6	31	62
60	0.0059	13	71	31
61	0.0060	48	-91	-3
62	0.0061	-81	-63	-7
63	0.0062	-11	61	20
64	0.0063	32	67	-14
65	0.0064	2	3	18
66	0.0065	97	70	-25
67	0.0066	-40	-45	61
68	0.0067	-6	103	90
69	0.0068	-143	-41	31
70	0.0069	97	65	-80
71	0.0070	-57	-48	-42
72	0.0071	-8	-84	-4
73	0.0072	35	172	-6
74	0.0073	-38	-72	96
75	0.0074	-2	39	-7
76	0.0075	23	-93	-6
77	0.0076	-58	65	32
78	0.0077	-19	24	32
79	0.0078	41	62	-47
80	0.0079	43	-16	10
81	0.0080	-23	-24	79
82	0.0081	-27	-55	-34
83	0.0082	-45	60	-15
84	0.0083	-44	22	-47
85	0.0084	27	-29	30
86	0.0085	24	33	23
87	0.0086	61	-29	6
88	0.0087	-42	14	23
89	0.0088	40	-4	-41
90	0.0089	-92	-33	-29
91	0.0090	22	19	10
92	0.0091	-45	6	-67
93	0.0092	16	-11	103
94	0.0093	-2	57	31
95	0.0094	45	-33	-3
96	0.0095	27	90	39
97	0.0096	22	-46	-4
98	0.0097	18	45	-105
99	0.0098	44	11	-33
100	0.0099	9	-21	-25

电流增量数据 [1000Hz, 10点]
采样序号	时间(s)	A相电流(INT)	B相电流(INT)	C相电流(INT)
1	0.000	721	1006	-148
2	0.001	1071	-890	229
3	0.002	649	-285	-327
4	0.003	748	-1487	-19
5	0.004	30	1725	-370
6	0.005	-73	2177	-581
7	0.006	24	2303	-900
8	0.007	174	-1844	-851
9	0.008	393	237	-501
10	0.009	419	-262	-559
================================================================================

=== 采集时间: 2025-12-05 15:24:41 (增量周期: 10.0ms) ===
振动增量数据 [等效10000Hz, 100点]
时序序号	时间(s)	X振动(INT)	Y振动(INT)	Z振动(INT)
1	0.0000	49	-6	0
2	0.0001	-46	-76	-115
3	0.0002	65	26	61
4	0.0003	-67	-3	-58
5	0.0004	114	-33	-37
6	0.0005	-149	-24	13
7	0.0006	-37	-62	75
8	0.0007	-31	48	-33
9	0.0008	33	28	152
10	0.0009	-27	60	-15
11	0.0010	82	-10	-27
12	0.0011	-55	65	37
13	0.0012	2	-7	62
14	0.0013	-6	43	-77
15	0.0014	121	-37	-63
16	0.0015	-123	-62	70
17	0.0016	82	82	80
18	0.0017	-8	122	52
19	0.0018	3	-109	-83
20	0.0019	20	-145	-207
21	0.0020	44	-65	-110
22	0.0021	1	44	32
23	0.0022	26	235	206
24	0.0023	-14	31	86
25	0.0024	-25	-113	-67
26	0.0025	-31	-110	-89
27	0.0026	32	40	-31
28	0.0027	-2	192	69
29	0.0028	0	58	191
30	0.0029	-76	-17	20
31	0.0030	13	-151	-62
32	0.0031	-67	43	22
33	0.0032	79	101	37
34	0.0033	-33	22	52
35	0.0034	80	-34	-67
36	0.0035	-71	-19	-15
37	0.0036	-41	31	183
38	0.0037	-87	99	69
39	0.0038	148	9	-45
40	0.0039	13	-36	-79
41	0.0040	3	-63	-19
42	0.0041	-31	58	-81
43	0.0042	19	48	73
44	0.0043	-54	10	41
45	0.0044	122	-45	-6
46	0.0045	-64	10	-10
47	0.0046	16	-37	-46
48	0.0047	-17	92	-68
49	0.0048	53	-6	-23
50	0.0049	-36	-38	54
51	0.0050	2	-24	66
52	0.0051	-78	35	52
53	0.0052	-11	44	75
54	0.0053	33	73	-81
55	0.0054	50	-40	-14
56	0.0055	-8	-2	19
57	0.0056	-51	-49	26
58	0.0057	-59	79	70
59	0.0058	33	58	15
60	0.0059	-8	13	86
61	0.0060	44	-32	-20
62	0.0061	-21	22	9
63	0.0062	6	14	43
64	0.0063	5	47	91
65	0.0064	-34	-20	-29
66	0.0065	19	20	14
67	0.0066	-36	27	23
68	0.0067	-6	-15	-11
69	0.0068	30	96	-29
70	0.0069	0	-65	39
71	0.0070	0	43	24
72	0.0071	-20	-31	44
73	0.0072	-17	78	48
74	0.0073	40	-29	-46
75	0.0074	-2	-59	-71
76	0.0075	54	79	96
77	0.0076	0	28	36
78	0.0077	70	18	11
79	0.0078	16	-20	46
80	0.0079	-54	-65	-23
81	0.0080	97	83	-24
82	0.0081	-66	5	-47
83	0.0082	33	43	75
84	0.0083	-38	-44	-45
85	0.0084	3	-83	-59
86	0.0085	-16	54	63
87	0.0086	-94	44	160
88	0.0087	-58	69	-51
89	0.0088	11	-21	-24
90	0.0089	-37	-44	28
91	0.0090	14	-55	-28
92	0.0091	32	48	-4
93	0.0092	-10	57	23
94	0.0093	60	60	6
95	0.0094	-21	-55	-51
96	0.0095	20	10	49
97	0.0096	-37	54	74
98	0.0097	-37	16	79
99	0.0098	30	-37	-66
100	0.0099	-24	-155	-124

电流增量数据 [1000Hz, 10点]
采样序号	时间(s)	A相电流(INT)	B相电流(INT)	C相电流(INT)
1	0.000	-721	24	614
2	0.001	-1300	2722	869
3	0.002	-761	2563	495
4	0.003	-792	1931	-284
5	0.004	-689	3258	194
6	0.005	-693	1449	-187
7	0.006	126	28	-2
8	0.007	7	-1264	642
9	0.008	-287	256	1035
10	0.009	-258	1140	832
================================================================================

=== 采集时间: 2025-12-05 15:24:42 (增量周期: 10.0ms) ===
振动增量数据 [等效10000Hz, 100点]
时序序号	时间(s)	X振动(INT)	Y振动(INT)	Z振动(INT)
1	0.0000	54	-34	84
2	0.0001	-7	-14	-50
3	0.0002	71	48	-29
4	0.0003	-40	-41	-7
5	0.0004	2	13	28
6	0.0005	19	65	-29
7	0.0006	-64	-3	148
8	0.0007	-110	19	70
9	0.0008	37	-12	-6
10	0.0009	-49	69	-16
11	0.0010	-15	7	84
12	0.0011	35	66	-105
13	0.0012	-17	-172	-28
14	0.0013	-24	-19	-38
15	0.0014	93	-12	14
16	0.0015	13	129	60
17	0.0016	9	-63	44
18	0.0017	-55	9	-47
19	0.0018	69	-20	-45
20	0.0019	-110	31	110
21	0.0020	11	84	93
22	0.0021	-19	79	35
23	0.0022	-94	-63	54
24	0.0023	10	-21	-107
25	0.0024	19	2	-68
26	0.0025	1	14	-63
27	0.0026	84	-51	-127
28	0.0027	57	-4	-63
29	0.0028	-6	-72	37
30	0.0029	-58	41	73
31	0.0030	60	27	-42
32	0.0031	-16	-12	10
33	0.0032	-46	-6	120
34	0.0033	-54	-3	-53
35	0.0034	10	27	-74
36	0.0035	-17	-79	-14
37	0.0036	28	44	97
38	0.0037	27	139	100
39	0.0038	40	50	91
40	0.0039	-42	-32	-87
41	0.0040	78	-87	-88
42	0.0041	-25	65	27
43	0.0042	92	48	74
44	0.0043	61	43	-29
45	0.0044	-50	-27	96
46	0.0045	3	-42	-187
47	0.0046	9	-57	11
48	0.0047	-11	122	113
49	0.0048	65	47	26
50	0.0049	-3	82	-40
51	0.0050	-16	-57	-34
52	0.0051	-20	-37	-47
53	0.0052	-55	23	-57
54	0.0053	66	88	-32
55	0.0054	10	-53	-36
56	0.0055	36	-55	63
57	0.0056	-31	-20	36
58	0.0057	27	16	-14
59	0.0058	37	75	-66
60	0.0059	9	-36	-66
61	0.0060	48	1	-55
62	0.0061	10	48	39
63	0.0062	-72	7	62
64	0.0063	24	61	20
65	0.0064	-61	-59	-91
66	0.0065	-2	-36	11
67	0.0066	-37	3	14
68	0.0067	1	92	123
69	0.0068	-6	61	84
70	0.0069	-14	-68	18
71	0.0070	23	-49	-49
72	0.0071	20	2	-33
73	0.0072	14	92	40
74	0.0073	46	26	-17
75	0.0074	-25	-36	-19
76	0.0075	-47	-15	103
77	0.0076	-33	3	-50
78	0.0077	41	20	-51
79	0.0078	-46	13	15
80	0.0079	54	-45	-136
81	0.0080	-19	-25	6
82	0.0081	23	33	123
83	0.0082	-34	31	109
84	0.0083	92	79	5
85	0.0084	1	-48	-67
86	0.0085	-28	-72	2
87	0.0086	35	66	-8
88	0.0087	-89	2	60
89	0.0088	108	-2	-2
90	0.0089	-59	-80	33
91	0.0090	0	44	57
92	0.0091	-44	92	-40
93	0.0092	-34	22	-32
94	0.0093	-12	13	60
95	0.0094	-29	-54	14
96	0.0095	133	19	-46
97	0.0096	-20	35	96
98	0.0097	19	23	7
99	0.0098	77	48	-75
100	0.0099	40	-42	-44

电流增量数据 [1000Hz, 10点]
采样序号	时间(s)	A相电流(INT)	B相电流(INT)	C相电流(INT)
1	0.000	-460	764	-332
2	0.001	-273	-1183	-133
3	0.002	-233	1163	-549
4	0.003	136	-1043	-1008
5	0.004	588	1575	-1256
6	0.005	-864	485	747
7	0.006	-1071	1696	596
8	0.007	-694	310	75
9	0.008	-648	395	142
10	0.009	-607	731	-121
================================================================================

=== 采集时间: 2025-12-05 15:24:42 (增量周期: 10.0ms) ===
振动增量数据 [等效10000Hz, 100点]
时序序号	时间(s)	X振动(INT)	Y振动(INT)	Z振动(INT)
1	0.0000	14	52	-74
2	0.0001	-8	-34	112
3	0.0002	-78	-10	-15
4	0.0003	50	-21	-50
5	0.0004	-41	35	-57
6	0.0005	74	-20	19
7	0.0006	93	41	-33
8	0.0007	37	-42	97
9	0.0008	23	62	1
10	0.0009	50	-4	20
11	0.0010	-36	47	0
12	0.0011	-63	-3	106
13	0.0012	-68	79	41
14	0.0013	18	32	-20
15	0.0014	-110	-61	26
16	0.0015	-32	19	11
17	0.0016	-80	-76	-24
18	0.0017	-28	2	20
19	0.0018	-15	30	27
20	0.0019	52	16	2
21	0.0020	52	33	28
22	0.0021	79	-54	-25
23	0.0022	62	49	-71
24	0.0023	92	-2	40
25	0.0024	-58	100	113
26	0.0025	15	-27	54
27	0.0026	-58	52	5
28	0.0027	16	-42	-11
29	0.0028	-24	-25	-72
30	0.0029	78	66	-7
31	0.0030	-46	92	83
32	0.0031	-21	-70	-36
33	0.0032	-27	-42	-80
34	0.0033	-6	-70	-34
35	0.0034	-15	30	-34
36	0.0035	126	80	100
37	0.0036	-20	79	161
38	0.0037	-14	-24	106
39	0.0038	40	-23	-81
40	0.0039	-58	-12	-4
41	0.0040	-47	103	90
42	0.0041	-36	70	-14
43	0.0042	6	23	65
44	0.0043	-108	-33	83
45	0.0044	2	-14	-68
46	0.0045	-29	36	93
47	0.0046	-3	-44	-15
48	0.0047	58	9	-53
49	0.0048	43	26	11
50	0.0049	22	-42	-27
51	0.0050	-11	48	-4
52	0.0051	-19	-21	99
53	0.0052	-49	30	-11
54	0.0053	52	-19	-42
55	0.0054	-70	100	2
56	0.0055	-20	9	150
57	0.0056	-72	105	108
58	0.0057	97	-28	27
59	0.0058	-4	9	-19
60	0.0059	77	-24	-62
61	0.0060	69	-97	-58
62	0.0061	-4	6	-46
63	0.0062	-76	-65	61
64	0.0063	-14	78	6
65	0.0064	-24	19	-61
66	0.0065	73	16	114
67	0.0066	-130	-50	43
68	0.0067	84	39	60
69	0.0068	-115	75	-61
70	0.0069	78	-34	-53
71	0.0070	-63	32	-46
72	0.0071	30	-40	48
73	0.0072	-130	99	108
74	0.0073	-8	37	140
75	0.0074	-100	36	-10
76	0.0075	43	-76	33
77	0.0076	-62	-20	-20
78	0.0077	86	22	90
79	0.0078	23	62	-75
80	0.0079	108	-83	-92
81	0.0080	-75	-45	13
82	0.0081	-24	-15	52
83	0.0082	-115	90	6
84	0.0083	28	18	36
85	0.0084	-119	-11	53
86	0.0085	65	-10	28
87	0.0086	-28	43	54
88	0.0087	52	-8	30
89	0.0088	-37	24	-14
90	0.0089	95	-4	-76
91	0.0090	7	7	-74
92	0.0091	95	-15	-44
93	0.0092	44	44	-55
94	0.0093	71	-2	88
95	0.0094	-78	11	67
96	0.0095	45	67	56
97	0.0096	-91	64	-24
98	0.0097	-28	-42	106
99	0.0098	-83	15	-25
100	0.0099	105	-34	-68

电流增量数据 [1000Hz, 10点]
采样序号	时间(s)	A相电流(INT)	B相电流(INT)	C相电流(INT)
1	0.000	713	-187	-400
2	0.001	1093	-454	55
3	0.002	868	-1335	42
4	0.003	656	25	-40
5	0.004	720	526	108
6	0.005	671	705	210
7	0.006	273	2220	-693
8	0.007	402	-1661	-657
9	0.008	519	1048	-797
10	0.009	957	-1334	-990
================================================================================

=== 采集时间: 2025-12-05 15:24:42 (增量周期: 10.0ms) ===
振动增量数据 [等效10000Hz, 100点]
时序序号	时间(s)	X振动(INT)	Y振动(INT)	Z振动(INT)
1	0.0000	16	-15	41
2	0.0001	-28	-28	-31
3	0.0002	-40	35	74
4	0.0003	-92	82	178
5	0.0004	-71	15	95
6	0.0005	70	48	7
7	0.0006	74	9	23
8	0.0007	-34	-23	10
9	0.0008	63	33	-45
10	0.0009	7	7	-11
11	0.0010	60	24	-23
12	0.0011	28	-12	-2
13	0.0012	-57	3	65
14	0.0013	-51	-12	0
15	0.0014	-12	23	-19
16	0.0015	27	-19	6
17	0.0016	-10	-12	30
18	0.0017	33	2	-14
19	0.0018	5	28	-42
20	0.0019	-47	-3	-25
21	0.0020	-2	10	-20
22	0.0021	7	23	-17
23	0.0022	-10	-48	27
24	0.0023	-11	53	93
25	0.0024	-68	26	150
26	0.0025	0	43	30
27	0.0026	44	-8	-64
28	0.0027	32	-44	-67
29	0.0028	-10	18	73
30	0.0029	-10	13	-42
31	0.0030	40	-28	-89
32	0.0031	-51	1	71
33	0.0032	-92	-54	66
34	0.0033	33	95	31
35	0.0034	-42	53	24
36	0.0035	-11	-12	33
37	0.0036	-3	-6	-7
38	0.0037	18	-45	-62
39	0.0038	62	41	-72
40	0.0039	30	-41	7
41	0.0040	-6	39	3
42	0.0041	36	24	30
43	0.0042	-10	-15	-87
44	0.0043	35	-96	-29
45	0.0044	-36	7	83
46	0.0045	91	135	61
47	0.0046	-29	125	152
48	0.0047	-64	-113	-50
49	0.0048	-11	-119	-209
50	0.0049	2	-11	-38
51	0.0050	15	-109	-98
52	0.0051	-16	-96	-19
53	0.0052	-6	71	18
54	0.0053	14	173	31
55	0.0054	32	50	96
56	0.0055	-97	-61	93
57	0.0056	7	-172	-161
58	0.0057	-97	15	6
59	0.0058	-131	87	108
60	0.0059	50	113	5
61	0.0060	-3	-14	74
62	0.0061	-25	-33	110
63	0.0062	-10	-8	-29
64	0.0063	-12	111	36
65	0.0064	-32	-15	49
66	0.0065	117	0	-42
67	0.0066	2	-44	-93
68	0.0067	-31	9	92
69	0.0068	-51	47	24
70	0.0069	37	-2	10
71	0.0070	-33	-15	78
72	0.0071	78	-83	-20
73	0.0072	-12	74	-31
74	0.0073	-46	108	144
75	0.0074	-58	47	-4
76	0.0075	118	-61	-70
77	0.0076	-23	-36	-8
78	0.0077	101	-36	-12
79	0.0078	-31	146	-25
80	0.0079	-25	-37	75
81	0.0080	-44	65	2
82	0.0081	-2	-108	15
83	0.0082	0	33	-49
84	0.0083	36	-25	86
85	0.0084	-44	39	-6
86	0.0085	56	19	-4
87	0.0086	-23	-2	5
88	0.0087	33	48	27
89	0.0088	-16	-19	-3
90	0.0089	-74	-37	33
91	0.0090	-33	50	28
92	0.0091	-23	9	63
93	0.0092	30	100	73
94	0.0093	33	-23	2
95	0.0094	11	22	-74
96	0.0095	23	-53	-38
97	0.0096	-78	3	-28
98	0.0097	46	36	20
99	0.0098	-36	-10	58
100	0.0099	26	-50	62

电流增量数据 [1000Hz, 10点]
采样序号	时间(s)	A相电流(INT)	B相电流(INT)	C相电流(INT)
1	0.000	926	210	-947
2	0.001	856	-622	-689
3	0.002	687	1025	-553
4	0.003	615	1540	-517
5	0.004	513	1254	-58
6	0.005	483	-1868	-1208
7	0.006	109	482	-618
8	0.007	256	-3	-932
9	0.008	145	871	-720
10	0.009	291	741	-652
================================================================================

=== 采集时间: 2025-12-05 15:24:43 (增量周期: 10.0ms) ===
振动增量数据 [等效10000Hz, 100点]
时序序号	时间(s)	X振动(INT)	Y振动(INT)	Z振动(INT)
1	0.0000	-31	23	-27
2	0.0001	-8	-28	27
3	0.0002	-50	-45	-70
4	0.0003	-15	-95	-25
5	0.0004	-8	94	93
6	0.0005	2	146	200
7	0.0006	-10	16	18
8	0.0007	24	-142	-105
9	0.0008	-97	-113	-72
10	0.0009	2	114	106
11	0.0010	-23	185	106
12	0.0011	56	10	159
13	0.0012	-106	-53	-25
14	0.0013	32	-138	-152
15	0.0014	-7	66	-53
16	0.0015	-21	104	156
17	0.0016	54	124	45
18	0.0017	28	-65	33
19	0.0018	-27	-95	49
20	0.0019	-66	-7	-31
21	0.0020	24	118	-27
22	0.0021	65	16	-32
23	0.0022	7	-10	82
24	0.0023	30	39	71
25	0.0024	-76	32	104
26	0.0025	-3	65	18
27	0.0026	39	-50	-114
28	0.0027	99	79	7
29	0.0028	-6	-61	23
30	0.0029	67	67	-97
31	0.0030	11	27	79
32	0.0031	-29	-23	114
33	0.0032	24	1	-80
34	0.0033	56	-54	-54
35	0.0034	-122	44	-58
36	0.0035	75	1	39
37	0.0036	-57	50	15
38	0.0037	109	-62	50
39	0.0038	-32	40	13
40	0.0039	-19	-25	-19
41	0.0040	-58	41	43
42	0.0041	-44	9	2
43	0.0042	65	91	-31
44	0.0043	-6	-8	92
45	0.0044	41	9	-4
46	0.0045	26	-10	-31
47	0.0046	31	26	31
48	0.0047	-32	-20	5
49	0.0048	26	-11	5
50	0.0049	0	69	50
51	0.0050	-17	13	63
52	0.0051	93	-10	3
53	0.0052	-71	-65	-11
54	0.0053	22	16	-66
55	0.0054	-49	56	-58
56	0.0055	-8	73	57
57	0.0056	-54	-21	2
58	0.0057	-45	-91	6
59	0.0058	-15	9	6
60	0.0059	-29	-28	100
61	0.0060	-29	-106	-87
62	0.0061	-32	61	-68
63	0.0062	50	-21	27
64	0.0063	31	-41	-54
65	0.0064	35	11	57
66	0.0065	-68	13	46
67	0.0066	43	35	-11
68	0.0067	-10	-7	-75
69	0.0068	30	-8	97
70	0.0069	-37	94	57
71	0.0070	-28	11	84
72	0.0071	-17	74	62
73	0.0072	-51	-65	0
74	0.0073	-6	11	33
75	0.0074	-23	47	45
76	0.0075	-32	7	22
77	0.0076	24	-20	-57
78	0.0077	6	-7	9
79	0.0078	-29	37	127
80	0.0079	41	24	-42
81	0.0080	0	-14	-89
82	0.0081	-51	-49	116
83	0.0082	-37	26	18
84	0.0083	50	-17	-53
85	0.0084	10	9	-31
86	0.0085	-21	-92	35
87	0.0086	18	67	-41
88	0.0087	-21	146	70
89	0.0088	13	73	95
90	0.0089	-44	-63	-25
91	0.0090	37	-92	-41
92	0.0091	14	10	-42
93	0.0092	53	31	56
94	0.0093	-19	138	50
95	0.0094	48	1	20
96	0.0095	-33	-54	-59
97	0.0096	10	-108	-101
98	0.0097	-32	47	5
99	0.0098	33	74	83
100	0.0099	-38	-10	1

电流增量数据 [1000Hz, 10点]
采样序号	时间(s)	A相电流(INT)	B相电流(INT)	C相电流(INT)
1	0.000	-336	1146	626
2	0.001	-822	2588	723
3	0.002	-839	926	686
4	0.003	-667	1347	-2
5	0.004	-637	-192	221
6	0.005	-540	2085	48
7	0.006	566	1188	181
8	0.007	137	937	409
9	0.008	46	-2130	508
10	0.009	-414	-1452	1197
================================================================================

=== 采集时间: 2025-12-05 15:24:43 (增量周期: 10.0ms) ===
振动增量数据 [等效10000Hz, 100点]
时序序号	时间(s)	X振动(INT)	Y振动(INT)	Z振动(INT)
1	0.0000	9	-15	73
2	0.0001	-4	30	19
3	0.0002	14	-27	-41
4	0.0003	-8	13	-89
5	0.0004	14	9	45
6	0.0005	-72	24	22
7	0.0006	57	31	0
8	0.0007	-42	-25	-4
9	0.0008	32	-38	-31
10	0.0009	24	6	-3
11	0.0010	33	20	-23
12	0.0011	26	-8	-46
13	0.0012	35	-2	13
14	0.0013	-24	18	6
15	0.0014	65	-2	-29
16	0.0015	-28	39	76
17	0.0016	-28	-65	6
18	0.0017	13	45	-89
19	0.0018	-31	-46	-11
20	0.0019	-31	112	100
21	0.0020	-17	-38	-15
22	0.0021	-4	13	-3
23	0.0022	5	-40	41
24	0.0023	-68	3	-24
25	0.0024	23	107	39
26	0.0025	-20	13	58
27	0.0026	18	13	11
28	0.0027	30	-50	-14
29	0.0028	-31	-21	-11
30	0.0029	19	-23	26
31	0.0030	2	35	-28
32	0.0031	104	11	-20
33	0.0032	5	-32	26
34	0.0033	-17	-20	-45
35	0.0034	14	3	-63
36	0.0035	0	48	-45
37	0.0036	48	-31	-34
38	0.0037	-33	16	50
39	0.0038	39	-2	16
40	0.0039	-41	-24	-44
41	0.0040	-21	10	52
42	0.0041	-7	49	16
43	0.0042	20	24	-44
44	0.0043	71	-11	-41
45	0.0044	-33	6	54
46	0.0045	28	-10	-70
47	0.0046	20	-3	-29
48	0.0047	-38	-27	18
49	0.0048	-20	-38	-49
50	0.0049	22	-3	-113
51	0.0050	-32	130	138
52	0.0051	36	90	131
53	0.0052	-15	-96	-71
54	0.0053	58	-48	-140
55	0.0054	37	-55	-98
56	0.0055	67	58	20
57	0.0056	18	103	144
58	0.0057	7	18	104
59	0.0058	18	-57	-104
60	0.0059	-7	-88	-113
61	0.0060	-16	-11	-31
62	0.0061	-57	48	82
63	0.0062	-46	64	95
64	0.0063	-54	-29	23
65	0.0064	-148	-112	-19
66	0.0065	13	33	49
67	0.0066	-40	31	-17
68	0.0067	143	54	13
69	0.0068	36	-4	-32
70	0.0069	-42	-44	86
71	0.0070	-101	39	71
72	0.0071	28	41	16
73	0.0072	18	45	-45
74	0.0073	-2	-92	-7
75	0.0074	-41	0	-107
76	0.0075	54	-12	-7
77	0.0076	-75	125	79
78	0.0077	79	-4	88
79	0.0078	-28	13	83
80	0.0079	0	-65	2
81	0.0080	-4	44	-36
82	0.0081	-28	60	-20
83	0.0082	26	-16	63
84	0.0083	19	-16	39
85	0.0084	67	-38	39
86	0.0085	-75	47	86
87	0.0086	-29	128	109
88	0.0087	-81	-4	-46
89	0.0088	71	-54	-42
90	0.0089	-62	-27	2
91	0.0090	-27	-16	112
92	0.0091	-49	83	-29
93	0.0092	54	-4	6
94	0.0093	26	6	-14
95	0.0094	71	-37	-34
96	0.0095	37	39	-80
97	0.0096	-14	-10	60
98	0.0097	-40	-12	19
99	0.0098	35	24	113
100	0.0099	-21	18	-27

电流增量数据 [1000Hz, 10点]
采样序号	时间(s)	A相电流(INT)	B相电流(INT)	C相电流(INT)
1	0.000	747	1155	-932
2	0.001	678	1	-591
3	0.002	485	1099	-35
4	0.003	618	-1205	57
5	0.004	778	-1515	218
6	0.005	-121	350	-516
7	0.006	-52	2646	-654
8	0.007	153	3615	-860
9	0.008	333	1493	-677
10	0.009	465	2990	-542
================================================================================

=== 采集时间: 2025-12-05 15:24:43 (增量周期: 10.0ms) ===
振动增量数据 [等效10000Hz, 100点]
时序序号	时间(s)	X振动(INT)	Y振动(INT)	Z振动(INT)
1	0.0000	32	-8	-14
2	0.0001	-17	-58	-29
3	0.0002	2	70	0
4	0.0003	48	74	69
5	0.0004	-72	-3	66
6	0.0005	19	19	48
7	0.0006	-49	1	31
8	0.0007	15	0	-29
9	0.0008	-38	14	-64
10	0.0009	15	-10	15
11	0.0010	9	-37	-84
12	0.0011	53	-132	-53
13	0.0012	-53	27	-2
14	0.0013	99	138	105
15	0.0014	-55	53	62
16	0.0015	87	-15	13
17	0.0016	-50	-106	-104
18	0.0017	41	-8	-47
19	0.0018	-64	57	46
20	0.0019	-10	56	104
21	0.0020	-12	44	61
22	0.0021	-64	-62	53
23	0.0022	-32	-37	-6
24	0.0023	33	3	-28
25	0.0024	35	100	53
26	0.0025	13	37	6
27	0.0026	-2	-50	14
28	0.0027	-55	-72	-16
29	0.0028	23	14	-3
30	0.0029	104	69	-23
31	0.0030	19	36	62
32	0.0031	2	2	14
33	0.0032	-71	-7	-10
34	0.0033	-10	2	-42
35	0.0034	-75	48	84
36	0.0035	-19	26	103
37	0.0036	-2	60	2
38	0.0037	-25	-57	24
39	0.0038	-24	9	-12
40	0.0039	-24	-12	28
41	0.0040	11	30	16
42	0.0041	45	-61	-50
43	0.0042	-2	-66	-15
44	0.0043	20	3	-53
45	0.0044	40	26	-14
46	0.0045	13	15	-3
47	0.0046	22	-37	49
48	0.0047	-84	33	80
49	0.0048	-33	64	69
50	0.0049	-62	60	45
51	0.0050	70	0	18
52	0.0051	44	11	-59
53	0.0052	71	-10	-19
54	0.0053	36	2	-68
55	0.0054	-36	-12	-28
56	0.0055	15	19	28
57	0.0056	-7	-2	10
58	0.0057	74	6	40
59	0.0058	-33	-29	0
60	0.0059	13	-49	-29
61	0.0060	-11	6	-23
62	0.0061	-51	1	43
63	0.0062	-31	99	61
64	0.0063	-8	23	-29
65	0.0064	19	2	31
66	0.0065	-41	-36	80
67	0.0066	-24	30	7
68	0.0067	-19	40	0
69	0.0068	-33	30	-14
70	0.0069	52	-11	2
71	0.0070	31	-28	-15
72	0.0071	54	3	100
73	0.0072	13	-12	44
74	0.0073	39	54	-31
75	0.0074	88	-17	-17
76	0.0075	19	-20	49
77	0.0076	40	44	-37
78	0.0077	-27	56	40
79	0.0078	-14	37	54
80	0.0079	-31	-50	-53
81	0.0080	10	18	-46
82	0.0081	-49	33	-14
83	0.0082	46	91	13
84	0.0083	-49	14	67
85	0.0084	15	13	35
86	0.0085	23	-15	-32
87	0.0086	-8	-2	36
88	0.0087	50	33	3
89	0.0088	-6	3	-6
90	0.0089	10	2	-8
91	0.0090	-102	-36	91
92	0.0091	-16	26	32
93	0.0092	19	-49	-87
94	0.0093	18	-63	-101
95	0.0094	-6	35	-28
96	0.0095	-89	97	157
97	0.0096	7	124	53
98	0.0097	-3	-145	-28
99	0.0098	-29	-62	-2
100	0.0099	61	41	-23

电流增量数据 [1000Hz, 10点]
采样序号	时间(s)	A相电流(INT)	B相电流(INT)	C相电流(INT)
1	0.000	-762	459	110
2	0.001	-646	1832	149
3	0.002	-811	2202	229
4	0.003	-213	2049	-456
5	0.004	-185	1808	-479
6	0.005	-129	-1326	-527
7	0.006	-810	463	794
8	0.007	-473	-2060	563
9	0.008	-761	1072	573
10	0.009	-741	1221	151
================================================================================

=== 采集时间: 2025-12-05 15:24:44 (增量周期: 10.0ms) ===
振动增量数据 [等效10000Hz, 100点]
时序序号	时间(s)	X振动(INT)	Y振动(INT)	Z振动(INT)
1	0.0000	84	-8	88
2	0.0001	41	37	100
3	0.0002	-62	-76	35
4	0.0003	-47	61	-107
5	0.0004	30	54	-101
6	0.0005	15	11	2
7	0.0006	11	-44	148
8	0.0007	7	62	83
9	0.0008	3	48	13
10	0.0009	24	6	-4
11	0.0010	-78	-65	-118
12	0.0011	99	-23	-88
13	0.0012	-8	84	53
14	0.0013	41	-38	15
15	0.0014	-17	48	40
16	0.0015	-42	-65	-11
17	0.0016	-44	-25	-70
18	0.0017	2	74	0
19	0.0018	-8	50	28
20	0.0019	32	75	40
21	0.0020	-6	-14	97
22	0.0021	-147	-41	79
23	0.0022	66	50	-76
24	0.0023	-47	-54	-51
25	0.0024	33	-3	-59
26	0.0025	40	-23	-57
27	0.0026	99	20	9
28	0.0027	48	-28	-10
29	0.0028	53	-15	-77
30	0.0029	37	43	-34
31	0.0030	-53	0	28
32	0.0031	-54	39	69
33	0.0032	-50	43	41
34	0.0033	-27	-7	0
35	0.0034	0	-27	60
36	0.0035	-21	10	41
37	0.0036	15	14	-64
38	0.0037	5	13	-41
39	0.0038	-14	19	2
40	0.0039	7	6	20
41	0.0040	26	-36	45
42	0.0041	-29	-10	96
43	0.0042	1	6	54
44	0.0043	22	94	-15
45	0.0044	-25	-34	28
46	0.0045	0	-25	-50
47	0.0046	14	-53	-87
48	0.0047	75	13	-23
49	0.0048	13	23	-61
50	0.0049	24	31	22
51	0.0050	60	-127	-55
52	0.0051	1	69	-3
53	0.0052	-29	88	157
54	0.0053	5	168	108
55	0.0054	15	-221	-105
56	0.0055	-27	-65	-17
57	0.0056	-8	74	-11
58	0.0057	43	130	10
59	0.0058	-33	50	142
60	0.0059	-44	-55	74
61	0.0060	15	-49	-124
62	0.0061	-17	-59	-72
63	0.0062	-34	44	53
64	0.0063	6	117	10
65	0.0064	88	-49	-74
66	0.0065	-11	-40	70
67	0.0066	-76	-67	133
68	0.0067	-16	173	22
69	0.0068	66	41	-34
70	0.0069	41	-33	-32
71	0.0070	80	-28	-83
72	0.0071	-28	-17	44
73	0.0072	-59	86	103
74	0.0073	3	9	18
75	0.0074	-17	28	-28
76	0.0075	-3	-46	-23
77	0.0076	-38	-61	-93
78	0.0077	20	44	52
79	0.0078	-15	90	116
80	0.0079	74	5	63
81	0.0080	70	-23	-25
82	0.0081	-85	-100	-27
83	0.0082	52	101	7
84	0.0083	-8	44	-46
85	0.0084	113	-33	-15
86	0.0085	0	-11	11
87	0.0086	-34	-29	35
88	0.0087	-85	28	0
89	0.0088	-40	-25	-31
90	0.0089	39	58	-72
91	0.0090	-6	2	76
92	0.0091	-27	15	152
93	0.0092	-23	33	36
94	0.0093	9	-17	-59
95	0.0094	45	-38	-92
96	0.0095	-6	-33	0
97	0.0096	-4	33	80
98	0.0097	-45	16	-50
99	0.0098	88	-19	-29
100	0.0099	-2	-33	0

电流增量数据 [1000Hz, 10点]
采样序号	时间(s)	A相电流(INT)	B相电流(INT)	C相电流(INT)
1	0.000	-830	925	699
2	0.001	-726	1750	658
3	0.002	-538	2162	273
4	0.003	-574	1869	-52
5	0.004	-793	-1464	-471
6	0.005	581	-363	276
7	0.006	106	-2097	514
8	0.007	4	476	692
9	0.008	-538	-7	849
10	0.009	-481	996	650
================================================================================

=== 采集时间: 2025-12-05 15:24:44 (增量周期: 10.0ms) ===
振动增量数据 [等效10000Hz, 100点]
时序序号	时间(s)	X振动(INT)	Y振动(INT)	Z振动(INT)
1	0.0000	13	18	26
2	0.0001	19	3	86
3	0.0002	-8	-78	-50
4	0.0003	93	27	30
5	0.0004	-16	22	-24
6	0.0005	16	33	70
7	0.0006	-2	19	-64
8	0.0007	20	-45	-46
9	0.0008	-23	27	19
10	0.0009	24	18	65
11	0.0010	-32	33	43
12	0.0011	48	-38	-8
13	0.0012	-8	82	3
14	0.0013	-15	-15	60
15	0.0014	-3	23	-109
16	0.0015	100	-48	-32
17	0.0016	-21	28	11
18	0.0017	48	-15	57
19	0.0018	15	24	-107
20	0.0019	1	14	-4
21	0.0020	-67	14	105
22	0.0021	6	50	26
23	0.0022	-15	43	49
24	0.0023	-105	-46	48
25	0.0024	18	10	-27
26	0.0025	-66	-14	26
27	0.0026	0	19	45
28	0.0027	-10	28	6
29	0.0028	36	-33	-11
30	0.0029	43	7	-40
31	0.0030	23	-49	-14
32	0.0031	61	35	-96
33	0.0032	24	-12	6
34	0.0033	-36	9	30
35	0.0034	80	74	20
36	0.0035	-78	-21	11
37	0.0036	-12	27	0
38	0.0037	-101	-95	11
39	0.0038	-15	-3	-28
40	0.0039	3	65	75
41	0.0040	-58	70	172
42	0.0041	13	160	138
43	0.0042	37	-20	-141
44	0.0043	43	-148	-152
45	0.0044	53	-19	3
46	0.0045	-6	75	-15
47	0.0046	74	158	161
48	0.0047	-123	-45	6
49	0.0048	26	-129	-54
50	0.0049	-151	-44	-14
51	0.0050	48	41	82
52	0.0051	0	169	20
53	0.0052	6	-55	57
54	0.0053	-46	-25	-33
55	0.0054	-3	-78	-55
56	0.0055	39	109	32
57	0.0056	24	84	76
58	0.0057	46	9	0
59	0.0058	77	-16	-105
60	0.0059	-66	-71	44
61	0.0060	9	66	44
62	0.0061	-2	37	-37
63	0.0062	60	36	-4
64	0.0063	-27	-40	7
65	0.0064	-4	-36	-113
66	0.0065	26	14	7
67	0.0066	-80	48	75
68	0.0067	30	-10	46
69	0.0068	-59	-19	-59
70	0.0069	11	-28	-34
71	0.0070	-61	37	70
72	0.0071	-59	30	19
73	0.0072	46	14	97
74	0.0073	-44	2	97
75	0.0074	-11	-71	-17
76	0.0075	-15	80	43
77	0.0076	-32	22	-23
78	0.0077	-15	11	-11
79	0.0078	1	-7	24
80	0.0079	33	-16	-101
81	0.0080	62	-3	40
82	0.0081	-117	20	138
83	0.0082	31	30	-41
84	0.0083	117	86	-59
85	0.0084	-54	-45	76
86	0.0085	22	-65	-57
87	0.0086	-33	33	-45
88	0.0087	28	-14	-14
89	0.0088	-58	10	49
90	0.0089	-47	-11	43
91	0.0090	-34	90	84
92	0.0091	-123	-40	95
93	0.0092	-7	52	-45
94	0.0093	11	54	61
95	0.0094	-27	-15	71
96	0.0095	32	-42	-62
97	0.0096	-45	-34	10
98	0.0097	-33	57	14
99	0.0098	27	-31	-21
100	0.0099	24	-3	5

电流增量数据 [1000Hz, 10点]
采样序号	时间(s)	A相电流(INT)	B相电流(INT)	C相电流(INT)
1	0.000	121	1607	-671
2	0.001	-141	2103	-501
3	0.002	823	2488	-1502
4	0.003	790	-1823	-1388
5	0.004	-607	74	737
6	0.005	-734	-355	630
7	0.006	-751	1200	117
8	0.007	-595	688	117
9	0.008	-977	1868	117
10	0.009	-693	2173	-498
================================================================================

=== 采集时间: 2025-12-05 15:24:44 (增量周期: 10.0ms) ===
振动增量数据 [等效10000Hz, 100点]
时序序号	时间(s)	X振动(INT)	Y振动(INT)	Z振动(INT)
1	0.0000	43	30	3
2	0.0001	2	-3	-20
3	0.0002	-8	-54	0
4	0.0003	2	77	-19
5	0.0004	-3	-29	45
6	0.0005	-40	18	53
7	0.0006	-6	-44	-29
8	0.0007	26	19	-53
9	0.0008	-37	6	-4
10	0.0009	23	33	-25
11	0.0010	46	26	43
12	0.0011	108	-65	-76
13	0.0012	-7	-2	-23
14	0.0013	45	14	-37
15	0.0014	-46	60	-122
16	0.0015	-3	-46	-4
17	0.0016	-58	-68	-15
18	0.0017	71	-91	-34
19	0.0018	33	181	172
20	0.0019	-70	182	160
21	0.0020	-67	-59	-11
22	0.0021	-49	-135	-151
23	0.0022	-25	-75	-67
24	0.0023	28	105	100
25	0.0024	45	116	113
26	0.0025	-19	32	172
27	0.0026	-50	-106	-4
28	0.0027	-21	-161	-217
29	0.0028	56	40	-100
30	0.0029	-3	126	87
31	0.0030	-19	7	43
32	0.0031	40	-37	-40
33	0.0032	-115	-112	-24
34	0.0033	-8	47	45
35	0.0034	-12	77	-37
36	0.0035	118	0	-58
37	0.0036	-14	31	-27
38	0.0037	-14	2	79
39	0.0038	-19	101	61
40	0.0039	-19	14	122
41	0.0040	-19	-12	18
42	0.0041	13	-65	-88
43	0.0042	-20	-33	-87
44	0.0043	-38	41	30
45	0.0044	86	31	-57
46	0.0045	-12	-19	-25
47	0.0046	24	-42	57
48	0.0047	-160	-50	-62
49	0.0048	22	16	-17
50	0.0049	-100	103	52
51	0.0050	112	13	71
52	0.0051	86	49	16
53	0.0052	35	-63	49
54	0.0053	-81	2	54
55	0.0054	-19	30	-101
56	0.0055	16	16	-58
57	0.0056	11	65	63
58	0.0057	65	-40	-29
59	0.0058	40	6	13
60	0.0059	-122	-76	80
61	0.0060	6	-11	2
62	0.0061	18	48	-23
63	0.0062	-33	-11	40
64	0.0063	-24	-92	6
65	0.0064	49	39	46
66	0.0065	-40	91	169
67	0.0066	7	37	19
68	0.0067	69	-7	-119
69	0.0068	-10	-106	-70
70	0.0069	-8	35	-51
71	0.0070	-6	142	91
72	0.0071	-89	33	160
73	0.0072	-44	-29	40
74	0.0073	6	-65	-123
75	0.0074	41	61	-8
76	0.0075	2	10	48
77	0.0076	84	90	-40
78	0.0077	58	-42	3
79	0.0078	-24	-91	53
80	0.0079	14	1	-59
81	0.0080	13	112	58
82	0.0081	-7	3	28
83	0.0082	15	-16	2
84	0.0083	-27	-27	33
85	0.0084	-47	19	26
86	0.0085	-44	20	2
87	0.0086	3	26	13
88	0.0087	-33	5	-46
89	0.0088	39	-24	-21
90	0.0089	2	74	15
91	0.0090	-55	-16	96
92	0.0091	-28	28	82
93	0.0092	56	-4	-4
94	0.0093	-27	-62	-10
95	0.0094	60	28	-8
96	0.0095	18	31	-29
97	0.0096	28	19	53
98	0.0097	2	3	-8
99	0.0098	28	-31	-57
100	0.0099	-24	-10	69

电流增量数据 [1000Hz, 10点]
采样序号	时间(s)	A相电流(INT)	B相电流(INT)	C相电流(INT)
1	0.000	304	1101	-1034
2	0.001	1181	972	-1261
3	0.002	308	2144	-585
4	0.003	416	250	-525
5	0.004	908	-491	-789
6	0.005	894	-254	-1025
7	0.006	-472	3825	42
8	0.007	-742	2346	164
9	0.008	-554	1898	-282
10	0.009	-212	2555	-519
================================================================================

=== 采集时间: 2025-12-05 15:24:45 (增量周期: 10.0ms) ===
振动增量数据 [等效10000Hz, 100点]
时序序号	时间(s)	X振动(INT)	Y振动(INT)	Z振动(INT)
1	0.0000	56	-72	-132
2	0.0001	49	-57	-32
3	0.0002	-47	109	127
4	0.0003	2	138	93
5	0.0004	-45	95	30
6	0.0005	-10	-123	-11
7	0.0006	-6	-29	-57
8	0.0007	44	-19	-15
9	0.0008	30	84	11
10	0.0009	19	18	70
11	0.0010	-8	-6	9
12	0.0011	36	-68	-105
13	0.0012	-53	-78	-101
14	0.0013	22	44	28
15	0.0014	-31	19	70
16	0.0015	36	36	33
17	0.0016	-16	9	83
18	0.0017	-88	-17	5
19	0.0018	66	33	-8
20	0.0019	-6	52	15
21	0.0020	144	50	-4
22	0.0021	11	27	-92
23	0.0022	46	-4	50
24	0.0023	-102	31	43
25	0.0024	23	-24	-12
26	0.0025	-19	45	36
27	0.0026	-81	-98	123
28	0.0027	-28	35	-55
29	0.0028	65	27	-62
30	0.0029	9	-16	-16
31	0.0030	-17	-65	-40
32	0.0031	50	7	-98
33	0.0032	-41	16	-31
34	0.0033	24	-12	-106
35	0.0034	-40	-31	-61
36	0.0035	0	15	135
37	0.0036	-94	-7	37
38	0.0037	83	3	-31
39	0.0038	-66	10	116
40	0.0039	-34	-61	-130
41	0.0040	135	100	-124
42	0.0041	-84	-29	44
43	0.0042	13	-28	60
44	0.0043	2	22	-41
45	0.0044	-36	-14	69
46	0.0045	-110	-15	104
47	0.0046	23	-4	-121
48	0.0047	7	32	-6
49	0.0048	-92	-44	114
50	0.0049	9	-15	-92
51	0.0050	-21	101	31
52	0.0051	-92	-40	90
53	0.0052	7	18	-3
54	0.0053	-57	-31	-21
55	0.0054	61	9	78
56	0.0055	-44	71	74
57	0.0056	61	33	20
58	0.0057	31	-16	-110
59	0.0058	-49	-97	37
60	0.0059	31	19	14
61	0.0060	45	88	-7
62	0.0061	28	6	32
63	0.0062	-8	-37	57
64	0.0063	-7	-41	-33
65	0.0064	22	41	-24
66	0.0065	24	43	20
67	0.0066	-24	-3	-33
68	0.0067	54	-14	-111
69	0.0068	57	14	-15
70	0.0069	-38	50	101
71	0.0070	61	23	7
72	0.0071	-2	-4	-29
73	0.0072	-4	-36	9
74	0.0073	-63	10	48
75	0.0074	23	39	11
76	0.0075	-7	44	40
77	0.0076	20	-11	-42
78	0.0077	13	-70	-89
79	0.0078	-16	10	9
80	0.0079	-31	0	-16
81	0.0080	31	48	-4
82	0.0081	20	-10	3
83	0.0082	0	-34	30
84	0.0083	14	69	-14
85	0.0084	52	1	-49
86	0.0085	-33	31	14
87	0.0086	-17	-23	19
88	0.0087	-20	-7	-66
89	0.0088	-15	-71	44
90	0.0089	-61	-23	44
91	0.0090	39	103	88
92	0.0091	-34	116	118
93	0.0092	-44	-119	-29
94	0.0093	-14	-74	-197
95	0.0094	-59	-84	-54
96	0.0095	-8	96	84
97	0.0096	-28	71	165
98	0.0097	24	92	105
99	0.0098	-29	-65	9
100	0.0099	-46	-85	-41

电流增量数据 [1000Hz, 10点]
采样序号	时间(s)	A相电流(INT)	B相电流(INT)	C相电流(INT)
1	0.000	-599	16	293
2	0.001	-524	-1459	56
3	0.002	-681	1732	-113
4	0.003	-408	851	-218
5	0.004	-343	1814	-301
6	0.005	-201	-725	621
7	0.006	-1025	-403	761
8	0.007	-935	-5	733
9	0.008	-1058	2016	815
10	0.009	-698	2823	587
================================================================================

=== 采集时间: 2025-12-05 15:24:45 (增量周期: 10.0ms) ===
振动增量数据 [等效10000Hz, 100点]
时序序号	时间(s)	X振动(INT)	Y振动(INT)	Z振动(INT)
1	0.0000	100	71	53
2	0.0001	45	-23	-109
3	0.0002	31	-102	-139
4	0.0003	48	26	-61
5	0.0004	65	-34	-71
6	0.0005	26	10	-34
7	0.0006	-21	-50	139
8	0.0007	-38	41	16
9	0.0008	44	16	-34
10	0.0009	-76	-10	19
11	0.0010	-33	-45	14
12	0.0011	-31	62	-57
13	0.0012	-14	-33	-11
14	0.0013	-16	-28	-6
15	0.0014	-2	-44	23
16	0.0015	-8	131	166
17	0.0016	23	165	186
18	0.0017	37	-12	-59
19	0.0018	70	-138	-152
20	0.0019	-7	-81	-100
21	0.0020	56	33	-83
22	0.0021	57	150	105
23	0.0022	-10	-46	69
24	0.0023	-70	-92	-33
25	0.0024	-58	-67	-88
26	0.0025	-31	33	-12
27	0.0026	23	131	52
28	0.0027	-6	47	65
29	0.0028	37	-14	-4
30	0.0029	-32	-105	-62
31	0.0030	-54	37	-3
32	0.0031	36	147	50
33	0.0032	10	19	83
34	0.0033	27	26	60
35	0.0034	-8	-19	86
36	0.0035	3	124	58
37	0.0036	-47	-11	22
38	0.0037	44	18	-68
39	0.0038	16	-48	-75
40	0.0039	-3	-15	-102
41	0.0040	15	-11	14
42	0.0041	-28	2	26
43	0.0042	-4	-37	39
44	0.0043	28	82	127
45	0.0044	-17	11	11
46	0.0045	-25	-92	-37
47	0.0046	-55	-34	-84
48	0.0047	19	10	2
49	0.0048	130	159	16
50	0.0049	7	30	177
51	0.0050	-29	88	92
52	0.0051	-44	-16	65
53	0.0052	-4	-25	-55
54	0.0053	-14	74	101
55	0.0054	-15	-16	-19
56	0.0055	78	64	7
57	0.0056	39	-27	22
58	0.0057	-4	-51	10
59	0.0058	58	40	33
60	0.0059	63	-8	-2
61	0.0060	35	70	52
62	0.0061	83	13	6
63	0.0062	27	9	-126
64	0.0063	19	-46	-77
65	0.0064	-64	-27	-4
66	0.0065	-32	2	18
67	0.0066	-16	19	-67
68	0.0067	-58	-33	14
69	0.0068	22	19	-4
70	0.0069	-49	30	96
71	0.0070	-10	28	95
72	0.0071	43	87	33
73	0.0072	19	-16	20
74	0.0073	82	-8	-46
75	0.0074	-11	-95	-94
76	0.0075	53	19	58
77	0.0076	-104	6	48
78	0.0077	96	14	-67
79	0.0078	-12	65	-19
80	0.0079	-58	-81	75
81	0.0080	-10	90	-49
82	0.0081	13	-21	52
83	0.0082	-12	78	5
84	0.0083	73	-37	-33
85	0.0084	15	19	9
86	0.0085	-24	10	39
87	0.0086	16	-36	-14
88	0.0087	-10	52	6
89	0.0088	77	-40	-64
90	0.0089	-17	-4	-33
91	0.0090	104	53	-33
92	0.0091	-66	-23	-57
93	0.0092	50	-25	-64
94	0.0093	-64	-34	-64
95	0.0094	-37	40	161
96	0.0095	-27	82	69
97	0.0096	5	-45	-16
98	0.0097	56	27	-58
99	0.0098	-58	-112	-16
100	0.0099	40	43	-75

电流增量数据 [1000Hz, 10点]
采样序号	时间(s)	A相电流(INT)	B相电流(INT)	C相电流(INT)
1	0.000	40	902	-964
2	0.001	59	1486	-974
3	0.002	450	361	-817
4	0.003	550	1593	-762
5	0.004	670	1790	-833
6	0.005	-663	2183	-595
7	0.006	-222	1404	-700
8	0.007	-101	-1320	-507
9	0.008	-241	1288	-289
10	0.009	-28	-1245	-522
================================================================================

=== 采集时间: 2025-12-05 15:24:45 (增量周期: 10.0ms) ===
振动增量数据 [等效10000Hz, 100点]
时序序号	时间(s)	X振动(INT)	Y振动(INT)	Z振动(INT)
1	0.0000	19	-145	-121
2	0.0001	-10	107	-32
3	0.0002	44	117	70
4	0.0003	3	65	33
5	0.0004	-19	-96	-32
6	0.0005	-78	-50	39
7	0.0006	-42	111	57
8	0.0007	14	40	30
9	0.0008	-15	33	135
10	0.0009	-25	-92	40
11	0.0010	37	77	2
12	0.0011	3	58	0
13	0.0012	-20	-29	109
14	0.0013	30	45	-72
15	0.0014	35	-126	-122
16	0.0015	-41	77	-31
17	0.0016	-68	-14	90
18	0.0017	-127	69	41
19	0.0018	65	56	40
20	0.0019	-53	-74	19
21	0.0020	58	-19	27
22	0.0021	-61	-50	-53
23	0.0022	73	70	-97
24	0.0023	50	65	41
25	0.0024	-6	-70	35
26	0.0025	109	31	-36
27	0.0026	-92	7	99
28	0.0027	-27	87	108
29	0.0028	36	45	-23
30	0.0029	3	-33	23
31	0.0030	-2	19	28
32	0.0031	-46	-6	-2
33	0.0032	24	73	33
34	0.0033	-79	-17	23
35	0.0034	23	-28	-42
36	0.0035	-11	6	-12
37	0.0036	-12	-23	48
38	0.0037	-33	18	16
39	0.0038	24	-12	9
40	0.0039	-58	16	123
41	0.0040	16	-17	46
42	0.0041	26	92	36
43	0.0042	-3	-20	-4
44	0.0043	40	-3	-67
45	0.0044	-15	-23	-105
46	0.0045	88	22	-11
47	0.0046	-76	-17	-19
48	0.0047	41	26	67
49	0.0048	-81	45	24
50	0.0049	49	-59	-49
51	0.0050	-31	9	-19
52	0.0051	124	58	75
53	0.0052	-85	-17	9
54	0.0053	86	-51	-16
55	0.0054	14	37	-106
56	0.0055	-55	-61	54
57	0.0056	-89	62	-32
58	0.0057	79	-49	19
59	0.0058	-38	35	-34
60	0.0059	71	-71	91
61	0.0060	-96	61	-50
62	0.0061	63	-33	-8
63	0.0062	-83	7	-74
64	0.0063	26	-67	82
65	0.0064	27	131	-19
66	0.0065	-12	-50	23
67	0.0066	6	60	19
68	0.0067	30	-29	-59
69	0.0068	69	20	-49
70	0.0069	82	101	30
71	0.0070	-44	-4	66
72	0.0071	-7	109	14
73	0.0072	-27	-72	30
74	0.0073	-89	-54	-40
75	0.0074	58	-40	-20
76	0.0075	-92	-12	7
77	0.0076	91	-16	-25
78	0.0077	50	19	-34
79	0.0078	11	-57	-53
80	0.0079	53	69	96
81	0.0080	-74	-41	-101
82	0.0081	134	-2	-80
83	0.0082	-83	6	-28
84	0.0083	49	-10	2
85	0.0084	-34	116	69
86	0.0085	13	6	80
87	0.0086	-34	-11	-10
88	0.0087	32	-61	-7
89	0.0088	-44	30	-42
90	0.0089	20	36	75
91	0.0090	-20	67	52
92	0.0091	-21	-97	-20
93	0.0092	-28	-17	5
94	0.0093	-94	-23	46
95	0.0094	2	96	67
96	0.0095	-28	40	-3
97	0.0096	75	13	-29
98	0.0097	-27	-65	-42
99	0.0098	22	-15	-27
100	0.0099	-6	61	-24

电流增量数据 [1000Hz, 10点]
采样序号	时间(s)	A相电流(INT)	B相电流(INT)	C相电流(INT)
1	0.000	-547	2400	-106
2	0.001	230	899	-819
3	0.002	367	1697	-1266
4	0.003	-4	925	-833
5	0.004	-30	1511	-803
6	0.005	-1226	1926	707
7	0.006	-944	2615	131
8	0.007	-886	2918	2
9	0.008	-825	-1692	-69
10	0.009	-653	676	292
================================================================================

=== 采集时间: 2025-12-05 15:24:45 (增量周期: 10.0ms) ===
振动增量数据 [等效10000Hz, 100点]
时序序号	时间(s)	X振动(INT)	Y振动(INT)	Z振动(INT)
1	0.0000	-33	-23	-17
2	0.0001	-16	18	50
3	0.0002	14	-3	60
4	0.0003	41	60	43
5	0.0004	0	-33	5
6	0.0005	19	35	65
7	0.0006	-64	36	40
8	0.0007	15	13	-20
9	0.0008	-16	61	19
10	0.0009	-44	-67	-2
11	0.0010	15	-14	-101
12	0.0011	30	-8	1
13	0.0012	-76	62	61
14	0.0013	32	-21	-15
15	0.0014	-6	-54	-24
16	0.0015	52	-25	23
17	0.0016	-24	28	27
18	0.0017	10	65	37
19	0.0018	37	70	16
20	0.0019	-37	-65	26
21	0.0020	48	19	58
22	0.0021	-64	-8	-41
23	0.0022	35	16	-41
24	0.0023	-79	43	-45
25	0.0024	-8	-49	66
26	0.0025	-42	52	54
27	0.0026	27	-36	75
28	0.0027	45	-7	-51
29	0.0028	40	-58	-31
30	0.0029	57	22	-57
31	0.0030	44	44	-19
32	0.0031	49	47	48
33	0.0032	-21	-34	6
34	0.0033	36	16	-12
35	0.0034	-2	13	-63
36	0.0035	-58	7	65
37	0.0036	-57	54	-6
38	0.0037	-2	-32	-29
39	0.0038	19	83	1
40	0.0039	-23	-15	44
41	0.0040	-44	20	32
42	0.0041	7	-31	-70
43	0.0042	-2	-61	-88
44	0.0043	16	61	75
45	0.0044	-31	10	56
46	0.0045	86	39	-8
47	0.0046	-38	-15	54
48	0.0047	-70	-10	6
49	0.0048	50	61	-21
50	0.0049	-89	-33	61
51	0.0050	-51	-109	-8
52	0.0051	18	62	112
53	0.0052	-75	69	90
54	0.0053	6	-20	-17
55	0.0054	-16	-15	-57
56	0.0055	-7	-62	30
57	0.0056	54	82	53
58	0.0057	15	-11	-76
59	0.0058	10	19	32
60	0.0059	-85	-24	-27
61	0.0060	26	-16	-40
62	0.0061	84	92	33
63	0.0062	46	-2	-2
64	0.0063	-6	19	-25
65	0.0064	-31	-25	-47
66	0.0065	-79	-98	-31
67	0.0066	-19	90	22
68	0.0067	14	-21	43
69	0.0068	-29	32	28
70	0.0069	10	-76	-55
71	0.0070	-105	28	76
72	0.0071	-17	27	65
73	0.0072	5	-7	6
74	0.0073	0	49	16
75	0.0074	65	-34	40
76	0.0075	-53	31	-19
77	0.0076	78	26	-28
78	0.0077	-37	-2	-67
79	0.0078	125	23	-42
80	0.0079	-75	-65	31
81	0.0080	-4	-8	37
82	0.0081	2	108	-10
83	0.0082	-12	-29	14
84	0.0083	62	15	-4
85	0.0084	23	-81	7
86	0.0085	-11	36	1
87	0.0086	-15	15	-32
88	0.0087	-12	49	16
89	0.0088	-31	14	32
90	0.0089	13	2	-51
91	0.0090	45	37	79
92	0.0091	-61	14	10
93	0.0092	20	0	30
94	0.0093	-68	48	-14
95	0.0094	15	-76	0
96	0.0095	-32	31	26
97	0.0096	57	36	67
98	0.0097	-15	-12	-115
99	0.0098	61	-76	-20
100	0.0099	-136	-7	46

电流增量数据 [1000Hz, 10点]
采样序号	时间(s)	A相电流(INT)	B相电流(INT)	C相电流(INT)
1	0.000	32	2506	-763
2	0.001	781	-2066	-918
3	0.002	755	423	-774
4	0.003	120	402	-619
5	0.004	198	514	-621
6	0.005	-749	1001	92
7	0.006	-510	1137	74
8	0.007	-565	1848	-25
9	0.008	-678	667	-139
10	0.009	-451	72	-107
================================================================================

=== 采集时间: 2025-12-05 15:24:46 (增量周期: 10.0ms) ===
振动增量数据 [等效10000Hz, 100点]
时序序号	时间(s)	X振动(INT)	Y振动(INT)	Z振动(INT)
1	0.0000	-17	-61	24
2	0.0001	-54	-15	20
3	0.0002	-38	33	-27
4	0.0003	-62	67	75
5	0.0004	3	45	23
6	0.0005	45	-45	-42
7	0.0006	56	-20	-24
8	0.0007	-11	-8	-24
9	0.0008	84	95	32
10	0.0009	32	-3	-40
11	0.0010	18	-53	-2
12	0.0011	-3	-8	-12
13	0.0012	-125	78	106
14	0.0013	37	64	-24
15	0.0014	-42	-23	-50
16	0.0015	-33	-75	-19
17	0.0016	-64	-36	-123
18	0.0017	-4	19	2
19	0.0018	-51	65	100
20	0.0019	5	-25	53
21	0.0020	69	43	48
22	0.0021	36	-8	26
23	0.0022	109	33	-55
24	0.0023	78	16	-11
25	0.0024	37	-14	-3
26	0.0025	46	65	57
27	0.0026	-64	26	32
28	0.0027	-42	0	-34
29	0.0028	-76	-7	6
30	0.0029	-29	-8	58
31	0.0030	-38	75	75
32	0.0031	20	-16	13
33	0.0032	-6	26	-53
34	0.0033	-4	-42	5
35	0.0034	36	32	26
36	0.0035	23	-3	-25
37	0.0036	46	19	41
38	0.0037	50	16	-40
39	0.0038	27	-37	-40
40	0.0039	5	37	45
41	0.0040	-58	48	138
42	0.0041	-75	53	90
43	0.0042	7	5	-79
44	0.0043	5	-54	-76
45	0.0044	-28	-100	-3
46	0.0045	-29	48	27
47	0.0046	92	223	136
48	0.0047	-28	0	30
49	0.0048	23	-131	-16
50	0.0049	7	-36	-4
51	0.0050	-15	64	28
52	0.0051	54	118	56
53	0.0052	-44	57	191
54	0.0053	-12	-42	1
55	0.0054	-32	-126	-117
56	0.0055	-17	-10	-102
57	0.0056	-31	27	43
58	0.0057	-12	87	-12
59	0.0058	20	-70	56
60	0.0059	-58	-53	37
61	0.0060	49	-42	-53
62	0.0061	66	-25	-40
63	0.0062	-8	-46	-46
64	0.0063	52	86	19
65	0.0064	60	52	0
66	0.0065	78	-2	63
67	0.0066	-37	23	54
68	0.0067	16	6	-44
69	0.0068	5	33	-87
70	0.0069	-62	-14	67
71	0.0070	-47	-7	-74
72	0.0071	52	-8	-34
73	0.0072	-55	-8	5
74	0.0073	-24	-8	2
75	0.0074	104	73	-77
76	0.0075	-36	-53	6
77	0.0076	53	-23	70
78	0.0077	-57	96	-20
79	0.0078	74	-7	87
80	0.0079	-45	58	93
81	0.0080	-23	-106	80
82	0.0081	14	124	91
83	0.0082	-3	-12	-7
84	0.0083	23	-3	-17
85	0.0084	-41	11	-45
86	0.0085	78	-36	-67
87	0.0086	11	48	-67
88	0.0087	18	-29	2
89	0.0088	-84	28	7
90	0.0089	39	-17	-29
91	0.0090	-58	-34	105
92	0.0091	1	13	26
93	0.0092	56	35	-42
94	0.0093	-4	1	88
95	0.0094	10	-17	1
96	0.0095	32	-4	-76
97	0.0096	45	54	-44
98	0.0097	-45	-51	-62
99	0.0098	26	41	7
100	0.0099	1	10	9

电流增量数据 [1000Hz, 10点]
采样序号	时间(s)	A相电流(INT)	B相电流(INT)	C相电流(INT)
1	0.000	276	-1784	416
2	0.001	-3	-1161	834
3	0.002	-105	2285	769
4	0.003	-327	1163	645
5	0.004	-4	232	797
6	0.005	-783	2575	694
7	0.006	621	653	-262
8	0.007	554	-450	-14
9	0.008	751	-1649	519
10	0.009	124	898	730
================================================================================

=== 采集时间: 2025-12-05 15:24:46 (增量周期: 10.0ms) ===
振动增量数据 [等效10000Hz, 100点]
时序序号	时间(s)	X振动(INT)	Y振动(INT)	Z振动(INT)
1	0.0000	-27	-96	-44
2	0.0001	-2	92	32
3	0.0002	-36	24	97
4	0.0003	31	124	46
5	0.0004	-2	-65	-17
6	0.0005	-74	-17	66
7	0.0006	-40	54	83
8	0.0007	27	23	-38
9	0.0008	10	-42	43
10	0.0009	-64	-20	39
11	0.0010	-8	24	-23
12	0.0011	44	79	90
13	0.0012	-33	-81	-46
14	0.0013	148	-49	-72
15	0.0014	30	-33	-89
16	0.0015	46	37	144
17	0.0016	15	158	-96
18	0.0017	82	-89	-19
19	0.0018	-100	19	-37
20	0.0019	28	-112	50
21	0.0020	-2	235	15
22	0.0021	-33	53	202
23	0.0022	-28	40	-3
24	0.0023	-10	-70	-100
25	0.0024	-23	-45	74
26	0.0025	20	143	37
27	0.0026	50	86	92
28	0.0027	23	40	23
29	0.0028	-63	-172	-87
30	0.0029	62	36	-55
31	0.0030	-27	57	75
32	0.0031	56	30	-3
33	0.0032	61	-50	-115
34	0.0033	-10	-31	84
35	0.0034	-80	24	44
36	0.0035	43	100	74
37	0.0036	-27	90	28
38	0.0037	5	-65	84
39	0.0038	-58	15	-11
40	0.0039	67	33	-3
41	0.0040	-91	45	93
42	0.0041	92	7	13
43	0.0042	-20	-7	-24
44	0.0043	60	-53	6
45	0.0044	-62	6	-28
46	0.0045	18	50	96
47	0.0046	-33	73	-31
48	0.0047	77	-61	26
49	0.0048	10	39	10
50	0.0049	-59	-95	-55
51	0.0050	-16	-29	53
52	0.0051	-6	-11	104
53	0.0052	-27	-17	43
54	0.0053	22	61	16
55	0.0054	-7	20	14
56	0.0055	-4	-19	-91
57	0.0056	80	-14	-139
58	0.0057	9	-4	10
59	0.0058	-59	-42	144
60	0.0059	-34	90	96
61	0.0060	-21	-20	46
62	0.0061	-10	13	14
63	0.0062	-63	-76	-40
64	0.0063	24	95	-24
65	0.0064	-10	13	-17
66	0.0065	15	-23	-29
67	0.0066	22	30	-19
68	0.0067	-40	-67	-31
69	0.0068	-38	82	31
70	0.0069	-31	-20	61
71	0.0070	-50	-14	-4
72	0.0071	112	6	-29
73	0.0072	-8	-12	15
74	0.0073	86	60	10
75	0.0074	-31	18	-25
76	0.0075	28	33	2
77	0.0076	-25	11	114
78	0.0077	5	28	45
79	0.0078	56	109	79
80	0.0079	10	1	46
81	0.0080	16	-75	-71
82	0.0081	37	9	-98
83	0.0082	9	10	2
84	0.0083	41	77	-14
85	0.0084	10	-34	49
86	0.0085	-10	27	6
87	0.0086	-17	-14	36
88	0.0087	20	18	-20
89	0.0088	15	3	-50
90	0.0089	0	-23	-14
91	0.0090	-20	-4	31
92	0.0091	20	-6	22
93	0.0092	-53	-10	-17
94	0.0093	35	-81	-37
95	0.0094	-66	33	58
96	0.0095	14	122	144
97	0.0096	-12	70	28
98	0.0097	-51	-102	2
99	0.0098	-2	-36	-10
100	0.0099	-53	-14	9

电流增量数据 [1000Hz, 10点]
采样序号	时间(s)	A相电流(INT)	B相电流(INT)	C相电流(INT)
1	0.000	1106	2471	-694
2	0.001	1078	-748	-102
3	0.002	748	135	175
4	0.003	621	-1272	199
5	0.004	810	814	63
6	0.005	86	1840	-607
7	0.006	5	2099	-869
8	0.007	955	-702	-1079
9	0.008	785	-771	-843
10	0.009	378	432	-771
================================================================================

=== 采集时间: 2025-12-05 15:24:46 (增量周期: 10.0ms) ===
振动增量数据 [等效10000Hz, 100点]
时序序号	时间(s)	X振动(INT)	Y振动(INT)	Z振动(INT)
1	0.0000	-32	75	-17
2	0.0001	24	-68	50
3	0.0002	-19	19	-62
4	0.0003	57	-21	19
5	0.0004	-2	60	-31
6	0.0005	14	-55	-38
7	0.0006	49	77	-45
8	0.0007	-19	-57	-11
9	0.0008	5	2	-34
10	0.0009	-7	10	-2
11	0.0010	-12	-31	9
12	0.0011	-31	43	27
13	0.0012	28	-8	103
14	0.0013	-47	74	30
15	0.0014	45	-23	53
16	0.0015	-74	5	-31
17	0.0016	70	-23	-66
18	0.0017	14	-17	-143
19	0.0018	60	-7	32
20	0.0019	30	50	67
21	0.0020	-17	94	109
22	0.0021	-34	9	22
23	0.0022	-79	-119	-79
24	0.0023	48	-71	-179
25	0.0024	41	20	11
26	0.0025	-27	28	114
27	0.0026	40	150	53
28	0.0027	-40	-6	61
29	0.0028	-63	-92	-74
30	0.0029	32	-57	-80
31	0.0030	-25	65	67
32	0.0031	79	126	63
33	0.0032	-55	30	33
34	0.0033	15	-96	56
35	0.0034	-123	-41	-16
36	0.0035	56	-24	-20
37	0.0036	24	126	-68
38	0.0037	22	-42	82
39	0.0038	-3	43	-42
40	0.0039	71	5	2
41	0.0040	-72	7	49
42	0.0041	31	-12	23
43	0.0042	14	3	-109
44	0.0043	52	-50	-79
45	0.0044	-53	13	-7
46	0.0045	48	39	92
47	0.0046	0	64	54
48	0.0047	50	-51	75
49	0.0048	20	-42	-80
50	0.0049	46	2	-128
51	0.0050	27	7	-29
52	0.0051	6	75	-47
53	0.0052	43	-10	127
54	0.0053	-179	6	153
55	0.0054	39	-11	24
56	0.0055	-123	-12	-38
57	0.0056	-32	-42	-62
58	0.0057	20	0	-114
59	0.0058	14	-14	49
60	0.0059	-6	5	58
61	0.0060	-36	11	7
62	0.0061	86	-37	9
63	0.0062	26	-28	-130
64	0.0063	80	-61	-144
65	0.0064	-46	39	26
66	0.0065	0	22	75
67	0.0066	2	87	-11
68	0.0067	28	19	146
69	0.0068	-83	-21	49
70	0.0069	60	2	-44
71	0.0070	-58	30	5
72	0.0071	-21	16	71
73	0.0072	-36	-4	-68
74	0.0073	67	60	-29
75	0.0074	-37	-42	23
76	0.0075	45	2	28
77	0.0076	33	31	-41
78	0.0077	32	2	-2
79	0.0078	5	-15	-23
80	0.0079	80	15	18
81	0.0080	22	54	78
82	0.0081	101	15	-34
83	0.0082	-42	-24	-62
84	0.0083	3	18	18
85	0.0084	-105	-21	-36
86	0.0085	37	33	11
87	0.0086	-33	13	-19
88	0.0087	-21	-19	30
89	0.0088	24	37	-11
90	0.0089	-21	-46	46
91	0.0090	-41	44	5
92	0.0091	56	-29	-23
93	0.0092	28	47	-34
94	0.0093	19	-40	22
95	0.0094	10	50	16
96	0.0095	32	24	-7
97	0.0096	-31	-44	39
98	0.0097	-31	-4	6
99	0.0098	-71	36	16
100	0.0099	-64	16	26

电流增量数据 [1000Hz, 10点]
采样序号	时间(s)	A相电流(INT)	B相电流(INT)	C相电流(INT)
1	0.000	178	727	-758
2	0.001	84	-992	-903
3	0.002	253	1584	-784
4	0.003	945	545	-971
5	0.004	255	1740	-730
6	0.005	573	-730	-644
7	0.006	-870	227	-51
8	0.007	-763	528	-94
9	0.008	-509	1448	-137
10	0.009	-418	3185	-208
================================================================================

=== 采集时间: 2025-12-05 15:24:47 (增量周期: 10.0ms) ===
振动增量数据 [等效10000Hz, 100点]
时序序号	时间(s)	X振动(INT)	Y振动(INT)	Z振动(INT)
1	0.0000	-50	5	50
2	0.0001	5	88	-15
3	0.0002	35	44	96
4	0.0003	-32	16	-12
5	0.0004	66	-83	-66
6	0.0005	-75	58	32
7	0.0006	-21	-29	-31
8	0.0007	54	64	-83
9	0.0008	-11	-46	156
10	0.0009	-24	-57	13
11	0.0010	-41	-44	-53
12	0.0011	-6	77	43
13	0.0012	-75	-2	-32
14	0.0013	87	-15	-34
15	0.0014	-4	-8	-58
16	0.0015	18	-67	65
17	0.0016	-54	33	-28
18	0.0017	-7	40	58
19	0.0018	-33	65	54
20	0.0019	15	-6	48
21	0.0020	-34	-11	15
22	0.0021	9	-67	-4
23	0.0022	-89	50	127
24	0.0023	61	133	125
25	0.0024	-14	-32	-134
26	0.0025	112	-119	-97
27	0.0026	-58	-91	-130
28	0.0027	53	96	37
29	0.0028	27	125	104
30	0.0029	-23	7	28
31	0.0030	3	-42	-37
32	0.0031	-8	-105	-209
33	0.0032	0	9	-79
34	0.0033	-58	139	189
35	0.0034	-50	58	131
36	0.0035	35	-31	-33
37	0.0036	-4	-108	5
38	0.0037	-47	5	-53
39	0.0038	14	80	-58
40	0.0039	43	26	44
41	0.0040	-37	-50	11
42	0.0041	71	-28	-21
43	0.0042	-92	-10	35
44	0.0043	-23	-2	35
45	0.0044	-2	95	-19
46	0.0045	82	13	35
47	0.0046	0	15	28
48	0.0047	39	-63	-14
49	0.0048	-10	124	39
50	0.0049	46	-15	58
51	0.0050	58	77	-58
52	0.0051	-3	-80	-44
53	0.0052	-16	9	-6
54	0.0053	63	43	-50
55	0.0054	67	86	99
56	0.0055	-79	49	114
57	0.0056	2	-62	-71
58	0.0057	-80	11	-101
59	0.0058	-47	-40	36
60	0.0059	-54	19	73
61	0.0060	-72	37	1
62	0.0061	20	-2	63
63	0.0062	-106	-72	56
64	0.0063	87	75	-24
65	0.0064	-49	-11	19
66	0.0065	61	31	15
67	0.0066	14	-11	-45
68	0.0067	45	-46	103
69	0.0068	-12	57	-61
70	0.0069	97	-21	60
71	0.0070	-51	58	33
72	0.0071	70	28	-40
73	0.0072	5	0	-123
74	0.0073	15	-32	28
75	0.0074	-109	-37	9
76	0.0075	23	82	16
77	0.0076	-70	45	48
78	0.0077	-20	-96	75
79	0.0078	-31	58	-2
80	0.0079	35	-46	10
81	0.0080	-6	1	-62
82	0.0081	44	-15	-19
83	0.0082	-6	-3	5
84	0.0083	33	44	87
85	0.0084	52	22	-36
86	0.0085	2	10	-3
87	0.0086	-23	19	80
88	0.0087	-66	-8	1
89	0.0088	5	28	3
90	0.0089	-44	13	78
91	0.0090	-27	2	48
92	0.0091	22	-12	-89
93	0.0092	35	-54	-27
94	0.0093	-8	43	-10
95	0.0094	50	-10	-3
96	0.0095	-28	60	49
97	0.0096	-17	2	-37
98	0.0097	-16	-71	-102
99	0.0098	22	70	28
100	0.0099	20	-23	20

电流增量数据 [1000Hz, 10点]
采样序号	时间(s)	A相电流(INT)	B相电流(INT)	C相电流(INT)
1	0.000	137	-1088	539
2	0.001	-28	2461	693
3	0.002	-112	-35	648
4	0.003	-635	2106	644
5	0.004	-594	-137	471
6	0.005	-1035	1161	676
7	0.006	724	-1015	147
8	0.007	662	668	-203
9	0.008	851	481	57
10	0.009	284	787	488
================================================================================

=== 采集时间: 2025-12-05 15:24:47 (增量周期: 10.0ms) ===
振动增量数据 [等效10000Hz, 100点]
时序序号	时间(s)	X振动(INT)	Y振动(INT)	Z振动(INT)
1	0.0000	-71	-8	-17
2	0.0001	22	40	-15
3	0.0002	-27	-31	10
4	0.0003	41	-21	13
5	0.0004	71	-11	-93
6	0.0005	11	-14	-28
7	0.0006	62	23	-66
8	0.0007	30	-55	-3
9	0.0008	26	40	109
10	0.0009	10	-7	13
11	0.0010	-4	54	-130
12	0.0011	-47	11	-4
13	0.0012	-102	-11	5
14	0.0013	14	27	3
15	0.0014	-23	13	36
16	0.0015	-23	26	58
17	0.0016	-42	14	71
18	0.0017	-28	-29	-58
19	0.0018	43	-14	-61
20	0.0019	-41	-31	-8
21	0.0020	40	-4	10
22	0.0021	-20	1	13
23	0.0022	36	19	-23
24	0.0023	-59	-17	66
25	0.0024	-25	-8	14
26	0.0025	-55	19	-10
27	0.0026	-58	13	40
28	0.0027	-61	30	-6
29	0.0028	13	-36	-29
30	0.0029	24	-10	-20
31	0.0030	13	-24	39
32	0.0031	-16	54	33
33	0.0032	66	120	150
34	0.0033	-49	-2	16
35	0.0034	133	-79	-141
36	0.0035	-67	-67	22
37	0.0036	41	67	43
38	0.0037	-27	39	-25
39	0.0038	-7	10	35
40	0.0039	-71	-28	20
41	0.0040	-29	-118	-76
42	0.0041	-7	71	-51
43	0.0042	0	44	173
44	0.0043	-34	180	79
45	0.0044	57	-79	-12
46	0.0045	-84	-83	5
47	0.0046	-2	-17	-14
48	0.0047	26	73	-42
49	0.0048	3	92	49
50	0.0049	48	-15	46
51	0.0050	-64	-29	46
52	0.0051	24	30	-53
53	0.0052	-131	-44	-19
54	0.0053	0	54	65
55	0.0054	-42	37	35
56	0.0055	48	43	71
57	0.0056	-8	-32	-45
58	0.0057	13	-74	-122
59	0.0058	-7	94	7
60	0.0059	18	-7	65
61	0.0060	69	41	-62
62	0.0061	95	-65	33
63	0.0062	-79	-59	-23
64	0.0063	36	6	30
65	0.0064	-57	86	11
66	0.0065	15	-15	87
67	0.0066	-6	16	44
68	0.0067	13	-3	19
69	0.0068	-27	50	14
70	0.0069	22	23	-88
71	0.0070	63	-11	-79
72	0.0071	-6	-29	-50
73	0.0072	69	-17	-20
74	0.0073	-44	19	74
75	0.0074	-36	14	56
76	0.0075	45	19	40
77	0.0076	0	-3	-4
78	0.0077	56	-41	-40
79	0.0078	-14	52	-34
80	0.0079	-19	30	-32
81	0.0080	-46	-7	37
82	0.0081	-38	24	79
83	0.0082	-8	14	44
84	0.0083	-4	28	-8
85	0.0084	-20	-33	-58
86	0.0085	3	20	95
87	0.0086	-15	9	13
88	0.0087	63	58	2
89	0.0088	58	11	44
90	0.0089	-53	-50	61
91	0.0090	-7	44	-50
92	0.0091	11	7	10
93	0.0092	-54	7	-37
94	0.0093	26	-41	44
95	0.0094	-138	-17	40
96	0.0095	80	50	5
97	0.0096	-59	3	-23
98	0.0097	78	-4	0
99	0.0098	-27	6	0
100	0.0099	40	0	56

电流增量数据 [1000Hz, 10点]
采样序号	时间(s)	A相电流(INT)	B相电流(INT)	C相电流(INT)
1	0.000	1129	-181	-848
2	0.001	999	-441	-751
3	0.002	661	487	-320
4	0.003	645	634	-3
5	0.004	661	-490	-42
6	0.005	-231	427	-308
7	0.006	431	-206	-1073
8	0.007	561	4405	-1324
9	0.008	-13	1351	-790
10	0.009	1020	1365	-867
================================================================================

=== 采集时间: 2025-12-05 15:24:48 (增量周期: 10.0ms) ===
振动增量数据 [等效10000Hz, 100点]
时序序号	时间(s)	X振动(INT)	Y振动(INT)	Z振动(INT)
1	0.0000	-41	19	-61
2	0.0001	44	49	60
3	0.0002	19	-19	-64
4	0.0003	109	-44	-46
5	0.0004	23	2	20
6	0.0005	-7	19	74
7	0.0006	-8	41	18
8	0.0007	5	92	65
9	0.0008	-2	-2	41
10	0.0009	-54	-12	16
11	0.0010	6	-19	-105
12	0.0011	-88	-37	-7
13	0.0012	-21	28	32
14	0.0013	7	-23	-37
15	0.0014	-54	-66	-58
16	0.0015	26	7	44
17	0.0016	-102	31	28
18	0.0017	104	78	75
19	0.0018	-28	14	76
20	0.0019	65	-49	112
21	0.0020	-40	39	-4
22	0.0021	91	47	54
23	0.0022	-57	113	13
24	0.0023	71	-2	54
25	0.0024	-25	-10	-102
26	0.0025	13	-96	-15
27	0.0026	-53	36	18
28	0.0027	-50	-46	-20
29	0.0028	1	71	-21
30	0.0029	-36	-65	83
31	0.0030	-12	35	-20
32	0.0031	32	-12	-16
33	0.0032	48	35	16
34	0.0033	22	3	10
35	0.0034	83	26	0
36	0.0035	15	54	5
37	0.0036	-50	-16	46
38	0.0037	-57	3	41
39	0.0038	-29	3	-50
40	0.0039	56	-12	-102
41	0.0040	-19	-66	5
42	0.0041	11	-12	71
43	0.0042	9	173	63
44	0.0043	56	94	101
45	0.0044	-49	-104	-23
46	0.0045	27	-122	-98
47	0.0046	15	16	-34
48	0.0047	52	103	87
49	0.0048	3	61	39
50	0.0049	40	-32	7
51	0.0050	15	155	37
52	0.0051	-11	103	144
53	0.0052	-63	-36	-74
54	0.0053	-93	-173	-24
55	0.0054	-81	10	-2
56	0.0055	9	114	103
57	0.0056	58	142	69
58	0.0057	61	-61	-66
59	0.0058	2	-59	22
60	0.0059	-85	-21	41
61	0.0060	-4	39	-32
62	0.0061	54	70	31
63	0.0062	-12	-41	76
64	0.0063	5	6	43
65	0.0064	40	35	-42
66	0.0065	-23	19	60
67	0.0066	-38	53	113
68	0.0067	73	-14	-74
69	0.0068	-20	-23	-11
70	0.0069	-34	-27	-58
71	0.0070	7	41	-76
72	0.0071	24	40	41
73	0.0072	15	-95	-47
74	0.0073	19	-48	69
75	0.0074	-128	9	71
76	0.0075	-27	113	71
77	0.0076	61	56	-2
78	0.0077	53	-44	-64
79	0.0078	54	-98	-61
80	0.0079	-14	-8	0
81	0.0080	-31	10	-10
82	0.0081	-63	83	63
83	0.0082	-33	64	78
84	0.0083	40	24	-23
85	0.0084	7	-45	26
86	0.0085	-29	3	19
87	0.0086	-34	14	-11
88	0.0087	90	50	-25
89	0.0088	-58	-54	19
90	0.0089	79	86	57
91	0.0090	-62	7	52
92	0.0091	-2	18	41
93	0.0092	-8	-19	-37
94	0.0093	35	22	-10
95	0.0094	-32	47	33
96	0.0095	-8	33	100
97	0.0096	-54	36	67
98	0.0097	-28	1	79
99	0.0098	62	53	70
100	0.0099	54	-3	-41

电流增量数据 [1000Hz, 10点]
采样序号	时间(s)	A相电流(INT)	B相电流(INT)	C相电流(INT)
1	0.000	749	-92	-690
2	0.001	1197	-1790	-857
3	0.002	567	-791	-506
4	0.003	581	2498	-85
5	0.004	717	-231	406
6	0.005	259	1989	-753
7	0.006	1092	1808	-1510
8	0.007	30	1684	-848
9	0.008	755	630	-1049
10	0.009	338	-35	-555
================================================================================

=== 采集时间: 2025-12-05 15:24:48 (增量周期: 10.0ms) ===
振动增量数据 [等效10000Hz, 100点]
时序序号	时间(s)	X振动(INT)	Y振动(INT)	Z振动(INT)
1	0.0000	31	24	36
2	0.0001	48	33	70
3	0.0002	-12	-121	-61
4	0.0003	40	26	-46
5	0.0004	-58	74	19
6	0.0005	5	37	61
7	0.0006	0	62	-15
8	0.0007	22	-179	-71
9	0.0008	-76	-32	27
10	0.0009	-12	88	103
11	0.0010	-24	148	32
12	0.0011	75	-19	-17
13	0.0012	15	-55	-33
14	0.0013	-3	-70	-7
15	0.0014	77	125	-6
16	0.0015	-36	56	92
17	0.0016	15	35	45
18	0.0017	-7	11	-62
19	0.0018	-12	-121	31
20	0.0019	-36	44	-31
21	0.0020	50	41	1
22	0.0021	-78	71	95
23	0.0022	66	-17	-47
24	0.0023	-23	-41	-15
25	0.0024	-47	53	123
26	0.0025	-47	-15	13
27	0.0026	96	64	7
28	0.0027	-10	1	37
29	0.0028	-12	-27	54
30	0.0029	26	30	0
31	0.0030	-20	-19	-33
32	0.0031	-17	-20	36
33	0.0032	92	36	-107
34	0.0033	36	-68	-50
35	0.0034	36	39	49
36	0.0035	-38	-8	9
37	0.0036	67	96	13
38	0.0037	-27	1	46
39	0.0038	1	-33	15
40	0.0039	-6	71	-8
41	0.0040	28	-3	37
42	0.0041	-44	45	11
43	0.0042	56	14	19
44	0.0043	-70	24	-8
45	0.0044	-2	-68	103
46	0.0045	-61	15	-105
47	0.0046	16	-75	-50
48	0.0047	-17	70	-83
49	0.0048	74	-74	40
50	0.0049	10	54	-17
51	0.0050	2	9	91
52	0.0051	-75	-37	-47
53	0.0052	93	30	57
54	0.0053	-114	27	24
55	0.0054	43	20	53
56	0.0055	-51	73	-33
57	0.0056	56	-113	-174
58	0.0057	19	-63	-121
59	0.0058	-4	27	136
60	0.0059	-40	159	125
61	0.0060	32	27	-19
62	0.0061	-28	-102	-45
63	0.0062	84	-54	-32
64	0.0063	-64	35	84
65	0.0064	82	77	-24
66	0.0065	69	-10	-100
67	0.0066	-14	-71	-44
68	0.0067	-34	-106	-66
69	0.0068	37	69	6
70	0.0069	24	104	22
71	0.0070	0	-33	23
72	0.0071	-101	-44	44
73	0.0072	-46	-36	18
74	0.0073	-70	105	16
75	0.0074	54	15	52
76	0.0075	18	13	-10
77	0.0076	101	-54	-49
78	0.0077	2	16	-92
79	0.0078	41	7	24
80	0.0079	-29	60	-55
81	0.0080	33	-38	26
82	0.0081	-8	45	-29
83	0.0082	-50	-162	-29
84	0.0083	-41	103	63
85	0.0084	-42	-37	90
86	0.0085	52	90	-8
87	0.0086	52	-36	30
88	0.0087	-94	-54	24
89	0.0088	-51	60	27
90	0.0089	-19	53	15
91	0.0090	-29	26	69
92	0.0091	27	-19	80
93	0.0092	-71	28	2
94	0.0093	44	24	24
95	0.0094	-64	2	-14
96	0.0095	24	-46	-32
97	0.0096	22	50	-31
98	0.0097	10	-92	-59
99	0.0098	87	74	15
100	0.0099	-61	-12	103

电流增量数据 [1000Hz, 10点]
采样序号	时间(s)	A相电流(INT)	B相电流(INT)	C相电流(INT)
1	0.000	-631	-904	339
2	0.001	-700	-362	-64
3	0.002	-2	83	-429
4	0.003	-111	-1592	-440
5	0.004	5	856	-514
6	0.005	-253	-93	627
7	0.006	-633	1895	684
8	0.007	-526	-537	608
9	0.008	-861	-916	792
10	0.009	-657	-65	523
================================================================================

=== 采集时间: 2025-12-05 15:24:48 (增量周期: 10.0ms) ===
振动增量数据 [等效10000Hz, 100点]
时序序号	时间(s)	X振动(INT)	Y振动(INT)	Z振动(INT)
1	0.0000	9	27	-32
2	0.0001	-11	22	-3
3	0.0002	27	-20	-68
4	0.0003	27	-25	-7
5	0.0004	-74	-50	19
6	0.0005	-29	70	79
7	0.0006	-75	111	15
8	0.0007	50	-7	16
9	0.0008	-11	-24	27
10	0.0009	24	-125	-32
11	0.0010	113	121	-34
12	0.0011	35	33	75
13	0.0012	16	73	54
14	0.0013	65	1	-29
15	0.0014	-37	-68	46
16	0.0015	-12	-44	-147
17	0.0016	37	128	9
18	0.0017	-61	48	168
19	0.0018	-58	9	52
20	0.0019	23	-58	-76
21	0.0020	-32	-2	14
22	0.0021	-80	13	113
23	0.0022	78	70	27
24	0.0023	49	122	60
25	0.0024	3	-76	82
26	0.0025	23	22	-74
27	0.0026	53	67	62
28	0.0027	-58	-2	-7
29	0.0028	50	27	-4
30	0.0029	-49	-20	23
31	0.0030	-37	-36	27
32	0.0031	-40	61	114
33	0.0032	61	27	105
34	0.0033	20	35	13
35	0.0034	53	-93	-36
36	0.0035	-4	15	-110
37	0.0036	30	22	-14
38	0.0037	32	33	-36
39	0.0038	103	19	48
40	0.0039	-55	-48	133
41	0.0040	-71	32	1
42	0.0041	86	50	-40
43	0.0042	-105	16	90
44	0.0043	9	-38	-2
45	0.0044	49	15	-109
46	0.0045	-23	-11	13
47	0.0046	-84	1	37
48	0.0047	-72	-11	-25
49	0.0048	70	57	45
50	0.0049	-91	-40	112
51	0.0050	45	35	-42
52	0.0051	37	9	10
53	0.0052	54	-23	-94
54	0.0053	-16	-4	46
55	0.0054	-61	10	93
56	0.0055	15	16	-6
57	0.0056	-17	64	-23
58	0.0057	-101	-59	80
59	0.0058	-64	5	-55
60	0.0059	33	33	-68
61	0.0060	-45	6	116
62	0.0061	-6	-11	13
63	0.0062	35	13	-46
64	0.0063	-14	-6	96
65	0.0064	23	19	-33
66	0.0065	126	-29	-38
67	0.0066	9	28	2
68	0.0067	52	-84	-33
69	0.0068	2	83	-7
70	0.0069	14	48	46
71	0.0070	-108	-12	109
72	0.0071	19	53	-3
73	0.0072	-19	11	-34
74	0.0073	-40	-16	45
75	0.0074	-57	11	32
76	0.0075	-71	-12	20
77	0.0076	-7	57	11
78	0.0077	-27	-54	-50
79	0.0078	31	35	76
80	0.0079	-80	-51	18
81	0.0080	32	-46	-37
82	0.0081	0	66	43
83	0.0082	-3	5	36
84	0.0083	-51	43	74
85	0.0084	46	2	71
86	0.0085	-119	-51	15
87	0.0086	114	5	-57
88	0.0087	-75	11	-40
89	0.0088	43	16	-19
90	0.0089	-21	6	-59
91	0.0090	-17	-126	-71
92	0.0091	-58	-10	117
93	0.0092	-33	88	88
94	0.0093	87	117	-10
95	0.0094	-10	-49	58
96	0.0095	-25	-105	-28
97	0.0096	-16	-8	-152
98	0.0097	36	47	-46
99	0.0098	-62	73	69
100	0.0099	14	-7	83

电流增量数据 [1000Hz, 10点]
采样序号	时间(s)	A相电流(INT)	B相电流(INT)	C相电流(INT)
1	0.000	-762	1341	-161
2	0.001	-597	-174	-147
3	0.002	-158	1711	-489
4	0.003	146	1292	-445
5	0.004	364	1582	-1067
6	0.005	-1055	-210	611
7	0.006	-677	-1762	645
8	0.007	-748	28	631
9	0.008	-658	-1439	158
10	0.009	-524	1687	-212
================================================================================

=== 采集时间: 2025-12-05 15:24:49 (增量周期: 10.0ms) ===
振动增量数据 [等效10000Hz, 100点]
时序序号	时间(s)	X振动(INT)	Y振动(INT)	Z振动(INT)
1	0.0000	-29	-71	-94
2	0.0001	52	37	1
3	0.0002	3	87	63
4	0.0003	-45	-4	120
5	0.0004	31	-33	-68
6	0.0005	-50	-75	-40
7	0.0006	-31	-7	61
8	0.0007	-24	114	-3
9	0.0008	45	-8	-4
10	0.0009	-40	-58	-27
11	0.0010	2	-51	-47
12	0.0011	-46	13	-14
13	0.0012	-11	103	54
14	0.0013	62	7	61
15	0.0014	13	18	-28
16	0.0015	45	-74	-75
17	0.0016	-33	-10	-23
18	0.0017	23	56	-68
19	0.0018	30	58	40
20	0.0019	-34	-45	27
21	0.0020	-28	-66	-14
22	0.0021	-70	-3	53
23	0.0022	16	50	22
24	0.0023	27	62	84
25	0.0024	73	15	15
26	0.0025	-41	-33	24
27	0.0026	-7	27	7
28	0.0027	-50	9	23
29	0.0028	20	86	30
30	0.0029	-15	-62	7
31	0.0030	-19	-4	50
32	0.0031	-57	-20	48
33	0.0032	11	10	-53
34	0.0033	28	57	5
35	0.0034	-21	-63	0
36	0.0035	44	13	-53
37	0.0036	39	-2	-119
38	0.0037	-74	32	69
39	0.0038	-3	54	41
40	0.0039	24	-36	-37
41	0.0040	10	35	71
42	0.0041	-29	-17	37
43	0.0042	60	54	-29
44	0.0043	-79	2	65
45	0.0044	36	-17	11
46	0.0045	53	19	-152
47	0.0046	80	-36	46
48	0.0047	-91	20	93
49	0.0048	65	19	18
50	0.0049	3	47	-124
51	0.0050	-44	14	53
52	0.0051	43	23	-31
53	0.0052	26	32	-40
54	0.0053	5	-24	53
55	0.0054	-64	-7	39
56	0.0055	61	10	49
57	0.0056	-33	94	-3
58	0.0057	46	-67	-17
59	0.0058	11	32	-29
60	0.0059	23	-19	49
61	0.0060	-58	43	-14
62	0.0061	71	23	-32
63	0.0062	11	9	-25
64	0.0063	-2	-19	31
65	0.0064	60	35	6
66	0.0065	-8	-2	44
67	0.0066	-10	9	6
68	0.0067	35	-19	-3
69	0.0068	13	24	26
70	0.0069	26	2	14
71	0.0070	-7	-8	-14
72	0.0071	14	45	49
73	0.0072	-41	97	157
74	0.0073	41	5	-93
75	0.0074	36	-7	-3
76	0.0075	-85	-80	-6
77	0.0076	19	33	-31
78	0.0077	24	131	44
79	0.0078	-36	95	287
80	0.0079	-63	-7	31
81	0.0080	61	-96	-147
82	0.0081	-36	-59	-19
83	0.0082	2	19	16
84	0.0083	54	150	86
85	0.0084	10	6	92
86	0.0085	-93	-140	7
87	0.0086	5	18	-49
88	0.0087	-10	60	-87
89	0.0088	35	-19	23
90	0.0089	-19	28	-31
91	0.0090	103	-3	-44
92	0.0091	-46	19	138
93	0.0092	-57	39	187
94	0.0093	6	73	0
95	0.0094	93	69	-122
96	0.0095	-28	-121	-57
97	0.0096	22	41	41
98	0.0097	24	44	15
99	0.0098	-50	83	234
100	0.0099	-27	23	70

电流增量数据 [1000Hz, 10点]
采样序号	时间(s)	A相电流(INT)	B相电流(INT)	C相电流(INT)
1	0.000	971	-761	-697
2	0.001	504	2616	-336
3	0.002	525	37	6
4	0.003	758	1799	333
5	0.004	311	-693	432
6	0.005	193	980	-892
7	0.006	42	703	-905
8	0.007	276	1672	-756
9	0.008	531	1305	-535
10	0.009	404	1235	-569
================================================================================

=== 采集时间: 2025-12-05 15:24:49 (增量周期: 10.0ms) ===
振动增量数据 [等效10000Hz, 100点]
时序序号	时间(s)	X振动(INT)	Y振动(INT)	Z振动(INT)
1	0.0000	6	0	-29
2	0.0001	26	49	-40
3	0.0002	-24	39	19
4	0.0003	-37	24	123
5	0.0004	35	-7	35
6	0.0005	1	-21	-8
7	0.0006	-62	30	66
8	0.0007	-19	90	2
9	0.0008	-8	5	-37
10	0.0009	28	-42	-19
11	0.0010	0	-6	-12
12	0.0011	63	47	110
13	0.0012	-29	64	92
14	0.0013	103	6	-24
15	0.0014	-7	11	-37
16	0.0015	109	-36	-72
17	0.0016	26	45	-15
18	0.0017	83	35	-31
19	0.0018	-75	19	9
20	0.0019	-46	-50	103
21	0.0020	-87	37	-42
22	0.0021	-24	-7	48
23	0.0022	-61	56	44
24	0.0023	33	-49	-24
25	0.0024	-53	-33	-3
26	0.0025	49	-11	-40
27	0.0026	-14	27	0
28	0.0027	6	19	91
29	0.0028	33	40	-42
30	0.0029	11	-79	-57
31	0.0030	69	28	20
32	0.0031	-49	-12	27
33	0.0032	113	57	-45
34	0.0033	-44	18	50
35	0.0034	-74	-53	62
36	0.0035	5	37	-139
37	0.0036	-29	3	82
38	0.0037	-58	83	92
39	0.0038	-15	-23	2
40	0.0039	70	-4	-118
41	0.0040	-3	-91	70
42	0.0041	-151	71	58
43	0.0042	78	77	7
44	0.0043	-87	-24	-14
45	0.0044	26	-117	-61
46	0.0045	-12	-14	-25
47	0.0046	74	50	99
48	0.0047	11	57	36
49	0.0048	18	30	27
50	0.0049	-128	-71	48
51	0.0050	28	39	-27
52	0.0051	-102	2	-3
53	0.0052	74	5	44
54	0.0053	-105	-11	61
55	0.0054	56	108	140
56	0.0055	-92	94	19
57	0.0056	36	-155	-38
58	0.0057	5	-36	-238
59	0.0058	13	-67	37
60	0.0059	53	164	58
61	0.0060	3	45	125
62	0.0061	22	151	44
63	0.0062	45	-59	6
64	0.0063	-42	-58	-25
65	0.0064	20	-32	-85
66	0.0065	-6	75	80
67	0.0066	-58	130	91
68	0.0067	32	-58	-6
69	0.0068	-117	-78	22
70	0.0069	-31	-19	65
71	0.0070	-17	58	-83
72	0.0071	91	70	-12
73	0.0072	28	-67	-2
74	0.0073	-37	-29	41
75	0.0074	66	47	-134
76	0.0075	-81	18	-14
77	0.0076	45	14	69
78	0.0077	-49	-28	-101
79	0.0078	93	-50	5
80	0.0079	-75	7	-42
81	0.0080	0	-14	30
82	0.0081	-29	105	70
83	0.0082	15	-27	14
84	0.0083	-14	11	16
85	0.0084	-28	-50	28
86	0.0085	-15	39	-81
87	0.0086	2	-12	86
88	0.0087	14	126	147
89	0.0088	-12	5	87
90	0.0089	43	-36	-29
91	0.0090	-110	-79	-96
92	0.0091	33	62	-2
93	0.0092	32	122	-38
94	0.0093	112	-3	61
95	0.0094	-45	-34	84
96	0.0095	-17	-50	-28
97	0.0096	-54	36	-85
98	0.0097	71	61	67
99	0.0098	-130	66	142
100	0.0099	125	-44	-38

电流增量数据 [1000Hz, 10点]
采样序号	时间(s)	A相电流(INT)	B相电流(INT)	C相电流(INT)
1	0.000	-115	-1107	518
2	0.001	109	2594	689
3	0.002	-328	-356	1094
4	0.003	-865	1093	1144
5	0.004	-641	-85	751
6	0.005	-663	471	758
7	0.006	611	-755	-255
8	0.007	505	-105	-114
9	0.008	507	521	92
10	0.009	770	82	48
================================================================================

=== 采集时间: 2025-12-05 15:24:49 (增量周期: 10.0ms) ===
振动增量数据 [等效10000Hz, 100点]
时序序号	时间(s)	X振动(INT)	Y振动(INT)	Z振动(INT)
1	0.0000	-93	5	156
2	0.0001	-27	41	2
3	0.0002	18	-25	-126
4	0.0003	40	-36	-34
5	0.0004	13	-91	-67
6	0.0005	2	40	11
7	0.0006	-17	70	117
8	0.0007	-3	57	40
9	0.0008	-50	-118	-36
10	0.0009	-41	-114	-80
11	0.0010	-3	-19	-67
12	0.0011	30	84	5
13	0.0012	-27	184	210
14	0.0013	-4	24	69
15	0.0014	35	-83	-46
16	0.0015	-44	-119	-4
17	0.0016	-2	146	35
18	0.0017	73	158	74
19	0.0018	-6	61	71
20	0.0019	-12	-140	41
21	0.0020	13	-76	-59
22	0.0021	-10	-37	-110
23	0.0022	120	84	-29
24	0.0023	-53	27	41
25	0.0024	124	-17	-55
26	0.0025	-38	0	120
27	0.0026	-59	31	138
28	0.0027	-15	109	-37
29	0.0028	-51	-4	58
30	0.0029	-119	-85	-2
31	0.0030	37	-7	-106
32	0.0031	-17	60	10
33	0.0032	-10	32	146
34	0.0033	-3	-2	53
35	0.0034	70	-6	6
36	0.0035	14	-40	-77
37	0.0036	97	-19	-123
38	0.0037	11	58	44
39	0.0038	63	24	44
40	0.0039	-7	-24	-36
41	0.0040	75	-37	-24
42	0.0041	-147	-19	76
43	0.0042	35	50	-115
44	0.0043	-3	70	-62
45	0.0044	-42	-2	95
46	0.0045	-4	3	18
47	0.0046	-27	-51	56
48	0.0047	16	-6	-89
49	0.0048	28	-48	-91
50	0.0049	26	-15	-97
51	0.0050	-11	2	-75
52	0.0051	11	9	30
53	0.0052	-10	-19	-7
54	0.0053	33	-12	31
55	0.0054	-8	45	84
56	0.0055	2	1	-4
57	0.0056	-2	36	-20
58	0.0057	3	-12	-28
59	0.0058	-21	-3	39
60	0.0059	-50	-6	14
61	0.0060	-20	-10	23
62	0.0061	-24	-3	60
63	0.0062	-46	-65	40
64	0.0063	-12	35	-64
65	0.0064	-27	-12	33
66	0.0065	-66	27	3
67	0.0066	40	15	52
68	0.0067	67	13	2
69	0.0068	32	-31	9
70	0.0069	-11	9	-2
71	0.0070	3	35	6
72	0.0071	2	91	61
73	0.0072	-16	6	37
74	0.0073	43	2	-41
75	0.0074	50	-102	-63
76	0.0075	0	13	-47
77	0.0076	57	82	52
78	0.0077	13	80	-15
79	0.0078	16	-61	-40
80	0.0079	-83	-65	-14
81	0.0080	-33	-33	52
82	0.0081	35	73	18
83	0.0082	33	37	92
84	0.0083	108	13	0
85	0.0084	-28	-20	-2
86	0.0085	11	30	1
87	0.0086	-72	54	15
88	0.0087	40	-19	-32
89	0.0088	27	-49	-110
90	0.0089	37	-105	-27
91	0.0090	-33	75	133
92	0.0091	-11	287	177
93	0.0092	36	100	159
94	0.0093	-17	-178	-136
95	0.0094	-3	-217	-124
96	0.0095	26	117	-12
97	0.0096	44	134	35
98	0.0097	96	114	70
99	0.0098	-11	-92	19
100	0.0099	2	-155	-134

电流增量数据 [1000Hz, 10点]
采样序号	时间(s)	A相电流(INT)	B相电流(INT)	C相电流(INT)
1	0.000	164	-56	-1058
2	0.001	531	-538	-916
3	0.002	159	-223	-918
4	0.003	160	3845	-713
5	0.004	345	721	-522
6	0.005	-1156	1687	267
7	0.006	-653	1038	194
8	0.007	-675	1184	241
9	0.008	-631	187	-176
10	0.009	-641	324	-344
================================================================================

=== 采集时间: 2025-12-05 15:24:50 (增量周期: 10.0ms) ===
振动增量数据 [等效10000Hz, 100点]
时序序号	时间(s)	X振动(INT)	Y振动(INT)	Z振动(INT)
1	0.0000	36	41	101
2	0.0001	20	-67	-137
3	0.0002	67	-23	-63
4	0.0003	-2	69	108
5	0.0004	19	-11	22
6	0.0005	74	73	-8
7	0.0006	73	-76	-51
8	0.0007	44	-74	-187
9	0.0008	73	-24	-55
10	0.0009	-87	96	65
11	0.0010	-57	-4	69
12	0.0011	-67	50	-10
13	0.0012	-78	-112	66
14	0.0013	-42	97	153
15	0.0014	-70	-65	5
16	0.0015	58	49	-79
17	0.0016	52	-32	-49
18	0.0017	56	23	-17
19	0.0018	33	99	123
20	0.0019	-32	6	95
21	0.0020	-19	-15	-25
22	0.0021	60	18	-4
23	0.0022	-78	-33	52
24	0.0023	50	47	43
25	0.0024	-38	45	-29
26	0.0025	-24	-46	41
27	0.0026	-40	23	-11
28	0.0027	-21	-71	-2
29	0.0028	5	109	53
30	0.0029	30	-25	43
31	0.0030	97	36	-67
32	0.0031	67	-8	54
33	0.0032	-38	-3	-20
34	0.0033	78	53	-64
35	0.0034	13	2	44
36	0.0035	-54	-33	45
37	0.0036	2	16	-76
38	0.0037	-29	35	30
39	0.0038	-106	-19	79
40	0.0039	-6	26	-29
41	0.0040	-33	-46	10
42	0.0041	-125	-32	65
43	0.0042	-45	-75	-25
44	0.0043	0	101	44
45	0.0044	-21	-65	33
46	0.0045	74	-7	-3
47	0.0046	-29	-40	-17
48	0.0047	41	19	2
49	0.0048	-36	39	6
50	0.0049	87	16	16
51	0.0050	-76	33	16
52	0.0051	73	-42	24
53	0.0052	-58	53	-100
54	0.0053	10	0	15
55	0.0054	-105	10	14
56	0.0055	-6	-12	-34
57	0.0056	5	61	70
58	0.0057	-58	37	144
59	0.0058	-21	37	91
60	0.0059	11	-10	-11
61	0.0060	-81	22	39
62	0.0061	-29	33	70
63	0.0062	-70	-8	-51
64	0.0063	61	28	83
65	0.0064	-62	32	45
66	0.0065	-28	19	74
67	0.0066	-2	109	66
68	0.0067	-88	-75	-31
69	0.0068	37	-76	-140
70	0.0069	22	-54	-71
71	0.0070	-6	66	118
72	0.0071	20	79	61
73	0.0072	20	5	31
74	0.0073	-41	-33	80
75	0.0074	-58	-32	69
76	0.0075	7	86	-4
77	0.0076	30	70	2
78	0.0077	-32	-42	54
79	0.0078	-12	60	36
80	0.0079	-37	28	104
81	0.0080	-57	-50	-57
82	0.0081	49	-7	-76
83	0.0082	-6	-51	-134
84	0.0083	138	-31	-104
85	0.0084	61	-75	-34
86	0.0085	2	52	33
87	0.0086	41	208	193
88	0.0087	-11	-55	-45
89	0.0088	-29	-104	-36
90	0.0089	-57	-45	-85
91	0.0090	-16	86	-40
92	0.0091	107	185	58
93	0.0092	-94	-49	195
94	0.0093	75	-20	-61
95	0.0094	-75	-123	-117
96	0.0095	-58	-14	-37
97	0.0096	-17	131	82
98	0.0097	-29	48	48
99	0.0098	122	13	86
100	0.0099	-128	-155	142

电流增量数据 [1000Hz, 10点]
采样序号	时间(s)	A相电流(INT)	B相电流(INT)	C相电流(INT)
1	0.000	639	-1638	-249
2	0.001	562	-1464	27
3	0.002	900	-2340	-58
4	0.003	806	-1179	394
5	0.004	178	-103	663
6	0.005	-3	1024	573
7	0.006	567	-373	-808
8	0.007	607	-913	-666
9	0.008	849	-1228	-838
10	0.009	716	2718	-28
================================================================================

=== 采集时间: 2025-12-05 15:24:50 (增量周期: 10.0ms) ===
振动增量数据 [等效10000Hz, 100点]
时序序号	时间(s)	X振动(INT)	Y振动(INT)	Z振动(INT)
1	0.0000	-25	-11	-29
2	0.0001	62	-15	-44
3	0.0002	62	1	-16
4	0.0003	41	-17	-15
5	0.0004	139	2	-59
6	0.0005	20	-24	-62
7	0.0006	-44	-44	-23
8	0.0007	2	67	-37
9	0.0008	-58	14	41
10	0.0009	1	27	79
11	0.0010	-23	7	118
12	0.0011	-28	-25	35
13	0.0012	-6	-12	-81
14	0.0013	5	23	-36
15	0.0014	-28	15	6
16	0.0015	32	50	-6
17	0.0016	65	-17	18
18	0.0017	28	-25	-28
19	0.0018	-6	-19	30
20	0.0019	37	99	16
21	0.0020	-7	32	16
22	0.0021	-12	20	39
23	0.0022	-63	-8	32
24	0.0023	-46	-63	-3
25	0.0024	22	44	2
26	0.0025	-31	-53	-40
27	0.0026	13	-7	-14
28	0.0027	-66	91	131
29	0.0028	-45	171	190
30	0.0029	-6	-17	-15
31	0.0030	-34	-157	-49
32	0.0031	30	-8	-50
33	0.0032	9	0	-21
34	0.0033	33	117	23
35	0.0034	-8	33	112
36	0.0035	-40	-61	40
37	0.0036	-33	-93	-83
38	0.0037	88	-7	-104
39	0.0038	84	84	-20
40	0.0039	-2	-21	41
41	0.0040	78	-10	-83
42	0.0041	-37	-41	-25
43	0.0042	-58	-29	-7
44	0.0043	-51	11	33
45	0.0044	18	75	75
46	0.0045	-19	37	19
47	0.0046	-10	-10	13
48	0.0047	-33	-15	13
49	0.0048	-7	16	54
50	0.0049	-27	107	110
51	0.0050	-8	-8	32
52	0.0051	19	1	-121
53	0.0052	-46	-122	-29
54	0.0053	0	56	46
55	0.0054	97	92	48
56	0.0055	41	33	-25
57	0.0056	-34	-62	50
58	0.0057	-47	-46	-97
59	0.0058	26	53	-68
60	0.0059	79	75	15
61	0.0060	79	-15	-71
62	0.0061	31	-10	44
63	0.0062	-44	14	84
64	0.0063	70	48	-23
65	0.0064	-17	39	-17
66	0.0065	10	-49	24
67	0.0066	-20	83	-66
68	0.0067	13	-14	50
69	0.0068	-121	30	99
70	0.0069	23	-11	10
71	0.0070	-55	35	3
72	0.0071	-25	-2	144
73	0.0072	-32	-40	-31
74	0.0073	41	35	99
75	0.0074	-23	33	30
76	0.0075	41	-3	33
77	0.0076	-31	13	-46
78	0.0077	-2	-28	16
79	0.0078	-71	36	19
80	0.0079	11	-23	13
81	0.0080	-33	22	-6
82	0.0081	-2	-15	13
83	0.0082	32	41	6
84	0.0083	-12	44	39
85	0.0084	40	58	44
86	0.0085	7	23	-44
87	0.0086	32	-4	60
88	0.0087	-47	6	7
89	0.0088	44	-41	27
90	0.0089	14	48	11
91	0.0090	71	37	24
92	0.0091	-10	37	28
93	0.0092	6	-7	-29
94	0.0093	-27	-91	-143
95	0.0094	60	47	7
96	0.0095	-66	64	91
97	0.0096	-21	14	74
98	0.0097	-20	33	9
99	0.0098	-81	-132	20
100	0.0099	-28	60	73

电流增量数据 [1000Hz, 10点]
采样序号	时间(s)	A相电流(INT)	B相电流(INT)	C相电流(INT)
1	0.000	266	-417	-1025
2	0.001	463	-94	-820
3	0.002	492	1911	-774
4	0.003	767	962	-766
5	0.004	1083	133	-951
6	0.005	612	2093	-37
7	0.006	-649	503	-76
8	0.007	-520	868	-202
9	0.008	-140	3	-604
10	0.009	-159	1616	-349
================================================================================

=== 采集时间: 2025-12-05 15:24:50 (增量周期: 10.0ms) ===
振动增量数据 [等效10000Hz, 100点]
时序序号	时间(s)	X振动(INT)	Y振动(INT)	Z振动(INT)
1	0.0000	-66	13	99
2	0.0001	32	58	2
3	0.0002	-6	18	-31
4	0.0003	11	9	39
5	0.0004	31	7	-63
6	0.0005	80	6	-58
7	0.0006	26	-10	-53
8	0.0007	-34	-49	58
9	0.0008	36	84	36
10	0.0009	-29	-20	-15
11	0.0010	66	0	-24
12	0.0011	-53	5	1
13	0.0012	11	9	7
14	0.0013	-36	75	40
15	0.0014	16	-6	41
16	0.0015	-15	15	-4
17	0.0016	-36	-32	40
18	0.0017	35	-44	-81
19	0.0018	-21	-78	-21
20	0.0019	19	50	63
21	0.0020	20	125	164
22	0.0021	46	43	-46
23	0.0022	19	-182	-137
24	0.0023	-75	-76	-21
25	0.0024	37	79	-4
26	0.0025	-19	94	78
27	0.0026	41	126	138
28	0.0027	5	-105	-57
29	0.0028	1	-98	-100
30	0.0029	2	-44	-34
31	0.0030	-19	41	-42
32	0.0031	44	92	15
33	0.0032	-17	-87	6
34	0.0033	-40	-8	-4
35	0.0034	-57	3	49
36	0.0035	-75	86	73
37	0.0036	90	7	-46
38	0.0037	-61	-6	62
39	0.0038	53	39	79
40	0.0039	9	41	-14
41	0.0040	82	75	-4
42	0.0041	63	19	11
43	0.0042	32	-38	19
44	0.0043	74	9	-98
45	0.0044	-21	-2	6
46	0.0045	-44	18	78
47	0.0046	7	23	44
48	0.0047	15	-24	83
49	0.0048	26	30	22
50	0.0049	-47	-70	-32
51	0.0050	57	18	10
52	0.0051	-24	-8	83
53	0.0052	23	-7	16
54	0.0053	-8	16	-31
55	0.0054	78	35	14
56	0.0055	-83	-10	2
57	0.0056	124	65	76
58	0.0057	-68	3	-6
59	0.0058	53	-33	74
60	0.0059	-66	32	3
61	0.0060	-6	57	67
62	0.0061	-50	70	63
63	0.0062	-59	-31	49
64	0.0063	9	39	-36
65	0.0064	10	-37	-2
66	0.0065	37	-2	-27
67	0.0066	45	19	-32
68	0.0067	-50	9	32
69	0.0068	15	45	23
70	0.0069	-37	-92	-85
71	0.0070	90	36	63
72	0.0071	-79	18	67
73	0.0072	99	35	35
74	0.0073	-89	0	-2
75	0.0074	31	-7	30
76	0.0075	-70	52	-77
77	0.0076	104	1	-28
78	0.0077	-17	3	-28
79	0.0078	70	-20	60
80	0.0079	-16	61	-47
81	0.0080	33	-3	54
82	0.0081	-92	53	49
83	0.0082	121	-61	-74
84	0.0083	-23	-33	-8
85	0.0084	15	-70	-10
86	0.0085	5	52	-88
87	0.0086	33	39	45
88	0.0087	-110	-42	48
89	0.0088	3	9	-14
90	0.0089	-58	49	-15
91	0.0090	-37	14	84
92	0.0091	-61	13	54
93	0.0092	124	48	-40
94	0.0093	-38	-31	67
95	0.0094	30	-14	-28
96	0.0095	61	32	-54
97	0.0096	20	19	10
98	0.0097	-8	-79	-23
99	0.0098	27	-28	37
100	0.0099	-44	79	63

电流增量数据 [1000Hz, 10点]
采样序号	时间(s)	A相电流(INT)	B相电流(INT)	C相电流(INT)
1	0.000	-65	1159	-614
2	0.001	-5	299	-704
3	0.002	-23	-1634	-726
4	0.003	7	550	-1018
5	0.004	257	-1797	-762
6	0.005	-703	601	499
7	0.006	-648	414	-453
8	0.007	-919	1558	485
9	0.008	-712	-596	-83
10	0.009	-708	-534	-624
================================================================================

=== 采集时间: 2025-12-05 15:24:51 (增量周期: 10.0ms) ===
振动增量数据 [等效10000Hz, 100点]
时序序号	时间(s)	X振动(INT)	Y振动(INT)	Z振动(INT)
1	0.0000	-12	24	14
2	0.0001	-67	19	109
3	0.0002	-14	60	-15
4	0.0003	-59	11	58
5	0.0004	-10	-11	-3
6	0.0005	-28	54	-19
7	0.0006	80	26	54
8	0.0007	23	70	43
9	0.0008	31	-49	2
10	0.0009	-15	13	3
11	0.0010	-75	15	37
12	0.0011	58	0	-16
13	0.0012	18	10	-40
14	0.0013	58	-80	2
15	0.0014	-15	2	-31
16	0.0015	2	-29	6
17	0.0016	-45	79	-4
18	0.0017	-41	-25	18
19	0.0018	-33	9	-51
20	0.0019	36	-24	7
21	0.0020	7	26	-46
22	0.0021	75	15	-54
23	0.0022	-57	-2	-14
24	0.0023	-7	14	23
25	0.0024	-14	14	35
26	0.0025	-34	64	106
27	0.0026	0	35	117
28	0.0027	-24	-42	-3
29	0.0028	62	-20	6
30	0.0029	-75	-48	-37
31	0.0030	40	-33	-58
32	0.0031	-84	74	86
33	0.0032	16	-16	16
34	0.0033	13	20	-53
35	0.0034	-27	-68	75
36	0.0035	-27	79	27
37	0.0036	5	99	123
38	0.0037	-8	47	-36
39	0.0038	-74	-93	99
40	0.0039	-42	-92	-148
41	0.0040	73	73	-50
42	0.0041	0	122	153
43	0.0042	-37	-8	32
44	0.0043	24	-12	-17
45	0.0044	-34	-80	-36
46	0.0045	-29	-7	-41
47	0.0046	32	84	48
48	0.0047	-15	69	114
49	0.0048	-33	-92	7
50	0.0049	28	-33	-98
51	0.0050	-10	-15	-62
52	0.0051	-3	27	-64
53	0.0052	56	13	-104
54	0.0053	9	-21	36
55	0.0054	-37	35	131
56	0.0055	-79	9	69
57	0.0056	44	77	23
58	0.0057	-104	-79	0
59	0.0058	45	33	3
60	0.0059	-2	61	54
61	0.0060	-28	7	22
62	0.0061	-3	62	99
63	0.0062	-75	-14	10
64	0.0063	56	-54	-15
65	0.0064	-21	15	-40
66	0.0065	41	-8	-44
67	0.0066	-4	99	-10
68	0.0067	43	-46	14
69	0.0068	62	23	-4
70	0.0069	10	-74	11
71	0.0070	-24	36	-76
72	0.0071	-17	-2	-67
73	0.0072	-87	47	-31
74	0.0073	41	9	75
75	0.0074	26	22	5
76	0.0075	10	-71	18
77	0.0076	-58	48	-7
78	0.0077	-49	31	7
79	0.0078	-41	11	-19
80	0.0079	23	14	41
81	0.0080	19	-45	69
82	0.0081	95	50	88
83	0.0082	-51	36	114
84	0.0083	18	41	46
85	0.0084	-32	44	-98
86	0.0085	-4	-59	22
87	0.0086	-66	36	63
88	0.0087	58	-3	27
89	0.0088	-91	75	10
90	0.0089	37	-54	-11
91	0.0090	-78	6	-14
92	0.0091	19	-23	-17
93	0.0092	15	50	-27
94	0.0093	-57	-31	71
95	0.0094	77	22	0
96	0.0095	46	-81	-29
97	0.0096	93	33	-50
98	0.0097	50	2	-8
99	0.0098	-63	61	65
100	0.0099	-17	9	-33

电流增量数据 [1000Hz, 10点]
采样序号	时间(s)	A相电流(INT)	B相电流(INT)	C相电流(INT)
1	0.000	-430	-107	-193
2	0.001	-97	-1814	-390
3	0.002	382	987	-892
4	0.003	327	-177	-1137
5	0.004	158	1026	-689
6	0.005	399	-184	-688
7	0.006	-789	-487	94
8	0.007	-390	-740	-231
9	0.008	-536	-5	63
10	0.009	-722	3044	-48
================================================================================

=== 采集时间: 2025-12-05 15:24:51 (增量周期: 10.0ms) ===
振动增量数据 [等效10000Hz, 100点]
时序序号	时间(s)	X振动(INT)	Y振动(INT)	Z振动(INT)
1	0.0000	-96	-4	134
2	0.0001	9	75	117
3	0.0002	-96	-31	-67
4	0.0003	-25	22	127
5	0.0004	-113	45	86
6	0.0005	95	64	44
7	0.0006	62	67	-21
8	0.0007	43	-114	31
9	0.0008	36	-10	-110
10	0.0009	52	23	39
11	0.0010	-81	40	33
12	0.0011	82	33	-25
13	0.0012	-64	-50	1
14	0.0013	1	-58	24
15	0.0014	-15	24	-16
16	0.0015	13	-8	14
17	0.0016	-62	49	32
18	0.0017	18	-2	-6
19	0.0018	-2	66	15
20	0.0019	10	-40	-29
21	0.0020	32	6	-57
22	0.0021	74	27	0
23	0.0022	2	-2	10
24	0.0023	30	0	-34
25	0.0024	3	56	67
26	0.0025	-80	-11	48
27	0.0026	52	35	-2
28	0.0027	0	-61	-14
29	0.0028	-51	-21	-28
30	0.0029	11	56	40
31	0.0030	-92	20	3
32	0.0031	70	73	53
33	0.0032	-94	-17	23
34	0.0033	16	-65	-8
35	0.0034	-14	-27	-80
36	0.0035	69	-8	-81
37	0.0036	-2	113	120
38	0.0037	61	23	6
39	0.0038	23	-63	-68
40	0.0039	13	-54	-28
41	0.0040	-11	14	-46
42	0.0041	58	74	10
43	0.0042	-41	50	69
44	0.0043	-51	-68	87
45	0.0044	-58	-19	-31
46	0.0045	-58	-8	-12
47	0.0046	-20	56	83
48	0.0047	-2	61	-19
49	0.0048	13	-40	67
50	0.0049	-8	22	27
51	0.0050	22	31	-61
52	0.0051	79	41	73
53	0.0052	-45	36	10
54	0.0053	50	-24	46
55	0.0054	-92	18	108
56	0.0055	-17	11	-12
57	0.0056	-10	31	-97
58	0.0057	10	10	108
59	0.0058	-66	-2	52
60	0.0059	61	0	-34
61	0.0060	27	39	-24
62	0.0061	-15	-57	33
63	0.0062	13	14	-29
64	0.0063	31	9	-28
65	0.0064	53	13	35
66	0.0065	-64	24	53
67	0.0066	14	66	65
68	0.0067	-83	-33	74
69	0.0068	20	-8	-37
70	0.0069	-38	-59	6
71	0.0070	-44	30	39
72	0.0071	19	-4	-17
73	0.0072	-70	40	37
74	0.0073	9	10	116
75	0.0074	-12	14	-12
76	0.0075	58	26	-6
77	0.0076	-20	-49	-50
78	0.0077	5	-7	-29
79	0.0078	-17	61	54
80	0.0079	6	52	130
81	0.0080	15	69	-7
82	0.0081	11	-61	-11
83	0.0082	-126	31	26
84	0.0083	-10	-28	-21
85	0.0084	-8	130	-23
86	0.0085	-49	-15	120
87	0.0086	22	-8	-45
88	0.0087	-51	-46	121
89	0.0088	-31	-10	69
90	0.0089	52	58	-29
91	0.0090	52	0	7
92	0.0091	-3	15	78
93	0.0092	78	-34	-47
94	0.0093	67	45	-55
95	0.0094	35	19	67
96	0.0095	-54	30	-8
97	0.0096	90	79	0
98	0.0097	-100	-41	28
99	0.0098	-59	-11	53
100	0.0099	-19	33	-14

电流增量数据 [1000Hz, 10点]
采样序号	时间(s)	A相电流(INT)	B相电流(INT)	C相电流(INT)
1	0.000	865	-2224	114
2	0.001	400	-1914	248
3	0.002	347	2508	453
4	0.003	105	-688	550
5	0.004	297	391	387
6	0.005	347	-33	-723
7	0.006	1047	221	-884
8	0.007	877	-762	-708
9	0.008	801	-657	-436
10	0.009	573	123	-178
================================================================================

=== 采集时间: 2025-12-05 15:24:51 (增量周期: 10.0ms) ===
振动增量数据 [等效10000Hz, 100点]
时序序号	时间(s)	X振动(INT)	Y振动(INT)	Z振动(INT)
1	0.0000	-64	58	23
2	0.0001	61	65	127
3	0.0002	-62	-8	-21
4	0.0003	58	-65	-97
5	0.0004	7	-31	-84
6	0.0005	56	28	-8
7	0.0006	18	103	44
8	0.0007	50	-49	28
9	0.0008	-81	-45	44
10	0.0009	-23	-32	-75
11	0.0010	-68	3	22
12	0.0011	54	50	22
13	0.0012	20	-23	-29
14	0.0013	53	-2	7
15	0.0014	-23	15	-61
16	0.0015	-57	-49	-49
17	0.0016	-14	88	-6
18	0.0017	-12	-24	-2
19	0.0018	22	-3	63
20	0.0019	-4	-28	-21
21	0.0020	43	-6	-46
22	0.0021	19	70	3
23	0.0022	13	-21	23
24	0.0023	-28	52	90
25	0.0024	30	41	61
26	0.0025	-75	-44	-62
27	0.0026	23	13	22
28	0.0027	-27	23	-42
29	0.0028	6	-36	35
30	0.0029	-40	54	69
31	0.0030	-34	-55	-19
32	0.0031	7	58	26
33	0.0032	-68	20	100
34	0.0033	-23	-19	22
35	0.0034	45	54	-21
36	0.0035	-19	-74	56
37	0.0036	-58	-3	-19
38	0.0037	39	18	-36
39	0.0038	-58	-3	-11
40	0.0039	27	45	23
41	0.0040	18	14	-23
42	0.0041	-23	5	78
43	0.0042	-45	19	44
44	0.0043	-32	53	114
45	0.0044	-55	69	84
46	0.0045	24	-45	70
47	0.0046	24	28	-57
48	0.0047	15	-42	-12
49	0.0048	-12	16	33
50	0.0049	43	-8	-51
51	0.0050	10	-72	1
52	0.0051	-11	19	-29
53	0.0052	-106	-79	11
54	0.0053	67	112	14
55	0.0054	-38	-21	-20
56	0.0055	28	-33	15
57	0.0056	32	28	-29
58	0.0057	-19	-46	15
59	0.0058	-6	83	49
60	0.0059	-36	-38	-12
61	0.0060	26	35	-111
62	0.0061	63	-15	5
63	0.0062	-88	-71	19
64	0.0063	37	40	28
65	0.0064	-57	2	16
66	0.0065	22	5	-32
67	0.0066	23	-29	-11
68	0.0067	-4	6	-10
69	0.0068	28	62	88
70	0.0069	-32	56	22
71	0.0070	79	-6	-19
72	0.0071	-16	27	69
73	0.0072	24	-16	36
74	0.0073	-36	49	-17
75	0.0074	57	54	11
76	0.0075	-58	-12	20
77	0.0076	-37	-57	-44
78	0.0077	13	37	22
79	0.0078	-85	27	129
80	0.0079	57	40	-8
81	0.0080	-19	-84	-96
82	0.0081	31	-51	-14
83	0.0082	-7	32	-68
84	0.0083	103	86	101
85	0.0084	-41	62	71
86	0.0085	61	-58	28
87	0.0086	-42	23	-98
88	0.0087	14	-46	-15
89	0.0088	30	126	105
90	0.0089	-49	2	84
91	0.0090	-25	-17	-32
92	0.0091	-38	-75	-54
93	0.0092	-44	-54	-74
94	0.0093	-24	77	54
95	0.0094	-3	13	86
96	0.0095	84	43	-19
97	0.0096	-58	-95	67
98	0.0097	-4	62	53
99	0.0098	-8	75	66
100	0.0099	19	50	20

电流增量数据 [1000Hz, 10点]
采样序号	时间(s)	A相电流(INT)	B相电流(INT)	C相电流(INT)
1	0.000	-613	558	121
2	0.001	-700	1562	-34
3	0.002	-185	-33	-806
4	0.003	-132	-1029	-384
5	0.004	86	-819	-597
6	0.005	-411	2630	872
7	0.006	-637	171	636
8	0.007	-430	557	587
9	0.008	-780	467	656
10	0.009	-761	311	535
================================================================================

=== 采集时间: 2025-12-05 15:24:52 (增量周期: 10.0ms) ===
振动增量数据 [等效10000Hz, 100点]
时序序号	时间(s)	X振动(INT)	Y振动(INT)	Z振动(INT)
1	0.0000	-33	-32	52
2	0.0001	-20	-65	-75
3	0.0002	10	-75	-36
4	0.0003	65	91	27
5	0.0004	53	83	104
6	0.0005	-2	48	30
7	0.0006	-21	-101	-41
8	0.0007	-16	-70	-131
9	0.0008	16	9	9
10	0.0009	9	90	1
11	0.0010	26	27	-10
12	0.0011	-80	-51	28
13	0.0012	-81	-105	-2
14	0.0013	-47	36	1
15	0.0014	35	116	16
16	0.0015	-16	-29	54
17	0.0016	27	54	37
18	0.0017	22	-33	-2
19	0.0018	-54	27	28
20	0.0019	-19	-24	-23
21	0.0020	19	23	11
22	0.0021	-19	-46	-54
23	0.0022	80	-42	-15
24	0.0023	-58	39	15
25	0.0024	57	39	65
26	0.0025	-34	33	-6
27	0.0026	73	-55	-31
28	0.0027	-2	-15	-101
29	0.0028	-53	-62	130
30	0.0029	-21	134	-14
31	0.0030	61	-44	79
32	0.0031	-54	97	100
33	0.0032	31	-65	-10
34	0.0033	13	78	-51
35	0.0034	-33	3	19
36	0.0035	-7	50	-57
37	0.0036	66	32	27
38	0.0037	-54	-54	45
39	0.0038	-38	-25	60
40	0.0039	27	64	-17
41	0.0040	-54	-19	2
42	0.0041	74	-2	-50
43	0.0042	40	-21	-113
44	0.0043	44	-14	78
45	0.0044	-54	23	-15
46	0.0045	36	-34	-29
47	0.0046	-49	58	24
48	0.0047	-68	-33	97
49	0.0048	-32	100	105
50	0.0049	-105	3	78
51	0.0050	6	-32	43
52	0.0051	-34	67	-23
53	0.0052	-6	-11	33
54	0.0053	-74	28	76
55	0.0054	-40	7	36
56	0.0055	-38	-8	20
57	0.0056	-45	-15	0
58	0.0057	-12	-74	-64
59	0.0058	-102	5	32
60	0.0059	0	-12	33
61	0.0060	108	41	-32
62	0.0061	117	19	-14
63	0.0062	82	-14	-124
64	0.0063	-25	-57	66
65	0.0064	-68	91	84
66	0.0065	-42	13	6
67	0.0066	79	154	117
68	0.0067	-41	-19	176
69	0.0068	-50	-24	16
70	0.0069	112	50	-12
71	0.0070	-169	-44	-29
72	0.0071	92	33	-29
73	0.0072	-59	27	7
74	0.0073	49	-44	93
75	0.0074	-7	3	-51
76	0.0075	118	-24	-59
77	0.0076	-21	47	15
78	0.0077	11	-24	33
79	0.0078	-23	28	-15
80	0.0079	-15	-11	36
81	0.0080	-11	-14	-75
82	0.0081	33	-49	-92
83	0.0082	28	75	106
84	0.0083	-8	177	180
85	0.0084	73	78	-2
86	0.0085	-70	-140	-106
87	0.0086	-12	-134	-115
88	0.0087	-47	84	37
89	0.0088	108	165	86
90	0.0089	28	62	152
91	0.0090	-6	-61	26
92	0.0091	-53	-134	-118
93	0.0092	57	36	-87
94	0.0093	-62	61	186
95	0.0094	70	134	74
96	0.0095	65	-53	-137
97	0.0096	-74	-149	23
98	0.0097	-57	-10	-33
99	0.0098	16	99	-89
100	0.0099	133	62	10

电流增量数据 [1000Hz, 10点]
采样序号	时间(s)	A相电流(INT)	B相电流(INT)	C相电流(INT)
1	0.000	124	66	708
2	0.001	100	-1900	633
3	0.002	469	-2286	211
4	0.003	52	-1949	766
5	0.004	-459	1322	760
6	0.005	793	463	-771
7	0.006	822	247	-807
8	0.007	656	1305	-624
9	0.008	716	-264	-388
10	0.009	483	-1040	-48
================================================================================

=== 采集时间: 2025-12-05 15:24:52 (增量周期: 10.0ms) ===
振动增量数据 [等效10000Hz, 100点]
时序序号	时间(s)	X振动(INT)	Y振动(INT)	Z振动(INT)
1	0.0000	27	-37	-4
2	0.0001	53	40	-34
3	0.0002	33	-10	-36
4	0.0003	-23	14	37
5	0.0004	3	23	32
6	0.0005	0	-10	-29
7	0.0006	-23	-44	2
8	0.0007	-23	-3	50
9	0.0008	13	112	66
10	0.0009	-58	134	163
11	0.0010	-21	-121	-154
12	0.0011	154	-100	-267
13	0.0012	-50	-71	91
14	0.0013	-51	155	211
15	0.0014	142	206	50
16	0.0015	-24	-45	37
17	0.0016	-3	-131	-77
18	0.0017	-20	-114	-113
19	0.0018	5	192	138
20	0.0019	30	103	54
21	0.0020	36	16	20
22	0.0021	-141	-164	20
23	0.0022	-114	-98	62
24	0.0023	-57	111	7
25	0.0024	90	54	-57
26	0.0025	105	6	9
27	0.0026	2	-29	48
28	0.0027	-6	2	-34
29	0.0028	-93	69	108
30	0.0029	-76	10	-6
31	0.0030	61	13	-100
32	0.0031	-23	-29	50
33	0.0032	-15	2	30
34	0.0033	-11	95	86
35	0.0034	10	69	136
36	0.0035	-40	-40	-29
37	0.0036	67	-78	-72
38	0.0037	-85	-48	-75
39	0.0038	45	-17	-15
40	0.0039	26	97	-62
41	0.0040	83	-33	82
42	0.0041	19	-36	13
43	0.0042	-27	-62	0
44	0.0043	-40	69	37
45	0.0044	-81	49	15
46	0.0045	82	53	-41
47	0.0046	32	11	9
48	0.0047	13	-50	110
49	0.0048	30	27	-14
50	0.0049	-17	40	-29
51	0.0050	-19	2	7
52	0.0051	26	58	39
53	0.0052	-12	30	91
54	0.0053	66	31	13
55	0.0054	-2	-48	-102
56	0.0055	32	-10	-84
57	0.0056	-87	-12	46
58	0.0057	33	31	6
59	0.0058	-27	32	3
60	0.0059	-19	13	116
61	0.0060	-68	26	22
62	0.0061	-49	43	165
63	0.0062	11	69	24
64	0.0063	-34	-45	16
65	0.0064	78	-14	63
66	0.0065	-62	-7	-45
67	0.0066	129	64	-10
68	0.0067	-7	20	-46
69	0.0068	65	-78	22
70	0.0069	-63	19	-29
71	0.0070	35	2	48
72	0.0071	-29	178	118
73	0.0072	26	30	105
74	0.0073	-12	27	-92
75	0.0074	-4	-62	-23
76	0.0075	-55	-32	-59
77	0.0076	32	53	73
78	0.0077	-10	36	58
79	0.0078	61	-6	-71
80	0.0079	-11	-74	-151
81	0.0080	15	-63	3
82	0.0081	-57	80	28
83	0.0082	92	24	19
84	0.0083	40	70	18
85	0.0084	35	-106	66
86	0.0085	-51	82	32
87	0.0086	53	90	67
88	0.0087	-23	13	-75
89	0.0088	73	-28	-23
90	0.0089	-79	-40	19
91	0.0090	-44	-49	-38
92	0.0091	49	-15	-76
93	0.0092	-67	33	120
94	0.0093	52	148	114
95	0.0094	16	15	7
96	0.0095	39	-140	-76
97	0.0096	-11	3	-37
98	0.0097	57	35	20
99	0.0098	23	111	71
100	0.0099	82	2	43

电流增量数据 [1000Hz, 10点]
采样序号	时间(s)	A相电流(INT)	B相电流(INT)	C相电流(INT)
1	0.000	968	-732	-421
2	0.001	1120	-2597	78
3	0.002	712	-146	16
4	0.003	805	-205	32
5	0.004	-4	-260	661
6	0.005	-84	-1971	653
7	0.006	24	-1754	-680
8	0.007	244	-477	-661
9	0.008	240	-2154	-636
10	0.009	409	25	-684
================================================================================

=== 采集时间: 2025-12-05 15:24:52 (增量周期: 10.0ms) ===
振动增量数据 [等效10000Hz, 100点]
时序序号	时间(s)	X振动(INT)	Y振动(INT)	Z振动(INT)
1	0.0000	23	49	-110
2	0.0001	10	30	84
3	0.0002	-16	40	58
4	0.0003	54	-33	14
5	0.0004	-58	-15	-47
6	0.0005	-8	-28	-8
7	0.0006	-70	84	43
8	0.0007	-3	6	2
9	0.0008	70	31	23
10	0.0009	-21	-58	-7
11	0.0010	45	-11	-29
12	0.0011	-42	61	23
13	0.0012	22	33	35
14	0.0013	0	66	6
15	0.0014	43	-4	33
16	0.0015	-78	-24	19
17	0.0016	50	16	33
18	0.0017	-17	30	-32
19	0.0018	13	-38	49
20	0.0019	-17	39	11
21	0.0020	-58	-59	71
22	0.0021	-14	117	9
23	0.0022	35	-45	23
24	0.0023	7	44	0
25	0.0024	86	-68	-118
26	0.0025	36	19	7
27	0.0026	30	64	56
28	0.0027	-23	47	5
29	0.0028	20	71	123
30	0.0029	-102	-51	33
31	0.0030	-46	-20	53
32	0.0031	82	97	-87
33	0.0032	11	-33	-31
34	0.0033	20	60	16
35	0.0034	2	-48	-42
36	0.0035	18	-2	-23
37	0.0036	-20	-46	-19
38	0.0037	2	11	-50
39	0.0038	40	54	78
40	0.0039	-12	-34	-10
41	0.0040	7	-44	-21
42	0.0041	57	18	-140
43	0.0042	-47	-24	91
44	0.0043	-91	35	127
45	0.0044	-15	16	-61
46	0.0045	-4	41	-10
47	0.0046	-17	2	82
48	0.0047	6	-3	5
49	0.0048	50	32	56
50	0.0049	-21	10	23
51	0.0050	-38	-59	-64
52	0.0051	90	125	1
53	0.0052	-47	-58	28
54	0.0053	110	71	130
55	0.0054	-29	-3	-40
56	0.0055	44	-31	46
57	0.0056	-117	84	70
58	0.0057	-42	-71	11
59	0.0058	-75	7	-97
60	0.0059	52	-41	63
61	0.0060	36	1	14
62	0.0061	-42	-33	95
63	0.0062	20	33	-45
64	0.0063	0	54	97
65	0.0064	-58	13	95
66	0.0065	49	9	-152
67	0.0066	108	37	-21
68	0.0067	-121	-33	123
69	0.0068	5	-2	31
70	0.0069	-3	114	-44
71	0.0070	-8	-91	-59
72	0.0071	-62	-29	43
73	0.0072	-53	-25	57
74	0.0073	53	37	-76
75	0.0074	-46	-46	83
76	0.0075	-44	41	76
77	0.0076	6	112	108
78	0.0077	-6	-83	-54
79	0.0078	15	-34	-62
80	0.0079	-8	-4	-97
81	0.0080	-58	26	78
82	0.0081	37	65	6
83	0.0082	-12	37	-21
84	0.0083	-27	-24	127
85	0.0084	-135	-62	24
86	0.0085	52	6	-40
87	0.0086	-51	139	127
88	0.0087	-6	-25	88
89	0.0088	53	-7	-59
90	0.0089	-28	-98	-24
91	0.0090	-72	-25	-71
92	0.0091	91	73	-87
93	0.0092	-3	20	43
94	0.0093	-29	-7	147
95	0.0094	-24	23	-6
96	0.0095	23	22	-4
97	0.0096	-81	10	90
98	0.0097	31	-2	-123
99	0.0098	104	-4	-41
100	0.0099	-42	-42	84

电流增量数据 [1000Hz, 10点]
采样序号	时间(s)	A相电流(INT)	B相电流(INT)	C相电流(INT)
1	0.000	42	-751	427
2	0.001	184	-1695	435
3	0.002	-352	-241	1088
4	0.003	-676	279	899
5	0.004	-832	451	746
6	0.005	-843	-120	576
7	0.006	627	-3142	-308
8	0.007	469	-1066	88
9	0.008	631	-3360	76
10	0.009	723	-975	258
================================================================================

=== 采集时间: 2025-12-05 15:24:53 (增量周期: 10.0ms) ===
振动增量数据 [等效10000Hz, 100点]
时序序号	时间(s)	X振动(INT)	Y振动(INT)	Z振动(INT)
1	0.0000	-28	-143	-91
2	0.0001	-40	-40	-107
3	0.0002	18	28	116
4	0.0003	22	169	60
5	0.0004	125	37	61
6	0.0005	-58	-3	-28
7	0.0006	24	-152	-44
8	0.0007	-49	58	-117
9	0.0008	32	124	258
10	0.0009	-41	143	140
11	0.0010	32	-98	1
12	0.0011	-66	-61	-84
13	0.0012	-61	-71	37
14	0.0013	-105	96	-70
15	0.0014	80	-33	-46
16	0.0015	-8	-70	-61
17	0.0016	22	6	60
18	0.0017	-38	130	106
19	0.0018	-29	87	60
20	0.0019	27	11	-11
21	0.0020	0	-29	-12
22	0.0021	105	-14	-11
23	0.0022	-49	35	58
24	0.0023	36	-12	-6
25	0.0024	-32	27	-10
26	0.0025	-42	-76	39
27	0.0026	0	-23	7
28	0.0027	-45	-16	-23
29	0.0028	2	23	2
30	0.0029	-45	19	-38
31	0.0030	105	6	-37
32	0.0031	-2	2	54
33	0.0032	-55	-27	90
34	0.0033	24	33	-32
35	0.0034	14	27	65
36	0.0035	-10	-2	-85
37	0.0036	190	31	-92
38	0.0037	-20	23	-23
39	0.0038	23	-66	63
40	0.0039	-58	41	-114
41	0.0040	-2	19	73
42	0.0041	-127	-2	63
43	0.0042	36	-67	10
44	0.0043	-40	27	-10
45	0.0044	-7	-41	120
46	0.0045	-54	54	-38
47	0.0046	62	-15	24
48	0.0047	-75	-4	-77
49	0.0048	80	-59	-38
50	0.0049	26	61	-67
51	0.0050	-20	28	-84
52	0.0051	-23	-24	30
53	0.0052	-72	32	24
54	0.0053	48	-37	30
55	0.0054	18	-12	-74
56	0.0055	101	-33	-14
57	0.0056	-49	10	-3
58	0.0057	30	14	58
59	0.0058	-92	48	60
60	0.0059	-15	31	48
61	0.0060	-29	32	65
62	0.0061	40	26	0
63	0.0062	61	-33	-80
64	0.0063	97	0	20
65	0.0064	-68	-24	-29
66	0.0065	39	7	-61
67	0.0066	-44	103	27
68	0.0067	-83	-59	106
69	0.0068	24	47	-2
70	0.0069	36	22	57
71	0.0070	46	1	60
72	0.0071	6	-2	-74
73	0.0072	79	-32	-71
74	0.0073	-31	43	0
75	0.0074	84	-3	-46
76	0.0075	67	16	-106
77	0.0076	10	-70	14
78	0.0077	-7	1	10
79	0.0078	14	151	96
80	0.0079	-47	75	88
81	0.0080	7	-74	0
82	0.0081	-88	-119	-119
83	0.0082	-7	-44	-53
84	0.0083	-17	44	22
85	0.0084	-11	47	91
86	0.0085	57	49	58
87	0.0086	-12	19	-11
88	0.0087	63	-62	-27
89	0.0088	-94	-36	-62
90	0.0089	54	30	-6
91	0.0090	2	65	28
92	0.0091	50	-3	58
93	0.0092	22	16	62
94	0.0093	-81	-37	9
95	0.0094	54	-11	-106
96	0.0095	-4	-10	-57
97	0.0096	37	47	39
98	0.0097	-27	50	71
99	0.0098	-76	-15	69
100	0.0099	-58	31	45

电流增量数据 [1000Hz, 10点]
采样序号	时间(s)	A相电流(INT)	B相电流(INT)	C相电流(INT)
1	0.000	88	-166	-768
2	0.001	470	176	-597
3	0.002	408	570	-572
4	0.003	684	470	-795
5	0.004	1102	583	-921
6	0.005	-709	-2283	13
7	0.006	-743	81	-96
8	0.007	-12	-1885	-892
9	0.008	-28	589	-556
10	0.009	-8	-593	-492
================================================================================

=== 采集时间: 2025-12-05 15:24:53 (增量周期: 10.0ms) ===
振动增量数据 [等效10000Hz, 100点]
时序序号	时间(s)	X振动(INT)	Y振动(INT)	Z振动(INT)
1	0.0000	20	6	61
2	0.0001	-15	-21	-12
3	0.0002	60	70	-16
4	0.0003	6	14	-34
5	0.0004	121	70	-38
6	0.0005	15	-29	-16
7	0.0006	-4	1	57
8	0.0007	-41	33	-21
9	0.0008	-10	-31	10
10	0.0009	9	11	-88
11	0.0010	15	-51	40
12	0.0011	-25	41	-31
13	0.0012	52	-12	2
14	0.0013	-96	2	41
15	0.0014	66	-3	30
16	0.0015	-110	20	-59
17	0.0016	36	62	99
18	0.0017	-101	2	33
19	0.0018	31	-10	-47
20	0.0019	39	36	-16
21	0.0020	-33	-44	142
22	0.0021	33	35	-46
23	0.0022	23	-28	-64
24	0.0023	-27	-4	-27
25	0.0024	-3	-49	-38
26	0.0025	66	86	-12
27	0.0026	48	30	46
28	0.0027	-27	-50	20
29	0.0028	-23	7	-3
30	0.0029	-66	15	18
31	0.0030	-23	66	-7
32	0.0031	-25	-6	43
33	0.0032	15	22	79
34	0.0033	-61	-15	6
35	0.0034	112	-8	33
36	0.0035	-76	95	11
37	0.0036	53	-87	15
38	0.0037	-12	82	-84
39	0.0038	26	-134	14
40	0.0039	15	52	19
41	0.0040	61	18	32
42	0.0041	57	48	3
43	0.0042	-71	22	49
44	0.0043	24	-3	-19
45	0.0044	-109	65	95
46	0.0045	-20	14	61
47	0.0046	-10	-11	-42
48	0.0047	58	-70	-57
49	0.0048	-51	-55	6
50	0.0049	6	144	67
51	0.0050	-33	-44	-83
52	0.0051	69	-119	-154
53	0.0052	-68	-79	-29
54	0.0053	31	101	33
55	0.0054	-6	163	211
56	0.0055	-15	48	18
57	0.0056	40	-142	-53
58	0.0057	-127	-144	-58
59	0.0058	35	48	11
60	0.0059	60	218	105
61	0.0060	40	129	156
62	0.0061	-36	-42	106
63	0.0062	-78	-113	-79
64	0.0063	-47	37	-34
65	0.0064	-25	86	61
66	0.0065	71	16	-34
67	0.0066	167	26	91
68	0.0067	-46	-24	58
69	0.0068	-6	48	66
70	0.0069	-130	26	91
71	0.0070	-36	-12	-71
72	0.0071	99	5	-19
73	0.0072	41	15	60
74	0.0073	-15	23	1
75	0.0074	110	87	39
76	0.0075	-98	-19	27
77	0.0076	73	-80	-14
78	0.0077	-10	-10	-151
79	0.0078	46	19	30
80	0.0079	-71	58	30
81	0.0080	32	-24	39
82	0.0081	56	30	-4
83	0.0082	0	-122	97
84	0.0083	-64	5	-19
85	0.0084	26	37	-123
86	0.0085	-58	43	-106
87	0.0086	60	40	58
88	0.0087	-85	-7	109
89	0.0088	39	37	82
90	0.0089	0	31	11
91	0.0090	-128	-28	44
92	0.0091	24	24	-41
93	0.0092	-80	-19	-34
94	0.0093	87	-15	37
95	0.0094	-19	-21	0
96	0.0095	50	-31	52
97	0.0096	39	39	-50
98	0.0097	-55	-29	23
99	0.0098	33	73	-46
100	0.0099	19	11	-16

电流增量数据 [1000Hz, 10点]
采样序号	时间(s)	A相电流(INT)	B相电流(INT)	C相电流(INT)
1	0.000	45	-883	-749
2	0.001	178	-1314	-699
3	0.002	299	2985	-705
4	0.003	153	346	-636
5	0.004	477	688	-636
6	0.005	-555	-78	165
7	0.006	-773	217	-70
8	0.007	-565	99	-500
9	0.008	-452	-145	-218
10	0.009	-42	1043	-686
================================================================================

=== 采集时间: 2025-12-05 15:24:53 (增量周期: 10.0ms) ===
振动增量数据 [等效10000Hz, 100点]
时序序号	时间(s)	X振动(INT)	Y振动(INT)	Z振动(INT)
1	0.0000	-118	58	22
2	0.0001	40	24	-3
3	0.0002	-45	-34	-38
4	0.0003	41	-33	-50
5	0.0004	23	35	-3
6	0.0005	36	44	31
7	0.0006	27	-29	7
8	0.0007	-16	-42	30
9	0.0008	30	-11	-4
10	0.0009	73	41	-29
11	0.0010	-19	52	50
12	0.0011	93	23	75
13	0.0012	-25	-10	-79
14	0.0013	58	-61	-29
15	0.0014	-134	52	37
16	0.0015	-31	-29	-4
17	0.0016	-59	79	-16
18	0.0017	-44	-42	117
19	0.0018	-2	57	-17
20	0.0019	-6	-71	2
21	0.0020	41	16	-57
22	0.0021	2	-42	-8
23	0.0022	36	87	69
24	0.0023	16	3	52
25	0.0024	44	2	6
26	0.0025	-21	-25	20
27	0.0026	-17	11	44
28	0.0027	66	54	70
29	0.0028	-74	-23	135
30	0.0029	-8	48	-17
31	0.0030	35	-31	-115
32	0.0031	-110	-8	13
33	0.0032	44	30	-58
34	0.0033	36	-10	-81
35	0.0034	49	-12	-29
36	0.0035	2	-54	-3
37	0.0036	20	95	56
38	0.0037	46	80	49
39	0.0038	20	23	105
40	0.0039	66	23	30
41	0.0040	41	-17	-93
42	0.0041	62	5	45
43	0.0042	-126	3	54
44	0.0043	22	-14	24
45	0.0044	-46	43	-47
46	0.0045	20	-83	32
47	0.0046	-53	64	100
48	0.0047	6	-51	-17
49	0.0048	19	82	32
50	0.0049	-31	-33	-8
51	0.0050	-51	-29	118
52	0.0051	5	22	65
53	0.0052	30	35	-49
54	0.0053	14	-42	-19
55	0.0054	22	22	5
56	0.0055	58	-46	-58
57	0.0056	62	11	7
58	0.0057	-24	-15	91
59	0.0058	-57	-36	-61
60	0.0059	3	33	-15
61	0.0060	-74	-14	-29
62	0.0061	2	-45	53
63	0.0062	11	129	79
64	0.0063	49	48	-10
65	0.0064	-32	64	125
66	0.0065	0	-55	-85
67	0.0066	49	-91	-119
68	0.0067	63	50	-36
69	0.0068	-34	36	152
70	0.0069	69	114	28
71	0.0070	9	-4	23
72	0.0071	-24	-106	-66
73	0.0072	46	2	-46
74	0.0073	-66	16	18
75	0.0074	62	152	80
76	0.0075	-101	3	74
77	0.0076	-38	-32	11
78	0.0077	-64	-16	40
79	0.0078	-27	37	129
80	0.0079	23	41	-23
81	0.0080	135	75	-15
82	0.0081	-21	-3	99
83	0.0082	15	-14	82
84	0.0083	0	47	54
85	0.0084	-6	-8	28
86	0.0085	70	40	-71
87	0.0086	45	-12	6
88	0.0087	5	11	-31
89	0.0088	-34	-3	-55
90	0.0089	6	-14	-58
91	0.0090	-55	-23	-21
92	0.0091	9	-12	-19
93	0.0092	-32	-15	13
94	0.0093	-19	19	-44
95	0.0094	-27	-81	-74
96	0.0095	43	32	11
97	0.0096	79	-10	69
98	0.0097	-49	39	114
99	0.0098	48	48	28
100	0.0099	9	15	-76

电流增量数据 [1000Hz, 10点]
采样序号	时间(s)	A相电流(INT)	B相电流(INT)	C相电流(INT)
1	0.000	-780	-1582	724
2	0.001	-256	-1958	692
3	0.002	-592	2450	746
4	0.003	-814	2	741
5	0.004	-678	196	699
6	0.005	634	-827	84
7	0.006	494	-710	348
8	0.007	299	-1659	590
9	0.008	-33	-1869	711
10	0.009	-78	-819	988
================================================================================

=== 采集时间: 2025-12-05 15:24:54 (增量周期: 10.0ms) ===
振动增量数据 [等效10000Hz, 100点]
时序序号	时间(s)	X振动(INT)	Y振动(INT)	Z振动(INT)
1	0.0000	-32	-24	62
2	0.0001	70	113	-16
3	0.0002	93	86	-29
4	0.0003	86	19	62
5	0.0004	-47	-8	39
6	0.0005	-50	48	24
7	0.0006	-7	50	-3
8	0.0007	-183	-92	60
9	0.0008	-31	2	-7
10	0.0009	26	-4	-98
11	0.0010	-59	-36	-10
12	0.0011	-59	0	182
13	0.0012	-47	40	131
14	0.0013	131	118	53
15	0.0014	-7	-67	28
16	0.0015	31	-2	-80
17	0.0016	48	31	-68
18	0.0017	43	18	-29
19	0.0018	92	13	45
20	0.0019	40	-70	-53
21	0.0020	-75	35	14
22	0.0021	-58	-20	43
23	0.0022	-57	6	-83
24	0.0023	40	-38	-23
25	0.0024	-37	-27	52
26	0.0025	100	82	13
27	0.0026	-45	103	121
28	0.0027	-67	-40	24
29	0.0028	-10	-59	-118
30	0.0029	-6	-31	-34
31	0.0030	3	49	-8
32	0.0031	99	50	-3
33	0.0032	30	41	48
34	0.0033	-55	-46	-20
35	0.0034	-62	-6	7
36	0.0035	-58	117	83
37	0.0036	-10	16	6
38	0.0037	-15	1	125
39	0.0038	-54	60	126
40	0.0039	-28	-54	46
41	0.0040	-63	19	-57
42	0.0041	73	-36	-36
43	0.0042	-98	-27	39
44	0.0043	66	61	28
45	0.0044	6	65	-29
46	0.0045	46	16	-6
47	0.0046	18	-27	-11
48	0.0047	-63	-66	-14
49	0.0048	66	40	-94
50	0.0049	-47	11	-36
51	0.0050	-6	52	93
52	0.0051	-28	-10	7
53	0.0052	15	-3	63
54	0.0053	20	22	39
55	0.0054	-11	-11	-83
56	0.0055	61	61	-7
57	0.0056	-78	-21	-29
58	0.0057	3	-51	2
59	0.0058	18	92	116
60	0.0059	41	41	23
61	0.0060	-29	-8	57
62	0.0061	6	5	-33
63	0.0062	24	18	-20
64	0.0063	-7	-51	-12
65	0.0064	14	40	28
66	0.0065	3	10	-25
67	0.0066	33	27	-14
68	0.0067	-27	-28	10
69	0.0068	54	-16	-6
70	0.0069	-29	64	48
71	0.0070	15	6	57
72	0.0071	-11	26	3
73	0.0072	-8	-91	3
74	0.0073	-44	87	27
75	0.0074	15	-8	3
76	0.0075	11	39	-72
77	0.0076	-24	-33	96
78	0.0077	-2	70	44
79	0.0078	-31	-36	23
80	0.0079	37	77	80
81	0.0080	-70	-41	-11
82	0.0081	49	0	-28
83	0.0082	-4	27	-15
84	0.0083	-45	-11	44
85	0.0084	15	64	117
86	0.0085	-8	-7	22
87	0.0086	30	41	13
88	0.0087	-2	-24	-7
89	0.0088	-15	35	-33
90	0.0089	70	6	-57
91	0.0090	19	-8	-58
92	0.0091	15	-12	10
93	0.0092	2	-10	2
94	0.0093	13	-8	-21
95	0.0094	7	19	30
96	0.0095	31	35	57
97	0.0096	5	1	-11
98	0.0097	58	-4	-10
99	0.0098	-74	-7	63
100	0.0099	16	22	-8

电流增量数据 [1000Hz, 10点]
采样序号	时间(s)	A相电流(INT)	B相电流(INT)	C相电流(INT)
1	0.000	-51	132	-244
2	0.001	114	-292	-643
3	0.002	14	-1048	-697
4	0.003	51	1119	-976
5	0.004	424	787	-433
6	0.005	499	209	-614
7	0.006	-362	-2917	-15
8	0.007	-637	-952	209
9	0.008	-677	-666	70
10	0.009	-722	-1029	-35
================================================================================

=== 采集时间: 2025-12-05 15:24:54 (增量周期: 10.0ms) ===
振动增量数据 [等效10000Hz, 100点]
时序序号	时间(s)	X振动(INT)	Y振动(INT)	Z振动(INT)
1	0.0000	3	-65	-113
2	0.0001	14	118	7
3	0.0002	39	1	92
4	0.0003	-19	-87	-70
5	0.0004	82	20	-40
6	0.0005	-59	33	31
7	0.0006	5	77	33
8	0.0007	54	27	-34
9	0.0008	74	-23	-16
10	0.0009	11	-67	-14
11	0.0010	3	3	-106
12	0.0011	-42	27	19
13	0.0012	-32	20	30
14	0.0013	-49	-87	-36
15	0.0014	71	-3	-84
16	0.0015	11	-19	-21
17	0.0016	-11	2	46
18	0.0017	-34	73	-12
19	0.0018	80	-20	-58
20	0.0019	-6	-11	2
21	0.0020	41	50	146
22	0.0021	-57	74	75
23	0.0022	86	33	15
24	0.0023	-38	-31	10
25	0.0024	0	6	-8
26	0.0025	24	35	-80
27	0.0026	0	-8	67
28	0.0027	-88	-6	43
29	0.0028	-4	-29	-28
30	0.0029	5	56	33
31	0.0030	2	-2	40
32	0.0031	30	5	9
33	0.0032	43	9	0
34	0.0033	14	-44	16
35	0.0034	23	37	-75
36	0.0035	31	70	27
37	0.0036	13	28	36
38	0.0037	13	-29	-3
39	0.0038	15	13	70
40	0.0039	-98	44	97
41	0.0040	0	26	-31
42	0.0041	15	53	-27
43	0.0042	30	-44	-25
44	0.0043	1	-31	-29
45	0.0044	15	13	26
46	0.0045	-25	11	40
47	0.0046	1	7	24
48	0.0047	52	19	-32
49	0.0048	39	-4	71
50	0.0049	-58	7	75
51	0.0050	-6	19	-57
52	0.0051	-20	-12	-17
53	0.0052	-6	1	14
54	0.0053	22	53	65
55	0.0054	33	82	27
56	0.0055	-10	16	9
57	0.0056	-45	-12	24
58	0.0057	-15	43	48
59	0.0058	-44	14	83
60	0.0059	54	75	15
61	0.0060	-15	-38	-19
62	0.0061	-32	33	74
63	0.0062	-21	60	27
64	0.0063	27	27	114
65	0.0064	-34	30	11
66	0.0065	71	-46	-51
67	0.0066	-42	43	93
68	0.0067	-17	40	44
69	0.0068	45	100	-19
70	0.0069	-68	-61	70
71	0.0070	-3	-130	-63
72	0.0071	49	16	-114
73	0.0072	23	71	86
74	0.0073	48	128	63
75	0.0074	88	-20	-45
76	0.0075	-16	-38	-25
77	0.0076	-38	-36	9
78	0.0077	11	60	28
79	0.0078	16	100	95
80	0.0079	39	49	39
81	0.0080	-46	-91	-24
82	0.0081	-28	-71	-16
83	0.0082	-119	0	-64
84	0.0083	30	95	19
85	0.0084	-32	48	32
86	0.0085	-19	-102	61
87	0.0086	18	3	-23
88	0.0087	-49	9	54
89	0.0088	-25	43	13
90	0.0089	43	-12	-98
91	0.0090	20	-74	-100
92	0.0091	40	-10	26
93	0.0092	-47	-4	30
94	0.0093	92	113	69
95	0.0094	-63	-21	48
96	0.0095	54	-25	-100
97	0.0096	90	-15	-119
98	0.0097	-57	35	74
99	0.0098	-20	97	93
100	0.0099	-42	26	-15

电流增量数据 [1000Hz, 10点]
采样序号	时间(s)	A相电流(INT)	B相电流(INT)	C相电流(INT)
1	0.000	-725	-1087	652
2	0.001	-769	1328	506
3	0.002	-724	1456	221
4	0.003	-788	592	81
5	0.004	-642	2018	-269
6	0.005	-563	-222	-55
7	0.006	-471	-1442	1177
8	0.007	-1054	-1674	1054
9	0.008	-688	317	663
10	0.009	-776	739	616
================================================================================

=== 采集时间: 2025-12-05 15:24:55 (增量周期: 10.0ms) ===
振动增量数据 [等效10000Hz, 100点]
时序序号	时间(s)	X振动(INT)	Y振动(INT)	Z振动(INT)
1	0.0000	-45	18	114
2	0.0001	-19	-159	-100
3	0.0002	-17	-70	-209
4	0.0003	-23	33	-11
5	0.0004	-29	176	169
6	0.0005	2	43	48
7	0.0006	-3	-101	127
8	0.0007	-53	-15	44
9	0.0008	-27	-8	-67
10	0.0009	58	78	-23
11	0.0010	35	-33	-12
12	0.0011	20	-33	-46
13	0.0012	0	54	58
14	0.0013	-70	47	22
15	0.0014	-32	54	78
16	0.0015	37	27	18
17	0.0016	63	-54	-75
18	0.0017	61	-19	-23
19	0.0018	-106	-3	11
20	0.0019	63	94	35
21	0.0020	-10	0	-32
22	0.0021	73	-151	7
23	0.0022	-23	75	-4
24	0.0023	56	84	104
25	0.0024	-27	116	19
26	0.0025	35	-102	-57
27	0.0026	-57	-36	39
28	0.0027	-47	-2	73
29	0.0028	-49	62	80
30	0.0029	60	64	-15
31	0.0030	-6	-106	-152
32	0.0031	63	-44	-102
33	0.0032	0	-33	49
34	0.0033	7	124	65
35	0.0034	2	67	46
36	0.0035	-32	-117	-44
37	0.0036	28	-34	-118
38	0.0037	91	-4	-81
39	0.0038	53	130	10
40	0.0039	23	-85	43
41	0.0040	-25	19	-25
42	0.0041	-51	-2	39
43	0.0042	-68	61	67
44	0.0043	-21	-7	32
45	0.0044	-7	-23	33
46	0.0045	28	-2	19
47	0.0046	-16	13	1
48	0.0047	-21	-2	97
49	0.0048	-40	82	56
50	0.0049	22	-3	-29
51	0.0050	-130	-96	13
52	0.0051	78	-17	58
53	0.0052	-20	44	-19
54	0.0053	103	57	36
55	0.0054	-27	33	44
56	0.0055	-54	-67	41
57	0.0056	10	54	14
58	0.0057	-19	-53	-19
59	0.0058	19	61	11
60	0.0059	20	-8	-33
61	0.0060	45	22	-19
62	0.0061	19	-21	-14
63	0.0062	7	-8	-4
64	0.0063	-2	30	36
65	0.0064	18	23	-19
66	0.0065	19	-27	-81
67	0.0066	57	13	18
68	0.0067	-24	-23	57
69	0.0068	93	48	32
70	0.0069	-42	35	-24
71	0.0070	20	-37	13
72	0.0071	-40	27	-83
73	0.0072	10	-92	-17
74	0.0073	-91	37	-37
75	0.0074	52	-119	-46
76	0.0075	22	164	57
77	0.0076	-70	11	178
78	0.0077	0	43	-57
79	0.0078	-19	-100	-66
80	0.0079	-31	-36	-6
81	0.0080	48	23	-144
82	0.0081	78	131	151
83	0.0082	-75	67	194
84	0.0083	11	-76	-4
85	0.0084	-10	-41	-132
86	0.0085	23	-59	-44
87	0.0086	-25	83	44
88	0.0087	56	52	75
89	0.0088	10	37	35
90	0.0089	-41	-102	41
91	0.0090	-49	-11	-51
92	0.0091	-2	50	-4
93	0.0092	36	53	-38
94	0.0093	74	15	-21
95	0.0094	88	1	2
96	0.0095	-36	2	-15
97	0.0096	60	33	-21
98	0.0097	1	41	-42
99	0.0098	-7	-38	-28
100	0.0099	40	-48	-130

电流增量数据 [1000Hz, 10点]
采样序号	时间(s)	A相电流(INT)	B相电流(INT)	C相电流(INT)
1	0.000	-158	-218	813
2	0.001	-578	-19	585
3	0.002	-1032	-1519	981
4	0.003	-1169	-2262	689
5	0.004	-1118	-657	635
6	0.005	470	-3378	-65
7	0.006	582	-1257	201
8	0.007	878	-1854	103
9	0.008	427	-685	383
10	0.009	-157	-2141	714
================================================================================

=== 采集时间: 2025-12-05 15:24:55 (增量周期: 10.0ms) ===
振动增量数据 [等效10000Hz, 100点]
时序序号	时间(s)	X振动(INT)	Y振动(INT)	Z振动(INT)
1	0.0000	-83	112	43
2	0.0001	105	146	-21
3	0.0002	-34	6	101
4	0.0003	13	-49	84
5	0.0004	0	22	-83
6	0.0005	56	52	-37
7	0.0006	-24	-33	26
8	0.0007	-41	-57	-11
9	0.0008	28	35	-23
10	0.0009	-42	-10	-2
11	0.0010	103	60	93
12	0.0011	-58	-20	90
13	0.0012	101	1	61
14	0.0013	-2	-44	-182
15	0.0014	87	0	-57
16	0.0015	-81	70	58
17	0.0016	16	32	37
18	0.0017	46	31	-15
19	0.0018	-28	-65	117
20	0.0019	-55	13	-118
21	0.0020	-28	39	-45
22	0.0021	-45	54	19
23	0.0022	-33	-17	148
24	0.0023	65	24	66
25	0.0024	67	35	53
26	0.0025	5	-17	-17
27	0.0026	77	70	-44
28	0.0027	36	-10	-21
29	0.0028	92	-2	-25
30	0.0029	13	-68	-58
31	0.0030	-15	33	0
32	0.0031	-3	24	31
33	0.0032	-27	33	-4
34	0.0033	15	-15	-8
35	0.0034	-72	9	-36
36	0.0035	56	1	-36
37	0.0036	-27	-12	37
38	0.0037	-37	-36	57
39	0.0038	48	28	-27
40	0.0039	54	53	-61
41	0.0040	13	-51	10
42	0.0041	-63	20	6
43	0.0042	130	58	-11
44	0.0043	-91	-45	-31
45	0.0044	135	-19	67
46	0.0045	-47	41	0
47	0.0046	31	-14	121
48	0.0047	-64	36	-37
49	0.0048	-40	-61	22
50	0.0049	-21	107	-17
51	0.0050	3	-74	-28
52	0.0051	-21	-23	3
53	0.0052	46	-17	-29
54	0.0053	-42	97	153
55	0.0054	7	7	58
56	0.0055	74	24	-107
57	0.0056	16	-40	1
58	0.0057	-19	2	-36
59	0.0058	57	37	33
60	0.0059	-29	50	-29
61	0.0060	23	-25	7
62	0.0061	-19	86	67
63	0.0062	14	-31	-6
64	0.0063	-61	-34	-8
65	0.0064	40	5	-8
66	0.0065	-61	32	61
67	0.0066	18	-29	-68
68	0.0067	54	-31	-11
69	0.0068	-45	-34	103
70	0.0069	-49	112	91
71	0.0070	-3	50	74
72	0.0071	3	-29	-20
73	0.0072	-50	-115	-34
74	0.0073	62	96	10
75	0.0074	-10	80	35
76	0.0075	23	33	54
77	0.0076	-40	10	26
78	0.0077	10	-75	-74
79	0.0078	-7	-20	-54
80	0.0079	116	79	14
81	0.0080	-28	48	-12
82	0.0081	36	-96	28
83	0.0082	-58	-59	-40
84	0.0083	15	43	22
85	0.0084	-40	71	2
86	0.0085	26	15	6
87	0.0086	-2	30	-4
88	0.0087	-70	-21	110
89	0.0088	-20	86	28
90	0.0089	-33	9	-3
91	0.0090	-4	7	11
92	0.0091	-36	-20	26
93	0.0092	37	19	-15
94	0.0093	53	18	-49
95	0.0094	-10	6	90
96	0.0095	37	45	80
97	0.0096	14	-63	-88
98	0.0097	122	24	14
99	0.0098	-54	47	2
100	0.0099	69	-2	-45

电流增量数据 [1000Hz, 10点]
采样序号	时间(s)	A相电流(INT)	B相电流(INT)	C相电流(INT)
1	0.000	-229	163	-365
2	0.001	-40	2068	-488
3	0.002	752	-402	-1522
4	0.003	174	279	-709
5	0.004	209	-855	-786
6	0.005	-663	157	678
7	0.006	-922	338	711
8	0.007	-585	994	-167
9	0.008	-634	77	225
10	0.009	-815	-2183	-70
================================================================================

=== 采集时间: 2025-12-05 15:24:55 (增量周期: 10.0ms) ===
振动增量数据 [等效10000Hz, 100点]
时序序号	时间(s)	X振动(INT)	Y振动(INT)	Z振动(INT)
1	0.0000	18	52	52
2	0.0001	50	13	5
3	0.0002	-10	-29	-29
4	0.0003	28	36	-8
5	0.0004	-40	-29	39
6	0.0005	23	71	-29
7	0.0006	1	24	70
8	0.0007	-19	5	62
9	0.0008	3	-2	-8
10	0.0009	67	2	-50
11	0.0010	-42	-42	-76
12	0.0011	61	-27	-27
13	0.0012	-23	146	126
14	0.0013	46	36	110
15	0.0014	-20	-7	-14
16	0.0015	66	-98	-62
17	0.0016	5	1	-51
18	0.0017	40	28	-38
19	0.0018	24	109	74
20	0.0019	-67	18	44
21	0.0020	66	3	-6
22	0.0021	-76	-95	-36
23	0.0022	75	-4	-31
24	0.0023	-88	66	1
25	0.0024	93	52	-54
26	0.0025	-115	-29	-8
27	0.0026	24	-78	33
28	0.0027	-44	36	-17
29	0.0028	83	30	70
30	0.0029	-50	43	-31
31	0.0030	58	-32	-33
32	0.0031	-58	24	-2
33	0.0032	-27	-11	30
34	0.0033	-38	87	140
35	0.0034	-10	18	123
36	0.0035	15	-16	14
37	0.0036	16	-34	-7
38	0.0037	27	30	-31
39	0.0038	-25	10	-29
40	0.0039	110	84	10
41	0.0040	0	-42	-31
42	0.0041	-14	-71	73
43	0.0042	-53	-4	-20
44	0.0043	6	-2	16
45	0.0044	3	131	14
46	0.0045	-15	-57	45
47	0.0046	-44	47	40
48	0.0047	-20	-24	1
49	0.0048	-12	14	-4
50	0.0049	28	39	-44
51	0.0050	101	45	39
52	0.0051	-58	-21	32
53	0.0052	77	-21	-21
54	0.0053	-7	15	-37
55	0.0054	9	13	-10
56	0.0055	41	50	-89
57	0.0056	-15	-48	71
58	0.0057	-88	6	61
59	0.0058	-21	-27	18
60	0.0059	54	101	5
61	0.0060	-49	-45	33
62	0.0061	19	22	-17
63	0.0062	6	16	-8
64	0.0063	-19	43	79
65	0.0064	1	28	-8
66	0.0065	37	20	-57
67	0.0066	15	-36	-47
68	0.0067	-28	-106	-29
69	0.0068	79	28	-57
70	0.0069	-53	-8	53
71	0.0070	24	61	53
72	0.0071	5	-15	-49
73	0.0072	-8	-12	24
74	0.0073	-51	-8	0
75	0.0074	27	27	71
76	0.0075	-2	39	-47
77	0.0076	6	-31	37
78	0.0077	-12	36	-50
79	0.0078	13	-25	-11
80	0.0079	-91	26	-34
81	0.0080	78	-14	23
82	0.0081	-91	73	44
83	0.0082	120	-21	121
84	0.0083	-19	44	-27
85	0.0084	65	-20	-10
86	0.0085	-16	86	32
87	0.0086	-27	-53	11
88	0.0087	24	50	-79
89	0.0088	-21	-50	41
90	0.0089	-17	75	60
91	0.0090	0	-29	84
92	0.0091	-4	50	43
93	0.0092	-53	-51	103
94	0.0093	15	31	-91
95	0.0094	73	44	24
96	0.0095	-29	16	28
97	0.0096	118	-57	-131
98	0.0097	-71	3	33
99	0.0098	-38	9	44
100	0.0099	15	-38	-51

电流增量数据 [1000Hz, 10点]
采样序号	时间(s)	A相电流(INT)	B相电流(INT)	C相电流(INT)
1	0.000	590	-3531	-851
2	0.001	615	-701	-428
3	0.002	436	-1990	-628
4	0.003	607	-396	-714
5	0.004	908	-1172	-808
6	0.005	-589	194	-23
7	0.006	-109	-163	-753
8	0.007	31	-590	-1062
9	0.008	-292	-1029	-364
10	0.009	45	-1368	-609
================================================================================

=== 采集时间: 2025-12-05 15:24:56 (增量周期: 10.0ms) ===
振动增量数据 [等效10000Hz, 100点]
时序序号	时间(s)	X振动(INT)	Y振动(INT)	Z振动(INT)
1	0.0000	-38	45	49
2	0.0001	44	19	-55
3	0.0002	36	1	11
4	0.0003	-63	-33	35
5	0.0004	50	2	-4
6	0.0005	2	69	-71
7	0.0006	80	-65	-20
8	0.0007	-38	-2	-20
9	0.0008	56	-16	36
10	0.0009	-2	109	48
11	0.0010	60	26	7
12	0.0011	-17	5	14
13	0.0012	-34	-20	140
14	0.0013	-128	33	20
15	0.0014	129	35	-102
16	0.0015	1	-61	-109
17	0.0016	54	-42	-17
18	0.0017	13	31	-50
19	0.0018	-11	2	-23
20	0.0019	52	31	-85
21	0.0020	-12	-74	0
22	0.0021	101	24	20
23	0.0022	-32	11	138
24	0.0023	71	69	28
25	0.0024	80	22	-106
26	0.0025	-28	-37	18
27	0.0026	-89	32	44
28	0.0027	-50	14	-16
29	0.0028	9	54	-27
30	0.0029	-51	-37	76
31	0.0030	-29	-23	-29
32	0.0031	30	0	-6
33	0.0032	-79	13	-6
34	0.0033	61	5	-7
35	0.0034	6	20	-66
36	0.0035	23	-71	15
37	0.0036	13	33	-14
38	0.0037	61	30	31
39	0.0038	48	23	15
40	0.0039	20	-41	-10
41	0.0040	-19	0	13
42	0.0041	-71	-6	6
43	0.0042	-29	61	10
44	0.0043	-20	28	23
45	0.0044	-68	-25	-14
46	0.0045	-68	-93	-42
47	0.0046	-36	37	86
48	0.0047	-110	103	166
49	0.0048	104	90	54
50	0.0049	-33	-58	20
51	0.0050	-46	91	5
52	0.0051	103	134	57
53	0.0052	24	120	221
54	0.0053	-31	-76	52
55	0.0054	74	-104	-137
56	0.0055	-41	-21	-84
57	0.0056	49	86	83
58	0.0057	-89	61	20
59	0.0058	87	45	84
60	0.0059	-185	-113	-3
61	0.0060	9	1	-64
62	0.0061	-33	50	-109
63	0.0062	108	23	66
64	0.0063	-61	48	66
65	0.0064	67	30	113
66	0.0065	-89	82	52
67	0.0066	-68	-76	133
68	0.0067	41	87	-29
69	0.0068	18	-21	-33
70	0.0069	103	-24	-139
71	0.0070	-19	-44	-72
72	0.0071	18	-24	-25
73	0.0072	-50	58	45
74	0.0073	-2	18	45
75	0.0074	16	-19	-66
76	0.0075	-33	-63	-45
77	0.0076	54	-7	-55
78	0.0077	-10	80	-4
79	0.0078	61	-7	87
80	0.0079	-14	-65	-63
81	0.0080	50	-55	-50
82	0.0081	-100	24	6
83	0.0082	-6	66	40
84	0.0083	-61	41	61
85	0.0084	57	70	74
86	0.0085	-58	-55	-55
87	0.0086	35	19	100
88	0.0087	-139	15	41
89	0.0088	67	31	-24
90	0.0089	1	56	-40
91	0.0090	39	-106	6
92	0.0091	52	28	-85
93	0.0092	52	-19	56
94	0.0093	-50	64	41
95	0.0094	46	-25	-24
96	0.0095	-45	18	7
97	0.0096	-89	-44	148
98	0.0097	-33	26	76
99	0.0098	6	16	-96
100	0.0099	137	-7	-128

电流增量数据 [1000Hz, 10点]
采样序号	时间(s)	A相电流(INT)	B相电流(INT)	C相电流(INT)
1	0.000	-233	-28	660
2	0.001	-305	436	510
3	0.002	-625	-3670	553
4	0.003	-682	-823	654
5	0.004	-884	-1587	690
6	0.005	537	-1084	-184
7	0.006	679	-2412	205
8	0.007	772	-1402	237
9	0.008	468	-1266	339
10	0.009	90	-2321	750
================================================================================

=== 采集时间: 2025-12-05 15:24:56 (增量周期: 10.0ms) ===
振动增量数据 [等效10000Hz, 100点]
时序序号	时间(s)	X振动(INT)	Y振动(INT)	Z振动(INT)
1	0.0000	18	40	-7
2	0.0001	-6	-19	-45
3	0.0002	-31	43	13
4	0.0003	18	-27	-32
5	0.0004	-17	13	27
6	0.0005	-21	5	24
7	0.0006	-21	48	32
8	0.0007	-23	22	-24
9	0.0008	-32	-71	-38
10	0.0009	5	-17	-47
11	0.0010	-8	-29	18
12	0.0011	3	37	23
13	0.0012	26	-45	-25
14	0.0013	61	33	-20
15	0.0014	-57	-33	2
16	0.0015	88	40	-25
17	0.0016	14	57	-71
18	0.0017	82	-45	13
19	0.0018	-71	-49	-46
20	0.0019	15	-46	-2
21	0.0020	-12	180	106
22	0.0021	15	36	121
23	0.0022	-14	-12	-12
24	0.0023	-40	-153	7
25	0.0024	2	10	-136
26	0.0025	100	80	-40
27	0.0026	-16	107	219
28	0.0027	-44	36	41
29	0.0028	24	-148	-140
30	0.0029	-58	33	54
31	0.0030	-12	45	100
32	0.0031	124	155	-106
33	0.0032	48	-76	-15
34	0.0033	-62	-71	-20
35	0.0034	20	40	-40
36	0.0035	-32	71	30
37	0.0036	-3	64	116
38	0.0037	20	-50	30
39	0.0038	-15	-36	-51
40	0.0039	11	27	-24
41	0.0040	-67	39	74
42	0.0041	-50	44	65
43	0.0042	-68	-66	37
44	0.0043	31	-36	-94
45	0.0044	-47	-8	-37
46	0.0045	-28	117	108
47	0.0046	20	49	110
48	0.0047	-4	15	92
49	0.0048	45	-44	31
50	0.0049	-34	-4	1
51	0.0050	7	-29	-21
52	0.0051	-17	-3	3
53	0.0052	2	-2	-33
54	0.0053	36	43	-81
55	0.0054	126	73	62
56	0.0055	2	-55	90
57	0.0056	41	28	-46
58	0.0057	-29	23	52
59	0.0058	-64	37	0
60	0.0059	67	-38	-46
61	0.0060	-27	-44	0
62	0.0061	-10	-21	-98
63	0.0062	5	2	-68
64	0.0063	-89	2	-11
65	0.0064	-41	2	46
66	0.0065	-41	19	-21
67	0.0066	-7	35	123
68	0.0067	-58	70	183
69	0.0068	50	64	35
70	0.0069	82	7	-67
71	0.0070	3	-65	87
72	0.0071	0	33	-24
73	0.0072	92	-16	-80
74	0.0073	-66	33	103
75	0.0074	-27	-12	50
76	0.0075	78	43	-93
77	0.0076	-36	75	95
78	0.0077	-2	-44	11
79	0.0078	16	57	-104
80	0.0079	120	32	-32
81	0.0080	-87	-3	54
82	0.0081	53	3	53
83	0.0082	-34	100	28
84	0.0083	-28	-33	142
85	0.0084	50	53	-40
86	0.0085	-20	35	148
87	0.0086	-47	82	54
88	0.0087	120	18	-50
89	0.0088	-53	-11	-15
90	0.0089	5	-65	62
91	0.0090	-46	65	-92
92	0.0091	36	-29	-15
93	0.0092	-36	-6	41
94	0.0093	15	-79	-140
95	0.0094	135	75	-96
96	0.0095	0	-75	-50
97	0.0096	13	-58	-21
98	0.0097	80	67	-40
99	0.0098	-38	-12	24
100	0.0099	-38	41	121

电流增量数据 [1000Hz, 10点]
采样序号	时间(s)	A相电流(INT)	B相电流(INT)	C相电流(INT)
1	0.000	27	-788	-835
2	0.001	-19	-959	-705
3	0.002	275	-1708	-543
4	0.003	654	1889	-645
5	0.004	705	51	-888
6	0.005	-708	1329	-609
7	0.006	-574	417	-94
8	0.007	-502	425	-152
9	0.008	12	-611	-363
10	0.009	29	-1181	-558
================================================================================

=== 采集时间: 2025-12-05 15:24:56 (增量周期: 10.0ms) ===
振动增量数据 [等效10000Hz, 100点]
时序序号	时间(s)	X振动(INT)	Y振动(INT)	Z振动(INT)
1	0.0000	-81	-10	-44
2	0.0001	45	14	70
3	0.0002	-110	60	20
4	0.0003	126	-19	-14
5	0.0004	11	36	-37
6	0.0005	43	-98	23
7	0.0006	-54	79	96
8	0.0007	-3	69	139
9	0.0008	-8	100	75
10	0.0009	35	19	10
11	0.0010	-2	-59	-123
12	0.0011	63	-46	-158
13	0.0012	-51	-31	-4
14	0.0013	-29	73	41
15	0.0014	19	53	-51
16	0.0015	-58	-49	63
17	0.0016	-31	-49	-8
18	0.0017	18	62	-50
19	0.0018	63	22	-15
20	0.0019	-6	-20	48
21	0.0020	15	-27	2
22	0.0021	37	48	-41
23	0.0022	-74	-11	54
24	0.0023	-24	61	58
25	0.0024	-59	30	16
26	0.0025	-17	1	36
27	0.0026	-40	-12	-23
28	0.0027	-79	-10	62
29	0.0028	43	45	-16
30	0.0029	45	-45	-36
31	0.0030	15	-17	-27
32	0.0031	-8	-6	60
33	0.0032	-37	35	-62
34	0.0033	104	7	-20
35	0.0034	-67	-23	26
36	0.0035	63	-50	-71
37	0.0036	-10	41	-76
38	0.0037	-44	-23	18
39	0.0038	-113	58	57
40	0.0039	-4	61	88
41	0.0040	-42	20	56
42	0.0041	1	-42	61
43	0.0042	37	-45	-132
44	0.0043	100	31	-88
45	0.0044	7	144	95
46	0.0045	9	15	62
47	0.0046	71	-81	-144
48	0.0047	-3	-121	-71
49	0.0048	-55	32	79
50	0.0049	-19	169	48
51	0.0050	-29	82	33
52	0.0051	99	94	90
53	0.0052	-126	-92	27
54	0.0053	16	-75	-130
55	0.0054	-54	-34	-59
56	0.0055	31	75	133
57	0.0056	57	124	15
58	0.0057	109	-55	-41
59	0.0058	19	-80	-105
60	0.0059	-7	-8	69
61	0.0060	-47	126	16
62	0.0061	87	32	33
63	0.0062	37	-4	36
64	0.0063	-74	-79	74
65	0.0064	-37	107	13
66	0.0065	-20	66	11
67	0.0066	-15	7	-8
68	0.0067	6	-67	14
69	0.0068	0	-17	-83
70	0.0069	20	28	-62
71	0.0070	-7	26	6
72	0.0071	52	39	70
73	0.0072	41	-16	6
74	0.0073	18	-87	-83
75	0.0074	20	49	7
76	0.0075	-89	3	22
77	0.0076	56	94	50
78	0.0077	-23	-38	-21
79	0.0078	108	-50	-53
80	0.0079	-42	15	27
81	0.0080	-6	-12	74
82	0.0081	-21	92	-51
83	0.0082	2	-38	-6
84	0.0083	-23	79	97
85	0.0084	2	-70	44
86	0.0085	41	54	16
87	0.0086	20	-45	-15
88	0.0087	10	-21	-24
89	0.0088	41	-37	-77
90	0.0089	1	47	-72
91	0.0090	-40	31	67
92	0.0091	-68	92	147
93	0.0092	-23	26	22
94	0.0093	35	22	44
95	0.0094	-53	-11	-49
96	0.0095	66	-23	19
97	0.0096	-68	60	44
98	0.0097	71	-15	-10
99	0.0098	28	58	-15
100	0.0099	97	23	27

电流增量数据 [1000Hz, 10点]
采样序号	时间(s)	A相电流(INT)	B相电流(INT)	C相电流(INT)
1	0.000	819	-2824	-891
2	0.001	848	-1035	-861
3	0.002	868	-710	-857
4	0.003	810	217	-639
5	0.004	711	-1843	-330
6	0.005	-84	-857	-696
7	0.006	34	-777	-713
8	0.007	-79	2411	-725
9	0.008	244	928	-905
10	0.009	598	-478	-532
================================================================================

=== 采集时间: 2025-12-05 15:24:57 (增量周期: 10.0ms) ===
振动增量数据 [等效10000Hz, 100点]
时序序号	时间(s)	X振动(INT)	Y振动(INT)	Z振动(INT)
1	0.0000	-53	41	26
2	0.0001	20	2	-24
3	0.0002	13	74	67
4	0.0003	-97	-24	127
5	0.0004	33	26	15
6	0.0005	-10	-14	-36
7	0.0006	2	3	50
8	0.0007	-4	5	1
9	0.0008	70	26	-66
10	0.0009	78	-7	-15
11	0.0010	-10	-2	22
12	0.0011	22	19	-4
13	0.0012	-32	9	13
14	0.0013	-16	-8	10
15	0.0014	28	36	-70
16	0.0015	-27	18	66
17	0.0016	-58	-4	41
18	0.0017	-4	-24	-59
19	0.0018	9	14	-23
20	0.0019	28	0	-68
21	0.0020	7	-3	18
22	0.0021	-34	2	24
23	0.0022	-32	-6	39
24	0.0023	67	6	28
25	0.0024	-45	113	127
26	0.0025	40	-12	27
27	0.0026	13	40	-72
28	0.0027	-45	-88	-24
29	0.0028	30	13	-12
30	0.0029	24	28	-27
31	0.0030	60	41	28
32	0.0031	-12	9	-41
33	0.0032	2	-75	31
34	0.0033	-85	6	-32
35	0.0034	57	3	-63
36	0.0035	-28	50	9
37	0.0036	19	-17	52
38	0.0037	-10	-19	1
39	0.0038	13	-27	-15
40	0.0039	-8	61	41
41	0.0040	10	-34	7
42	0.0041	16	57	-46
43	0.0042	19	-8	7
44	0.0043	-15	69	11
45	0.0044	10	47	86
46	0.0045	-19	30	26
47	0.0046	26	-12	-15
48	0.0047	-10	-57	-85
49	0.0048	-11	23	14
50	0.0049	-67	35	31
51	0.0050	-44	10	71
52	0.0051	-15	-48	139
53	0.0052	-12	50	43
54	0.0053	60	-33	-102
55	0.0054	-7	31	53
56	0.0055	46	-3	-15
57	0.0056	124	26	-62
58	0.0057	44	9	31
59	0.0058	-27	-37	-29
60	0.0059	-27	40	-12
61	0.0060	-19	41	67
62	0.0061	-62	40	106
63	0.0062	43	27	61
64	0.0063	-25	48	-57
65	0.0064	27	-23	46
66	0.0065	-75	48	-17
67	0.0066	24	26	35
68	0.0067	-71	39	75
69	0.0068	36	-67	-41
70	0.0069	-31	-2	70
71	0.0070	3	125	129
72	0.0071	15	5	0
73	0.0072	-19	-85	-36
74	0.0073	-34	-97	-144
75	0.0074	-19	26	-34
76	0.0075	-27	53	-33
77	0.0076	-24	14	122
78	0.0077	6	-74	-59
79	0.0078	31	41	24
80	0.0079	13	131	134
81	0.0080	33	22	-114
82	0.0081	0	-63	-109
83	0.0082	3	-67	-89
84	0.0083	11	-50	-45
85	0.0084	33	113	148
86	0.0085	-63	70	152
87	0.0086	20	-12	3
88	0.0087	-46	-96	-88
89	0.0088	-23	-31	-21
90	0.0089	-4	134	60
91	0.0090	-32	58	92
92	0.0091	49	-7	65
93	0.0092	-46	-100	-15
94	0.0093	99	6	-107
95	0.0094	-32	71	53
96	0.0095	-3	39	48
97	0.0096	45	39	74
98	0.0097	-11	43	23
99	0.0098	16	-16	86
100	0.0099	-94	82	62

电流增量数据 [1000Hz, 10点]
采样序号	时间(s)	A相电流(INT)	B相电流(INT)	C相电流(INT)
1	0.000	-704	-2473	749
2	0.001	-940	-1064	698
3	0.002	-903	-2967	819
4	0.003	-816	-95	212
5	0.004	-977	-89	158
6	0.005	752	-495	123
7	0.006	9	-2357	471
8	0.007	174	-2158	375
9	0.008	120	-2351	526
10	0.009	122	-33	607
================================================================================

=== 采集时间: 2025-12-05 15:24:57 (增量周期: 10.0ms) ===
振动增量数据 [等效10000Hz, 100点]
时序序号	时间(s)	X振动(INT)	Y振动(INT)	Z振动(INT)
1	0.0000	11	50	-8
2	0.0001	97	9	66
3	0.0002	26	61	129
4	0.0003	-58	-66	122
5	0.0004	58	148	-76
6	0.0005	7	-36	-40
7	0.0006	-58	9	-40
8	0.0007	24	-14	-32
9	0.0008	-59	30	69
10	0.0009	-2	-3	125
11	0.0010	-38	-4	80
12	0.0011	7	-24	-41
13	0.0012	15	1	-29
14	0.0013	-27	14	-55
15	0.0014	116	77	3
16	0.0015	-29	27	103
17	0.0016	103	-2	57
18	0.0017	-40	19	-19
19	0.0018	67	-8	37
20	0.0019	-37	44	-88
21	0.0020	13	-3	14
22	0.0021	-45	48	-10
23	0.0022	44	-67	36
24	0.0023	6	56	2
25	0.0024	-47	-24	79
26	0.0025	-17	23	-61
27	0.0026	-3	-34	-63
28	0.0027	-42	-8	-3
29	0.0028	127	45	49
30	0.0029	-58	35	114
31	0.0030	96	47	49
32	0.0031	-38	-41	-20
33	0.0032	57	-15	-107
34	0.0033	32	22	-28
35	0.0034	-49	69	95
36	0.0035	10	67	53
37	0.0036	-49	-6	133
38	0.0037	13	13	-6
39	0.0038	24	-2	-29
40	0.0039	3	26	-15
41	0.0040	14	-37	-68
42	0.0041	46	31	-84
43	0.0042	20	-23	-7
44	0.0043	23	35	11
45	0.0044	35	-25	57
46	0.0045	16	50	1
47	0.0046	18	-24	-23
48	0.0047	0	24	-59
49	0.0048	-50	-7	28
50	0.0049	10	52	74
51	0.0050	-46	-113	-31
52	0.0051	65	13	33
53	0.0052	-117	84	113
54	0.0053	77	199	32
55	0.0054	-46	-91	-101
56	0.0055	35	-159	-59
57	0.0056	-33	-38	-46
58	0.0057	28	117	117
59	0.0058	-44	120	28
60	0.0059	18	-81	16
61	0.0060	54	105	99
62	0.0061	-84	2	106
63	0.0062	36	31	27
64	0.0063	33	-16	-54
65	0.0064	-4	5	39
66	0.0065	-24	19	58
67	0.0066	-53	6	44
68	0.0067	-29	36	3
69	0.0068	-40	-40	-2
70	0.0069	-29	30	23
71	0.0070	-27	58	100
72	0.0071	-61	27	31
73	0.0072	71	-50	-76
74	0.0073	-6	-48	-37
75	0.0074	62	47	28
76	0.0075	-28	86	138
77	0.0076	5	13	23
78	0.0077	3	-51	-57
79	0.0078	61	-24	-119
80	0.0079	14	-41	-44
81	0.0080	52	124	18
82	0.0081	27	9	32
83	0.0082	-40	-57	27
84	0.0083	27	-31	-76
85	0.0084	37	-29	-58
86	0.0085	-4	91	13
87	0.0086	96	-42	-15
88	0.0087	-61	-4	-32
89	0.0088	78	-36	7
90	0.0089	-93	26	7
91	0.0090	82	13	37
92	0.0091	-89	-12	65
93	0.0092	57	33	-16
94	0.0093	-57	47	-75
95	0.0094	33	-12	76
96	0.0095	-58	53	32
97	0.0096	112	-8	60
98	0.0097	24	43	-34
99	0.0098	20	-65	-36
100	0.0099	6	65	-118

电流增量数据 [1000Hz, 10点]
采样序号	时间(s)	A相电流(INT)	B相电流(INT)	C相电流(INT)
1	0.000	308	185	-975
2	0.001	243	-1045	-842
3	0.002	991	-444	-654
4	0.003	267	492	-587
5	0.004	81	240	-468
6	0.005	407	-1332	-404
7	0.006	-650	-2372	131
8	0.007	-643	-624	14
9	0.008	-20	-2109	-804
10	0.009	-38	353	-714
================================================================================

=== 采集时间: 2025-12-05 15:24:57 (增量周期: 10.0ms) ===
振动增量数据 [等效10000Hz, 100点]
时序序号	时间(s)	X振动(INT)	Y振动(INT)	Z振动(INT)
1	0.0000	-37	-2	-57
2	0.0001	118	23	-16
3	0.0002	-50	11	74
4	0.0003	19	47	19
5	0.0004	-2	31	31
6	0.0005	-23	-32	-84
7	0.0006	40	-12	-27
8	0.0007	-17	-4	-17
9	0.0008	74	82	33
10	0.0009	-50	43	49
11	0.0010	-36	-58	23
12	0.0011	-62	-50	-40
13	0.0012	36	-42	-81
14	0.0013	61	54	-36
15	0.0014	-7	-23	39
16	0.0015	6	-4	40
17	0.0016	26	-2	-15
18	0.0017	-20	-75	-6
19	0.0018	7	99	46
20	0.0019	23	22	-34
21	0.0020	-2	48	16
22	0.0021	26	-19	9
23	0.0022	-49	-14	11
24	0.0023	-24	65	39
25	0.0024	-14	28	49
26	0.0025	-51	-10	23
27	0.0026	54	36	-24
28	0.0027	0	-3	46
29	0.0028	32	22	37
30	0.0029	54	19	0
31	0.0030	23	28	90
32	0.0031	7	-11	24
33	0.0032	22	-11	-72
34	0.0033	-8	69	-4
35	0.0034	6	37	74
36	0.0035	15	49	5
37	0.0036	31	11	40
38	0.0037	-36	26	5
39	0.0038	-29	-33	-3
40	0.0039	-54	73	-25
41	0.0040	35	-4	-23
42	0.0041	-76	-11	56
43	0.0042	30	9	-12
44	0.0043	-71	-110	-31
45	0.0044	48	9	-24
46	0.0045	-31	-42	1
47	0.0046	40	91	24
48	0.0047	-12	32	91
49	0.0048	-19	-15	27
50	0.0049	19	28	-8
51	0.0050	-58	37	69
52	0.0051	-4	-49	26
53	0.0052	0	-19	-124
54	0.0053	10	-23	61
55	0.0054	18	190	251
56	0.0055	56	130	93
57	0.0056	65	-27	-105
58	0.0057	28	-131	1
59	0.0058	-87	-67	-77
60	0.0059	129	128	-94
61	0.0060	86	113	118
62	0.0061	-53	-65	86
63	0.0062	6	-44	20
64	0.0063	9	-36	-111
65	0.0064	-27	-17	10
66	0.0065	-2	117	46
67	0.0066	-47	-25	31
68	0.0067	30	-12	-63
69	0.0068	11	-57	-25
70	0.0069	24	67	16
71	0.0070	58	48	-24
72	0.0071	39	-12	28
73	0.0072	-4	31	-4
74	0.0073	-21	-19	33
75	0.0074	-80	87	150
76	0.0075	-44	-14	114
77	0.0076	6	48	-24
78	0.0077	40	-76	-33
79	0.0078	-29	-25	-88
80	0.0079	-34	9	-32
81	0.0080	18	66	56
82	0.0081	-85	-42	19
83	0.0082	50	-36	1
84	0.0083	-74	6	-23
85	0.0084	0	-11	18
86	0.0085	30	80	-33
87	0.0086	46	3	-11
88	0.0087	15	30	66
89	0.0088	-72	-20	106
90	0.0089	-20	65	2
91	0.0090	62	18	-36
92	0.0091	-64	-23	76
93	0.0092	2	-11	53
94	0.0093	5	-4	-102
95	0.0094	-7	-61	-72
96	0.0095	-49	-38	14
97	0.0096	-108	-21	9
98	0.0097	58	66	20
99	0.0098	-98	-21	-29
100	0.0099	97	-21	49

电流增量数据 [1000Hz, 10点]
采样序号	时间(s)	A相电流(INT)	B相电流(INT)	C相电流(INT)
1	0.000	-53	1000	-544
2	0.001	190	688	-672
3	0.002	510	397	-767
4	0.003	165	-2972	-531
5	0.004	830	-1039	-574
6	0.005	-238	-3297	407
7	0.006	-401	-446	199
8	0.007	-453	-487	81
9	0.008	-809	73	173
10	0.009	-461	-748	-236
================================================================================

=== 采集时间: 2025-12-05 15:24:58 (增量周期: 10.0ms) ===
振动增量数据 [等效10000Hz, 100点]
时序序号	时间(s)	X振动(INT)	Y振动(INT)	Z振动(INT)
1	0.0000	-19	-75	11
2	0.0001	-36	6	27
3	0.0002	-36	23	15
4	0.0003	45	44	-75
5	0.0004	75	62	-36
6	0.0005	41	33	58
7	0.0006	-51	-45	48
8	0.0007	-3	91	86
9	0.0008	-84	5	31
10	0.0009	-49	-66	-66
11	0.0010	16	-96	-68
12	0.0011	-23	14	7
13	0.0012	-4	83	13
14	0.0013	130	87	87
15	0.0014	-89	-85	86
16	0.0015	44	-19	-4
17	0.0016	-24	50	-92
18	0.0017	45	54	32
19	0.0018	-41	113	80
20	0.0019	105	-2	48
21	0.0020	33	1	-40
22	0.0021	-41	-132	41
23	0.0022	-117	57	-21
24	0.0023	5	39	-46
25	0.0024	-31	6	-40
26	0.0025	23	-11	129
27	0.0026	-32	19	127
28	0.0027	-27	24	118
29	0.0028	-29	33	33
30	0.0029	3	-20	-31
31	0.0030	45	54	-63
32	0.0031	14	-57	-46
33	0.0032	96	-7	-50
34	0.0033	13	5	-19
35	0.0034	52	33	18
36	0.0035	40	41	33
37	0.0036	-20	-16	-53
38	0.0037	14	33	-10
39	0.0038	-61	2	-33
40	0.0039	49	-28	-16
41	0.0040	-23	37	113
42	0.0041	-10	67	155
43	0.0042	-25	28	63
44	0.0043	-110	-51	-50
45	0.0044	-42	-106	-147
46	0.0045	16	15	-49
47	0.0046	70	44	86
48	0.0047	95	48	84
49	0.0048	7	-75	-29
50	0.0049	-19	-101	-70
51	0.0050	-63	2	2
52	0.0051	52	90	-36
53	0.0052	-7	90	48
54	0.0053	-2	-44	152
55	0.0054	-97	-62	19
56	0.0055	27	65	97
57	0.0056	-127	64	54
58	0.0057	88	45	28
59	0.0058	-11	9	-38
60	0.0059	2	-42	53
61	0.0060	32	53	74
62	0.0061	-61	31	95
63	0.0062	70	40	57
64	0.0063	23	23	5
65	0.0064	-4	-19	30
66	0.0065	33	10	-89
67	0.0066	46	44	1
68	0.0067	-46	-48	40
69	0.0068	31	27	-14
70	0.0069	-17	18	3
71	0.0070	-34	-34	10
72	0.0071	-7	18	7
73	0.0072	-21	-3	58
74	0.0073	-4	73	31
75	0.0074	35	5	7
76	0.0075	-81	-55	26
77	0.0076	24	22	-7
78	0.0077	19	9	-36
79	0.0078	56	19	31
80	0.0079	-25	95	106
81	0.0080	24	3	62
82	0.0081	22	118	-32
83	0.0082	-27	-91	90
84	0.0083	-15	61	28
85	0.0084	-8	-42	-21
86	0.0085	28	23	-66
87	0.0086	-33	10	41
88	0.0087	-32	15	65
89	0.0088	-23	31	16
90	0.0089	24	-36	-3
91	0.0090	-17	-54	-32
92	0.0091	39	58	-50
93	0.0092	35	96	103
94	0.0093	-3	45	110
95	0.0094	14	-8	-50
96	0.0095	62	-49	-67
97	0.0096	-46	30	32
98	0.0097	-7	19	53
99	0.0098	65	173	-2
100	0.0099	-12	-36	82

电流增量数据 [1000Hz, 10点]
采样序号	时间(s)	A相电流(INT)	B相电流(INT)	C相电流(INT)
1	0.000	806	-1576	-932
2	0.001	778	-1763	-529
3	0.002	400	-2351	-256
4	0.003	519	1742	27
5	0.004	687	-1308	351
6	0.005	165	-309	635
7	0.006	382	-390	-1002
8	0.007	-33	626	-767
9	0.008	76	-794	-585
10	0.009	480	-874	-434
================================================================================

=== 采集时间: 2025-12-05 15:24:58 (增量周期: 10.0ms) ===
振动增量数据 [等效10000Hz, 100点]
时序序号	时间(s)	X振动(INT)	Y振动(INT)	Z振动(INT)
1	0.0000	60	48	44
2	0.0001	-64	-46	-49
3	0.0002	50	-67	-74
4	0.0003	-31	50	-21
5	0.0004	-98	-14	97
6	0.0005	-31	90	54
7	0.0006	-16	1	19
8	0.0007	-57	-46	9
9	0.0008	9	-15	1
10	0.0009	80	31	-44
11	0.0010	80	19	-74
12	0.0011	61	3	28
13	0.0012	10	5	-21
14	0.0013	71	-15	-31
15	0.0014	-20	-2	13
16	0.0015	33	2	40
17	0.0016	32	31	-23
18	0.0017	-12	-44	-77
19	0.0018	-19	-65	-24
20	0.0019	-66	144	126
21	0.0020	-16	129	232
22	0.0021	-58	-19	9
23	0.0022	-17	-134	-113
24	0.0023	-11	-12	-66
25	0.0024	43	94	-7
26	0.0025	91	104	69
27	0.0026	105	61	7
28	0.0027	44	-147	-128
29	0.0028	-70	-140	-100
30	0.0029	-20	74	75
31	0.0030	-46	169	104
32	0.0031	101	107	48
33	0.0032	-10	-119	67
34	0.0033	-58	-83	-28
35	0.0034	-31	65	-8
36	0.0035	-58	48	23
37	0.0036	30	2	-23
38	0.0037	18	-16	0
39	0.0038	5	6	18
40	0.0039	-10	-7	-27
41	0.0040	52	-33	-91
42	0.0041	45	23	33
43	0.0042	0	94	121
44	0.0043	50	35	-21
45	0.0044	10	3	31
46	0.0045	-76	-100	-11
47	0.0046	3	26	-85
48	0.0047	5	96	36
49	0.0048	-17	26	16
50	0.0049	40	-29	60
51	0.0050	-92	-46	54
52	0.0051	-8	-45	-58
53	0.0052	-44	19	15
54	0.0053	40	18	-62
55	0.0054	40	27	49
56	0.0055	41	-33	-11
57	0.0056	83	14	-19
58	0.0057	-122	-16	61
59	0.0058	69	48	-89
60	0.0059	-54	40	26
61	0.0060	49	20	83
62	0.0061	-81	0	13
63	0.0062	66	32	3
64	0.0063	-17	79	45
65	0.0064	-33	-79	27
66	0.0065	99	47	-126
67	0.0066	-23	-65	-66
68	0.0067	-33	28	13
69	0.0068	-49	-29	-3
70	0.0069	11	32	26
71	0.0070	-40	-84	80
72	0.0071	-33	19	37
73	0.0072	13	37	27
74	0.0073	24	50	13
75	0.0074	-57	-12	-33
76	0.0075	36	-20	-11
77	0.0076	-104	6	41
78	0.0077	22	-49	13
79	0.0078	-29	39	-28
80	0.0079	15	31	70
81	0.0080	-12	9	6
82	0.0081	69	20	-49
83	0.0082	3	-33	-27
84	0.0083	-17	-31	-21
85	0.0084	63	83	13
86	0.0085	-61	27	95
87	0.0086	-21	78	70
88	0.0087	-64	-55	-17
89	0.0088	-33	-45	37
90	0.0089	-34	-2	18
91	0.0090	-2	22	49
92	0.0091	93	67	-8
93	0.0092	-10	-33	-23
94	0.0093	28	47	53
95	0.0094	-61	1	3
96	0.0095	62	33	-20
97	0.0096	-12	-46	20
98	0.0097	6	-37	13
99	0.0098	0	26	-25
100	0.0099	60	129	103

电流增量数据 [1000Hz, 10点]
采样序号	时间(s)	A相电流(INT)	B相电流(INT)	C相电流(INT)
1	0.000	-649	937	205
2	0.001	-613	-2845	100
3	0.002	-184	-324	-402
4	0.003	36	-1135	-1119
5	0.004	-626	-825	740
6	0.005	-1017	-1040	946
7	0.006	-885	-582	850
8	0.007	-651	-335	539
9	0.008	-508	-917	-104
10	0.009	-498	-1108	-136
================================================================================

=== 采集时间: 2025-12-05 15:24:59 (增量周期: 10.0ms) ===
振动增量数据 [等效10000Hz, 100点]
时序序号	时间(s)	X振动(INT)	Y振动(INT)	Z振动(INT)
1	0.0000	69	44	-16
2	0.0001	-37	-23	15
3	0.0002	1	32	-15
4	0.0003	-11	22	-59
5	0.0004	23	-24	0
6	0.0005	-44	-46	-23
7	0.0006	20	15	58
8	0.0007	-29	37	63
9	0.0008	-27	-4	9
10	0.0009	33	15	-6
11	0.0010	-59	-23	11
12	0.0011	-6	-33	15
13	0.0012	-19	78	3
14	0.0013	35	-8	-24
15	0.0014	-7	1	20
16	0.0015	3	-54	52
17	0.0016	56	32	-16
18	0.0017	66	69	-71
19	0.0018	3	-23	-2
20	0.0019	30	9	10
21	0.0020	-53	-66	1
22	0.0021	9	49	5
23	0.0022	-34	33	9
24	0.0023	-66	-23	86
25	0.0024	-38	60	49
26	0.0025	-24	-66	-31
27	0.0026	71	43	-10
28	0.0027	-28	10	73
29	0.0028	56	40	14
30	0.0029	60	7	-66
31	0.0030	-19	-55	-8
32	0.0031	5	-21	-36
33	0.0032	-12	35	61
34	0.0033	-3	39	33
35	0.0034	3	43	177
36	0.0035	-61	23	18
37	0.0036	45	13	-84
38	0.0037	-33	-21	-57
39	0.0038	-17	-36	-29
40	0.0039	24	64	39
41	0.0040	91	91	7
42	0.0041	-33	-57	-32
43	0.0042	74	-46	-105
44	0.0043	-79	-62	-132
45	0.0044	113	-8	-10
46	0.0045	-51	50	26
47	0.0046	53	-37	104
48	0.0047	-37	9	-49
49	0.0048	-49	-98	-32
50	0.0049	-12	79	-81
51	0.0050	-19	-2	14
52	0.0051	-58	-20	16
53	0.0052	-42	58	22
54	0.0053	1	52	63
55	0.0054	-8	-44	10
56	0.0055	45	-28	-93
57	0.0056	-7	1	-23
58	0.0057	-34	30	-10
59	0.0058	78	57	9
60	0.0059	15	-2	62
61	0.0060	22	-58	23
62	0.0061	1	-10	-20
63	0.0062	-17	49	-33
64	0.0063	31	97	-16
65	0.0064	63	37	48
66	0.0065	35	-25	-2
67	0.0066	15	-34	39
68	0.0067	-108	74	43
69	0.0068	10	44	0
70	0.0069	-34	48	-24
71	0.0070	63	-11	63
72	0.0071	-31	-67	-119
73	0.0072	20	2	110
74	0.0073	-115	-2	96
75	0.0074	-17	37	74
76	0.0075	23	14	-38
77	0.0076	26	-50	62
78	0.0077	11	37	-8
79	0.0078	11	-29	-20
80	0.0079	-29	82	54
81	0.0080	20	-44	0
82	0.0081	-88	26	48
83	0.0082	52	39	5
84	0.0083	-70	-20	23
85	0.0084	-6	66	101
86	0.0085	3	-8	-23
87	0.0086	9	-19	33
88	0.0087	70	-21	-41
89	0.0088	2	-14	-57
90	0.0089	83	44	36
91	0.0090	-6	-7	-33
92	0.0091	44	-27	-42
93	0.0092	62	23	-15
94	0.0093	7	19	62
95	0.0094	18	39	86
96	0.0095	-57	18	53
97	0.0096	-59	0	0
98	0.0097	5	48	37
99	0.0098	9	6	-51
100	0.0099	118	43	-44

电流增量数据 [1000Hz, 10点]
采样序号	时间(s)	A相电流(INT)	B相电流(INT)	C相电流(INT)
1	0.000	593	-1087	-356
2	0.001	513	-536	79
3	0.002	557	-163	194
4	0.003	817	-2269	100
5	0.004	494	-2024	236
6	0.005	187	-1379	-653
7	0.006	126	2514	-529
8	0.007	732	-306	-966
9	0.008	846	13	-768
10	0.009	914	34	-826
================================================================================

=== 采集时间: 2025-12-05 15:24:59 (增量周期: 10.0ms) ===
振动增量数据 [等效10000Hz, 100点]
时序序号	时间(s)	X振动(INT)	Y振动(INT)	Z振动(INT)
1	0.0000	-122	44	97
2	0.0001	-74	30	-20
3	0.0002	-2	-29	-42
4	0.0003	33	-65	-16
5	0.0004	50	44	80
6	0.0005	7	84	50
7	0.0006	-23	23	32
8	0.0007	22	-45	-24
9	0.0008	-63	-14	15
10	0.0009	44	7	-8
11	0.0010	30	45	-36
12	0.0011	-76	-65	11
13	0.0012	57	61	52
14	0.0013	-74	-28	-40
15	0.0014	84	30	18
16	0.0015	-68	19	23
17	0.0016	28	-10	15
18	0.0017	-2	62	-55
19	0.0018	41	-51	31
20	0.0019	3	33	46
21	0.0020	28	6	32
22	0.0021	57	11	-44
23	0.0022	-11	-11	69
24	0.0023	-31	50	-32
25	0.0024	30	9	20
26	0.0025	13	58	-3
27	0.0026	15	-37	49
28	0.0027	10	50	65
29	0.0028	13	-15	6
30	0.0029	-29	66	-3
31	0.0030	73	41	20
32	0.0031	-16	-10	-24
33	0.0032	67	-15	7
34	0.0033	-23	13	-41
35	0.0034	1	-40	6
36	0.0035	-32	56	7
37	0.0036	-51	-101	-72
38	0.0037	-29	-4	7
39	0.0038	-20	-40	-20
40	0.0039	33	117	83
41	0.0040	-58	33	125
42	0.0041	-83	-11	65
43	0.0042	-32	-12	-97
44	0.0043	92	33	-55
45	0.0044	-72	28	97
46	0.0045	122	35	90
47	0.0046	-34	69	15
48	0.0047	125	-92	-25
49	0.0048	-37	32	-113
50	0.0049	77	-48	10
51	0.0050	-50	-4	33
52	0.0051	-34	64	26
53	0.0052	-15	69	10
54	0.0053	-58	0	26
55	0.0054	-7	5	-53
56	0.0055	-31	-11	43
57	0.0056	35	54	-11
58	0.0057	33	-11	-12
59	0.0058	41	-11	-63
60	0.0059	36	-74	-4
61	0.0060	-4	-3	-54
62	0.0061	71	45	-11
63	0.0062	10	22	54
64	0.0063	-40	-71	-29
65	0.0064	-29	77	37
66	0.0065	13	37	60
67	0.0066	11	5	14
68	0.0067	-11	-8	-28
69	0.0068	53	-29	-148
70	0.0069	7	-21	-145
71	0.0070	5	-68	-25
72	0.0071	1	-34	-29
73	0.0072	43	50	78
74	0.0073	39	101	134
75	0.0074	-4	22	52
76	0.0075	24	-44	-10
77	0.0076	-46	-11	57
78	0.0077	62	54	-7
79	0.0078	40	18	-38
80	0.0079	5	60	15
81	0.0080	-25	-54	26
82	0.0081	24	40	-105
83	0.0082	-14	-20	7
84	0.0083	-17	6	9
85	0.0084	-15	14	35
86	0.0085	-29	40	123
87	0.0086	-20	58	65
88	0.0087	26	-58	-17
89	0.0088	-44	-27	-76
90	0.0089	54	24	-6
91	0.0090	-42	27	-3
92	0.0091	40	11	15
93	0.0092	-61	44	7
94	0.0093	-42	-49	28
95	0.0094	-64	10	-8
96	0.0095	62	6	-44
97	0.0096	-25	58	46
98	0.0097	32	-17	1
99	0.0098	86	-17	-70
100	0.0099	20	-15	43

电流增量数据 [1000Hz, 10点]
采样序号	时间(s)	A相电流(INT)	B相电流(INT)	C相电流(INT)
1	0.000	-662	-139	151
2	0.001	-712	-1243	-103
3	0.002	-120	788	-874
4	0.003	108	1304	-633
5	0.004	336	686	-891
6	0.005	-25	-3212	564
7	0.006	-271	-1630	705
8	0.007	-838	-1163	762
9	0.008	-748	-2175	503
10	0.009	-686	-584	438
================================================================================

=== 采集时间: 2025-12-05 15:24:59 (增量周期: 10.0ms) ===
振动增量数据 [等效10000Hz, 100点]
时序序号	时间(s)	X振动(INT)	Y振动(INT)	Z振动(INT)
1	0.0000	5	73	65
2	0.0001	-31	-38	49
3	0.0002	19	-66	-15
4	0.0003	84	13	-66
5	0.0004	-7	5	13
6	0.0005	39	64	96
7	0.0006	-36	-33	-70
8	0.0007	105	-21	-25
9	0.0008	-87	23	43
10	0.0009	14	50	18
11	0.0010	3	48	-40
12	0.0011	-40	18	84
13	0.0012	-28	-41	147
14	0.0013	-24	99	6
15	0.0014	44	-50	2
16	0.0015	-41	103	61
17	0.0016	-36	-134	-81
18	0.0017	91	-6	-134
19	0.0018	33	-25	-29
20	0.0019	24	-3	93
21	0.0020	-23	97	104
22	0.0021	32	-11	61
23	0.0022	-36	36	-11
24	0.0023	39	-42	-61
25	0.0024	-42	60	-23
26	0.0025	60	33	-34
27	0.0026	-6	-11	-37
28	0.0027	-2	2	5
29	0.0028	-24	10	-37
30	0.0029	-12	43	44
31	0.0030	-14	22	54
32	0.0031	-10	-6	61
33	0.0032	97	65	-46
34	0.0033	7	-71	-28
35	0.0034	43	7	73
36	0.0035	3	-17	22
37	0.0036	20	31	16
38	0.0037	-3	20	37
39	0.0038	-67	-34	-11
40	0.0039	40	-16	-105
41	0.0040	-12	-48	16
42	0.0041	65	172	182
43	0.0042	-16	202	200
44	0.0043	50	-16	-121
45	0.0044	-19	-225	-190
46	0.0045	-16	-49	-105
47	0.0046	86	107	-27
48	0.0047	122	245	173
49	0.0048	-10	-4	163
50	0.0049	-28	-106	35
51	0.0050	22	41	-3
52	0.0051	5	50	13
53	0.0052	30	50	6
54	0.0053	-4	-46	33
55	0.0054	-17	-8	7
56	0.0055	5	54	95
57	0.0056	-4	44	-58
58	0.0057	31	-11	3
59	0.0058	-16	-91	-74
60	0.0059	33	-4	-15
61	0.0060	11	73	95
62	0.0061	-15	152	194
63	0.0062	-40	-37	-72
64	0.0063	74	-98	-109
65	0.0064	-138	-20	6
66	0.0065	80	2	57
67	0.0066	32	189	-4
68	0.0067	36	-40	114
69	0.0068	-78	-57	-14
70	0.0069	10	-87	-92
71	0.0070	-50	44	-40
72	0.0071	43	0	0
73	0.0072	-21	44	9
74	0.0073	75	-48	48
75	0.0074	-57	-15	44
76	0.0075	36	37	65
77	0.0076	-93	40	18
78	0.0077	116	49	-7
79	0.0078	-14	-42	-28
80	0.0079	60	26	-3
81	0.0080	-12	2	10
82	0.0081	-32	64	86
83	0.0082	-40	2	-8
84	0.0083	-3	0	-3
85	0.0084	-57	-29	-3
86	0.0085	-10	-49	-46
87	0.0086	-16	18	33
88	0.0087	44	71	106
89	0.0088	54	40	24
90	0.0089	53	5	14
91	0.0090	-57	-42	-66
92	0.0091	23	7	-51
93	0.0092	-3	41	-4
94	0.0093	69	-2	54
95	0.0094	-17	99	96
96	0.0095	45	-41	87
97	0.0096	-125	77	52
98	0.0097	20	-54	3
99	0.0098	6	91	-141
100	0.0099	69	-61	84

电流增量数据 [1000Hz, 10点]
采样序号	时间(s)	A相电流(INT)	B相电流(INT)	C相电流(INT)
1	0.000	644	1119	-456
2	0.001	841	-1297	189
3	0.002	576	786	-35
4	0.003	770	-1582	15
5	0.004	724	-1212	258
6	0.005	-40	-1134	-742
7	0.006	274	505	-901
8	0.007	794	546	-765
9	0.008	837	-186	-1129
10	0.009	572	-2457	-603
================================================================================

=== 采集时间: 2025-12-05 15:25:00 (增量周期: 10.0ms) ===
振动增量数据 [等效10000Hz, 100点]
时序序号	时间(s)	X振动(INT)	Y振动(INT)	Z振动(INT)
1	0.0000	5	-25	73
2	0.0001	1	30	-29
3	0.0002	2	-10	27
4	0.0003	-41	57	32
5	0.0004	92	28	15
6	0.0005	-8	11	-38
7	0.0006	77	-2	1
8	0.0007	11	-15	-44
9	0.0008	104	45	-40
10	0.0009	-33	79	164
11	0.0010	2	-24	2
12	0.0011	74	-16	-107
13	0.0012	-34	62	131
14	0.0013	-87	9	48
15	0.0014	87	65	31
16	0.0015	-94	-46	-58
17	0.0016	96	-66	-83
18	0.0017	-4	58	-110
19	0.0018	70	0	22
20	0.0019	-64	87	75
21	0.0020	9	-58	88
22	0.0021	-47	18	-44
23	0.0022	63	-27	70
24	0.0023	-21	50	-28
25	0.0024	96	57	36
26	0.0025	-36	-7	0
27	0.0026	-28	-20	82
28	0.0027	-51	14	-36
29	0.0028	-12	-19	33
30	0.0029	3	2	-44
31	0.0030	6	-87	-75
32	0.0031	-33	60	70
33	0.0032	-44	69	86
34	0.0033	-93	113	136
35	0.0034	62	-12	-16
36	0.0035	-58	-164	-19
37	0.0036	113	117	2
38	0.0037	46	94	36
39	0.0038	27	54	11
40	0.0039	-11	-97	-94
41	0.0040	-6	-144	-14
42	0.0041	-34	9	15
43	0.0042	46	92	109
44	0.0043	14	168	2
45	0.0044	45	-88	27
46	0.0045	-57	-68	-16
47	0.0046	22	50	-7
48	0.0047	-34	125	-19
49	0.0048	11	9	-10
50	0.0049	-20	-45	-63
51	0.0050	26	-7	23
52	0.0051	0	73	28
53	0.0052	-23	61	105
54	0.0053	-19	-12	54
55	0.0054	-44	-54	-36
56	0.0055	28	-19	27
57	0.0056	-58	45	56
58	0.0057	32	52	84
59	0.0058	83	19	7
60	0.0059	30	-49	-28
61	0.0060	14	-29	92
62	0.0061	-85	6	49
63	0.0062	107	56	84
64	0.0063	-41	40	14
65	0.0064	9	-12	109
66	0.0065	-74	24	11
67	0.0066	92	16	-97
68	0.0067	46	-2	31
69	0.0068	-80	6	116
70	0.0069	2	47	-14
71	0.0070	11	-15	-46
72	0.0071	19	-2	5
73	0.0072	-61	-19	-8
74	0.0073	60	22	18
75	0.0074	-51	2	-3
76	0.0075	1	-40	69
77	0.0076	-10	75	-23
78	0.0077	82	-62	-77
79	0.0078	27	52	-31
80	0.0079	2	-17	48
81	0.0080	28	30	-94
82	0.0081	-8	-63	-63
83	0.0082	26	32	20
84	0.0083	-66	54	57
85	0.0084	70	61	48
86	0.0085	1	-11	-24
87	0.0086	11	-70	-51
88	0.0087	-10	28	-44
89	0.0088	-17	11	69
90	0.0089	41	14	10
91	0.0090	-45	-19	91
92	0.0091	26	67	-14
93	0.0092	20	41	-8
94	0.0093	-49	-54	-38
95	0.0094	48	-4	-4
96	0.0095	37	15	-134
97	0.0096	14	19	16
98	0.0097	-31	69	90
99	0.0098	2	22	-36
100	0.0099	3	-59	-71

电流增量数据 [1000Hz, 10点]
采样序号	时间(s)	A相电流(INT)	B相电流(INT)	C相电流(INT)
1	0.000	597	-325	-86
2	0.001	632	-212	20
3	0.002	415	-634	523
4	0.003	20	-2262	675
5	0.004	92	-3801	1196
6	0.005	-558	-1905	1470
7	0.006	11	-2307	-471
8	0.007	389	-141	-458
9	0.008	685	-804	-691
10	0.009	854	150	-524
================================================================================

=== 采集时间: 2025-12-05 15:25:00 (增量周期: 10.0ms) ===
振动增量数据 [等效10000Hz, 100点]
时序序号	时间(s)	X振动(INT)	Y振动(INT)	Z振动(INT)
1	0.0000	-42	-61	95
2	0.0001	-23	77	32
3	0.0002	73	61	40
4	0.0003	-58	24	10
5	0.0004	-36	-54	62
6	0.0005	-44	-3	-44
7	0.0006	0	1	9
8	0.0007	22	27	26
9	0.0008	35	-19	-49
10	0.0009	9	24	-53
11	0.0010	26	-31	23
12	0.0011	-46	71	26
13	0.0012	41	27	133
14	0.0013	-75	95	70
15	0.0014	43	-75	0
16	0.0015	-8	11	-50
17	0.0016	11	-83	-54
18	0.0017	-3	52	54
19	0.0018	26	73	82
20	0.0019	110	83	-57
21	0.0020	-20	-115	-88
22	0.0021	28	-8	-61
23	0.0022	-102	18	31
24	0.0023	0	95	54
25	0.0024	39	77	16
26	0.0025	-27	-71	80
27	0.0026	-54	-57	-32
28	0.0027	40	-45	-124
29	0.0028	14	100	-7
30	0.0029	-33	30	101
31	0.0030	-42	-46	-16
32	0.0031	-8	-59	-34
33	0.0032	-93	-37	-15
34	0.0033	15	56	86
35	0.0034	15	95	56
36	0.0035	90	-8	39
37	0.0036	-45	15	-21
38	0.0037	32	1	-2
39	0.0038	-105	-8	-53
40	0.0039	52	24	78
41	0.0040	-58	16	27
42	0.0041	45	18	31
43	0.0042	-8	11	-53
44	0.0043	-87	-33	56
45	0.0044	-49	30	-7
46	0.0045	-54	9	109
47	0.0046	-27	20	83
48	0.0047	40	24	52
49	0.0048	-91	-15	9
50	0.0049	101	44	-23
51	0.0050	16	-8	15
52	0.0051	65	13	82
53	0.0052	15	11	-105
54	0.0053	54	-75	-89
55	0.0054	-29	80	33
56	0.0055	-74	-12	96
57	0.0056	14	116	-7
58	0.0057	-53	-48	-23
59	0.0058	-36	0	45
60	0.0059	-128	-33	80
61	0.0060	-53	14	-16
62	0.0061	50	-42	-101
63	0.0062	5	2	-44
64	0.0063	18	-17	30
65	0.0064	-11	54	28
66	0.0065	-74	-20	41
67	0.0066	-88	5	7
68	0.0067	-64	-8	-7
69	0.0068	-7	48	40
70	0.0069	-27	40	39
71	0.0070	109	44	62
72	0.0071	0	14	-27
73	0.0072	33	-17	49
74	0.0073	32	48	-38
75	0.0074	-6	-49	-51
76	0.0075	11	33	52
77	0.0076	-42	-7	73
78	0.0077	43	41	-31
79	0.0078	15	-53	-44
80	0.0079	-55	15	46
81	0.0080	-2	18	24
82	0.0081	-32	43	-38
83	0.0082	-29	-16	82
84	0.0083	-25	6	109
85	0.0084	-19	57	53
86	0.0085	58	-3	44
87	0.0086	33	-7	-53
88	0.0087	75	-17	-83
89	0.0088	-15	23	-51
90	0.0089	53	23	20
91	0.0090	-7	-12	-7
92	0.0091	20	9	35
93	0.0092	-3	23	37
94	0.0093	-11	-20	-3
95	0.0094	-40	88	117
96	0.0095	1	-8	2
97	0.0096	30	65	-41
98	0.0097	84	-12	30
99	0.0098	-11	-21	-50
100	0.0099	49	35	9

电流增量数据 [1000Hz, 10点]
采样序号	时间(s)	A相电流(INT)	B相电流(INT)	C相电流(INT)
1	0.000	-148	939	-595
2	0.001	-110	-2441	-574
3	0.002	372	28	-1098
4	0.003	37	-2419	-747
5	0.004	557	-53	-841
6	0.005	9	-346	-526
7	0.006	-488	92	-60
8	0.007	-600	-490	-221
9	0.008	-768	-214	-196
10	0.009	-133	-275	-1043
================================================================================

=== 采集时间: 2025-12-05 15:25:00 (增量周期: 10.0ms) ===
振动增量数据 [等效10000Hz, 100点]
时序序号	时间(s)	X振动(INT)	Y振动(INT)	Z振动(INT)
1	0.0000	108	15	-51
2	0.0001	33	-130	-194
3	0.0002	87	-59	-50
4	0.0003	-34	75	78
5	0.0004	-14	109	61
6	0.0005	69	36	26
7	0.0006	-158	-143	39
8	0.0007	-40	-95	-51
9	0.0008	-28	47	-29
10	0.0009	13	122	62
11	0.0010	-49	22	109
12	0.0011	6	-41	-21
13	0.0012	37	0	-14
14	0.0013	-78	75	16
15	0.0014	155	92	-31
16	0.0015	-76	-3	116
17	0.0016	95	7	54
18	0.0017	26	61	3
19	0.0018	-27	41	19
20	0.0019	-10	-49	-25
21	0.0020	-29	-63	-53
22	0.0021	13	2	-77
23	0.0022	11	-11	-53
24	0.0023	-27	40	52
25	0.0024	-7	24	57
26	0.0025	5	-34	7
27	0.0026	9	23	53
28	0.0027	-14	79	41
29	0.0028	46	70	31
30	0.0029	-41	-50	-25
31	0.0030	27	-46	-10
32	0.0031	-7	48	61
33	0.0032	19	54	79
34	0.0033	-15	86	80
35	0.0034	1	-14	-45
36	0.0035	32	-49	-32
37	0.0036	-74	-65	13
38	0.0037	44	90	-61
39	0.0038	30	23	30
40	0.0039	-32	-27	13
41	0.0040	31	-126	-119
42	0.0041	0	56	45
43	0.0042	-28	26	15
44	0.0043	33	-14	-61
45	0.0044	39	27	-19
46	0.0045	-72	-40	62
47	0.0046	-29	33	-31
48	0.0047	26	95	14
49	0.0048	-36	3	-38
50	0.0049	11	-36	0
51	0.0050	-3	32	36
52	0.0051	19	-3	5
53	0.0052	32	47	52
54	0.0053	-14	-23	-37
55	0.0054	104	52	-84
56	0.0055	-57	-51	49
57	0.0056	13	-10	-29
58	0.0057	22	-11	15
59	0.0058	-14	-4	-42
60	0.0059	7	-2	49
61	0.0060	-27	-7	-21
62	0.0061	99	24	-54
63	0.0062	-105	-17	-10
64	0.0063	19	56	84
65	0.0064	-79	44	26
66	0.0065	44	-24	54
67	0.0066	-38	15	-24
68	0.0067	48	-33	-71
69	0.0068	-16	60	-59
70	0.0069	5	-19	90
71	0.0070	-50	30	6
72	0.0071	70	-40	-20
73	0.0072	-23	62	39
74	0.0073	-16	0	97
75	0.0074	43	27	-79
76	0.0075	-12	-40	-66
77	0.0076	-20	-38	-81
78	0.0077	18	24	-91
79	0.0078	10	43	-12
80	0.0079	-38	-24	82
81	0.0080	-29	-38	-47
82	0.0081	-12	7	82
83	0.0082	-55	71	86
84	0.0083	70	108	108
85	0.0084	20	30	-16
86	0.0085	-10	-149	-50
87	0.0086	-34	6	-63
88	0.0087	15	100	65
89	0.0088	-6	64	73
90	0.0089	43	-4	24
91	0.0090	-29	-65	-7
92	0.0091	-21	-10	-50
93	0.0092	-31	49	-11
94	0.0093	23	26	37
95	0.0094	-37	11	70
96	0.0095	-15	-118	53
97	0.0096	-19	20	-74
98	0.0097	-27	31	16
99	0.0098	-37	49	30
100	0.0099	-10	9	74

电流增量数据 [1000Hz, 10点]
采样序号	时间(s)	A相电流(INT)	B相电流(INT)	C相电流(INT)
1	0.000	450	-269	-37
2	0.001	855	-2129	141
3	0.002	992	-1147	-6
4	0.003	537	-85	114
5	0.004	38	-273	420
6	0.005	175	1071	-596
7	0.006	426	-3178	-591
8	0.007	862	-910	-796
9	0.008	795	-2656	-821
10	0.009	678	-104	-661
================================================================================

=== 采集时间: 2025-12-05 15:25:01 (增量周期: 10.0ms) ===
振动增量数据 [等效10000Hz, 100点]
时序序号	时间(s)	X振动(INT)	Y振动(INT)	Z振动(INT)
1	0.0000	53	-45	-123
2	0.0001	15	-106	-16
3	0.0002	92	159	90
4	0.0003	-4	103	140
5	0.0004	92	79	0
6	0.0005	-92	-153	-47
7	0.0006	-79	-57	-40
8	0.0007	-8	121	-11
9	0.0008	-12	64	84
10	0.0009	53	74	135
11	0.0010	-23	-92	6
12	0.0011	-59	-75	-85
13	0.0012	50	49	-61
14	0.0013	-15	13	-23
15	0.0014	66	88	103
16	0.0015	-15	-97	-33
17	0.0016	57	-28	-32
18	0.0017	-126	2	106
19	0.0018	-51	96	80
20	0.0019	82	66	-17
21	0.0020	57	-12	-76
22	0.0021	19	-38	-62
23	0.0022	62	108	1
24	0.0023	-54	27	83
25	0.0024	7	58	96
26	0.0025	32	-2	-31
27	0.0026	19	-50	-50
28	0.0027	-94	16	36
29	0.0028	-20	13	61
30	0.0029	-4	74	44
31	0.0030	50	-123	22
32	0.0031	-53	-48	-2
33	0.0032	-11	-7	-25
34	0.0033	-78	32	-32
35	0.0034	15	66	37
36	0.0035	39	24	-4
37	0.0036	37	-3	6
38	0.0037	-34	-21	24
39	0.0038	16	54	53
40	0.0039	-63	41	53
41	0.0040	36	24	75
42	0.0041	-17	-19	11
43	0.0042	36	7	60
44	0.0043	-2	3	7
45	0.0044	66	-14	-21
46	0.0045	26	-37	-122
47	0.0046	13	-51	13
48	0.0047	-94	35	-15
49	0.0048	5	97	96
50	0.0049	-89	41	67
51	0.0050	-27	-16	-17
52	0.0051	16	-38	-23
53	0.0052	-12	49	-24
54	0.0053	-21	-32	-24
55	0.0054	35	61	-25
56	0.0055	16	5	15
57	0.0056	-10	35	27
58	0.0057	32	39	16
59	0.0058	23	-8	-51
60	0.0059	-12	-37	28
61	0.0060	-6	-21	-3
62	0.0061	22	9	-25
63	0.0062	36	90	105
64	0.0063	-51	-53	58
65	0.0064	27	92	24
66	0.0065	-15	-46	-63
67	0.0066	32	-6	37
68	0.0067	-49	26	-14
69	0.0068	67	27	26
70	0.0069	-59	84	31
71	0.0070	-14	-65	90
72	0.0071	-33	20	-15
73	0.0072	114	-14	-77
74	0.0073	-12	27	-25
75	0.0074	60	-12	-15
76	0.0075	2	-2	2
77	0.0076	6	23	52
78	0.0077	-12	54	93
79	0.0078	-81	-2	65
80	0.0079	0	10	13
81	0.0080	-36	-84	-79
82	0.0081	74	40	71
83	0.0082	-49	128	153
84	0.0083	114	61	13
85	0.0084	-61	-65	-97
86	0.0085	-6	-122	-37
87	0.0086	-92	75	-14
88	0.0087	78	125	155
89	0.0088	-66	82	105
90	0.0089	116	-95	-10
91	0.0090	-7	-53	-75
92	0.0091	-3	-59	14
93	0.0092	71	138	-46
94	0.0093	45	-20	-76
95	0.0094	-49	-102	6
96	0.0095	39	-50	-25
97	0.0096	-46	36	-14
98	0.0097	67	138	53
99	0.0098	3	6	70
100	0.0099	43	-2	3

电流增量数据 [1000Hz, 10点]
采样序号	时间(s)	A相电流(INT)	B相电流(INT)	C相电流(INT)
1	0.000	-30	306	508
2	0.001	-5	-1257	735
3	0.002	-150	-447	846
4	0.003	-84	-1420	650
5	0.004	-56	-1020	639
6	0.005	582	-351	103
7	0.006	596	386	-103
8	0.007	598	509	-77
9	0.008	812	-5054	659
10	0.009	654	-1560	246
================================================================================

=== 采集时间: 2025-12-05 15:25:01 (增量周期: 10.0ms) ===
振动增量数据 [等效10000Hz, 100点]
时序序号	时间(s)	X振动(INT)	Y振动(INT)	Z振动(INT)
1	0.0000	-14	11	-63
2	0.0001	-44	-15	-32
3	0.0002	30	36	37
4	0.0003	-68	2	-4
5	0.0004	46	30	-37
6	0.0005	-88	-23	-2
7	0.0006	-59	-49	19
8	0.0007	-53	50	33
9	0.0008	50	66	24
10	0.0009	60	18	11
11	0.0010	39	-37	16
12	0.0011	67	-15	20
13	0.0012	186	49	-79
14	0.0013	65	-40	-85
15	0.0014	36	14	-40
16	0.0015	-27	30	7
17	0.0016	-76	10	-55
18	0.0017	9	32	-15
19	0.0018	-89	9	69
20	0.0019	16	-3	37
21	0.0020	-80	37	33
22	0.0021	-8	-7	2
23	0.0022	-44	48	63
24	0.0023	-45	-42	-16
25	0.0024	90	-46	39
26	0.0025	3	1	-3
27	0.0026	139	14	-41
28	0.0027	13	31	-25
29	0.0028	67	-27	-12
30	0.0029	-19	45	49
31	0.0030	5	103	80
32	0.0031	3	-12	-23
33	0.0032	-72	-74	16
34	0.0033	-75	-63	-76
35	0.0034	-2	50	27
36	0.0035	-6	152	131
37	0.0036	24	10	86
38	0.0037	10	-88	-148
39	0.0038	-2	-119	-24
40	0.0039	14	-7	-8
41	0.0040	37	27	-29
42	0.0041	87	86	-8
43	0.0042	16	-38	41
44	0.0043	-66	-62	-24
45	0.0044	-49	-27	-46
46	0.0045	-7	77	2
47	0.0046	9	112	54
48	0.0047	10	7	52
49	0.0048	-15	6	58
50	0.0049	-40	35	14
51	0.0050	10	22	-28
52	0.0051	57	-38	-67
53	0.0052	74	-46	-32
54	0.0053	20	20	-34
55	0.0054	35	44	97
56	0.0055	-118	30	49
57	0.0056	49	-20	23
58	0.0057	-59	41	-29
59	0.0058	19	-117	-6
60	0.0059	-89	48	-63
61	0.0060	66	-2	-169
62	0.0061	-28	-123	-87
63	0.0062	-91	54	126
64	0.0063	-29	-11	-4
65	0.0064	65	69	-11
66	0.0065	40	-42	74
67	0.0066	1	-57	-94
68	0.0067	52	66	40
69	0.0068	-4	54	48
70	0.0069	-20	7	90
71	0.0070	103	-16	37
72	0.0071	-157	-38	-42
73	0.0072	62	16	-58
74	0.0073	-42	44	-49
75	0.0074	13	-68	48
76	0.0075	18	64	69
77	0.0076	-14	-16	-10
78	0.0077	1	94	-8
79	0.0078	-122	-59	63
80	0.0079	35	23	7
81	0.0080	82	27	-34
82	0.0081	70	-31	44
83	0.0082	48	88	2
84	0.0083	66	-12	-62
85	0.0084	-87	-15	78
86	0.0085	-4	-28	-17
87	0.0086	-3	65	-40
88	0.0087	40	100	123
89	0.0088	-71	-16	41
90	0.0089	56	-19	-16
91	0.0090	-31	35	-21
92	0.0091	-64	-44	93
93	0.0092	-14	124	-10
94	0.0093	10	-131	-64
95	0.0094	7	-11	11
96	0.0095	53	-8	36
97	0.0096	15	23	-14
98	0.0097	24	28	-15
99	0.0098	-14	-25	-41
100	0.0099	-17	83	113

电流增量数据 [1000Hz, 10点]
采样序号	时间(s)	A相电流(INT)	B相电流(INT)	C相电流(INT)
1	0.000	68	-492	534
2	0.001	-347	-109	985
3	0.002	-892	-939	1037
4	0.003	-516	-1112	611
5	0.004	-637	-1432	510
6	0.005	-619	2559	688
7	0.006	522	-214	-82
8	0.007	543	-155	-12
9	0.008	1010	-979	32
10	0.009	559	-338	139
================================================================================

=== 采集时间: 2025-12-05 15:25:01 (增量周期: 10.0ms) ===
振动增量数据 [等效10000Hz, 100点]
时序序号	时间(s)	X振动(INT)	Y振动(INT)	Z振动(INT)
1	0.0000	90	49	88
2	0.0001	-25	66	3
3	0.0002	23	-40	-101
4	0.0003	36	-8	-91
5	0.0004	-70	-53	96
6	0.0005	0	84	48
7	0.0006	24	48	-4
8	0.0007	48	50	19
9	0.0008	-21	-131	-94
10	0.0009	-46	-79	10
11	0.0010	40	158	36
12	0.0011	-21	70	109
13	0.0012	5	-49	23
14	0.0013	-36	-130	-34
15	0.0014	-57	-33	-21
16	0.0015	27	160	44
17	0.0016	-36	77	177
18	0.0017	0	87	156
19	0.0018	16	-129	-96
20	0.0019	-8	-62	-64
21	0.0020	40	60	26
22	0.0021	-2	103	-21
23	0.0022	171	5	-45
24	0.0023	26	-118	-34
25	0.0024	10	-76	27
26	0.0025	20	131	-32
27	0.0026	-49	65	52
28	0.0027	27	13	-89
29	0.0028	19	-48	-113
30	0.0029	24	-11	58
31	0.0030	-53	44	57
32	0.0031	3	58	-23
33	0.0032	-12	31	22
34	0.0033	5	-66	-34
35	0.0034	-23	-15	-55
36	0.0035	57	45	84
37	0.0036	-28	3	-49
38	0.0037	131	28	-10
39	0.0038	30	23	71
40	0.0039	-21	-21	44
41	0.0040	-6	31	-37
42	0.0041	-25	65	-17
43	0.0042	-51	-33	20
44	0.0043	26	52	49
45	0.0044	-19	10	19
46	0.0045	-3	33	79
47	0.0046	-45	-31	-50
48	0.0047	53	-48	-54
49	0.0048	-23	40	-23
50	0.0049	9	-20	43
51	0.0050	41	83	13
52	0.0051	-8	-6	95
53	0.0052	19	3	13
54	0.0053	-3	-15	6
55	0.0054	-37	40	56
56	0.0055	-61	109	79
57	0.0056	31	40	-28
58	0.0057	-24	-55	7
59	0.0058	-71	-33	62
60	0.0059	14	67	60
61	0.0060	86	27	30
62	0.0061	-36	58	-12
63	0.0062	32	-80	50
64	0.0063	-34	61	-49
65	0.0064	19	18	74
66	0.0065	-81	9	-29
67	0.0066	49	-38	22
68	0.0067	10	6	0
69	0.0068	73	-25	6
70	0.0069	39	66	15
71	0.0070	26	-14	-29
72	0.0071	-42	23	-53
73	0.0072	-50	-76	14
74	0.0073	32	39	-4
75	0.0074	41	19	48
76	0.0075	-21	62	136
77	0.0076	-45	14	-16
78	0.0077	-29	-50	-122
79	0.0078	-10	30	-21
80	0.0079	-21	-29	91
81	0.0080	5	96	76
82	0.0081	1	16	177
83	0.0082	-45	28	108
84	0.0083	86	-15	-32
85	0.0084	60	84	-93
86	0.0085	19	-37	3
87	0.0086	11	47	20
88	0.0087	-24	-7	10
89	0.0088	2	31	33
90	0.0089	-66	5	16
91	0.0090	57	45	80
92	0.0091	-96	113	65
93	0.0092	134	-48	-40
94	0.0093	-91	-46	-89
95	0.0094	73	-50	-6
96	0.0095	-29	56	-36
97	0.0096	144	30	2
98	0.0097	-8	1	7
99	0.0098	24	-75	3
100	0.0099	-49	-28	-80

电流增量数据 [1000Hz, 10点]
采样序号	时间(s)	A相电流(INT)	B相电流(INT)	C相电流(INT)
1	0.000	-745	1525	-31
2	0.001	-518	-1061	218
3	0.002	-695	-1007	228
4	0.003	-642	-405	-67
5	0.004	-696	3100	-206
6	0.005	-482	1149	-134
7	0.006	115	-550	680
8	0.007	-47	-313	940
9	0.008	-444	225	562
10	0.009	-617	-1123	701
================================================================================

=== 采集时间: 2025-12-05 15:25:02 (增量周期: 10.0ms) ===
振动增量数据 [等效10000Hz, 100点]
时序序号	时间(s)	X振动(INT)	Y振动(INT)	Z振动(INT)
1	0.0000	2	-46	-10
2	0.0001	-23	28	-8
3	0.0002	-2	-8	-8
4	0.0003	-21	-12	-55
5	0.0004	3	23	35
6	0.0005	1	43	45
7	0.0006	36	-16	13
8	0.0007	86	37	50
9	0.0008	-67	2	86
10	0.0009	53	84	33
11	0.0010	46	62	-68
12	0.0011	71	-21	-11
13	0.0012	-78	2	48
14	0.0013	13	-17	23
15	0.0014	-47	95	-10
16	0.0015	-36	-23	112
17	0.0016	-114	44	-16
18	0.0017	80	26	54
19	0.0018	-155	-48	-21
20	0.0019	99	-19	-16
21	0.0020	14	50	-29
22	0.0021	50	-2	-14
23	0.0022	41	75	-29
24	0.0023	-6	-41	105
25	0.0024	-27	7	-8
26	0.0025	69	-45	-87
27	0.0026	15	-23	-24
28	0.0027	19	13	-23
29	0.0028	-14	-49	-34
30	0.0029	-14	131	157
31	0.0030	-10	114	92
32	0.0031	-20	13	-55
33	0.0032	56	-112	-132
34	0.0033	-71	-96	-124
35	0.0034	6	71	74
36	0.0035	-23	214	208
37	0.0036	13	-27	108
38	0.0037	36	-66	-70
39	0.0038	-49	-149	-72
40	0.0039	16	30	-15
41	0.0040	18	176	62
42	0.0041	37	126	169
43	0.0042	-57	-62	-32
44	0.0043	57	-161	-118
45	0.0044	-81	39	-46
46	0.0045	-2	75	104
47	0.0046	19	103	-72
48	0.0047	104	-72	7
49	0.0048	-29	23	-7
50	0.0049	40	-6	22
51	0.0050	45	64	-28
52	0.0051	-42	-44	6
53	0.0052	58	5	-34
54	0.0053	30	-33	-76
55	0.0054	41	16	14
56	0.0055	-85	1	95
57	0.0056	14	52	36
58	0.0057	63	44	18
59	0.0058	-89	-48	10
60	0.0059	-25	-7	57
61	0.0060	-14	56	-71
62	0.0061	52	30	33
63	0.0062	108	40	48
64	0.0063	-2	-36	36
65	0.0064	46	7	-21
66	0.0065	9	23	-84
67	0.0066	-32	-2	-58
68	0.0067	31	33	-2
69	0.0068	0	-37	-70
70	0.0069	-44	-14	101
71	0.0070	-20	50	70
72	0.0071	-81	-15	9
73	0.0072	122	70	-40
74	0.0073	-47	-88	-54
75	0.0074	157	71	80
76	0.0075	-10	79	32
77	0.0076	120	-7	6
78	0.0077	19	80	-47
79	0.0078	57	-118	-94
80	0.0079	107	90	-81
81	0.0080	7	-31	-4
82	0.0081	-47	22	-72
83	0.0082	13	44	106
84	0.0083	-141	6	79
85	0.0084	23	-37	84
86	0.0085	-104	0	9
87	0.0086	79	-28	-84
88	0.0087	-11	9	-121
89	0.0088	62	6	67
90	0.0089	-96	-14	65
91	0.0090	96	26	54
92	0.0091	-47	5	-7
93	0.0092	71	6	-7
94	0.0093	-85	-14	20
95	0.0094	35	84	116
96	0.0095	-127	50	70
97	0.0096	20	-37	-7
98	0.0097	-11	13	-42
99	0.0098	30	-2	19
100	0.0099	-94	13	-64

电流增量数据 [1000Hz, 10点]
采样序号	时间(s)	A相电流(INT)	B相电流(INT)	C相电流(INT)
1	0.000	-906	-866	778
2	0.001	-896	-962	734
3	0.002	-819	-614	652
4	0.003	-631	2176	256
5	0.004	-502	1779	-2
6	0.005	113	-732	724
7	0.006	73	577	679
8	0.007	-120	-894	812
9	0.008	-75	-1239	795
10	0.009	-795	-1909	669
================================================================================

=== 采集时间: 2025-12-05 15:25:02 (增量周期: 10.0ms) ===
振动增量数据 [等效10000Hz, 100点]
时序序号	时间(s)	X振动(INT)	Y振动(INT)	Z振动(INT)
1	0.0000	-42	22	83
2	0.0001	15	32	9
3	0.0002	-14	-3	-29
4	0.0003	-58	35	219
5	0.0004	-101	44	163
6	0.0005	80	41	10
7	0.0006	88	37	-97
8	0.0007	-2	-32	78
9	0.0008	15	14	-92
10	0.0009	96	-12	-147
11	0.0010	-96	-65	6
12	0.0011	-32	9	19
13	0.0012	70	61	-29
14	0.0013	-4	65	177
15	0.0014	-68	-10	156
16	0.0015	88	35	44
17	0.0016	-49	-4	-91
18	0.0017	30	-10	73
19	0.0018	-119	-23	-61
20	0.0019	187	5	-23
21	0.0020	-55	2	18
22	0.0021	67	-34	30
23	0.0022	32	130	-24
24	0.0023	-23	-80	-15
25	0.0024	-7	56	-36
26	0.0025	33	-45	-17
27	0.0026	-80	33	-29
28	0.0027	32	-27	87
29	0.0028	-51	40	-36
30	0.0029	50	-14	31
31	0.0030	-53	33	-16
32	0.0031	43	-2	-12
33	0.0032	-19	2	13
34	0.0033	11	5	14
35	0.0034	-14	33	-19
36	0.0035	-20	64	138
37	0.0036	-93	0	163
38	0.0037	-19	129	113
39	0.0038	15	-19	-68
40	0.0039	5	-75	-37
41	0.0040	70	-11	-54
42	0.0041	105	75	-33
43	0.0042	-20	-54	-53
44	0.0043	-27	-40	33
45	0.0044	-91	-10	18
46	0.0045	74	169	26
47	0.0046	-12	31	103
48	0.0047	16	-38	56
49	0.0048	-23	-28	-68
50	0.0049	9	30	27
51	0.0050	-58	-67	22
52	0.0051	6	-70	-50
53	0.0052	-6	-2	-23
54	0.0053	-2	87	79
55	0.0054	-58	75	90
56	0.0055	16	-3	19
57	0.0056	-74	-40	1
58	0.0057	48	-3	20
59	0.0058	-54	-4	-53
60	0.0059	95	11	-23
61	0.0060	-57	-8	-29
62	0.0061	36	-10	36
63	0.0062	-45	96	82
64	0.0063	-25	53	120
65	0.0064	-25	65	52
66	0.0065	-25	-37	56
67	0.0066	41	-54	-50
68	0.0067	49	27	26
69	0.0068	-2	19	56
70	0.0069	43	90	-21
71	0.0070	23	-31	22
72	0.0071	-36	-63	6
73	0.0072	40	-29	-119
74	0.0073	44	0	-8
75	0.0074	-10	103	105
76	0.0075	40	-25	54
77	0.0076	0	80	48
78	0.0077	0	2	48
79	0.0078	2	-2	-68
80	0.0079	49	37	-64
81	0.0080	-3	-46	-70
82	0.0081	-11	6	-31
83	0.0082	15	61	62
84	0.0083	-54	-16	28
85	0.0084	0	16	24
86	0.0085	-81	-42	74
87	0.0086	33	101	31
88	0.0087	2	75	108
89	0.0088	7	-87	27
90	0.0089	-17	9	-8
91	0.0090	30	-32	-25
92	0.0091	-24	82	24
93	0.0092	82	69	-8
94	0.0093	39	-27	-74
95	0.0094	54	-21	-31
96	0.0095	-4	-83	-68
97	0.0096	13	69	75
98	0.0097	-15	83	76
99	0.0098	0	-88	-29
100	0.0099	70	35	6

电流增量数据 [1000Hz, 10点]
采样序号	时间(s)	A相电流(INT)	B相电流(INT)	C相电流(INT)
1	0.000	-688	-654	563
2	0.001	-984	1260	774
3	0.002	-854	2063	665
4	0.003	-601	425	345
5	0.004	-721	2554	-28
6	0.005	846	-1258	65
7	0.006	539	-537	202
8	0.007	132	-1945	396
9	0.008	176	88	435
10	0.009	67	155	615
================================================================================

=== 采集时间: 2025-12-05 15:25:03 (增量周期: 10.0ms) ===
振动增量数据 [等效10000Hz, 100点]
时序序号	时间(s)	X振动(INT)	Y振动(INT)	Z振动(INT)
1	0.0000	71	30	-41
2	0.0001	-21	-74	-33
3	0.0002	-58	-46	-8
4	0.0003	0	23	46
5	0.0004	23	74	22
6	0.0005	116	175	100
7	0.0006	9	-34	95
8	0.0007	9	-100	-173
9	0.0008	30	-97	-123
10	0.0009	-15	100	48
11	0.0010	22	108	22
12	0.0011	77	11	7
13	0.0012	-68	-92	43
14	0.0013	-53	-66	-10
15	0.0014	-7	86	18
16	0.0015	49	113	46
17	0.0016	23	-12	-88
18	0.0017	27	2	30
19	0.0018	-128	-12	84
20	0.0019	-25	30	46
21	0.0020	-4	90	117
22	0.0021	-89	-41	101
23	0.0022	82	-32	-94
24	0.0023	-2	-2	-114
25	0.0024	-34	9	73
26	0.0025	10	30	67
27	0.0026	46	41	-40
28	0.0027	70	-88	49
29	0.0028	-84	7	-46
30	0.0029	-4	-40	7
31	0.0030	-58	139	24
32	0.0031	28	-71	80
33	0.0032	0	48	19
34	0.0033	7	-58	19
35	0.0034	-121	18	28
36	0.0035	-33	13	19
37	0.0036	-58	-3	-88
38	0.0037	71	7	-15
39	0.0038	-11	-44	6
40	0.0039	-54	-42	75
41	0.0040	50	120	36
42	0.0041	22	20	33
43	0.0042	53	5	-41
44	0.0043	40	-17	-10
45	0.0044	-41	26	37
46	0.0045	45	71	70
47	0.0046	-29	54	84
48	0.0047	31	-7	82
49	0.0048	-50	-16	-36
50	0.0049	-12	-37	62
51	0.0050	-68	23	18
52	0.0051	-34	15	53
53	0.0052	-58	37	71
54	0.0053	-40	-29	0
55	0.0054	0	-37	1
56	0.0055	3	28	-11
57	0.0056	-37	14	15
58	0.0057	19	62	7
59	0.0058	-27	47	45
60	0.0059	-4	33	183
61	0.0060	26	45	70
62	0.0061	75	41	114
63	0.0062	23	-2	30
64	0.0063	52	33	-29
65	0.0064	-4	23	7
66	0.0065	-15	26	-10
67	0.0066	9	-44	-71
68	0.0067	66	16	-8
69	0.0068	-16	32	24
70	0.0069	-24	18	60
71	0.0070	-50	19	-31
72	0.0071	28	-27	33
73	0.0072	-58	18	44
74	0.0073	52	44	61
75	0.0074	0	48	19
76	0.0075	5	-65	24
77	0.0076	36	3	-83
78	0.0077	10	10	65
79	0.0078	-44	97	147
80	0.0079	-42	-17	24
81	0.0080	15	26	-6
82	0.0081	14	-45	-53
83	0.0082	11	-63	-74
84	0.0083	87	138	52
85	0.0084	-78	44	87
86	0.0085	77	24	-57
87	0.0086	-37	-139	-135
88	0.0087	15	-97	-41
89	0.0088	-29	83	27
90	0.0089	7	101	147
91	0.0090	-33	125	153
92	0.0091	1	-153	-92
93	0.0092	-20	-62	-147
94	0.0093	19	-36	-100
95	0.0094	9	113	53
96	0.0095	28	97	41
97	0.0096	9	-57	1
98	0.0097	-51	-53	13
99	0.0098	-66	35	27
100	0.0099	-4	88	101

电流增量数据 [1000Hz, 10点]
采样序号	时间(s)	A相电流(INT)	B相电流(INT)	C相电流(INT)
1	0.000	-170	-1684	955
2	0.001	-2	-1529	717
3	0.002	-211	-141	721
4	0.003	-358	2279	399
5	0.004	-356	-70	607
6	0.005	666	1701	23
7	0.006	688	-898	-15
8	0.007	1001	-639	-17
9	0.008	353	-1715	307
10	0.009	32	286	512
================================================================================

=== 采集时间: 2025-12-05 15:25:03 (增量周期: 10.0ms) ===
振动增量数据 [等效10000Hz, 100点]
时序序号	时间(s)	X振动(INT)	Y振动(INT)	Z振动(INT)
1	0.0000	107	62	41
2	0.0001	-156	-20	95
3	0.0002	20	-31	39
4	0.0003	-58	-17	-123
5	0.0004	18	6	44
6	0.0005	-45	28	-11
7	0.0006	28	-2	5
8	0.0007	-27	23	-24
9	0.0008	1	-46	28
10	0.0009	-2	88	76
11	0.0010	2	11	30
12	0.0011	15	-28	-53
13	0.0012	-10	14	19
14	0.0013	-59	31	65
15	0.0014	24	67	15
16	0.0015	-27	7	0
17	0.0016	-23	-67	43
18	0.0017	7	-59	-122
19	0.0018	11	-44	-36
20	0.0019	-100	86	200
21	0.0020	13	172	31
22	0.0021	14	-80	-130
23	0.0022	19	-125	40
24	0.0023	-78	-109	-84
25	0.0024	23	84	56
26	0.0025	-111	207	189
27	0.0026	32	14	56
28	0.0027	-14	-61	52
29	0.0028	20	-78	-67
30	0.0029	19	-27	-101
31	0.0030	84	155	106
32	0.0031	-78	41	40
33	0.0032	134	-3	-34
34	0.0033	-111	-91	-31
35	0.0034	24	-46	71
36	0.0035	-59	83	-8
37	0.0036	140	15	-11
38	0.0037	-40	23	90
39	0.0038	13	-44	6
40	0.0039	26	83	-77
41	0.0040	-72	-11	65
42	0.0041	9	48	-29
43	0.0042	-6	-31	-37
44	0.0043	9	114	100
45	0.0044	-46	24	96
46	0.0045	-54	-51	-29
47	0.0046	41	6	-55
48	0.0047	-38	-50	46
49	0.0048	19	31	26
50	0.0049	48	40	-33
51	0.0050	11	3	-29
52	0.0051	118	-2	56
53	0.0052	-28	2	10
54	0.0053	104	-11	1
55	0.0054	-85	37	30
56	0.0055	1	-37	-15
57	0.0056	-7	74	-63
58	0.0057	77	-11	-24
59	0.0058	-33	-15	-16
60	0.0059	-27	9	96
61	0.0060	-49	-49	168
62	0.0061	-66	14	-44
63	0.0062	23	-88	-16
64	0.0063	-53	57	-28
65	0.0064	58	-55	-36
66	0.0065	0	26	-3
67	0.0066	-68	-12	87
68	0.0067	-27	58	36
69	0.0068	9	82	13
70	0.0069	-28	-67	73
71	0.0070	-79	-10	-14
72	0.0071	88	5	-76
73	0.0072	-51	101	36
74	0.0073	58	-2	123
75	0.0074	-4	20	-74
76	0.0075	62	-76	-28
77	0.0076	-49	3	-75
78	0.0077	96	-6	-66
79	0.0078	10	57	86
80	0.0079	-27	15	96
81	0.0080	32	58	46
82	0.0081	-53	23	37
83	0.0082	-63	22	99
84	0.0083	-76	7	-17
85	0.0084	16	13	-19
86	0.0085	0	-19	-20
87	0.0086	88	30	14
88	0.0087	56	61	9
89	0.0088	-7	-15	20
90	0.0089	31	27	-7
91	0.0090	-27	-27	7
92	0.0091	15	15	-20
93	0.0092	13	-37	43
94	0.0093	-16	0	14
95	0.0094	-50	13	100
96	0.0095	65	43	16
97	0.0096	-19	2	-107
98	0.0097	1	-31	36
99	0.0098	-50	48	-29
100	0.0099	73	-8	-23

电流增量数据 [1000Hz, 10点]
采样序号	时间(s)	A相电流(INT)	B相电流(INT)	C相电流(INT)
1	0.000	639	-2632	-763
2	0.001	886	-447	-769
3	0.002	611	-2504	-388
4	0.003	644	-84	-77
5	0.004	526	-901	87
6	0.005	742	-62	-60
7	0.006	-10	-850	-350
8	0.007	239	-269	-930
9	0.008	57	-559	-772
10	0.009	416	50	-768
================================================================================

=== 采集时间: 2025-12-05 15:25:03 (增量周期: 10.0ms) ===
振动增量数据 [等效10000Hz, 100点]
时序序号	时间(s)	X振动(INT)	Y振动(INT)	Z振动(INT)
1	0.0000	144	101	-32
2	0.0001	31	2	41
3	0.0002	-10	-66	-29
4	0.0003	103	-3	-91
5	0.0004	-64	50	43
6	0.0005	45	47	73
7	0.0006	7	-7	-34
8	0.0007	23	6	33
9	0.0008	-23	44	15
10	0.0009	50	52	14
11	0.0010	-44	31	-16
12	0.0011	10	-57	-53
13	0.0012	-33	33	-41
14	0.0013	-33	-4	96
15	0.0014	13	18	69
16	0.0015	48	33	18
17	0.0016	86	15	-12
18	0.0017	27	16	23
19	0.0018	61	41	-24
20	0.0019	5	41	-42
21	0.0020	53	-33	-2
22	0.0021	-49	-84	-109
23	0.0022	107	-17	-117
24	0.0023	-41	-29	-24
25	0.0024	-34	53	122
26	0.0025	-12	94	11
27	0.0026	27	-42	-14
28	0.0027	-42	-136	-25
29	0.0028	10	-63	-45
30	0.0029	-38	137	108
31	0.0030	50	152	130
32	0.0031	-50	6	106
33	0.0032	9	-88	-139
34	0.0033	45	-85	-148
35	0.0034	-21	44	50
36	0.0035	9	143	7
37	0.0036	100	71	-24
38	0.0037	-75	-89	2
39	0.0038	-72	-181	-40
40	0.0039	41	91	-46
41	0.0040	54	105	-15
42	0.0041	103	-8	-16
43	0.0042	18	-71	-20
44	0.0043	-3	58	90
45	0.0044	-87	32	-42
46	0.0045	32	48	-4
47	0.0046	-115	-16	31
48	0.0047	14	9	37
49	0.0048	-15	16	-44
50	0.0049	-36	30	194
51	0.0050	-97	79	143
52	0.0051	138	71	-36
53	0.0052	-23	-65	-62
54	0.0053	43	-50	54
55	0.0054	-31	77	71
56	0.0055	113	118	32
57	0.0056	92	20	27
58	0.0057	43	-57	60
59	0.0058	-2	11	40
60	0.0059	-58	64	-20
61	0.0060	41	37	26
62	0.0061	13	7	0
63	0.0062	-21	-14	46
64	0.0063	-31	23	28
65	0.0064	-44	-8	-20
66	0.0065	19	16	-29
67	0.0066	-19	-12	-38
68	0.0067	36	19	36
69	0.0068	18	16	-21
70	0.0069	-27	-45	67
71	0.0070	7	40	41
72	0.0071	27	9	-71
73	0.0072	82	-3	-14
74	0.0073	9	-27	-23
75	0.0074	-58	18	82
76	0.0075	50	142	14
77	0.0076	-14	-61	-10
78	0.0077	-8	-29	33
79	0.0078	-47	-12	-21
80	0.0079	-51	31	2
81	0.0080	-14	108	54
82	0.0081	-8	0	3
83	0.0082	20	-20	36
84	0.0083	49	-91	-66
85	0.0084	-27	-59	-31
86	0.0085	53	103	1
87	0.0086	-38	35	-27
88	0.0087	103	-7	-4
89	0.0088	-117	-50	-10
90	0.0089	41	7	7
91	0.0090	-72	61	-7
92	0.0091	2	30	56
93	0.0092	-38	43	26
94	0.0093	-27	-29	71
95	0.0094	11	40	-6
96	0.0095	-3	18	33
97	0.0096	45	52	35
98	0.0097	15	-67	-45
99	0.0098	79	27	-17
100	0.0099	-38	-15	-19

电流增量数据 [1000Hz, 10点]
采样序号	时间(s)	A相电流(INT)	B相电流(INT)	C相电流(INT)
1	0.000	151	-92	331
2	0.001	203	1447	495
3	0.002	-184	-1264	1098
4	0.003	-259	102	784
5	0.004	-1004	-260	948
6	0.005	-649	557	649
7	0.006	657	802	-514
8	0.007	731	415	-111
9	0.008	683	229	219
10	0.009	769	-3829	381
================================================================================

=== 采集时间: 2025-12-05 15:25:04 (增量周期: 10.0ms) ===
振动增量数据 [等效10000Hz, 100点]
时序序号	时间(s)	X振动(INT)	Y振动(INT)	Z振动(INT)
1	0.0000	-53	50	6
2	0.0001	-2	7	121
3	0.0002	-2	50	-11
4	0.0003	82	-67	-109
5	0.0004	2	43	-51
6	0.0005	23	52	73
7	0.0006	-3	66	-36
8	0.0007	3	6	14
9	0.0008	33	-58	-12
10	0.0009	0	-57	-15
11	0.0010	71	53	30
12	0.0011	-50	30	-2
13	0.0012	35	11	37
14	0.0013	-47	19	-16
15	0.0014	11	-29	-4
16	0.0015	33	77	16
17	0.0016	-27	-17	-25
18	0.0017	32	52	-27
19	0.0018	-76	18	60
20	0.0019	5	3	-45
21	0.0020	-64	13	2
22	0.0021	32	-19	44
23	0.0022	-33	24	-19
24	0.0023	69	19	50
25	0.0024	-51	-3	-7
26	0.0025	33	2	58
27	0.0026	-32	16	60
28	0.0027	-7	10	61
29	0.0028	9	27	-21
30	0.0029	6	-28	-29
31	0.0030	35	24	-54
32	0.0031	31	-76	-57
33	0.0032	-8	83	28
34	0.0033	-38	137	202
35	0.0034	-88	74	150
36	0.0035	-42	-70	71
37	0.0036	-7	-123	-122
38	0.0037	92	61	19
39	0.0038	74	163	76
40	0.0039	100	50	37
41	0.0040	-10	-91	-27
42	0.0041	14	-177	-184
43	0.0042	46	28	-141
44	0.0043	61	134	90
45	0.0044	-31	147	187
46	0.0045	14	-32	82
47	0.0046	-84	-134	-177
48	0.0047	-50	-105	-12
49	0.0048	-51	146	22
50	0.0049	11	75	91
51	0.0050	67	80	2
52	0.0051	-11	-92	31
53	0.0052	-61	-51	36
54	0.0053	-49	53	2
55	0.0054	-3	10	10
56	0.0055	3	22	-54
57	0.0056	23	-75	-37
58	0.0057	-85	-25	43
59	0.0058	-46	71	106
60	0.0059	7	80	136
61	0.0060	-114	-11	129
62	0.0061	45	77	20
63	0.0062	-24	-8	71
64	0.0063	-16	-65	10
65	0.0064	-14	28	9
66	0.0065	-51	-7	-34
67	0.0066	43	19	-27
68	0.0067	0	-42	-10
69	0.0068	30	33	35
70	0.0069	-84	23	62
71	0.0070	-54	-4	53
72	0.0071	-33	77	-12
73	0.0072	41	5	-28
74	0.0073	-4	14	33
75	0.0074	54	-34	-6
76	0.0075	15	35	-106
77	0.0076	57	13	49
78	0.0077	-62	19	27
79	0.0078	137	-10	-29
80	0.0079	-64	40	58
81	0.0080	15	-34	-10
82	0.0081	-42	47	-20
83	0.0082	-19	24	13
84	0.0083	-62	-12	19
85	0.0084	0	-10	16
86	0.0085	0	-23	0
87	0.0086	-78	-23	69
88	0.0087	6	48	-4
89	0.0088	-28	6	35
90	0.0089	30	31	108
91	0.0090	-42	1	52
92	0.0091	110	84	22
93	0.0092	-40	-21	-14
94	0.0093	187	14	-88
95	0.0094	-23	-8	-11
96	0.0095	99	26	-45
97	0.0096	-42	116	50
98	0.0097	-20	-14	121
99	0.0098	-79	52	-21
100	0.0099	35	-65	6

电流增量数据 [1000Hz, 10点]
采样序号	时间(s)	A相电流(INT)	B相电流(INT)	C相电流(INT)
1	0.000	729	-3075	-474
2	0.001	594	-388	-303
3	0.002	801	-1918	13
4	0.003	896	-647	95
5	0.004	471	-1393	267
6	0.005	195	-553	358
7	0.006	145	351	-676
8	0.007	710	-490	-853
9	0.008	285	-598	-569
10	0.009	589	-1054	-679
================================================================================

=== 采集时间: 2025-12-05 15:25:04 (增量周期: 10.0ms) ===
振动增量数据 [等效10000Hz, 100点]
时序序号	时间(s)	X振动(INT)	Y振动(INT)	Z振动(INT)
1	0.0000	-21	75	35
2	0.0001	7	66	105
3	0.0002	31	71	66
4	0.0003	-2	-27	37
5	0.0004	-33	-24	-47
6	0.0005	0	-48	-81
7	0.0006	13	60	82
8	0.0007	-49	-21	54
9	0.0008	9	-48	-11
10	0.0009	-47	-21	-41
11	0.0010	-78	-19	76
12	0.0011	-4	49	31
13	0.0012	36	32	3
14	0.0013	-27	-40	23
15	0.0014	-27	23	27
16	0.0015	-37	30	15
17	0.0016	15	135	139
18	0.0017	0	31	37
19	0.0018	137	-6	-100
20	0.0019	-3	-58	-34
21	0.0020	-44	-4	83
22	0.0021	31	96	-34
23	0.0022	93	88	22
24	0.0023	-21	-53	118
25	0.0024	-21	-55	37
26	0.0025	-7	37	87
27	0.0026	-88	77	88
28	0.0027	61	5	-97
29	0.0028	92	-29	-40
30	0.0029	-16	10	99
31	0.0030	43	10	18
32	0.0031	19	79	-104
33	0.0032	-10	-38	26
34	0.0033	-3	-32	-62
35	0.0034	35	-16	-4
36	0.0035	6	96	84
37	0.0036	-55	-50	24
38	0.0037	63	69	-32
39	0.0038	-58	-100	-14
40	0.0039	44	23	36
41	0.0040	36	43	-50
42	0.0041	52	23	11
43	0.0042	-74	30	60
44	0.0043	35	27	-21
45	0.0044	-11	69	71
46	0.0045	-6	-12	48
47	0.0046	-15	-74	-97
48	0.0047	108	97	16
49	0.0048	-89	-12	97
50	0.0049	28	88	56
51	0.0050	-58	23	69
52	0.0051	66	-25	-89
53	0.0052	53	54	-40
54	0.0053	-21	-65	33
55	0.0054	62	50	-7
56	0.0055	92	107	-2
57	0.0056	57	6	-23
58	0.0057	-49	-49	75
59	0.0058	-16	49	-27
60	0.0059	-51	13	-29
61	0.0060	-58	66	40
62	0.0061	-23	-71	-71
63	0.0062	-12	24	44
64	0.0063	-31	101	208
65	0.0064	-38	47	169
66	0.0065	46	111	19
67	0.0066	-3	-114	-59
68	0.0067	9	-8	-74
69	0.0068	14	-54	-97
70	0.0069	60	47	24
71	0.0070	33	26	16
72	0.0071	53	-36	35
73	0.0072	-72	24	16
74	0.0073	44	13	-11
75	0.0074	-32	47	-29
76	0.0075	67	-31	24
77	0.0076	-21	-65	-83
78	0.0077	133	96	26
79	0.0078	-14	99	156
80	0.0079	-23	27	41
81	0.0080	74	-50	-140
82	0.0081	-23	-75	-77
83	0.0082	133	52	-72
84	0.0083	-64	40	159
85	0.0084	120	185	80
86	0.0085	-27	-16	113
87	0.0086	-81	-65	-19
88	0.0087	11	-85	-136
89	0.0088	5	30	10
90	0.0089	-27	26	13
91	0.0090	3	16	121
92	0.0091	-38	6	69
93	0.0092	-6	-54	-27
94	0.0093	-33	-15	-16
95	0.0094	18	23	18
96	0.0095	45	48	-139
97	0.0096	135	-48	-117
98	0.0097	-29	-3	-29
99	0.0098	-17	-49	52
100	0.0099	2	103	20

电流增量数据 [1000Hz, 10点]
采样序号	时间(s)	A相电流(INT)	B相电流(INT)	C相电流(INT)
1	0.000	707	662	-64
2	0.001	865	-489	105
3	0.002	872	314	15
4	0.003	740	-907	47
5	0.004	501	-1018	124
6	0.005	613	1308	-1050
7	0.006	437	1505	-596
8	0.007	695	1266	-604
9	0.008	946	-3847	-518
10	0.009	711	-318	-727
================================================================================

=== 采集时间: 2025-12-05 15:25:04 (增量周期: 10.0ms) ===
振动增量数据 [等效10000Hz, 100点]
时序序号	时间(s)	X振动(INT)	Y振动(INT)	Z振动(INT)
1	0.0000	-3	1	67
2	0.0001	-75	5	-7
3	0.0002	-57	9	88
4	0.0003	-32	66	37
5	0.0004	33	5	39
6	0.0005	80	47	-40
7	0.0006	96	-54	-40
8	0.0007	-17	-57	-41
9	0.0008	60	1	-11
10	0.0009	-74	14	-51
11	0.0010	62	20	-81
12	0.0011	-28	-44	-67
13	0.0012	-46	-27	92
14	0.0013	-71	83	130
15	0.0014	-8	60	36
16	0.0015	-8	22	-14
17	0.0016	-64	-59	-8
18	0.0017	-33	-4	44
19	0.0018	-4	33	-19
20	0.0019	9	7	27
21	0.0020	99	10	43
22	0.0021	-29	-66	-24
23	0.0022	120	5	-54
24	0.0023	-85	11	-25
25	0.0024	15	19	58
26	0.0025	-12	35	-21
27	0.0026	41	-36	50
28	0.0027	-61	-10	31
29	0.0028	28	47	13
30	0.0029	-71	83	18
31	0.0030	48	66	65
32	0.0031	-58	-66	-87
33	0.0032	53	-31	43
34	0.0033	-61	35	44
35	0.0034	24	27	24
36	0.0035	45	18	-19
37	0.0036	3	-78	57
38	0.0037	-6	19	-12
39	0.0038	97	-19	-34
40	0.0039	-92	69	33
41	0.0040	83	22	-4
42	0.0041	3	-28	-192
43	0.0042	37	-118	-53
44	0.0043	39	67	-37
45	0.0044	-10	118	108
46	0.0045	6	138	147
47	0.0046	-6	-27	46
48	0.0047	15	-53	-76
49	0.0048	11	-7	-29
50	0.0049	-36	52	105
51	0.0050	32	82	80
52	0.0051	-81	-92	-14
53	0.0052	-3	-66	-36
54	0.0053	-58	50	-21
55	0.0054	58	134	150
56	0.0055	-7	116	69
57	0.0056	40	-75	83
58	0.0057	-71	-92	-55
59	0.0058	75	-62	-106
60	0.0059	-25	120	0
61	0.0060	99	82	28
62	0.0061	56	30	-17
63	0.0062	-14	-92	23
64	0.0063	-28	27	7
65	0.0064	-64	1	27
66	0.0065	78	131	41
67	0.0066	-42	-72	-6
68	0.0067	69	15	2
69	0.0068	-113	2	24
70	0.0069	-11	58	49
71	0.0070	9	60	37
72	0.0071	13	-57	50
73	0.0072	-15	-36	-27
74	0.0073	36	0	-20
75	0.0074	-32	83	10
76	0.0075	73	58	41
77	0.0076	-27	-4	10
78	0.0077	53	-75	13
79	0.0078	-58	-33	-36
80	0.0079	-8	10	-46
81	0.0080	-6	112	-59
82	0.0081	1	-7	32
83	0.0082	-31	-44	0
84	0.0083	44	-2	19
85	0.0084	-76	67	116
86	0.0085	-33	94	69
87	0.0086	40	19	-96
88	0.0087	88	-36	-55
89	0.0088	31	-31	-59
90	0.0089	56	-16	-47
91	0.0090	-28	101	33
92	0.0091	15	-16	69
93	0.0092	-17	-21	-51
94	0.0093	61	-14	-45
95	0.0094	-79	58	71
96	0.0095	-15	30	5
97	0.0096	3	-20	-44
98	0.0097	26	-21	66
99	0.0098	1	70	84
100	0.0099	3	32	28

电流增量数据 [1000Hz, 10点]
采样序号	时间(s)	A相电流(INT)	B相电流(INT)	C相电流(INT)
1	0.000	813	476	-812
2	0.001	541	1147	-285
3	0.002	608	-1132	-31
4	0.003	1033	-1734	23
5	0.004	785	-1566	212
6	0.005	11	4043	-841
7	0.006	68	1276	-702
8	0.007	794	983	-888
9	0.008	636	836	-545
10	0.009	621	747	-618
================================================================================

=== 采集时间: 2025-12-05 15:25:05 (增量周期: 10.0ms) ===
振动增量数据 [等效10000Hz, 100点]
时序序号	时间(s)	X振动(INT)	Y振动(INT)	Z振动(INT)
1	0.0000	30	24	-201
2	0.0001	56	-68	-115
3	0.0002	1	24	54
4	0.0003	5	-42	-40
5	0.0004	63	88	6
6	0.0005	-21	39	90
7	0.0006	-44	-17	-3
8	0.0007	31	36	22
9	0.0008	15	28	14
10	0.0009	40	-53	-77
11	0.0010	15	-41	-45
12	0.0011	-58	-33	6
13	0.0012	-23	2	-25
14	0.0013	43	-50	-84
15	0.0014	9	19	-16
16	0.0015	11	-48	108
17	0.0016	-27	79	-42
18	0.0017	92	6	26
19	0.0018	-25	27	15
20	0.0019	58	-17	-7
21	0.0020	-36	48	-4
22	0.0021	49	45	39
23	0.0022	-4	18	-4
24	0.0023	-54	-81	40
25	0.0024	88	54	-12
26	0.0025	-41	9	-24
27	0.0026	60	65	6
28	0.0027	-63	35	83
29	0.0028	-6	-81	-55
30	0.0029	82	-2	-53
31	0.0030	15	23	105
32	0.0031	73	88	71
33	0.0032	-2	52	-77
34	0.0033	-44	-38	16
35	0.0034	-38	19	20
36	0.0035	-28	-15	-17
37	0.0036	143	111	-15
38	0.0037	-79	-29	-29
39	0.0038	3	-91	40
40	0.0039	-98	24	6
41	0.0040	35	-2	26
42	0.0041	-40	73	32
43	0.0042	83	-24	49
44	0.0043	-53	-34	1
45	0.0044	103	-51	-34
46	0.0045	35	31	-74
47	0.0046	84	13	56
48	0.0047	-14	48	56
49	0.0048	53	37	-54
50	0.0049	-55	-14	1
51	0.0050	-17	-6	39
52	0.0051	-41	3	-23
53	0.0052	58	92	65
54	0.0053	-27	16	-51
55	0.0054	77	-2	41
56	0.0055	-79	-2	6
57	0.0056	61	-28	13
58	0.0057	-40	53	-91
59	0.0058	84	-25	-61
60	0.0059	-58	-3	-85
61	0.0060	60	-19	23
62	0.0061	-78	27	7
63	0.0062	13	37	174
64	0.0063	-53	78	60
65	0.0064	44	-29	16
66	0.0065	-11	5	-62
67	0.0066	36	-129	-81
68	0.0067	-41	28	44
69	0.0068	5	169	150
70	0.0069	-41	57	16
71	0.0070	46	-98	-14
72	0.0071	-110	-102	-55
73	0.0072	69	-7	-76
74	0.0073	-66	239	181
75	0.0074	37	43	134
76	0.0075	-27	-7	-11
77	0.0076	-6	-140	-41
78	0.0077	-7	-11	-55
79	0.0078	66	109	18
80	0.0079	44	77	15
81	0.0080	37	-71	30
82	0.0081	-31	-96	-59
83	0.0082	-21	-41	43
84	0.0083	-17	169	16
85	0.0084	9	14	46
86	0.0085	37	49	0
87	0.0086	-24	-44	-27
88	0.0087	5	27	90
89	0.0088	-109	61	46
90	0.0089	44	-44	3
91	0.0090	-6	11	-153
92	0.0091	9	-112	-124
93	0.0092	31	69	-47
94	0.0093	-12	53	88
95	0.0094	-45	19	75
96	0.0095	49	16	70
97	0.0096	-47	-29	-17
98	0.0097	9	-8	54
99	0.0098	-54	82	14
100	0.0099	69	13	18

电流增量数据 [1000Hz, 10点]
采样序号	时间(s)	A相电流(INT)	B相电流(INT)	C相电流(INT)
1	0.000	1249	985	-849
2	0.001	1034	-364	-848
3	0.002	847	-1375	-281
4	0.003	732	-904	-32
5	0.004	608	2375	-224
6	0.005	-408	2147	-290
7	0.006	-96	1824	-606
8	0.007	554	2532	-1381
9	0.008	339	1463	-1091
10	0.009	519	231	-763
================================================================================

=== 采集时间: 2025-12-05 15:25:05 (增量周期: 10.0ms) ===
振动增量数据 [等效10000Hz, 100点]
时序序号	时间(s)	X振动(INT)	Y振动(INT)	Z振动(INT)
1	0.0000	-96	44	-16
2	0.0001	-44	-41	82
3	0.0002	-83	3	-88
4	0.0003	9	-27	23
5	0.0004	-23	27	10
6	0.0005	71	-4	-11
7	0.0006	116	84	-111
8	0.0007	52	-11	46
9	0.0008	16	3	-24
10	0.0009	-11	-28	-80
11	0.0010	40	40	43
12	0.0011	-45	18	2
13	0.0012	46	-104	-91
14	0.0013	13	-54	-76
15	0.0014	-41	-49	24
16	0.0015	65	210	60
17	0.0016	5	23	-12
18	0.0017	20	-136	-109
19	0.0018	-36	-130	-118
20	0.0019	-29	22	11
21	0.0020	-38	137	134
22	0.0021	77	94	54
23	0.0022	-50	-81	40
24	0.0023	60	-48	-37
25	0.0024	-16	14	-140
26	0.0025	70	113	50
27	0.0026	-47	94	56
28	0.0027	45	-75	1
29	0.0028	-11	-8	15
30	0.0029	-70	-61	53
31	0.0030	-41	113	35
32	0.0031	91	33	-53
33	0.0032	-49	-38	74
34	0.0033	22	-8	23
35	0.0034	39	33	-41
36	0.0035	-59	83	146
37	0.0036	10	50	7
38	0.0037	1	-51	-109
39	0.0038	-121	-114	-15
40	0.0039	-66	-49	-29
41	0.0040	-45	101	-4
42	0.0041	77	67	165
43	0.0042	-114	-51	133
44	0.0043	154	-57	-92
45	0.0044	-114	-57	-94
46	0.0045	70	45	-36
47	0.0046	22	80	-134
48	0.0047	108	-54	-66
49	0.0048	-11	-27	-24
50	0.0049	14	-114	2
51	0.0050	2	-40	83
52	0.0051	40	7	26
53	0.0052	-33	13	-61
54	0.0053	18	48	37
55	0.0054	-3	26	-11
56	0.0055	37	-3	-16
57	0.0056	46	-16	-33
58	0.0057	-42	-79	0
59	0.0058	-38	50	14
60	0.0059	2	43	-33
61	0.0060	-36	19	0
62	0.0061	63	-12	-29
63	0.0062	-23	-53	-25
64	0.0063	62	32	28
65	0.0064	1	14	-15
66	0.0065	31	47	65
67	0.0066	70	94	73
68	0.0067	-40	-8	15
69	0.0068	91	43	54
70	0.0069	-122	33	44
71	0.0070	10	2	14
72	0.0071	-47	48	-50
73	0.0072	-7	-65	62
74	0.0073	-78	-6	-12
75	0.0074	23	-15	35
76	0.0075	45	61	62
77	0.0076	14	-62	-40
78	0.0077	66	10	-37
79	0.0078	10	-34	-25
80	0.0079	-32	73	44
81	0.0080	-32	7	62
82	0.0081	18	103	43
83	0.0082	-57	-67	49
84	0.0083	-8	-19	6
85	0.0084	-46	31	16
86	0.0085	24	45	-33
87	0.0086	32	44	54
88	0.0087	32	22	23
89	0.0088	-19	5	73
90	0.0089	-79	-3	136
91	0.0090	33	79	-44
92	0.0091	48	-19	-14
93	0.0092	-54	23	20
94	0.0093	88	-95	-41
95	0.0094	-92	11	-50
96	0.0095	5	-25	18
97	0.0096	-59	60	-32
98	0.0097	62	18	48
99	0.0098	0	2	20
100	0.0099	3	-36	-8

电流增量数据 [1000Hz, 10点]
采样序号	时间(s)	A相电流(INT)	B相电流(INT)	C相电流(INT)
1	0.000	14	2386	-990
2	0.001	184	347	-883
3	0.002	184	105	-669
4	0.003	489	129	-671
5	0.004	536	2463	-709
6	0.005	-795	3173	-292
7	0.006	-580	2286	-370
8	0.007	-527	3244	-227
9	0.008	-382	1196	-212
10	0.009	-43	848	-470
================================================================================

=== 采集时间: 2025-12-05 15:25:06 (增量周期: 10.0ms) ===
振动增量数据 [等效10000Hz, 100点]
时序序号	时间(s)	X振动(INT)	Y振动(INT)	Z振动(INT)
1	0.0000	95	-8	-25
2	0.0001	57	28	-33
3	0.0002	-75	-46	54
4	0.0003	-7	44	-16
5	0.0004	-16	32	75
6	0.0005	-62	18	54
7	0.0006	-24	-36	11
8	0.0007	-62	60	-40
9	0.0008	32	66	105
10	0.0009	-68	13	-127
11	0.0010	97	-106	-67
12	0.0011	-75	-29	13
13	0.0012	1	-8	-21
14	0.0013	73	135	22
15	0.0014	23	16	157
16	0.0015	-16	-65	48
17	0.0016	75	-8	-61
18	0.0017	-12	23	16
19	0.0018	43	27	-25
20	0.0019	67	79	-33
21	0.0020	-101	-119	-139
22	0.0021	41	15	-64
23	0.0022	-158	33	-3
24	0.0023	49	36	31
25	0.0024	-138	24	31
26	0.0025	56	-78	41
27	0.0026	-104	45	75
28	0.0027	-6	-44	45
29	0.0028	-14	92	0
30	0.0029	36	-19	-3
31	0.0030	31	-37	-8
32	0.0031	86	36	-15
33	0.0032	-12	5	-27
34	0.0033	15	52	31
35	0.0034	-58	-21	-7
36	0.0035	3	-33	50
37	0.0036	36	33	-33
38	0.0037	-23	-49	57
39	0.0038	27	99	67
40	0.0039	31	142	32
41	0.0040	30	9	18
42	0.0041	50	-142	-170
43	0.0042	-44	-161	-114
44	0.0043	27	116	19
45	0.0044	-45	82	86
46	0.0045	45	90	61
47	0.0046	-37	-44	31
48	0.0047	-28	-134	-40
49	0.0048	32	32	-49
50	0.0049	-8	79	46
51	0.0050	23	124	108
52	0.0051	-16	70	60
53	0.0052	117	-72	-2
54	0.0053	-58	-21	31
55	0.0054	16	-8	-32
56	0.0055	1	156	-101
57	0.0056	22	-40	6
58	0.0057	-45	-4	61
59	0.0058	9	-51	-44
60	0.0059	32	58	7
61	0.0060	-4	39	79
62	0.0061	14	-33	-29
63	0.0062	14	15	-32
64	0.0063	-14	-59	0
65	0.0064	9	65	-28
66	0.0065	45	116	91
67	0.0066	-87	-2	93
68	0.0067	88	-38	-57
69	0.0068	0	-24	-40
70	0.0069	-75	-7	66
71	0.0070	-31	111	41
72	0.0071	-50	-8	-31
73	0.0072	36	28	152
74	0.0073	-55	-49	75
75	0.0074	100	28	-24
76	0.0075	14	43	-19
77	0.0076	23	-7	-49
78	0.0077	50	31	-97
79	0.0078	10	-34	49
80	0.0079	-14	-11	32
81	0.0080	35	56	2
82	0.0081	16	65	16
83	0.0082	14	-8	13
84	0.0083	9	-32	-105
85	0.0084	66	22	-6
86	0.0085	-61	48	23
87	0.0086	92	-3	15
88	0.0087	-45	1	-85
89	0.0088	-40	-134	18
90	0.0089	-78	71	43
91	0.0090	-3	5	16
92	0.0091	-14	48	73
93	0.0092	40	-36	40
94	0.0093	-24	-32	-29
95	0.0094	-4	-7	35
96	0.0095	-59	40	-24
97	0.0096	44	44	-14
98	0.0097	33	75	27
99	0.0098	-50	-50	73
100	0.0099	57	32	-45

电流增量数据 [1000Hz, 10点]
采样序号	时间(s)	A相电流(INT)	B相电流(INT)	C相电流(INT)
1	0.000	811	263	-730
2	0.001	1177	-2040	-753
3	0.002	928	710	-933
4	0.003	776	118	-837
5	0.004	734	1220	-465
6	0.005	-118	698	-605
7	0.006	100	447	-847
8	0.007	409	709	-922
9	0.008	-7	2821	-798
10	0.009	148	3329	-681
================================================================================

=== 采集时间: 2025-12-05 15:25:06 (增量周期: 10.0ms) ===
振动增量数据 [等效10000Hz, 100点]
时序序号	时间(s)	X振动(INT)	Y振动(INT)	Z振动(INT)
1	0.0000	77	5	23
2	0.0001	48	35	-34
3	0.0002	-55	41	73
4	0.0003	-2	-2	48
5	0.0004	-4	64	-29
6	0.0005	15	-38	33
7	0.0006	-31	-20	22
8	0.0007	92	-10	-54
9	0.0008	-2	41	46
10	0.0009	-38	0	-10
11	0.0010	13	10	-10
12	0.0011	-27	50	54
13	0.0012	-8	19	110
14	0.0013	62	33	14
15	0.0014	39	-31	-14
16	0.0015	-87	-32	15
17	0.0016	-71	0	15
18	0.0017	0	108	23
19	0.0018	0	-34	35
20	0.0019	41	31	16
21	0.0020	26	14	88
22	0.0021	-8	-4	-32
23	0.0022	36	-8	-53
24	0.0023	-17	6	-63
25	0.0024	41	2	-11
26	0.0025	-14	-8	31
27	0.0026	73	97	105
28	0.0027	-32	24	74
29	0.0028	31	18	-81
30	0.0029	1	-17	-70
31	0.0030	-87	3	41
32	0.0031	10	5	23
33	0.0032	-165	-42	49
34	0.0033	46	9	95
35	0.0034	-93	35	88
36	0.0035	113	-4	14
37	0.0036	20	13	-20
38	0.0037	18	-33	19
39	0.0038	56	75	-58
40	0.0039	57	27	7
41	0.0040	109	54	62
42	0.0041	0	7	14
43	0.0042	70	-33	-32
44	0.0043	-47	31	-42
45	0.0044	-53	-12	-10
46	0.0045	3	113	-24
47	0.0046	-64	-87	6
48	0.0047	-8	-62	31
49	0.0048	-84	-51	5
50	0.0049	40	30	-50
51	0.0050	-38	82	45
52	0.0051	-23	-62	45
53	0.0052	16	-8	20
54	0.0053	-14	-2	49
55	0.0054	-15	64	159
56	0.0055	9	176	91
57	0.0056	57	2	-42
58	0.0057	87	7	-31
59	0.0058	-74	-110	-50
60	0.0059	-10	28	-23
61	0.0060	32	13	7
62	0.0061	-24	-117	1
63	0.0062	-45	-61	16
64	0.0063	61	92	-59
65	0.0064	7	111	84
66	0.0065	43	131	61
67	0.0066	-8	-78	-70
68	0.0067	28	-110	-130
69	0.0068	-83	-15	18
70	0.0069	-7	91	52
71	0.0070	67	126	-29
72	0.0071	-23	-49	67
73	0.0072	40	-34	-32
74	0.0073	-72	-40	3
75	0.0074	36	116	91
76	0.0075	41	79	30
77	0.0076	58	-31	-40
78	0.0077	43	-84	-32
79	0.0078	-29	1	-17
80	0.0079	18	65	-27
81	0.0080	35	56	3
82	0.0081	24	-20	-58
83	0.0082	9	-65	-51
84	0.0083	-119	24	0
85	0.0084	-55	35	91
86	0.0085	-32	54	27
87	0.0086	60	-14	54
88	0.0087	2	23	135
89	0.0088	-27	-24	-15
90	0.0089	0	69	-24
91	0.0090	-55	-3	5
92	0.0091	84	56	37
93	0.0092	6	-19	16
94	0.0093	90	-58	-6
95	0.0094	7	37	-38
96	0.0095	-10	-4	-57
97	0.0096	-55	44	13
98	0.0097	15	-44	18
99	0.0098	-44	18	19
100	0.0099	-57	22	97

电流增量数据 [1000Hz, 10点]
采样序号	时间(s)	A相电流(INT)	B相电流(INT)	C相电流(INT)
1	0.000	1078	3256	-1630
2	0.001	1406	1116	-1371
3	0.002	698	3179	-932
4	0.003	-120	1089	-669
5	0.004	563	719	-569
6	0.005	1188	-801	-927
7	0.006	-659	2441	-120
8	0.007	-887	2396	-10
9	0.008	-807	1986	11
10	0.009	-610	774	-98
================================================================================

=== 采集时间: 2025-12-05 15:25:06 (增量周期: 10.0ms) ===
振动增量数据 [等效10000Hz, 100点]
时序序号	时间(s)	X振动(INT)	Y振动(INT)	Z振动(INT)
1	0.0000	-14	-149	-97
2	0.0001	78	-46	-117
3	0.0002	-58	-12	52
4	0.0003	50	262	172
5	0.0004	-34	32	31
6	0.0005	31	-66	-6
7	0.0006	-63	-121	-29
8	0.0007	-61	-57	16
9	0.0008	45	168	11
10	0.0009	-27	-21	74
11	0.0010	61	24	53
12	0.0011	-55	-57	-62
13	0.0012	-15	-23	104
14	0.0013	-85	139	63
15	0.0014	97	26	-55
16	0.0015	77	45	-8
17	0.0016	-46	-102	23
18	0.0017	-6	15	-53
19	0.0018	-66	69	95
20	0.0019	-11	11	-3
21	0.0020	79	-59	-32
22	0.0021	9	44	46
23	0.0022	-34	7	54
24	0.0023	44	124	-74
25	0.0024	-23	-25	3
26	0.0025	-4	-11	121
27	0.0026	-2	6	-49
28	0.0027	44	-29	-20
29	0.0028	-91	41	20
30	0.0029	13	-46	10
31	0.0030	14	67	-55
32	0.0031	11	-8	103
33	0.0032	-104	13	138
34	0.0033	-14	84	83
35	0.0034	-25	33	22
36	0.0035	61	41	24
37	0.0036	61	6	-71
38	0.0037	52	-24	-17
39	0.0038	14	18	-44
40	0.0039	-11	-54	-80
41	0.0040	-12	77	28
42	0.0041	-51	-11	60
43	0.0042	49	53	-11
44	0.0043	11	-15	20
45	0.0044	-68	-58	-36
46	0.0045	20	35	-19
47	0.0046	-68	-20	18
48	0.0047	2	-2	7
49	0.0048	16	-31	-33
50	0.0049	5	27	84
51	0.0050	-45	23	27
52	0.0051	125	30	-29
53	0.0052	1	16	-42
54	0.0053	48	-37	66
55	0.0054	-45	65	-44
56	0.0055	-12	-36	-36
57	0.0056	-84	1	-2
58	0.0057	20	-76	-28
59	0.0058	-46	26	95
60	0.0059	-24	43	83
61	0.0060	70	28	-70
62	0.0061	10	-27	-49
63	0.0062	-78	-2	62
64	0.0063	-19	18	48
65	0.0064	33	75	-17
66	0.0065	-11	-62	63
67	0.0066	-20	-3	-29
68	0.0067	13	-27	-51
69	0.0068	-19	32	-16
70	0.0069	-66	-49	61
71	0.0070	5	30	5
72	0.0071	-23	9	20
73	0.0072	-74	-11	63
74	0.0073	-6	-4	32
75	0.0074	15	14	-62
76	0.0075	-2	101	99
77	0.0076	9	84	118
78	0.0077	-25	15	-34
79	0.0078	6	-109	-49
80	0.0079	10	-11	-37
81	0.0080	58	22	-80
82	0.0081	19	58	126
83	0.0082	-37	22	43
84	0.0083	61	-85	-49
85	0.0084	-46	-27	-88
86	0.0085	-12	-54	33
87	0.0086	-31	124	-2
88	0.0087	-15	13	104
89	0.0088	-64	11	28
90	0.0089	14	-45	-2
91	0.0090	-7	22	-7
92	0.0091	33	9	15
93	0.0092	108	52	-49
94	0.0093	27	44	-16
95	0.0094	20	35	76
96	0.0095	-6	18	-14
97	0.0096	-23	23	30
98	0.0097	-21	-25	66
99	0.0098	-27	41	-2
100	0.0099	15	-34	-23

电流增量数据 [1000Hz, 10点]
采样序号	时间(s)	A相电流(INT)	B相电流(INT)	C相电流(INT)
1	0.000	-420	-2129	621
2	0.001	-77	363	616
3	0.002	-636	41	779
4	0.003	-1040	1154	899
5	0.004	-861	261	533
6	0.005	-901	-118	712
7	0.006	11	-687	726
8	0.007	602	85	149
9	0.008	99	2057	783
10	0.009	-73	54	782
================================================================================

=== 采集时间: 2025-12-05 15:25:07 (增量周期: 10.0ms) ===
振动增量数据 [等效10000Hz, 100点]
时序序号	时间(s)	X振动(INT)	Y振动(INT)	Z振动(INT)
1	0.0000	-3	37	62
2	0.0001	61	-8	-41
3	0.0002	97	-61	-70
4	0.0003	14	-76	-94
5	0.0004	-36	26	6
6	0.0005	80	222	31
7	0.0006	114	64	148
8	0.0007	-58	-109	-20
9	0.0008	113	-96	-100
10	0.0009	-190	44	74
11	0.0010	-33	71	-34
12	0.0011	41	103	-97
13	0.0012	-27	-93	66
14	0.0013	-29	-62	-6
15	0.0014	-3	-16	-62
16	0.0015	41	125	41
17	0.0016	-32	18	82
18	0.0017	92	-27	-55
19	0.0018	22	-25	-4
20	0.0019	-20	-54	6
21	0.0020	23	105	22
22	0.0021	-8	24	43
23	0.0022	-32	-8	-4
24	0.0023	-45	-11	120
25	0.0024	-102	27	56
26	0.0025	-37	44	37
27	0.0026	-54	-16	1
28	0.0027	-40	7	31
29	0.0028	60	-8	-87
30	0.0029	65	19	2
31	0.0030	16	28	106
32	0.0031	50	-15	-16
33	0.0032	33	-4	-58
34	0.0033	99	19	35
35	0.0034	-132	-67	40
36	0.0035	114	92	-71
37	0.0036	-27	-23	31
38	0.0037	-96	36	152
39	0.0038	-11	45	-12
40	0.0039	-58	19	-44
41	0.0040	20	-11	14
42	0.0041	-68	-83	-33
43	0.0042	35	73	1
44	0.0043	41	39	46
45	0.0044	-98	-36	75
46	0.0045	40	6	-21
47	0.0046	40	-17	-40
48	0.0047	46	15	10
49	0.0048	80	6	-12
50	0.0049	7	9	-37
51	0.0050	75	20	-25
52	0.0051	-8	-2	-62
53	0.0052	-6	54	80
54	0.0053	-6	10	-46
55	0.0054	-23	-63	-76
56	0.0055	69	-42	-123
57	0.0056	-50	23	91
58	0.0057	49	228	144
59	0.0058	41	62	31
60	0.0059	-33	-161	-85
61	0.0060	5	117	95
62	0.0061	28	86	163
63	0.0062	-66	-97	-15
64	0.0063	191	-12	-173
65	0.0064	-83	-23	-10
66	0.0065	10	101	5
67	0.0066	99	56	-153
68	0.0067	-61	-85	6
69	0.0068	-12	-33	52
70	0.0069	-58	31	-7
71	0.0070	92	173	152
72	0.0071	-104	5	45
73	0.0072	124	-74	-28
74	0.0073	19	-45	-100
75	0.0074	18	-61	-20
76	0.0075	60	108	-40
77	0.0076	92	19	-40
78	0.0077	-23	-50	-2
79	0.0078	-17	-3	83
80	0.0079	-59	30	-32
81	0.0080	-34	94	58
82	0.0081	-53	69	134
83	0.0082	33	49	23
84	0.0083	-54	-54	23
85	0.0084	37	65	66
86	0.0085	-96	35	9
87	0.0086	140	18	-34
88	0.0087	-36	-34	-11
89	0.0088	105	-74	75
90	0.0089	-58	30	-121
91	0.0090	126	9	10
92	0.0091	-76	105	75
93	0.0092	52	-58	70
94	0.0093	-21	67	-57
95	0.0094	9	2	16
96	0.0095	-61	53	54
97	0.0096	10	20	-2
98	0.0097	70	-8	-42
99	0.0098	-2	1	73
100	0.0099	-7	-12	39

电流增量数据 [1000Hz, 10点]
采样序号	时间(s)	A相电流(INT)	B相电流(INT)	C相电流(INT)
1	0.000	-509	-979	166
2	0.001	-738	1966	90
3	0.002	-700	787	-140
4	0.003	-388	1814	-268
5	0.004	-477	1055	-286
6	0.005	-83	390	-276
7	0.006	-488	-540	519
8	0.007	-785	-632	690
9	0.008	-939	3350	753
10	0.009	-705	1256	374
================================================================================

=== 采集时间: 2025-12-05 15:25:07 (增量周期: 10.0ms) ===
振动增量数据 [等效10000Hz, 100点]
时序序号	时间(s)	X振动(INT)	Y振动(INT)	Z振动(INT)
1	0.0000	11	2	-41
2	0.0001	18	28	-64
3	0.0002	-20	-54	-23
4	0.0003	-54	86	31
5	0.0004	52	49	65
6	0.0005	-74	-27	-28
7	0.0006	77	-2	-34
8	0.0007	-81	5	-28
9	0.0008	65	-3	0
10	0.0009	-6	82	-55
11	0.0010	22	-78	39
12	0.0011	-21	24	-61
13	0.0012	67	-81	-14
14	0.0013	-62	83	44
15	0.0014	53	-10	33
16	0.0015	-24	61	-34
17	0.0016	-6	-50	69
18	0.0017	-33	16	-37
19	0.0018	-28	-3	18
20	0.0019	2	77	1
21	0.0020	-45	-40	57
22	0.0021	-12	-16	2
23	0.0022	-12	-7	69
24	0.0023	-2	30	18
25	0.0024	19	40	20
26	0.0025	-10	27	-15
27	0.0026	66	-16	-36
28	0.0027	56	19	-21
29	0.0028	-2	-61	46
30	0.0029	5	66	1
31	0.0030	19	28	-45
32	0.0031	-31	-20	83
33	0.0032	-84	2	46
34	0.0033	13	18	120
35	0.0034	-74	56	19
36	0.0035	39	-66	-71
37	0.0036	2	-33	-123
38	0.0037	134	-15	-29
39	0.0038	-53	-44	69
40	0.0039	57	144	28
41	0.0040	37	-19	-47
42	0.0041	41	62	30
43	0.0042	3	-33	52
44	0.0043	-6	-19	-59
45	0.0044	-63	26	-20
46	0.0045	-62	33	-6
47	0.0046	-17	18	-11
48	0.0047	-72	-75	7
49	0.0048	-55	-17	63
50	0.0049	-61	16	54
51	0.0050	-80	39	19
52	0.0051	10	-28	22
53	0.0052	10	19	14
54	0.0053	83	-29	5
55	0.0054	79	23	14
56	0.0055	39	-17	-71
57	0.0056	99	33	-72
58	0.0057	-105	-48	19
59	0.0058	71	56	43
60	0.0059	-3	57	65
61	0.0060	69	-15	-14
62	0.0061	53	-3	-84
63	0.0062	-11	-6	35
64	0.0063	-46	90	-24
65	0.0064	65	-11	-17
66	0.0065	-40	-11	-10
67	0.0066	7	-84	-46
68	0.0067	46	31	-57
69	0.0068	-12	40	61
70	0.0069	35	27	33
71	0.0070	62	18	-59
72	0.0071	57	-28	-66
73	0.0072	-67	-4	33
74	0.0073	6	24	-29
75	0.0074	32	19	-124
76	0.0075	6	-129	35
77	0.0076	-40	82	95
78	0.0077	58	122	172
79	0.0078	-37	109	86
80	0.0079	23	-234	-178
81	0.0080	95	-53	-209
82	0.0081	88	-65	-177
83	0.0082	88	117	134
84	0.0083	-6	218	144
85	0.0084	-23	-102	-64
86	0.0085	-128	-170	-74
87	0.0086	-23	-126	-117
88	0.0087	23	199	71
89	0.0088	52	223	211
90	0.0089	-12	19	101
91	0.0090	15	-166	-83
92	0.0091	-15	-102	-152
93	0.0092	-10	7	-8
94	0.0093	33	118	-12
95	0.0094	138	77	-3
96	0.0095	-50	-21	84
97	0.0096	-23	-49	109
98	0.0097	-64	33	-74
99	0.0098	58	15	-88
100	0.0099	75	43	-101

电流增量数据 [1000Hz, 10点]
采样序号	时间(s)	A相电流(INT)	B相电流(INT)	C相电流(INT)
1	0.000	719	-2633	-276
2	0.001	811	-528	154
3	0.002	667	-1771	307
4	0.003	113	705	719
5	0.004	201	784	-1081
6	0.005	2	1884	-810
7	0.006	285	366	-753
8	0.007	472	-89	-516
9	0.008	1012	-285	-787
10	0.009	627	-677	-597
================================================================================

=== 采集时间: 2025-12-05 15:25:07 (增量周期: 10.0ms) ===
振动增量数据 [等效10000Hz, 100点]
时序序号	时间(s)	X振动(INT)	Y振动(INT)	Z振动(INT)
1	0.0000	-46	-14	-47
2	0.0001	-20	-145	-68
3	0.0002	-17	16	23
4	0.0003	40	165	87
5	0.0004	39	84	103
6	0.0005	-3	-122	-42
7	0.0006	16	-127	-132
8	0.0007	19	-12	-70
9	0.0008	37	116	178
10	0.0009	13	161	199
11	0.0010	95	23	11
12	0.0011	-6	-68	-106
13	0.0012	24	-112	-89
14	0.0013	-36	112	24
15	0.0014	88	103	-12
16	0.0015	27	48	2
17	0.0016	-62	-117	97
18	0.0017	-110	-54	-15
19	0.0018	6	52	-10
20	0.0019	-33	7	-41
21	0.0020	27	-51	22
22	0.0021	-42	71	114
23	0.0022	-8	117	168
24	0.0023	-7	-4	-49
25	0.0024	-16	-79	-25
26	0.0025	-24	-15	-50
27	0.0026	97	13	-63
28	0.0027	15	56	-40
29	0.0028	-37	1	96
30	0.0029	-51	-51	-42
31	0.0030	26	-11	15
32	0.0031	26	28	2
33	0.0032	45	6	-32
34	0.0033	-32	27	32
35	0.0034	-31	-46	-31
36	0.0035	39	23	-49
37	0.0036	63	31	60
38	0.0037	-47	-20	28
39	0.0038	0	0	1
40	0.0039	-47	32	-63
41	0.0040	-21	7	-16
42	0.0041	-12	-29	-4
43	0.0042	24	30	40
44	0.0043	43	-16	-20
45	0.0044	36	6	-24
46	0.0045	-51	-51	-71
47	0.0046	45	-17	-61
48	0.0047	1	39	-4
49	0.0048	31	24	113
50	0.0049	11	30	33
51	0.0050	-2	-46	-3
52	0.0051	20	-12	-21
53	0.0052	46	9	11
54	0.0053	-37	-62	-14
55	0.0054	20	28	-53
56	0.0055	0	23	-29
57	0.0056	-40	16	-8
58	0.0057	41	9	-101
59	0.0058	20	9	-25
60	0.0059	-11	14	80
61	0.0060	37	28	-34
62	0.0061	52	-23	-2
63	0.0062	-49	19	30
64	0.0063	40	-20	-58
65	0.0064	26	73	-8
66	0.0065	32	-28	28
67	0.0066	31	-11	-42
68	0.0067	53	22	45
69	0.0068	-3	-7	-70
70	0.0069	-44	-2	33
71	0.0070	-46	50	26
72	0.0071	-51	18	13
73	0.0072	30	50	82
74	0.0073	-2	39	20
75	0.0074	36	-74	-59
76	0.0075	31	-12	-59
77	0.0076	2	-46	-89
78	0.0077	11	2	33
79	0.0078	-25	109	143
80	0.0079	30	62	65
81	0.0080	-42	26	54
82	0.0081	20	-31	-4
83	0.0082	-58	6	-11
84	0.0083	31	66	28
85	0.0084	-10	7	-40
86	0.0085	18	9	-15
87	0.0086	9	-85	-55
88	0.0087	-42	-79	-148
89	0.0088	91	22	23
90	0.0089	-117	2	-36
91	0.0090	146	79	40
92	0.0091	-57	-16	-61
93	0.0092	-78	-91	148
94	0.0093	-15	111	-10
95	0.0094	53	-19	0
96	0.0095	27	84	50
97	0.0096	27	-55	20
98	0.0097	57	45	-126
99	0.0098	20	14	10
100	0.0099	-19	-23	-4

电流增量数据 [1000Hz, 10点]
采样序号	时间(s)	A相电流(INT)	B相电流(INT)	C相电流(INT)
1	0.000	750	-710	-374
2	0.001	566	396	-100
3	0.002	860	-692	-138
4	0.003	961	41	-47
5	0.004	593	86	61
6	0.005	220	273	-682
7	0.006	398	92	-660
8	0.007	397	-327	-546
9	0.008	639	4091	-695
10	0.009	931	694	-919
================================================================================

=== 采集时间: 2025-12-05 15:25:08 (增量周期: 10.0ms) ===
振动增量数据 [等效10000Hz, 100点]
时序序号	时间(s)	X振动(INT)	Y振动(INT)	Z振动(INT)
1	0.0000	36	14	-36
2	0.0001	48	5	-15
3	0.0002	-50	-4	-21
4	0.0003	49	-48	2
5	0.0004	-49	10	-45
6	0.0005	-19	-45	7
7	0.0006	-46	62	2
8	0.0007	-10	-65	15
9	0.0008	-29	2	7
10	0.0009	48	32	52
11	0.0010	18	43	6
12	0.0011	46	30	91
13	0.0012	9	9	28
14	0.0013	56	-3	-59
15	0.0014	71	-23	-92
16	0.0015	-53	44	169
17	0.0016	-33	113	110
18	0.0017	150	36	-173
19	0.0018	-110	-152	61
20	0.0019	-58	-34	41
21	0.0020	-61	121	10
22	0.0021	61	113	26
23	0.0022	-53	-45	18
24	0.0023	40	-130	-57
25	0.0024	19	35	-98
26	0.0025	7	-37	-49
27	0.0026	13	126	30
28	0.0027	-24	26	114
29	0.0028	-50	-42	75
30	0.0029	-23	-15	54
31	0.0030	-45	15	46
32	0.0031	2	50	67
33	0.0032	105	7	-151
34	0.0033	23	-50	-37
35	0.0034	-17	16	-8
36	0.0035	-59	14	6
37	0.0036	-49	35	49
38	0.0037	-24	37	43
39	0.0038	-17	-34	-23
40	0.0039	33	31	-67
41	0.0040	-63	-79	30
42	0.0041	-16	10	56
43	0.0042	33	87	44
44	0.0043	13	33	43
45	0.0044	-28	-32	92
46	0.0045	-57	-11	43
47	0.0046	37	92	37
48	0.0047	53	58	27
49	0.0048	20	-45	36
50	0.0049	43	3	-50
51	0.0050	27	18	-67
52	0.0051	56	36	6
53	0.0052	23	30	-34
54	0.0053	77	22	-2
55	0.0054	-57	-23	9
56	0.0055	69	15	5
57	0.0056	-40	31	46
58	0.0057	-8	45	36
59	0.0058	19	-8	20
60	0.0059	-16	-33	-44
61	0.0060	-44	53	-45
62	0.0061	43	-42	14
63	0.0062	-66	45	69
64	0.0063	-58	11	151
65	0.0064	-40	44	-14
66	0.0065	20	-38	-104
67	0.0066	11	3	-75
68	0.0067	-46	-37	52
69	0.0068	5	27	-6
70	0.0069	20	-24	-11
71	0.0070	48	54	-24
72	0.0071	0	-57	23
73	0.0072	-19	9	-21
74	0.0073	60	-24	-6
75	0.0074	-50	-12	-59
76	0.0075	164	-8	-50
77	0.0076	16	65	73
78	0.0077	78	33	50
79	0.0078	-57	54	-57
80	0.0079	-21	-45	-10
81	0.0080	-149	-34	56
82	0.0081	41	49	-6
83	0.0082	-55	-2	67
84	0.0083	0	24	118
85	0.0084	-79	-53	-80
86	0.0085	50	20	-101
87	0.0086	-63	-67	-34
88	0.0087	-21	-84	30
89	0.0088	41	77	26
90	0.0089	41	28	86
91	0.0090	18	101	33
92	0.0091	13	-32	35
93	0.0092	-72	16	33
94	0.0093	58	60	0
95	0.0094	-45	-8	-21
96	0.0095	97	58	-19
97	0.0096	-44	-113	11
98	0.0097	33	73	87
99	0.0098	54	108	-8
100	0.0099	61	65	63

电流增量数据 [1000Hz, 10点]
采样序号	时间(s)	A相电流(INT)	B相电流(INT)	C相电流(INT)
1	0.000	730	-694	-489
2	0.001	578	679	156
3	0.002	595	474	163
4	0.003	868	-1138	-3
5	0.004	437	-1118	465
6	0.005	234	-1039	483
7	0.006	117	4382	-646
8	0.007	503	1205	-804
9	0.008	504	1663	-582
10	0.009	735	436	-684
================================================================================

=== 采集时间: 2025-12-05 15:25:08 (增量周期: 10.0ms) ===
振动增量数据 [等效10000Hz, 100点]
时序序号	时间(s)	X振动(INT)	Y振动(INT)	Z振动(INT)
1	0.0000	5	114	-47
2	0.0001	30	-20	62
3	0.0002	-54	2	93
4	0.0003	28	74	60
5	0.0004	-2	19	-7
6	0.0005	14	84	19
7	0.0006	-64	-54	-6
8	0.0007	35	27	-28
9	0.0008	-41	-42	-45
10	0.0009	2	-7	99
11	0.0010	3	37	7
12	0.0011	99	-25	-19
13	0.0012	-28	-7	48
14	0.0013	33	30	-53
15	0.0014	6	24	-153
16	0.0015	73	27	84
17	0.0016	-135	-74	-4
18	0.0017	122	40	-4
19	0.0018	-74	92	13
20	0.0019	10	-67	82
21	0.0020	-49	108	16
22	0.0021	23	-71	-46
23	0.0022	-28	3	-6
24	0.0023	60	2	0
25	0.0024	10	-75	-70
26	0.0025	90	18	3
27	0.0026	-7	71	71
28	0.0027	22	108	79
29	0.0028	-68	-44	23
30	0.0029	-42	-61	-11
31	0.0030	15	-2	-38
32	0.0031	-14	-4	23
33	0.0032	-6	60	33
34	0.0033	-20	44	-27
35	0.0034	-57	-89	-77
36	0.0035	-38	-36	-53
37	0.0036	40	2	62
38	0.0037	-97	56	143
39	0.0038	27	88	49
40	0.0039	-3	-6	0
41	0.0040	-10	23	80
42	0.0041	-66	-19	-17
43	0.0042	18	23	44
44	0.0043	40	80	-107
45	0.0044	45	-46	-23
46	0.0045	-11	48	-63
47	0.0046	-2	-21	20
48	0.0047	-115	41	61
49	0.0048	-2	19	48
50	0.0049	-58	-2	5
51	0.0050	53	-7	45
52	0.0051	-49	-23	23
53	0.0052	96	-4	18
54	0.0053	11	78	0
55	0.0054	53	-61	-19
56	0.0055	-16	-20	-41
57	0.0056	-6	-19	48
58	0.0057	19	120	22
59	0.0058	96	100	49
60	0.0059	28	41	40
61	0.0060	-64	33	10
62	0.0061	-27	-34	1
63	0.0062	-28	57	37
64	0.0063	-20	9	32
65	0.0064	41	53	-11
66	0.0065	-4	9	96
67	0.0066	-42	-14	60
68	0.0067	71	16	-42
69	0.0068	20	33	24
70	0.0069	2	-42	-28
71	0.0070	57	49	-17
72	0.0071	-4	-17	6
73	0.0072	-6	-8	62
74	0.0073	-38	43	91
75	0.0074	44	49	-29
76	0.0075	15	2	-36
77	0.0076	39	-27	-44
78	0.0077	10	28	2
79	0.0078	-10	10	23
80	0.0079	40	22	-62
81	0.0080	24	57	60
82	0.0081	15	-6	26
83	0.0082	32	-3	-29
84	0.0083	43	48	73
85	0.0084	-28	48	28
86	0.0085	80	66	-23
87	0.0086	-8	16	60
88	0.0087	-89	-79	52
89	0.0088	-6	19	-21
90	0.0089	6	58	20
91	0.0090	26	70	67
92	0.0091	-37	-8	-42
93	0.0092	15	-29	-4
94	0.0093	-80	-2	32
95	0.0094	44	-23	-29
96	0.0095	-7	77	46
97	0.0096	-12	-8	73
98	0.0097	6	6	32
99	0.0098	-4	60	54
100	0.0099	33	27	62

电流增量数据 [1000Hz, 10点]
采样序号	时间(s)	A相电流(INT)	B相电流(INT)	C相电流(INT)
1	0.000	-654	680	344
2	0.001	-608	647	236
3	0.002	-807	1751	-473
4	0.003	-400	2007	-617
5	0.004	-109	812	-833
6	0.005	291	222	-1474
7	0.006	-457	-900	669
8	0.007	-348	3645	534
9	0.008	-604	919	597
10	0.009	-797	1590	656
================================================================================

=== 采集时间: 2025-12-05 15:25:09 (增量周期: 10.0ms) ===
振动增量数据 [等效10000Hz, 100点]
时序序号	时间(s)	X振动(INT)	Y振动(INT)	Z振动(INT)
1	0.0000	-46	22	110
2	0.0001	-21	-17	96
3	0.0002	-57	6	-62
4	0.0003	-6	26	3
5	0.0004	-3	-11	-27
6	0.0005	56	-15	-47
7	0.0006	65	-4	-53
8	0.0007	-47	-59	22
9	0.0008	11	30	49
10	0.0009	-7	31	9
11	0.0010	33	9	-14
12	0.0011	-10	-29	-7
13	0.0012	-15	-6	27
14	0.0013	-12	41	23
15	0.0014	-15	3	50
16	0.0015	-21	41	44
17	0.0016	35	-14	-23
18	0.0017	-75	30	36
19	0.0018	75	70	44
20	0.0019	-40	27	-15
21	0.0020	60	35	95
22	0.0021	-70	32	23
23	0.0022	50	19	110
24	0.0023	-11	14	-114
25	0.0024	-41	-131	-105
26	0.0025	26	56	-40
27	0.0026	57	-14	14
28	0.0027	20	58	125
29	0.0028	28	30	80
30	0.0029	26	-33	-122
31	0.0030	32	11	-76
32	0.0031	-21	30	-31
33	0.0032	61	30	-32
34	0.0033	3	-24	-62
35	0.0034	-31	-101	-28
36	0.0035	10	54	-20
37	0.0036	-87	13	53
38	0.0037	-29	39	48
39	0.0038	-58	14	106
40	0.0039	20	-36	-46
41	0.0040	54	13	-61
42	0.0041	15	19	121
43	0.0042	-20	24	9
44	0.0043	79	14	-101
45	0.0044	15	48	10
46	0.0045	-41	-8	69
47	0.0046	10	66	-20
48	0.0047	19	-65	16
49	0.0048	0	-70	-23
50	0.0049	-25	-58	-28
51	0.0050	-2	147	48
52	0.0051	137	118	48
53	0.0052	-162	-185	48
54	0.0053	122	-70	-94
55	0.0054	-117	61	-8
56	0.0055	35	169	260
57	0.0056	-27	118	73
58	0.0057	31	-147	-29
59	0.0058	26	-101	-167
60	0.0059	48	-62	-104
61	0.0060	96	222	63
62	0.0061	13	99	135
63	0.0062	1	-34	61
64	0.0063	-42	-115	-124
65	0.0064	-108	-81	-19
66	0.0065	-45	109	30
67	0.0066	43	107	26
68	0.0067	39	18	82
69	0.0068	-17	-65	76
70	0.0069	-24	18	-42
71	0.0070	-54	54	-4
72	0.0071	-28	64	5
73	0.0072	46	-14	-42
74	0.0073	32	-4	-40
75	0.0074	-19	-32	22
76	0.0075	-84	31	80
77	0.0076	5	61	99
78	0.0077	-6	20	30
79	0.0078	30	-42	-72
80	0.0079	-4	-29	-21
81	0.0080	-3	33	-34
82	0.0081	33	87	39
83	0.0082	129	65	3
84	0.0083	3	-121	2
85	0.0084	-67	-41	-25
86	0.0085	-24	80	-23
87	0.0086	-61	48	39
88	0.0087	43	66	37
89	0.0088	-17	-66	73
90	0.0089	-19	-28	-6
91	0.0090	-4	-15	-20
92	0.0091	-20	6	50
93	0.0092	26	64	-4
94	0.0093	95	-2	36
95	0.0094	96	45	-98
96	0.0095	108	16	19
97	0.0096	16	53	-33
98	0.0097	9	-17	-8
99	0.0098	-15	6	-34
100	0.0099	-62	26	-6

电流增量数据 [1000Hz, 10点]
采样序号	时间(s)	A相电流(INT)	B相电流(INT)	C相电流(INT)
1	0.000	911	214	-964
2	0.001	910	-654	-914
3	0.002	641	-439	40
4	0.003	566	3344	-238
5	0.004	630	-50	-32
6	0.005	-203	2184	-65
7	0.006	-71	1550	-323
8	0.007	-203	1622	-468
9	0.008	166	944	-1235
10	0.009	567	533	-868
================================================================================

=== 采集时间: 2025-12-05 15:25:09 (增量周期: 10.0ms) ===
振动增量数据 [等效10000Hz, 100点]
时序序号	时间(s)	X振动(INT)	Y振动(INT)	Z振动(INT)
1	0.0000	-20	61	26
2	0.0001	87	-81	28
3	0.0002	-42	75	-106
4	0.0003	9	-106	14
5	0.0004	44	148	-19
6	0.0005	61	11	181
7	0.0006	-20	78	126
8	0.0007	33	-19	14
9	0.0008	-25	9	1
10	0.0009	-78	-45	-34
11	0.0010	-2	13	-41
12	0.0011	-11	27	-45
13	0.0012	-37	-3	33
14	0.0013	-81	-62	103
15	0.0014	0	47	-21
16	0.0015	-17	-24	44
17	0.0016	9	7	71
18	0.0017	-58	20	-45
19	0.0018	135	32	-96
20	0.0019	-17	-23	24
21	0.0020	73	1	40
22	0.0021	97	53	20
23	0.0022	-27	70	91
24	0.0023	-33	37	96
25	0.0024	-75	39	5
26	0.0025	-38	1	16
27	0.0026	7	-31	73
28	0.0027	-20	35	93
29	0.0028	-15	-6	70
30	0.0029	9	61	0
31	0.0030	5	-40	-42
32	0.0031	46	-8	-2
33	0.0032	62	23	-91
34	0.0033	73	-102	7
35	0.0034	31	189	28
36	0.0035	24	10	160
37	0.0036	82	83	-102
38	0.0037	-44	-75	57
39	0.0038	-83	86	58
40	0.0039	77	92	-128
41	0.0040	46	45	131
42	0.0041	-92	-50	103
43	0.0042	73	-53	-174
44	0.0043	-10	-28	-122
45	0.0044	-91	-10	-11
46	0.0045	-33	31	43
47	0.0046	14	96	48
48	0.0047	33	-54	7
49	0.0048	3	-61	62
50	0.0049	-62	60	0
51	0.0050	-44	-2	62
52	0.0051	-6	9	20
53	0.0052	-27	54	67
54	0.0053	-40	60	100
55	0.0054	-4	-28	-122
56	0.0055	105	-29	-55
57	0.0056	-44	75	84
58	0.0057	49	168	117
59	0.0058	32	90	-76
60	0.0059	-29	-159	-29
61	0.0060	-14	-67	-81
62	0.0061	124	13	-85
63	0.0062	40	104	61
64	0.0063	82	13	7
65	0.0064	28	-41	-87
66	0.0065	28	-110	-66
67	0.0066	-105	-70	-54
68	0.0067	70	100	0
69	0.0068	-50	131	92
70	0.0069	-32	-105	86
71	0.0070	-25	49	-54
72	0.0071	-57	-61	3
73	0.0072	-6	74	-41
74	0.0073	39	-24	-64
75	0.0074	80	84	6
76	0.0075	-10	40	147
77	0.0076	23	-19	5
78	0.0077	-37	7	28
79	0.0078	-31	31	142
80	0.0079	5	44	-98
81	0.0080	122	-12	-46
82	0.0081	-100	-12	13
83	0.0082	-59	-27	33
84	0.0083	-84	49	80
85	0.0084	-68	-4	6
86	0.0085	16	-16	-19
87	0.0086	19	-61	-101
88	0.0087	14	-34	11
89	0.0088	-3	48	91
90	0.0089	80	-4	-94
91	0.0090	31	-28	58
92	0.0091	-68	-67	15
93	0.0092	61	44	-6
94	0.0093	-3	67	-24
95	0.0094	-24	-44	-41
96	0.0095	0	58	28
97	0.0096	-21	-14	-29
98	0.0097	-50	7	2
99	0.0098	-20	7	32
100	0.0099	-66	-8	-29

电流增量数据 [1000Hz, 10点]
采样序号	时间(s)	A相电流(INT)	B相电流(INT)	C相电流(INT)
1	0.000	-24	426	-729
2	0.001	-16	2086	-804
3	0.002	-112	2387	-867
4	0.003	284	2229	-658
5	0.004	433	-1944	-470
6	0.005	-618	265	369
7	0.006	-681	1000	64
8	0.007	-886	592	-339
9	0.008	-675	713	-264
10	0.009	-82	1491	-624
================================================================================

=== 采集时间: 2025-12-05 15:25:09 (增量周期: 10.0ms) ===
振动增量数据 [等效10000Hz, 100点]
时序序号	时间(s)	X振动(INT)	Y振动(INT)	Z振动(INT)
1	0.0000	39	-162	-211
2	0.0001	-53	-40	-93
3	0.0002	14	73	191
4	0.0003	-2	233	103
5	0.0004	84	0	66
6	0.0005	-53	-91	-19
7	0.0006	54	-186	-123
8	0.0007	-66	7	-10
9	0.0008	37	165	61
10	0.0009	-58	87	6
11	0.0010	39	-65	46
12	0.0011	-78	-68	26
13	0.0012	-19	-15	70
14	0.0013	16	177	-15
15	0.0014	45	-29	20
16	0.0015	6	32	-29
17	0.0016	1	-17	26
18	0.0017	-66	86	20
19	0.0018	40	73	109
20	0.0019	-17	-32	-31
21	0.0020	87	-50	-29
22	0.0021	-61	1	36
23	0.0022	-63	11	33
24	0.0023	18	83	43
25	0.0024	-12	-25	39
26	0.0025	65	-54	-19
27	0.0026	35	-53	-40
28	0.0027	-61	6	-24
29	0.0028	24	44	-25
30	0.0029	-49	33	-89
31	0.0030	83	-49	70
32	0.0031	-44	-16	-24
33	0.0032	66	13	-14
34	0.0033	19	75	-67
35	0.0034	9	-105	-80
36	0.0035	37	20	-55
37	0.0036	52	-10	-34
38	0.0037	-20	36	99
39	0.0038	-58	77	113
40	0.0039	-37	10	31
41	0.0040	2	40	15
42	0.0041	-6	-32	9
43	0.0042	-75	13	28
44	0.0043	-31	16	16
45	0.0044	-20	9	6
46	0.0045	40	44	73
47	0.0046	22	2	41
48	0.0047	7	-2	-7
49	0.0048	19	-11	-83
50	0.0049	-3	0	-64
51	0.0050	-27	24	-23
52	0.0051	83	-12	-94
53	0.0052	-61	-38	15
54	0.0053	18	-15	49
55	0.0054	-3	32	-50
56	0.0055	32	40	104
57	0.0056	-57	44	83
58	0.0057	-20	-15	-23
59	0.0058	32	49	-10
60	0.0059	-81	-36	113
61	0.0060	-54	30	56
62	0.0061	-12	26	-11
63	0.0062	9	9	-45
64	0.0063	-6	-49	-28
65	0.0064	-37	82	80
66	0.0065	-33	43	44
67	0.0066	-21	-38	30
68	0.0067	-54	23	80
69	0.0068	-71	-49	86
70	0.0069	62	117	11
71	0.0070	-3	-33	40
72	0.0071	14	11	14
73	0.0072	7	1	11
74	0.0073	6	-8	-3
75	0.0074	2	39	-47
76	0.0075	-12	-37	24
77	0.0076	-27	27	-29
78	0.0077	18	-54	-14
79	0.0078	-54	53	44
80	0.0079	30	86	63
81	0.0080	-42	-15	32
82	0.0081	26	-67	-98
83	0.0082	-3	-92	-100
84	0.0083	-12	41	20
85	0.0084	-10	80	16
86	0.0085	58	103	65
87	0.0086	0	-42	28
88	0.0087	-36	-126	-111
89	0.0088	13	-15	-105
90	0.0089	-45	116	62
91	0.0090	-14	96	76
92	0.0091	41	11	49
93	0.0092	-50	-97	76
94	0.0093	-6	-7	23
95	0.0094	0	9	-91
96	0.0095	140	47	-74
97	0.0096	-54	-65	26
98	0.0097	92	49	10
99	0.0098	-49	74	19
100	0.0099	30	13	-3

电流增量数据 [1000Hz, 10点]
采样序号	时间(s)	A相电流(INT)	B相电流(INT)	C相电流(INT)
1	0.000	-163	1726	-559
2	0.001	155	1849	-552
3	0.002	86	2386	-807
4	0.003	16	-1580	-833
5	0.004	1130	-75	-1008
6	0.005	-891	246	668
7	0.006	-577	752	87
8	0.007	-455	666	130
9	0.008	-670	1441	29
10	0.009	-576	2323	-290
================================================================================

=== 采集时间: 2025-12-05 15:25:10 (增量周期: 10.0ms) ===
振动增量数据 [等效10000Hz, 100点]
时序序号	时间(s)	X振动(INT)	Y振动(INT)	Z振动(INT)
1	0.0000	35	-32	41
2	0.0001	-21	28	-21
3	0.0002	-28	-45	-19
4	0.0003	-16	40	-8
5	0.0004	10	-65	-104
6	0.0005	13	48	-8
7	0.0006	2	-55	9
8	0.0007	-72	70	63
9	0.0008	65	71	101
10	0.0009	9	7	-36
11	0.0010	54	19	16
12	0.0011	-58	-45	-40
13	0.0012	10	39	-17
14	0.0013	35	23	27
15	0.0014	-49	-4	112
16	0.0015	36	40	92
17	0.0016	-47	-11	33
18	0.0017	-25	-11	-63
19	0.0018	6	43	-11
20	0.0019	-66	6	6
21	0.0020	53	-3	-15
22	0.0021	-27	-14	78
23	0.0022	-40	-3	46
24	0.0023	-42	65	-8
25	0.0024	49	11	-41
26	0.0025	10	-45	-27
27	0.0026	9	-20	27
28	0.0027	43	91	114
29	0.0028	-47	58	106
30	0.0029	7	-8	-20
31	0.0030	15	-29	6
32	0.0031	44	30	88
33	0.0032	2	40	-6
34	0.0033	71	60	2
35	0.0034	-109	-28	36
36	0.0035	27	-81	-59
37	0.0036	-50	-58	-46
38	0.0037	-21	90	110
39	0.0038	-10	116	121
40	0.0039	-27	15	-23
41	0.0040	-31	-135	-25
42	0.0041	-55	-38	-91
43	0.0042	96	61	-64
44	0.0043	1	111	133
45	0.0044	43	65	61
46	0.0045	96	16	-38
47	0.0046	-57	-57	-6
48	0.0047	23	22	79
49	0.0048	-2	90	79
50	0.0049	32	58	62
51	0.0050	-8	-61	-23
52	0.0051	-31	-53	39
53	0.0052	-59	16	0
54	0.0053	20	82	32
55	0.0054	33	7	27
56	0.0055	5	16	14
57	0.0056	1	39	164
58	0.0057	-66	18	6
59	0.0058	-11	22	-57
60	0.0059	39	0	27
61	0.0060	-21	48	-50
62	0.0061	-36	-25	78
63	0.0062	24	80	-72
64	0.0063	58	-50	62
65	0.0064	-72	14	33
66	0.0065	92	5	-20
67	0.0066	-68	35	-45
68	0.0067	52	-31	-8
69	0.0068	1	71	-12
70	0.0069	92	-31	37
71	0.0070	-19	5	83
72	0.0071	-24	-65	-134
73	0.0072	45	18	-50
74	0.0073	-61	26	-45
75	0.0074	66	-68	28
76	0.0075	-62	122	37
77	0.0076	-24	-57	121
78	0.0077	-110	88	40
79	0.0078	41	9	73
80	0.0079	-36	-2	-50
81	0.0080	107	20	-38
82	0.0081	-19	-3	-32
83	0.0082	46	-45	-23
84	0.0083	37	36	-45
85	0.0084	41	-8	35
86	0.0085	66	64	-45
87	0.0086	15	19	39
88	0.0087	10	77	-29
89	0.0088	-12	-40	78
90	0.0089	-21	-2	-6
91	0.0090	16	-8	-80
92	0.0091	-8	39	61
93	0.0092	-62	43	-32
94	0.0093	-23	-29	-40
95	0.0094	-6	19	-57
96	0.0095	13	-51	31
97	0.0096	-4	70	80
98	0.0097	73	49	30
99	0.0098	15	35	-19
100	0.0099	52	-7	-17

电流增量数据 [1000Hz, 10点]
采样序号	时间(s)	A相电流(INT)	B相电流(INT)	C相电流(INT)
1	0.000	-344	1512	-205
2	0.001	-265	1853	-386
3	0.002	4	2018	-580
4	0.003	237	1487	-686
5	0.004	347	669	-860
6	0.005	552	318	-720
7	0.006	-896	2265	247
8	0.007	-797	2067	365
9	0.008	-765	2710	-95
10	0.009	-439	-1304	-483
================================================================================

=== 采集时间: 2025-12-05 15:25:10 (增量周期: 10.0ms) ===
振动增量数据 [等效10000Hz, 100点]
时序序号	时间(s)	X振动(INT)	Y振动(INT)	Z振动(INT)
1	0.0000	22	-15	83
2	0.0001	3	9	-14
3	0.0002	39	54	-31
4	0.0003	-6	-17	69
5	0.0004	-57	-25	-64
6	0.0005	18	-11	6
7	0.0006	-74	77	96
8	0.0007	-83	23	49
9	0.0008	77	11	-102
10	0.0009	-47	-33	33
11	0.0010	-17	-12	80
12	0.0011	56	36	-36
13	0.0012	10	-8	-7
14	0.0013	-57	-49	60
15	0.0014	-4	-34	-3
16	0.0015	-20	78	26
17	0.0016	9	-6	91
18	0.0017	-31	30	-27
19	0.0018	60	28	-2
20	0.0019	-113	-65	-17
21	0.0020	3	36	-24
22	0.0021	-2	7	-16
23	0.0022	-40	56	30
24	0.0023	87	7	-3
25	0.0024	-31	41	33
26	0.0025	-21	13	69
27	0.0026	27	23	-15
28	0.0027	43	-17	2
29	0.0028	-17	-36	52
30	0.0029	-6	32	-4
31	0.0030	-27	30	73
32	0.0031	-102	0	20
33	0.0032	41	-2	-23
34	0.0033	-27	-29	-21
35	0.0034	19	0	-49
36	0.0035	15	54	20
37	0.0036	24	53	-25
38	0.0037	86	6	-83
39	0.0038	13	-74	-75
40	0.0039	74	-10	-19
41	0.0040	13	13	-4
42	0.0041	127	90	46
43	0.0042	-4	62	67
44	0.0043	2	-16	88
45	0.0044	-36	52	52
46	0.0045	-68	-19	-7
47	0.0046	-85	-12	28
48	0.0047	-79	23	2
49	0.0048	-57	-57	-58
50	0.0049	-3	24	-24
51	0.0050	-23	-3	35
52	0.0051	-59	-78	53
53	0.0052	-3	56	58
54	0.0053	-33	43	39
55	0.0054	40	67	45
56	0.0055	-54	-40	-19
57	0.0056	5	-65	-81
58	0.0057	5	37	-24
59	0.0058	-72	33	147
60	0.0059	61	105	6
61	0.0060	71	-10	-71
62	0.0061	-3	-7	50
63	0.0062	-44	-16	10
64	0.0063	44	73	-27
65	0.0064	13	-8	-31
66	0.0065	-33	-112	-59
67	0.0066	16	-81	-61
68	0.0067	13	124	164
69	0.0068	6	146	114
70	0.0069	33	-54	-63
71	0.0070	-83	-108	-25
72	0.0071	-49	-65	-20
73	0.0072	28	168	32
74	0.0073	20	129	130
75	0.0074	5	50	66
76	0.0075	-3	-101	-19
77	0.0076	-97	-89	-55
78	0.0077	-16	54	-25
79	0.0078	93	144	61
80	0.0079	63	-15	-17
81	0.0080	163	-105	-106
82	0.0081	36	-61	-54
83	0.0082	-38	20	57
84	0.0083	31	104	-46
85	0.0084	26	16	-11
86	0.0085	-2	45	74
87	0.0086	-51	11	166
88	0.0087	-47	71	54
89	0.0088	-31	32	100
90	0.0089	-24	31	-10
91	0.0090	40	-38	-68
92	0.0091	-76	-46	-37
93	0.0092	-46	57	113
94	0.0093	-41	30	-4
95	0.0094	66	0	36
96	0.0095	50	-59	19
97	0.0096	40	-42	-17
98	0.0097	20	92	1
99	0.0098	-10	41	2
100	0.0099	50	65	46

电流增量数据 [1000Hz, 10点]
采样序号	时间(s)	A相电流(INT)	B相电流(INT)	C相电流(INT)
1	0.000	165	-981	472
2	0.001	163	-659	430
3	0.002	-175	3035	771
4	0.003	-257	175	929
5	0.004	-88	970	734
6	0.005	746	1741	-891
7	0.006	970	973	-994
8	0.007	738	-154	-354
9	0.008	859	-1051	-66
10	0.009	648	792	34
================================================================================

=== 采集时间: 2025-12-05 15:25:10 (增量周期: 10.0ms) ===
振动增量数据 [等效10000Hz, 100点]
时序序号	时间(s)	X振动(INT)	Y振动(INT)	Z振动(INT)
1	0.0000	-79	-4	6
2	0.0001	13	-65	13
3	0.0002	-63	44	14
4	0.0003	43	61	58
5	0.0004	44	61	45
6	0.0005	15	5	20
7	0.0006	70	48	-41
8	0.0007	-68	-28	31
9	0.0008	-12	16	28
10	0.0009	-27	22	-2
11	0.0010	24	50	91
12	0.0011	-36	-33	-3
13	0.0012	20	-61	-74
14	0.0013	-47	45	6
15	0.0014	-49	-38	-2
16	0.0015	22	71	33
17	0.0016	-15	-49	58
18	0.0017	1	14	9
19	0.0018	73	-33	-117
20	0.0019	-10	-6	-38
21	0.0020	52	65	11
22	0.0021	20	36	41
23	0.0022	-8	44	84
24	0.0023	-89	-74	5
25	0.0024	26	39	-27
26	0.0025	-58	23	116
27	0.0026	-51	13	54
28	0.0027	61	10	-74
29	0.0028	6	-50	-61
30	0.0029	-23	-113	-55
31	0.0030	9	52	-4
32	0.0031	52	49	-41
33	0.0032	28	26	30
34	0.0033	-11	-50	45
35	0.0034	-12	-6	-11
36	0.0035	44	33	2
37	0.0036	-17	23	7
38	0.0037	-25	-10	39
39	0.0038	36	64	-16
40	0.0039	-74	-24	103
41	0.0040	-15	47	-32
42	0.0041	-3	-7	20
43	0.0042	-84	14	91
44	0.0043	27	-10	-51
45	0.0044	66	-16	-44
46	0.0045	-7	13	27
47	0.0046	-40	-66	31
48	0.0047	16	33	-27
49	0.0048	-17	11	56
50	0.0049	5	11	15
51	0.0050	15	60	44
52	0.0051	-47	26	61
53	0.0052	-49	-33	-32
54	0.0053	33	11	-55
55	0.0054	-34	-24	-57
56	0.0055	13	-2	-29
57	0.0056	-33	-3	-10
58	0.0057	-46	-28	92
59	0.0058	-3	35	-14
60	0.0059	10	-41	-25
61	0.0060	43	64	-8
62	0.0061	9	-21	20
63	0.0062	30	54	-34
64	0.0063	44	10	31
65	0.0064	-44	-27	49
66	0.0065	11	9	78
67	0.0066	-15	-10	15
68	0.0067	-40	-46	-50
69	0.0068	9	5	-67
70	0.0069	26	24	-29
71	0.0070	46	177	196
72	0.0071	-37	-58	43
73	0.0072	24	-53	-132
74	0.0073	-21	-108	-113
75	0.0074	-33	26	-34
76	0.0075	49	94	88
77	0.0076	28	66	104
78	0.0077	14	-31	62
79	0.0078	-97	-112	-61
80	0.0079	3	18	33
81	0.0080	-58	117	73
82	0.0081	0	94	7
83	0.0082	56	-32	-28
84	0.0083	-101	-83	19
85	0.0084	30	11	35
86	0.0085	-27	77	-6
87	0.0086	49	24	19
88	0.0087	35	44	16
89	0.0088	-7	-54	-19
90	0.0089	65	48	57
91	0.0090	-119	-15	75
92	0.0091	82	62	9
93	0.0092	-6	26	3
94	0.0093	-2	-85	-16
95	0.0094	-25	36	-85
96	0.0095	-15	-4	35
97	0.0096	-49	113	108
98	0.0097	-2	-50	20
99	0.0098	107	90	31
100	0.0099	-17	-65	-32

电流增量数据 [1000Hz, 10点]
采样序号	时间(s)	A相电流(INT)	B相电流(INT)	C相电流(INT)
1	0.000	-1107	1526	921
2	0.001	-946	-2085	678
3	0.002	-750	407	281
4	0.003	-740	533	209
5	0.004	-537	328	106
6	0.005	-128	-1240	1015
7	0.006	-191	90	856
8	0.007	-727	1306	824
9	0.008	-418	-514	641
10	0.009	-637	-547	593
================================================================================

=== 采集时间: 2025-12-05 15:25:11 (增量周期: 10.0ms) ===
振动增量数据 [等效10000Hz, 100点]
时序序号	时间(s)	X振动(INT)	Y振动(INT)	Z振动(INT)
1	0.0000	13	69	5
2	0.0001	46	16	44
3	0.0002	-40	33	32
4	0.0003	-7	-12	-21
5	0.0004	-16	54	35
6	0.0005	-68	3	23
7	0.0006	41	-58	-101
8	0.0007	15	30	-21
9	0.0008	-47	-15	54
10	0.0009	6	-8	-50
11	0.0010	7	-25	-111
12	0.0011	49	-20	50
13	0.0012	13	-29	19
14	0.0013	41	49	-132
15	0.0014	54	16	10
16	0.0015	-106	53	84
17	0.0016	20	-14	3
18	0.0017	5	101	54
19	0.0018	-27	-2	61
20	0.0019	-6	-12	-37
21	0.0020	-64	27	-4
22	0.0021	19	-21	-32
23	0.0022	-91	6	-71
24	0.0023	86	-44	0
25	0.0024	-63	23	19
26	0.0025	61	-23	78
27	0.0026	-38	27	6
28	0.0027	46	-12	31
29	0.0028	-38	61	67
30	0.0029	19	-16	2
31	0.0030	-11	28	-47
32	0.0031	-37	-37	131
33	0.0032	-42	52	-29
34	0.0033	45	-24	-2
35	0.0034	9	84	74
36	0.0035	-42	-12	39
37	0.0036	66	24	-68
38	0.0037	9	-50	-104
39	0.0038	22	-112	-51
40	0.0039	99	60	-62
41	0.0040	-23	104	198
42	0.0041	-23	39	120
43	0.0042	-20	-33	-12
44	0.0043	-4	-40	-88
45	0.0044	31	-36	-50
46	0.0045	-11	77	43
47	0.0046	31	125	206
48	0.0047	-117	-28	0
49	0.0048	116	-33	-156
50	0.0049	0	-33	-131
51	0.0050	5	15	96
52	0.0051	56	83	41
53	0.0052	65	60	-46
54	0.0053	31	-40	0
55	0.0054	-101	-19	103
56	0.0055	-27	18	69
57	0.0056	7	88	43
58	0.0057	-45	-41	2
59	0.0058	52	-2	-14
60	0.0059	-63	-27	-41
61	0.0060	-29	48	50
62	0.0061	-14	-48	-20
63	0.0062	-20	-23	-64
64	0.0063	-19	-2	-6
65	0.0064	73	13	-7
66	0.0065	10	19	117
67	0.0066	39	-20	63
68	0.0067	-70	-17	-14
69	0.0068	-15	-2	-34
70	0.0069	-53	71	-47
71	0.0070	63	13	120
72	0.0071	-29	54	16
73	0.0072	11	-19	63
74	0.0073	-31	49	15
75	0.0074	-8	-12	-70
76	0.0075	116	78	-59
77	0.0076	-19	6	69
78	0.0077	28	0	-4
79	0.0078	6	37	75
80	0.0079	-15	-31	-28
81	0.0080	15	23	112
82	0.0081	-7	16	73
83	0.0082	-40	-8	-10
84	0.0083	19	62	61
85	0.0084	-91	-15	-8
86	0.0085	13	64	71
87	0.0086	-58	20	58
88	0.0087	-41	-19	-33
89	0.0088	9	-50	-57
90	0.0089	-75	-3	-29
91	0.0090	53	6	0
92	0.0091	9	19	-17
93	0.0092	61	-46	-8
94	0.0093	0	19	33
95	0.0094	56	28	-29
96	0.0095	16	69	104
97	0.0096	-42	-23	28
98	0.0097	103	18	-49
99	0.0098	-102	-20	49
100	0.0099	6	44	61

电流增量数据 [1000Hz, 10点]
采样序号	时间(s)	A相电流(INT)	B相电流(INT)	C相电流(INT)
1	0.000	-287	2132	-249
2	0.001	-106	-1769	-499
3	0.002	109	212	-853
4	0.003	436	189	-766
5	0.004	85	372	-718
6	0.005	525	221	-668
7	0.006	-596	1179	489
8	0.007	-529	2034	255
9	0.008	-454	662	-316
10	0.009	-612	241	-264
================================================================================

=== 采集时间: 2025-12-05 15:25:11 (增量周期: 10.0ms) ===
振动增量数据 [等效10000Hz, 100点]
时序序号	时间(s)	X振动(INT)	Y振动(INT)	Z振动(INT)
1	0.0000	5	14	23
2	0.0001	-4	5	10
3	0.0002	-6	-6	-11
4	0.0003	11	16	5
5	0.0004	1	14	1
6	0.0005	-3	1	16
7	0.0006	-2	1	9
8	0.0007	3	2	-7
9	0.0008	19	31	16
10	0.0009	5	19	6
11	0.0010	0	1	20
12	0.0011	-6	11	20
13	0.0012	-4	9	2
14	0.0013	15	35	16
15	0.0014	7	16	9
16	0.0015	2	5	26
17	0.0016	3	10	15
18	0.0017	-4	9	-2
19	0.0018	15	24	16
20	0.0019	0	5	7
21	0.0020	3	9	20
22	0.0021	1	13	15
23	0.0022	-3	10	7
24	0.0023	10	16	15
25	0.0024	0	0	1
26	0.0025	5	9	26
27	0.0026	-4	15	14
28	0.0027	-2	13	-4
29	0.0028	9	18	10
30	0.0029	-3	5	6
31	0.0030	9	15	23
32	0.0031	-2	10	11
33	0.0032	-4	2	0
34	0.0033	10	11	6
35	0.0034	6	15	0
36	0.0035	7	10	19
37	0.0036	2	9	16
38	0.0037	-7	3	1
39	0.0038	9	23	18
40	0.0039	11	13	5
41	0.0040	15	11	16
42	0.0041	-6	7	6
43	0.0042	-8	1	-3
44	0.0043	15	14	13
45	0.0044	6	15	9
46	0.0045	13	10	20
47	0.0046	-15	2	10
48	0.0047	-7	10	-2
49	0.0048	10	19	10
50	0.0049	14	10	9
51	0.0050	-15	36	1
52	0.0051	-58	-36	-28
53	0.0052	-27	-20	-177
54	0.0053	-27	-10	-16
55	0.0054	5	9	7
56	0.0055	-32	-80	78
57	0.0056	44	75	20
58	0.0057	1	-11	11
59	0.0058	-8	33	18
60	0.0059	26	7	6
61	0.0060	-57	-3	-8
62	0.0061	77	83	-54
63	0.0062	-94	-36	121
64	0.0063	-87	99	156
65	0.0064	7	44	22
66	0.0065	-58	24	7
67	0.0066	6	-46	23
68	0.0067	-21	-45	-47
69	0.0068	57	13	-42
70	0.0069	36	2	-20
71	0.0070	-3	-65	35
72	0.0071	57	0	-74
73	0.0072	7	-49	-7
74	0.0073	9	54	54
75	0.0074	49	19	-83
76	0.0075	26	-15	-20
77	0.0076	-45	48	112
78	0.0077	-23	-3	37
79	0.0078	-36	84	61
80	0.0079	-87	13	58
81	0.0080	-109	-29	32
82	0.0081	28	24	6
83	0.0082	-29	-8	14
84	0.0083	113	48	44
85	0.0084	73	10	-76
86	0.0085	7	-71	2
87	0.0086	-24	23	26
88	0.0087	-21	-50	1
89	0.0088	-2	67	16
90	0.0089	-27	-33	-17
91	0.0090	-21	30	80
92	0.0091	-49	10	26
93	0.0092	-21	-79	-158
94	0.0093	35	126	-71
95	0.0094	-50	-28	88
96	0.0095	-74	108	116
97	0.0096	100	-96	-84
98	0.0097	-28	30	48
99	0.0098	18	30	106
100	0.0099	27	31	-34

电流增量数据 [1000Hz, 10点]
采样序号	时间(s)	A相电流(INT)	B相电流(INT)	C相电流(INT)
1	0.000	-777	-768	2915
2	0.001	-784	-934	2889
3	0.002	-827	-1876	2859
4	0.003	-850	-2206	2838
5	0.004	-742	-685	2766
6	0.005	140	2173	-641
7	0.006	342	2158	-577
8	0.007	635	-2165	-644
9	0.008	721	-337	-738
10	0.009	1064	-534	-792
================================================================================

=== 采集时间: 2025-12-05 15:25:12 (增量周期: 10.0ms) ===
振动增量数据 [等效10000Hz, 100点]
时序序号	时间(s)	X振动(INT)	Y振动(INT)	Z振动(INT)
1	0.0000	3	10	13
2	0.0001	-2	7	6
3	0.0002	0	11	-2
4	0.0003	10	9	2
5	0.0004	-6	1	1
6	0.0005	9	15	31
7	0.0006	3	16	14
8	0.0007	5	9	5
9	0.0008	5	11	2
10	0.0009	1	1	7
11	0.0010	7	23	31
12	0.0011	2	16	18
13	0.0012	0	9	6
14	0.0013	-4	2	2
15	0.0014	-2	2	0
16	0.0015	9	19	23
17	0.0016	0	18	16
18	0.0017	1	6	6
19	0.0018	-4	1	-2
20	0.0019	-2	2	5
21	0.0020	-2	15	24
22	0.0021	-2	10	16
23	0.0022	2	2	-6
24	0.0023	3	2	1
25	0.0024	13	18	9
26	0.0025	6	10	23
27	0.0026	-7	6	7
28	0.0027	-8	-7	-6
29	0.0028	-4	13	-3
30	0.0029	5	19	9
31	0.0030	7	7	30
32	0.0031	3	9	11
33	0.0032	2	5	2
34	0.0033	9	22	5
35	0.0034	7	10	0
36	0.0035	5	7	22
37	0.0036	-3	10	19
38	0.0037	3	19	11
39	0.0038	15	24	7
40	0.0039	-4	-7	-3
41	0.0040	1	-3	22
42	0.0041	-7	0	10
43	0.0042	0	19	0
44	0.0043	5	16	5
45	0.0044	-12	-15	-10
46	0.0045	0	0	22
47	0.0046	-6	14	15
48	0.0047	-2	18	6
49	0.0048	14	11	-2
50	0.0049	-10	-11	-15
51	0.0050	-3	-3	22
52	0.0051	-8	13	20
53	0.0052	3	24	7
54	0.0053	9	16	2
55	0.0054	-2	-14	-7
56	0.0055	-4	-4	11
57	0.0056	-4	10	13
58	0.0057	5	16	5
59	0.0058	13	11	0
60	0.0059	-6	-12	-3
61	0.0060	-4	-2	9
62	0.0061	-15	-3	7
63	0.0062	-7	9	-3
64	0.0063	7	19	1
65	0.0064	0	-2	-6
66	0.0065	6	5	19
67	0.0066	-12	2	15
68	0.0067	-4	23	3
69	0.0068	15	31	3
70	0.0069	3	6	-11
71	0.0070	0	1	16
72	0.0071	-10	6	16
73	0.0072	3	20	14
74	0.0073	14	24	15
75	0.0074	6	-8	-2
76	0.0075	3	2	13
77	0.0076	-6	7	9
78	0.0077	-4	16	5
79	0.0078	13	19	7
80	0.0079	1	-2	5
81	0.0080	2	3	27
82	0.0081	-2	14	19
83	0.0082	-2	14	1
84	0.0083	7	14	9
85	0.0084	-4	-3	5
86	0.0085	2	9	23
87	0.0086	0	23	18
88	0.0087	-2	11	10
89	0.0088	10	10	2
90	0.0089	2	2	2
91	0.0090	5	11	20
92	0.0091	0	14	14
93	0.0092	0	13	9
94	0.0093	5	7	1
95	0.0094	1	-2	0
96	0.0095	7	13	23
97	0.0096	-4	18	14
98	0.0097	-4	5	2
99	0.0098	5	6	0
100	0.0099	3	1	0

电流增量数据 [1000Hz, 10点]
采样序号	时间(s)	A相电流(INT)	B相电流(INT)	C相电流(INT)
1	0.000	3	-2232	-20
2	0.001	20	58	7
3	0.002	3	-262	-2
4	0.003	12	41	21
5	0.004	13	-51	6
6	0.005	5	976	-23
7	0.006	-3	1449	-8
8	0.007	6	213	-8
9	0.008	22	-581	1
10	0.009	-8	-281	2
================================================================================

=== 采集时间: 2025-12-05 15:25:12 (增量周期: 10.0ms) ===
振动增量数据 [等效10000Hz, 100点]
时序序号	时间(s)	X振动(INT)	Y振动(INT)	Z振动(INT)
1	0.0000	-6	6	26
2	0.0001	5	24	16
3	0.0002	2	9	0
4	0.0003	3	-4	-3
5	0.0004	-6	-12	-15
6	0.0005	3	15	23
7	0.0006	7	11	16
8	0.0007	6	1	1
9	0.0008	7	10	7
10	0.0009	0	-2	0
11	0.0010	2	19	23
12	0.0011	0	13	14
13	0.0012	2	1	2
14	0.0013	13	16	10
15	0.0014	-3	2	2
16	0.0015	5	15	22
17	0.0016	0	9	11
18	0.0017	2	-10	-2
19	0.0018	9	22	0
20	0.0019	-8	6	1
21	0.0020	-8	11	26
22	0.0021	-8	-2	9
23	0.0022	5	0	-2
24	0.0023	15	20	13
25	0.0024	5	6	6
26	0.0025	0	3	16
27	0.0026	-6	1	14
28	0.0027	0	3	2
29	0.0028	15	31	5
30	0.0029	0	9	6
31	0.0030	-8	2	16
32	0.0031	2	1	9
33	0.0032	9	10	2
34	0.0033	23	31	14
35	0.0034	5	10	7
36	0.0035	1	6	22
37	0.0036	-8	9	11
38	0.0037	0	7	2
39	0.0038	14	22	9
40	0.0039	3	2	7
41	0.0040	2	11	23
42	0.0041	1	9	10
43	0.0042	5	14	1
44	0.0043	15	24	7
45	0.0044	-4	0	5
46	0.0045	-3	9	20
47	0.0046	-3	7	2
48	0.0047	1	10	-7
49	0.0048	14	16	5
50	0.0049	-2	2	6
51	0.0050	6	16	23
52	0.0051	-14	-4	14
53	0.0052	-8	3	-2
54	0.0053	13	19	2
55	0.0054	5	7	3
56	0.0055	10	14	28
57	0.0056	-8	2	16
58	0.0057	-2	11	6
59	0.0058	10	16	5
60	0.0059	-6	5	-2
61	0.0060	2	7	23
62	0.0061	-4	11	16
63	0.0062	9	19	6
64	0.0063	14	10	1
65	0.0064	-4	-4	2
66	0.0065	-6	6	16
67	0.0066	-7	16	16
68	0.0067	6	27	6
69	0.0068	15	3	1
70	0.0069	-2	-14	-3
71	0.0070	13	15	20
72	0.0071	-6	22	19
73	0.0072	0	20	2
74	0.0073	9	2	-4
75	0.0074	-6	-14	-10
76	0.0075	10	18	24
77	0.0076	0	22	26
78	0.0077	2	14	2
79	0.0078	6	-2	-6
80	0.0079	-3	-10	0
81	0.0080	6	18	31
82	0.0081	3	26	20
83	0.0082	1	14	10
84	0.0083	9	6	0
85	0.0084	2	-4	0
86	0.0085	11	24	31
87	0.0086	2	16	20
88	0.0087	-3	9	-4
89	0.0088	3	2	0
90	0.0089	-6	-2	-2
91	0.0090	9	26	32
92	0.0091	0	19	15
93	0.0092	3	6	1
94	0.0093	10	3	3
95	0.0094	0	3	9
96	0.0095	6	22	31
97	0.0096	6	13	19
98	0.0097	2	6	0
99	0.0098	11	11	5
100	0.0099	2	6	7

电流增量数据 [1000Hz, 10点]
采样序号	时间(s)	A相电流(INT)	B相电流(INT)	C相电流(INT)
1	0.000	-7	1077	-3
2	0.001	13	199	5
3	0.002	-6	-636	-2
4	0.003	29	-523	5
5	0.004	5	3661	-8
6	0.005	-19	955	-11
7	0.006	-6	1576	-10
8	0.007	-19	1196	-3
9	0.008	-23	1171	7
10	0.009	37	368	-11
================================================================================

=== 采集时间: 2025-12-05 15:25:12 (增量周期: 10.0ms) ===
振动增量数据 [等效10000Hz, 100点]
时序序号	时间(s)	X振动(INT)	Y振动(INT)	Z振动(INT)
1	0.0000	13	16	27
2	0.0001	0	11	18
3	0.0002	5	13	1
4	0.0003	18	13	9
5	0.0004	-2	2	6
6	0.0005	7	14	31
7	0.0006	-6	19	13
8	0.0007	1	11	6
9	0.0008	9	14	13
10	0.0009	-4	2	10
11	0.0010	10	15	32
12	0.0011	3	16	19
13	0.0012	6	14	5
14	0.0013	7	15	9
15	0.0014	6	5	2
16	0.0015	5	14	23
17	0.0016	3	15	15
18	0.0017	2	18	6
19	0.0018	9	13	10
20	0.0019	3	9	2
21	0.0020	0	10	16
22	0.0021	0	15	19
23	0.0022	1	13	9
24	0.0023	7	9	6
25	0.0024	-2	-3	0
26	0.0025	0	13	26
27	0.0026	-2	13	16
28	0.0027	6	19	0
29	0.0028	13	9	9
30	0.0029	-6	0	0
31	0.0030	7	14	23
32	0.0031	-2	20	19
33	0.0032	-6	14	2
34	0.0033	3	9	2
35	0.0034	-2	2	-2
36	0.0035	7	7	27
37	0.0036	1	19	20
38	0.0037	3	16	16
39	0.0038	9	13	11
40	0.0039	2	1	-4
41	0.0040	5	11	18
42	0.0041	-3	14	23
43	0.0042	5	13	10
44	0.0043	6	14	14
45	0.0044	-2	-10	2
46	0.0045	1	2	16
47	0.0046	-6	16	10
48	0.0047	9	20	5
49	0.0048	5	14	3
50	0.0049	5	-7	7
51	0.0050	-6	-2	16
52	0.0051	-7	13	18
53	0.0052	1	19	7
54	0.0053	11	20	6
55	0.0054	0	-8	-3
56	0.0055	-2	-7	16
57	0.0056	0	3	5
58	0.0057	3	20	3
59	0.0058	16	28	5
60	0.0059	-6	-2	0
61	0.0060	2	1	23
62	0.0061	0	14	14
63	0.0062	3	7	0
64	0.0063	11	20	1
65	0.0064	-10	-4	-2
66	0.0065	-3	1	23
67	0.0066	-3	10	10
68	0.0067	5	19	2
69	0.0068	13	23	9
70	0.0069	0	3	6
71	0.0070	3	-3	14
72	0.0071	3	10	6
73	0.0072	-2	9	2
74	0.0073	10	16	10
75	0.0074	-6	9	10
76	0.0075	0	3	23
77	0.0076	5	0	7
78	0.0077	5	6	0
79	0.0078	7	13	5
80	0.0079	-2	6	5
81	0.0080	-2	3	16
82	0.0081	2	9	6
83	0.0082	9	15	1
84	0.0083	10	19	9
85	0.0084	2	11	6
86	0.0085	3	10	10
87	0.0086	5	6	3
88	0.0087	3	-3	-3
89	0.0088	14	20	14
90	0.0089	-6	20	13
91	0.0090	2	14	23
92	0.0091	-3	-6	-2
93	0.0092	0	-2	-11
94	0.0093	7	13	10
95	0.0094	-2	18	15
96	0.0095	9	13	20
97	0.0096	-2	-7	1
98	0.0097	-6	-2	-4
99	0.0098	-3	18	7
100	0.0099	-10	16	1

电流增量数据 [1000Hz, 10点]
采样序号	时间(s)	A相电流(INT)	B相电流(INT)	C相电流(INT)
1	0.000	-25	1101	2
2	0.001	-7	342	-20
3	0.002	-32	450	-3
4	0.003	13	1415	4
5	0.004	-2	1599	0
6	0.005	-8	2121	-3
7	0.006	74	-2283	-10
8	0.007	-2	-111	0
9	0.008	50	-218	-3
10	0.009	-10	505	14
================================================================================

=== 采集时间: 2025-12-05 15:25:13 (增量周期: 10.0ms) ===
振动增量数据 [等效10000Hz, 100点]
时序序号	时间(s)	X振动(INT)	Y振动(INT)	Z振动(INT)
1	0.0000	1	5	19
2	0.0001	-2	13	10
3	0.0002	-3	9	-2
4	0.0003	6	13	0
5	0.0004	-2	2	10
6	0.0005	0	10	24
7	0.0006	5	22	13
8	0.0007	5	15	1
9	0.0008	13	14	6
10	0.0009	-2	-8	7
11	0.0010	3	10	19
12	0.0011	3	27	16
13	0.0012	5	18	1
14	0.0013	3	5	5
15	0.0014	-4	-6	2
16	0.0015	1	9	26
17	0.0016	5	27	15
18	0.0017	13	15	2
19	0.0018	5	-2	-3
20	0.0019	-4	-12	1
21	0.0020	-6	10	20
22	0.0021	-3	23	15
23	0.0022	0	2	-15
24	0.0023	0	-4	0
25	0.0024	-4	2	6
26	0.0025	1	14	20
27	0.0026	-4	13	7
28	0.0027	-6	-3	-11
29	0.0028	-2	-2	-4
30	0.0029	-7	9	1
31	0.0030	0	10	24
32	0.0031	-3	9	11
33	0.0032	2	7	-3
34	0.0033	0	7	0
35	0.0034	-6	11	1
36	0.0035	-6	6	16
37	0.0036	-10	3	6
38	0.0037	2	3	-4
39	0.0038	6	14	3
40	0.0039	-3	13	0
41	0.0040	0	5	16
42	0.0041	1	3	7
43	0.0042	2	10	-10
44	0.0043	5	19	6
45	0.0044	-16	7	0
46	0.0045	-10	3	19
47	0.0046	-3	3	7
48	0.0047	7	10	-4
49	0.0048	14	16	14
50	0.0049	-7	6	10
51	0.0050	-4	13	16
52	0.0051	-4	7	3
53	0.0052	0	9	-4
54	0.0053	10	19	7
55	0.0054	-7	3	5
56	0.0055	3	7	16
57	0.0056	0	13	6
58	0.0057	-6	6	-4
59	0.0058	6	9	5
60	0.0059	-12	-3	-2
61	0.0060	1	18	31
62	0.0061	-8	9	13
63	0.0062	-4	7	-8
64	0.0063	10	10	2
65	0.0064	-3	2	9
66	0.0065	0	16	27
67	0.0066	-8	6	13
68	0.0067	0	9	3
69	0.0068	14	22	10
70	0.0069	-2	9	11
71	0.0070	-3	7	15
72	0.0071	-11	-2	5
73	0.0072	0	5	0
74	0.0073	19	23	9
75	0.0074	0	3	7
76	0.0075	0	7	24
77	0.0076	-8	-2	3
78	0.0077	-6	9	-4
79	0.0078	15	22	11
80	0.0079	-3	-2	7
81	0.0080	5	11	31
82	0.0081	1	14	19
83	0.0082	5	22	0
84	0.0083	16	18	5
85	0.0084	-10	-10	1
86	0.0085	3	14	19
87	0.0086	6	20	13
88	0.0087	0	11	0
89	0.0088	10	5	-2
90	0.0089	-3	-8	0
91	0.0090	7	19	19
92	0.0091	3	19	14
93	0.0092	-3	5	0
94	0.0093	6	1	1
95	0.0094	-8	-19	2
96	0.0095	5	20	24
97	0.0096	2	22	11
98	0.0097	1	6	-3
99	0.0098	10	2	2
100	0.0099	-6	-7	10

电流增量数据 [1000Hz, 10点]
采样序号	时间(s)	A相电流(INT)	B相电流(INT)	C相电流(INT)
1	0.000	10	-495	-4
2	0.001	0	566	9
3	0.002	37	-211	-12
4	0.003	52	915	-3
5	0.004	24	765	-12
6	0.005	15	-65	11
7	0.006	-13	-392	14
8	0.007	-6	-599	-6
9	0.008	2	3869	-10
10	0.009	25	903	0
================================================================================

=== 采集时间: 2025-12-05 15:25:13 (增量周期: 10.0ms) ===
振动增量数据 [等效10000Hz, 100点]
时序序号	时间(s)	X振动(INT)	Y振动(INT)	Z振动(INT)
1	0.0000	10	15	23
2	0.0001	0	15	5
3	0.0002	2	5	0
4	0.0003	-2	9	0
5	0.0004	-6	5	16
6	0.0005	-6	14	18
7	0.0006	5	24	7
8	0.0007	1	7	-3
9	0.0008	14	9	7
10	0.0009	2	5	0
11	0.0010	0	5	20
12	0.0011	-3	9	6
13	0.0012	-6	1	-3
14	0.0013	3	11	6
15	0.0014	0	0	6
16	0.0015	6	14	30
17	0.0016	3	18	14
18	0.0017	3	3	-10
19	0.0018	9	7	7
20	0.0019	1	9	10
21	0.0020	5	23	32
22	0.0021	0	27	22
23	0.0022	-2	6	7
24	0.0023	13	13	6
25	0.0024	0	2	2
26	0.0025	-2	16	31
27	0.0026	3	23	20
28	0.0027	3	14	1
29	0.0028	14	10	11
30	0.0029	-2	0	11
31	0.0030	2	11	27
32	0.0031	3	23	15
33	0.0032	2	9	0
34	0.0033	10	6	5
35	0.0034	7	5	10
36	0.0035	1	16	18
37	0.0036	0	15	19
38	0.0037	-7	10	2
39	0.0038	14	14	6
40	0.0039	1	0	2
41	0.0040	7	14	28
42	0.0041	10	20	19
43	0.0042	10	19	6
44	0.0043	14	9	10
45	0.0044	-6	-6	6
46	0.0045	0	10	30
47	0.0046	3	19	14
48	0.0047	7	19	2
49	0.0048	10	10	6
50	0.0049	-2	-6	0
51	0.0050	0	9	20
52	0.0051	5	19	7
53	0.0052	5	14	2
54	0.0053	6	9	10
55	0.0054	-11	-10	3
56	0.0055	2	7	24
57	0.0056	5	18	14
58	0.0057	3	9	-2
59	0.0058	9	10	6
60	0.0059	-11	-7	5
61	0.0060	-2	7	15
62	0.0061	-6	3	7
63	0.0062	1	13	0
64	0.0063	13	15	10
65	0.0064	-6	0	14
66	0.0065	1	11	18
67	0.0066	0	9	7
68	0.0067	-6	7	-2
69	0.0068	1	18	5
70	0.0069	-6	6	14
71	0.0070	-8	6	20
72	0.0071	-2	9	10
73	0.0072	3	15	-3
74	0.0073	10	16	11
75	0.0074	-3	-6	7
76	0.0075	3	9	18
77	0.0076	0	9	3
78	0.0077	0	19	6
79	0.0078	7	19	14
80	0.0079	-15	-2	7
81	0.0080	-3	10	15
82	0.0081	-6	5	-2
83	0.0082	6	10	2
84	0.0083	16	27	16
85	0.0084	-3	5	10
86	0.0085	0	23	18
87	0.0086	0	5	0
88	0.0087	-4	7	-4
89	0.0088	15	22	20
90	0.0089	2	6	15
91	0.0090	3	14	26
92	0.0091	5	-4	3
93	0.0092	0	-2	-7
94	0.0093	15	27	15
95	0.0094	-6	6	13
96	0.0095	-10	6	16
97	0.0096	-3	0	7
98	0.0097	-7	5	-2
99	0.0098	18	31	15
100	0.0099	-2	5	9

电流增量数据 [1000Hz, 10点]
采样序号	时间(s)	A相电流(INT)	B相电流(INT)	C相电流(INT)
1	0.000	4	1959	7
2	0.001	19	272	0
3	0.002	-13	1051	6
4	0.003	-6	306	-11
5	0.004	-22	694	6
6	0.005	32	1610	-10
7	0.006	-7	1293	4
8	0.007	5	2163	4
9	0.008	36	-2178	-3
10	0.009	39	-19	6
================================================================================

=== 采集时间: 2025-12-05 15:25:13 (增量周期: 10.0ms) ===
振动增量数据 [等效10000Hz, 100点]
时序序号	时间(s)	X振动(INT)	Y振动(INT)	Z振动(INT)
1	0.0000	0	18	28
2	0.0001	5	22	13
3	0.0002	1	9	0
4	0.0003	14	18	11
5	0.0004	-6	0	16
6	0.0005	-2	18	22
7	0.0006	3	9	7
8	0.0007	2	1	-4
9	0.0008	19	26	10
10	0.0009	2	7	10
11	0.0010	1	18	22
12	0.0011	-6	11	6
13	0.0012	0	2	-8
14	0.0013	11	18	9
15	0.0014	-6	-2	13
16	0.0015	-2	13	16
17	0.0016	1	9	6
18	0.0017	-2	-4	-3
19	0.0018	5	14	5
20	0.0019	-12	0	5
21	0.0020	-10	9	16
22	0.0021	-11	2	1
23	0.0022	-4	2	-10
24	0.0023	6	9	7
25	0.0024	-4	-2	5
26	0.0025	-3	13	20
27	0.0026	-12	10	6
28	0.0027	-6	1	-10
29	0.0028	2	9	5
30	0.0029	-7	-2	10
31	0.0030	0	7	23
32	0.0031	3	11	2
33	0.0032	1	-2	-11
34	0.0033	2	3	2
35	0.0034	-7	2	2
36	0.0035	-7	13	15
37	0.0036	-2	14	7
38	0.0037	-4	1	-4
39	0.0038	9	7	6
40	0.0039	-6	3	2
41	0.0040	2	11	20
42	0.0041	-2	9	13
43	0.0042	2	5	-14
44	0.0043	9	20	6
45	0.0044	-14	-4	10
46	0.0045	-3	14	19
47	0.0046	-4	16	7
48	0.0047	0	-3	-8
49	0.0048	13	14	6
50	0.0049	0	7	11
51	0.0050	-2	14	19
52	0.0051	2	13	3
53	0.0052	-12	-3	-11
54	0.0053	1	13	10
55	0.0054	0	5	10
56	0.0055	-7	10	23
57	0.0056	2	10	7
58	0.0057	-3	0	-7
59	0.0058	2	13	7
60	0.0059	2	1	0
61	0.0060	-6	13	22
62	0.0061	3	23	6
63	0.0062	0	9	-6
64	0.0063	3	14	7
65	0.0064	-4	-4	7
66	0.0065	0	16	16
67	0.0066	0	15	11
68	0.0067	1	2	1
69	0.0068	3	3	0
70	0.0069	-2	1	13
71	0.0070	-3	9	24
72	0.0071	1	18	14
73	0.0072	-6	2	-3
74	0.0073	5	14	9
75	0.0074	-3	-3	6
76	0.0075	0	15	24
77	0.0076	1	18	13
78	0.0077	0	9	3
79	0.0078	7	16	11
80	0.0079	-7	1	5
81	0.0080	2	14	19
82	0.0081	-4	14	6
83	0.0082	7	15	0
84	0.0083	14	14	14
85	0.0084	-8	-7	10
86	0.0085	-2	7	16
87	0.0086	2	14	10
88	0.0087	-2	9	-4
89	0.0088	11	9	9
90	0.0089	-10	-4	7
91	0.0090	2	11	24
92	0.0091	-3	18	10
93	0.0092	3	13	1
94	0.0093	6	13	11
95	0.0094	-4	-6	6
96	0.0095	0	19	18
97	0.0096	5	13	10
98	0.0097	11	15	0
99	0.0098	11	18	11
100	0.0099	-6	2	14

电流增量数据 [1000Hz, 10点]
采样序号	时间(s)	A相电流(INT)	B相电流(INT)	C相电流(INT)
1	0.000	11	-1213	2
2	0.001	-23	1027	3
3	0.002	-5	42	-16
4	0.003	13	1074	0
5	0.004	38	473	1
6	0.005	28	-257	-7
7	0.006	28	-247	10
8	0.007	-11	-797	0
9	0.008	-5	3306	-11
10	0.009	-15	290	-3
================================================================================

=== 采集时间: 2025-12-05 15:25:14 (增量周期: 10.0ms) ===
振动增量数据 [等效10000Hz, 100点]
时序序号	时间(s)	X振动(INT)	Y振动(INT)	Z振动(INT)
1	0.0000	2	10	18
2	0.0001	1	11	10
3	0.0002	3	10	-3
4	0.0003	11	11	10
5	0.0004	-6	-4	7
6	0.0005	-4	16	19
7	0.0006	-2	10	10
8	0.0007	5	13	-2
9	0.0008	26	23	22
10	0.0009	-2	5	13
11	0.0010	2	16	22
12	0.0011	-3	13	5
13	0.0012	1	15	-4
14	0.0013	19	22	18
15	0.0014	1	-2	15
16	0.0015	2	10	26
17	0.0016	1	14	9
18	0.0017	0	11	0
19	0.0018	13	18	13
20	0.0019	-6	-2	7
21	0.0020	2	14	19
22	0.0021	3	14	7
23	0.0022	6	22	1
24	0.0023	11	26	11
25	0.0024	1	2	11
26	0.0025	10	27	22
27	0.0026	1	19	15
28	0.0027	-3	10	5
29	0.0028	11	6	10
30	0.0029	-8	-4	5
31	0.0030	6	18	27
32	0.0031	11	20	16
33	0.0032	0	6	1
34	0.0033	6	5	7
35	0.0034	-11	-10	7
36	0.0035	-3	19	23
37	0.0036	-2	18	6
38	0.0037	5	6	-8
39	0.0038	10	5	10
40	0.0039	-2	-8	7
41	0.0040	5	23	22
42	0.0041	0	18	14
43	0.0042	-12	2	-8
44	0.0043	3	14	10
45	0.0044	-8	0	10
46	0.0045	6	19	27
47	0.0046	5	11	9
48	0.0047	3	3	-4
49	0.0048	9	13	10
50	0.0049	-7	5	9
51	0.0050	-7	9	19
52	0.0051	-2	16	13
53	0.0052	2	6	-4
54	0.0053	6	7	5
55	0.0054	-6	0	5
56	0.0055	-6	7	11
57	0.0056	0	14	5
58	0.0057	-4	14	1
59	0.0058	2	3	9
60	0.0059	-6	0	2
61	0.0060	0	15	20
62	0.0061	2	16	9
63	0.0062	-3	1	-4
64	0.0063	10	7	9
65	0.0064	-4	-7	5
66	0.0065	3	14	18
67	0.0066	2	14	5
68	0.0067	-6	-4	-2
69	0.0068	5	15	7
70	0.0069	-7	-2	6
71	0.0070	5	15	16
72	0.0071	7	13	5
73	0.0072	3	11	-2
74	0.0073	13	23	22
75	0.0074	-2	6	10
76	0.0075	-2	11	20
77	0.0076	-2	7	11
78	0.0077	1	11	2
79	0.0078	15	23	16
80	0.0079	1	3	10
81	0.0080	0	3	18
82	0.0081	-2	9	6
83	0.0082	1	7	-6
84	0.0083	9	14	6
85	0.0084	-11	-3	6
86	0.0085	-6	3	19
87	0.0086	3	13	10
88	0.0087	1	3	-2
89	0.0088	2	9	3
90	0.0089	-4	-4	5
91	0.0090	-7	6	18
92	0.0091	2	14	9
93	0.0092	7	10	3
94	0.0093	9	7	7
95	0.0094	-6	-4	10
96	0.0095	-3	11	15
97	0.0096	0	19	7
98	0.0097	0	7	-3
99	0.0098	13	9	10
100	0.0099	-6	-4	7

电流增量数据 [1000Hz, 10点]
采样序号	时间(s)	A相电流(INT)	B相电流(INT)	C相电流(INT)
1	0.000	27	95	4
2	0.001	5	818	-4
3	0.002	4	194	-4
4	0.003	3	1056	15
5	0.004	-8	1503	9
6	0.005	50	1314	-4
7	0.006	0	1800	-6
8	0.007	67	-1949	-11
9	0.008	6	90	11
10	0.009	-11	-1442	-16
================================================================================

=== 采集时间: 2025-12-05 15:25:14 (增量周期: 10.0ms) ===
振动增量数据 [等效10000Hz, 100点]
时序序号	时间(s)	X振动(INT)	Y振动(INT)	Z振动(INT)
1	0.0000	0	7	16
2	0.0001	-4	7	3
3	0.0002	7	9	-2
4	0.0003	9	22	7
5	0.0004	-2	3	10
6	0.0005	-15	-4	11
7	0.0006	0	3	0
8	0.0007	2	13	0
9	0.0008	10	19	16
10	0.0009	0	-4	9
11	0.0010	-10	-2	18
12	0.0011	2	15	10
13	0.0012	-4	11	-12
14	0.0013	10	19	10
15	0.0014	-6	-6	6
16	0.0015	0	6	23
17	0.0016	11	23	7
18	0.0017	2	19	-12
19	0.0018	7	16	7
20	0.0019	-17	-11	2
21	0.0020	-7	6	18
22	0.0021	11	35	9
23	0.0022	1	-2	-3
24	0.0023	15	6	15
25	0.0024	-6	-7	3
26	0.0025	0	14	19
27	0.0026	5	24	7
28	0.0027	-10	-4	-7
29	0.0028	2	9	9
30	0.0029	-10	-6	10
31	0.0030	0	13	22
32	0.0031	2	18	6
33	0.0032	0	-2	-7
34	0.0033	13	9	10
35	0.0034	-7	-3	11
36	0.0035	-2	13	22
37	0.0036	-6	14	10
38	0.0037	-7	3	-6
39	0.0038	6	9	9
40	0.0039	-2	2	5
41	0.0040	2	7	15
42	0.0041	5	16	5
43	0.0042	3	1	-2
44	0.0043	11	16	15
45	0.0044	-7	-2	6
46	0.0045	-6	11	10
47	0.0046	0	10	2
48	0.0047	1	5	-4
49	0.0048	14	15	16
50	0.0049	2	3	11
51	0.0050	2	10	23
52	0.0051	3	14	6
53	0.0052	0	2	-3
54	0.0053	9	13	6
55	0.0054	-4	-3	5
56	0.0055	1	10	16
57	0.0056	6	7	6
58	0.0057	0	-2	-15
59	0.0058	5	2	2
60	0.0059	-19	-8	1
61	0.0060	-7	3	15
62	0.0061	-7	5	6
63	0.0062	-6	9	-3
64	0.0063	15	16	6
65	0.0064	1	-10	-4
66	0.0065	-6	1	15
67	0.0066	-2	13	9
68	0.0067	-4	10	-6
69	0.0068	7	3	2
70	0.0069	-11	-8	0
71	0.0070	-10	2	13
72	0.0071	1	14	1
73	0.0072	1	-4	-11
74	0.0073	9	6	3
75	0.0074	-6	-7	6
76	0.0075	-3	2	13
77	0.0076	-2	18	0
78	0.0077	-7	1	-4
79	0.0078	2	11	6
80	0.0079	-10	-11	0
81	0.0080	1	10	18
82	0.0081	7	16	9
83	0.0082	5	7	-7
84	0.0083	5	9	5
85	0.0084	-14	-8	5
86	0.0085	-3	11	18
87	0.0086	5	23	14
88	0.0087	3	3	-6
89	0.0088	13	2	2
90	0.0089	2	-4	7
91	0.0090	3	15	23
92	0.0091	2	26	10
93	0.0092	-7	1	-11
94	0.0093	1	3	2
95	0.0094	-15	-8	1
96	0.0095	0	19	22
97	0.0096	7	18	6
98	0.0097	2	-2	-10
99	0.0098	2	0	2
100	0.0099	-10	-4	0

电流增量数据 [1000Hz, 10点]
采样序号	时间(s)	A相电流(INT)	B相电流(INT)	C相电流(INT)
1	0.000	25	1348	24
2	0.001	16	1079	3
3	0.002	29	-1782	3
4	0.003	14	165	3
5	0.004	49	-1609	-10
6	0.005	-4	908	18
7	0.006	-8	-201	-8
8	0.007	49	901	12
9	0.008	-5	-164	12
10	0.009	-21	-408	18
================================================================================

=== 采集时间: 2025-12-05 15:25:15 (增量周期: 10.0ms) ===
振动增量数据 [等效10000Hz, 100点]
时序序号	时间(s)	X振动(INT)	Y振动(INT)	Z振动(INT)
1	0.0000	11	16	15
2	0.0001	5	11	9
3	0.0002	1	3	-3
4	0.0003	3	7	11
5	0.0004	-7	1	15
6	0.0005	-2	13	19
7	0.0006	2	10	10
8	0.0007	-2	2	1
9	0.0008	10	11	14
10	0.0009	2	5	14
11	0.0010	0	13	18
12	0.0011	5	10	2
13	0.0012	0	13	-4
14	0.0013	10	23	16
15	0.0014	-4	14	13
16	0.0015	-2	-3	10
17	0.0016	-4	6	2
18	0.0017	5	7	-6
19	0.0018	16	28	18
20	0.0019	-2	5	14
21	0.0020	-3	5	16
22	0.0021	-4	5	5
23	0.0022	0	11	2
24	0.0023	19	23	13
25	0.0024	-10	-7	7
26	0.0025	-2	5	11
27	0.0026	2	13	1
28	0.0027	3	22	1
29	0.0028	10	13	16
30	0.0029	-15	-11	2
31	0.0030	-6	6	13
32	0.0031	3	18	7
33	0.0032	5	18	2
34	0.0033	10	3	18
35	0.0034	-15	-4	11
36	0.0035	-2	27	24
37	0.0036	3	24	13
38	0.0037	-3	10	-4
39	0.0038	0	-6	18
40	0.0039	-10	-2	14
41	0.0040	7	24	22
42	0.0041	7	14	10
43	0.0042	3	-6	-6
44	0.0043	3	-2	9
45	0.0044	-12	-4	16
46	0.0045	-6	28	28
47	0.0046	-2	10	7
48	0.0047	2	-4	-14
49	0.0048	9	-4	18
50	0.0049	3	7	15
51	0.0050	-2	14	9
52	0.0051	2	5	2
53	0.0052	-2	3	1
54	0.0053	6	19	22
55	0.0054	-4	2	15
56	0.0055	0	9	16
57	0.0056	2	9	9
58	0.0057	-2	3	-6
59	0.0058	5	14	15
60	0.0059	-10	1	11
61	0.0060	-2	9	22
62	0.0061	3	16	5
63	0.0062	0	3	-7
64	0.0063	2	9	13
65	0.0064	-7	5	10
66	0.0065	-4	7	10
67	0.0066	2	13	9
68	0.0067	-7	6	-7
69	0.0068	0	11	9
70	0.0069	0	5	16
71	0.0070	0	10	16
72	0.0071	2	6	2
73	0.0072	-6	1	0
74	0.0073	-4	9	10
75	0.0074	0	9	6
76	0.0075	-2	6	6
77	0.0076	6	9	2
78	0.0077	-7	3	1
79	0.0078	5	20	16
80	0.0079	-3	10	9
81	0.0080	-2	3	14
82	0.0081	3	13	6
83	0.0082	1	10	2
84	0.0083	18	22	24
85	0.0084	-4	-2	15
86	0.0085	-10	9	18
87	0.0086	-7	13	0
88	0.0087	-3	5	-10
89	0.0088	10	20	18
90	0.0089	-2	-7	10
91	0.0090	-2	2	13
92	0.0091	2	13	2
93	0.0092	-7	2	-11
94	0.0093	5	13	5
95	0.0094	-15	-4	1
96	0.0095	-8	2	9
97	0.0096	6	10	7
98	0.0097	1	7	-4
99	0.0098	7	9	7
100	0.0099	-15	-12	-2

电流增量数据 [1000Hz, 10点]
采样序号	时间(s)	A相电流(INT)	B相电流(INT)	C相电流(INT)
1	0.000	29	-280	-4
2	0.001	45	1276	0
3	0.002	22	1447	11
4	0.003	38	1220	16
5	0.004	-13	211	-10
6	0.005	36	-2029	-5
7	0.006	32	-73	-10
8	0.007	24	-1838	2
9	0.008	-10	704	1
10	0.009	0	55	-2
================================================================================

=== 采集时间: 2025-12-05 15:25:15 (增量周期: 10.0ms) ===
振动增量数据 [等效10000Hz, 100点]
时序序号	时间(s)	X振动(INT)	Y振动(INT)	Z振动(INT)
1	0.0000	-7	13	18
2	0.0001	3	15	5
3	0.0002	7	11	-6
4	0.0003	3	6	7
5	0.0004	-16	-6	6
6	0.0005	-6	13	19
7	0.0006	2	14	11
8	0.0007	7	5	-4
9	0.0008	0	-4	14
10	0.0009	-12	3	7
11	0.0010	-3	18	15
12	0.0011	-2	15	5
13	0.0012	6	0	-4
14	0.0013	1	6	11
15	0.0014	0	14	16
16	0.0015	0	19	13
17	0.0016	0	9	1
18	0.0017	1	-10	-11
19	0.0018	0	-2	14
20	0.0019	0	18	16
21	0.0020	2	19	16
22	0.0021	0	7	7
23	0.0022	-2	-11	-14
24	0.0023	10	6	16
25	0.0024	1	19	22
26	0.0025	3	19	19
27	0.0026	7	5	1
28	0.0027	6	-4	-7
29	0.0028	14	13	18
30	0.0029	1	18	18
31	0.0030	-8	13	13
32	0.0031	-11	-2	-6
33	0.0032	-7	-7	-15
34	0.0033	9	7	14
35	0.0034	0	22	18
36	0.0035	-3	10	20
37	0.0036	1	-2	-3
38	0.0037	1	-7	-12
39	0.0038	6	10	16
40	0.0039	-10	10	16
41	0.0040	-7	13	14
42	0.0041	5	3	-4
43	0.0042	2	-7	-15
44	0.0043	7	2	13
45	0.0044	-4	10	14
46	0.0045	5	13	9
47	0.0046	6	9	-2
48	0.0047	5	-2	-3
49	0.0048	5	3	16
50	0.0049	-8	6	19
51	0.0050	-2	14	16
52	0.0051	2	16	3
53	0.0052	-8	-8	-8
54	0.0053	2	2	1
55	0.0054	-6	0	3
56	0.0055	2	10	11
57	0.0056	10	13	3
58	0.0057	-6	-3	-6
59	0.0058	-6	11	13
60	0.0059	-10	1	2
61	0.0060	0	10	6
62	0.0061	6	16	1
63	0.0062	9	3	-2
64	0.0063	10	18	20
65	0.0064	-3	2	14
66	0.0065	-3	14	18
67	0.0066	2	24	2
68	0.0067	3	11	-2
69	0.0068	11	18	22
70	0.0069	0	1	15
71	0.0070	1	10	20
72	0.0071	13	22	10
73	0.0072	0	10	-2
74	0.0073	0	7	18
75	0.0074	-11	-4	13
76	0.0075	5	11	13
77	0.0076	14	20	7
78	0.0077	5	6	2
79	0.0078	9	6	14
80	0.0079	-8	-4	5
81	0.0080	0	11	11
82	0.0081	2	27	5
83	0.0082	0	1	-3
84	0.0083	2	7	14
85	0.0084	-4	1	19
86	0.0085	5	19	15
87	0.0086	14	22	9
88	0.0087	2	2	-4
89	0.0088	5	9	22
90	0.0089	-7	0	11
91	0.0090	2	19	15
92	0.0091	7	14	10
93	0.0092	-4	1	-4
94	0.0093	7	7	10
95	0.0094	0	0	6
96	0.0095	3	9	7
97	0.0096	11	13	1
98	0.0097	5	0	-10
99	0.0098	7	13	15
100	0.0099	-6	6	15

电流增量数据 [1000Hz, 10点]
采样序号	时间(s)	A相电流(INT)	B相电流(INT)	C相电流(INT)
1	0.000	5	-541	3
2	0.001	19	-51	14
3	0.002	-34	1398	33
4	0.003	38	2559	-5
5	0.004	23	845	5
6	0.005	13	2533	3
7	0.006	34	16	2
8	0.007	30	611	18
9	0.008	4	-385	9
10	0.009	33	1370	4
================================================================================

=== 采集时间: 2025-12-05 15:25:15 (增量周期: 10.0ms) ===
振动增量数据 [等效10000Hz, 100点]
时序序号	时间(s)	X振动(INT)	Y振动(INT)	Z振动(INT)
1	0.0000	-2	16	14
2	0.0001	-7	11	2
3	0.0002	-2	5	-6
4	0.0003	3	-2	11
5	0.0004	-8	5	19
6	0.0005	9	23	19
7	0.0006	-2	11	0
8	0.0007	2	-8	-15
9	0.0008	-3	-11	-2
10	0.0009	-3	10	19
11	0.0010	5	30	20
12	0.0011	-2	9	6
13	0.0012	-4	-3	-7
14	0.0013	1	-4	13
15	0.0014	-4	11	18
16	0.0015	3	23	19
17	0.0016	1	6	6
18	0.0017	-3	-10	-3
19	0.0018	13	5	19
20	0.0019	1	14	20
21	0.0020	-2	24	22
22	0.0021	-7	6	3
23	0.0022	-7	-8	-14
24	0.0023	6	10	13
25	0.0024	3	13	24
26	0.0025	5	20	24
27	0.0026	2	13	2
28	0.0027	-7	-8	-20
29	0.0028	2	6	11
30	0.0029	-12	0	13
31	0.0030	-10	11	14
32	0.0031	0	6	2
33	0.0032	-2	-7	-11
34	0.0033	6	5	10
35	0.0034	-10	-7	2
36	0.0035	-10	9	7
37	0.0036	1	5	-6
38	0.0037	-6	0	-14
39	0.0038	-6	1	10
40	0.0039	-14	-2	11
41	0.0040	-8	15	9
42	0.0041	14	13	1
43	0.0042	5	-2	-14
44	0.0043	0	-7	11
45	0.0044	-21	1	7
46	0.0045	-2	18	11
47	0.0046	11	19	10
48	0.0047	-2	-8	-14
49	0.0048	2	-7	10
50	0.0049	-17	-8	10
51	0.0050	-7	-4	-2
52	0.0051	2	13	2
53	0.0052	-2	3	-4
54	0.0053	10	7	16
55	0.0054	-8	-12	10
56	0.0055	-8	9	9
57	0.0056	5	30	14
58	0.0057	-2	13	0
59	0.0058	11	9	15
60	0.0059	-10	-15	7
61	0.0060	2	10	13
62	0.0061	11	27	11
63	0.0062	2	11	1
64	0.0063	5	5	11
65	0.0064	-15	-15	1
66	0.0065	0	7	9
67	0.0066	13	24	10
68	0.0067	9	10	-2
69	0.0068	13	7	15
70	0.0069	-12	-6	2
71	0.0070	-6	9	7
72	0.0071	2	23	6
73	0.0072	0	1	2
74	0.0073	5	11	18
75	0.0074	-6	-3	11
76	0.0075	2	7	5
77	0.0076	9	22	1
78	0.0077	0	5	-6
79	0.0078	0	10	11
80	0.0079	-14	-6	7
81	0.0080	-6	10	10
82	0.0081	7	15	5
83	0.0082	0	-2	-8
84	0.0083	1	7	16
85	0.0084	-7	2	7
86	0.0085	-2	9	10
87	0.0086	9	14	7
88	0.0087	1	0	-4
89	0.0088	9	15	20
90	0.0089	-4	1	13
91	0.0090	-12	3	13
92	0.0091	-3	13	2
93	0.0092	-3	7	-8
94	0.0093	7	13	10
95	0.0094	-4	9	9
96	0.0095	-3	3	14
97	0.0096	-4	14	5
98	0.0097	0	9	-8
99	0.0098	6	11	14
100	0.0099	-6	6	13

电流增量数据 [1000Hz, 10点]
采样序号	时间(s)	A相电流(INT)	B相电流(INT)	C相电流(INT)
1	0.000	-11	-4	-3
2	0.001	22	-1531	-6
3	0.002	20	774	-8
4	0.003	-5	318	-3
5	0.004	1	1477	19
6	0.005	32	-269	14
7	0.006	10	-732	4
8	0.007	-12	-124	7
9	0.008	51	1741	23
10	0.009	6	2455	5
================================================================================

=== 采集时间: 2025-12-05 15:25:16 (增量周期: 10.0ms) ===
振动增量数据 [等效10000Hz, 100点]
时序序号	时间(s)	X振动(INT)	Y振动(INT)	Z振动(INT)
1	0.0000	3	6	11
2	0.0001	15	13	13
3	0.0002	6	15	7
4	0.0003	14	27	28
5	0.0004	-8	2	6
6	0.0005	-3	10	10
7	0.0006	10	26	7
8	0.0007	7	10	7
9	0.0008	14	23	26
10	0.0009	-7	-7	7
11	0.0010	-3	13	2
12	0.0011	10	22	-4
13	0.0012	-2	-2	-4
14	0.0013	6	1	19
15	0.0014	-10	-4	6
16	0.0015	-7	14	7
17	0.0016	9	14	3
18	0.0017	-4	-15	-8
19	0.0018	10	0	13
20	0.0019	-8	-4	3
21	0.0020	-2	16	15
22	0.0021	5	22	6
23	0.0022	-8	-10	-3
24	0.0023	0	-2	15
25	0.0024	-12	1	6
26	0.0025	-2	26	10
27	0.0026	9	19	5
28	0.0027	0	-8	-6
29	0.0028	9	6	18
30	0.0029	-4	2	11
31	0.0030	-3	20	14
32	0.0031	0	15	1
33	0.0032	-7	-7	-6
34	0.0033	7	-3	14
35	0.0034	0	2	19
36	0.0035	-3	13	7
37	0.0036	11	15	3
38	0.0037	-2	-7	-8
39	0.0038	5	1	14
40	0.0039	-12	2	13
41	0.0040	-8	10	13
42	0.0041	3	19	1
43	0.0042	1	0	-4
44	0.0043	13	9	22
45	0.0044	-6	1	16
46	0.0045	-6	16	10
47	0.0046	0	19	-3
48	0.0047	-15	-11	-11
49	0.0048	3	11	14
50	0.0049	-4	2	13
51	0.0050	0	13	16
52	0.0051	14	30	3
53	0.0052	5	3	-14
54	0.0053	5	2	6
55	0.0054	-2	-6	5
56	0.0055	-3	7	19
57	0.0056	10	31	16
58	0.0057	9	5	-3
59	0.0058	0	-7	9
60	0.0059	-8	-14	10
61	0.0060	1	19	18
62	0.0061	14	31	6
63	0.0062	-6	-2	-4
64	0.0063	3	2	10
65	0.0064	-15	-24	0
66	0.0065	0	20	9
67	0.0066	6	24	5
68	0.0067	-3	-4	-3
69	0.0068	-3	-4	7
70	0.0069	-12	-19	10
71	0.0070	1	26	15
72	0.0071	9	27	7
73	0.0072	-3	-4	-4
74	0.0073	6	-2	16
75	0.0074	-3	-10	16
76	0.0075	7	26	23
77	0.0076	13	26	5
78	0.0077	-8	-2	-4
79	0.0078	-4	2	16
80	0.0079	-11	2	10
81	0.0080	9	23	16
82	0.0081	9	28	10
83	0.0082	-2	-2	-6
84	0.0083	2	0	6
85	0.0084	-14	-3	2
86	0.0085	-3	19	15
87	0.0086	0	18	5
88	0.0087	-6	-16	-15
89	0.0088	-2	-2	7
90	0.0089	-11	-7	3
91	0.0090	-4	14	7
92	0.0091	7	13	-3
93	0.0092	0	-12	-14
94	0.0093	3	1	7
95	0.0094	-11	0	3
96	0.0095	-7	22	7
97	0.0096	5	16	-4
98	0.0097	0	-8	-12
99	0.0098	1	0	7
100	0.0099	-15	-2	7

电流增量数据 [1000Hz, 10点]
采样序号	时间(s)	A相电流(INT)	B相电流(INT)	C相电流(INT)
1	0.000	13	-886	7
2	0.001	25	1203	-2
3	0.002	27	1342	3
4	0.003	1	951	0
5	0.004	45	-1218	4
6	0.005	19	-1440	7
7	0.006	13	-122	18
8	0.007	18	-1702	18
9	0.008	7	427	11
10	0.009	21	118	18
================================================================================

=== 采集时间: 2025-12-05 15:25:16 (增量周期: 10.0ms) ===
振动增量数据 [等效10000Hz, 100点]
时序序号	时间(s)	X振动(INT)	Y振动(INT)	Z振动(INT)
1	0.0000	-7	13	6
2	0.0001	2	9	2
3	0.0002	-4	-3	-10
4	0.0003	1	1	16
5	0.0004	-11	5	7
6	0.0005	1	20	13
7	0.0006	13	18	1
8	0.0007	0	-7	-7
9	0.0008	1	1	2
10	0.0009	-6	-2	5
11	0.0010	-3	13	13
12	0.0011	9	23	7
13	0.0012	-2	-2	-8
14	0.0013	1	6	1
15	0.0014	-15	-12	-3
16	0.0015	-4	9	10
17	0.0016	13	16	7
18	0.0017	-6	-2	0
19	0.0018	-6	-2	7
20	0.0019	-12	-4	-2
21	0.0020	-4	10	2
22	0.0021	9	14	5
23	0.0022	-2	-2	-4
24	0.0023	0	9	19
25	0.0024	-17	-2	7
26	0.0025	3	14	5
27	0.0026	9	19	6
28	0.0027	-4	-2	-3
29	0.0028	6	16	19
30	0.0029	-12	-7	9
31	0.0030	0	10	11
32	0.0031	7	16	1
33	0.0032	-6	1	2
34	0.0033	6	19	23
35	0.0034	-12	-8	6
36	0.0035	7	6	1
37	0.0036	9	9	0
38	0.0037	5	2	1
39	0.0038	10	18	23
40	0.0039	-12	-2	6
41	0.0040	-3	6	0
42	0.0041	0	11	-4
43	0.0042	0	5	1
44	0.0043	1	14	22
45	0.0044	-3	0	13
46	0.0045	1	5	1
47	0.0046	15	14	-4
48	0.0047	0	7	5
49	0.0048	7	19	24
50	0.0049	-16	6	7
51	0.0050	-7	10	-4
52	0.0051	2	7	-3
53	0.0052	-4	-4	-4
54	0.0053	9	13	23
55	0.0054	-7	9	7
56	0.0055	0	7	6
57	0.0056	5	9	-6
58	0.0057	-3	-10	-11
59	0.0058	2	6	20
60	0.0059	-11	-4	16
61	0.0060	-7	7	5
62	0.0061	5	5	2
63	0.0062	0	1	0
64	0.0063	9	22	20
65	0.0064	-3	1	2
66	0.0065	-11	-7	-7
67	0.0066	2	-7	-6
68	0.0067	-2	-11	-6
69	0.0068	11	26	22
70	0.0069	1	2	7
71	0.0070	-11	-7	1
72	0.0071	6	-4	-4
73	0.0072	-4	1	-3
74	0.0073	7	27	20
75	0.0074	2	-2	9
76	0.0075	-8	-7	2
77	0.0076	14	15	3
78	0.0077	6	6	9
79	0.0078	5	24	19
80	0.0079	-7	1	5
81	0.0080	-17	0	-3
82	0.0081	2	19	5
83	0.0082	-3	9	6
84	0.0083	13	24	24
85	0.0084	-6	-3	18
86	0.0085	-7	-2	3
87	0.0086	3	14	0
88	0.0087	-10	-12	-4
89	0.0088	1	13	26
90	0.0089	-12	-2	19
91	0.0090	-6	6	10
92	0.0091	6	15	-7
93	0.0092	-3	-15	-8
94	0.0093	9	10	18
95	0.0094	-3	0	15
96	0.0095	0	18	10
97	0.0096	11	26	2
98	0.0097	-6	-6	0
99	0.0098	5	11	23
100	0.0099	-8	11	16

电流增量数据 [1000Hz, 10点]
采样序号	时间(s)	A相电流(INT)	B相电流(INT)	C相电流(INT)
1	0.000	27	227	14
2	0.001	11	1450	9
3	0.002	21	-426	15
4	0.003	20	-1165	16
5	0.004	25	-326	-2
6	0.005	41	2391	33
7	0.006	-11	1699	1
8	0.007	65	783	18
9	0.008	36	2039	18
10	0.009	19	195	24
================================================================================

=== 采集时间: 2025-12-05 15:25:17 (增量周期: 10.0ms) ===
振动增量数据 [等效10000Hz, 100点]
时序序号	时间(s)	X振动(INT)	Y振动(INT)	Z振动(INT)
1	0.0000	-7	3	3
2	0.0001	1	13	11
3	0.0002	5	14	1
4	0.0003	3	14	20
5	0.0004	-6	10	7
6	0.0005	0	-4	-6
7	0.0006	0	7	-8
8	0.0007	10	7	5
9	0.0008	7	9	20
10	0.0009	-12	-3	11
11	0.0010	-6	-2	0
12	0.0011	3	9	-2
13	0.0012	0	13	1
14	0.0013	2	7	14
15	0.0014	-6	-2	11
16	0.0015	0	5	7
17	0.0016	14	19	5
18	0.0017	9	14	2
19	0.0018	2	3	18
20	0.0019	-16	-2	2
21	0.0020	-7	15	2
22	0.0021	3	18	7
23	0.0022	0	-2	-2
24	0.0023	3	0	19
25	0.0024	-7	1	9
26	0.0025	-2	10	0
27	0.0026	1	7	1
28	0.0027	-3	-4	-11
29	0.0028	2	1	10
30	0.0029	-14	-3	10
31	0.0030	-7	6	2
32	0.0031	5	14	1
33	0.0032	-6	-4	-7
34	0.0033	7	1	11
35	0.0034	-12	-2	3
36	0.0035	-6	6	-2
37	0.0036	-7	13	1
38	0.0037	-4	-2	-3
39	0.0038	5	6	11
40	0.0039	-4	5	10
41	0.0040	-3	7	1
42	0.0041	2	15	-4
43	0.0042	0	2	-7
44	0.0043	2	6	15
45	0.0044	-7	5	14
46	0.0045	-4	19	7
47	0.0046	6	13	1
48	0.0047	-3	3	-7
49	0.0048	10	2	18
50	0.0049	-11	1	5
51	0.0050	-6	9	2
52	0.0051	0	10	2
53	0.0052	-3	-3	0
54	0.0053	5	13	26
55	0.0054	-7	5	20
56	0.0055	-2	13	0
57	0.0056	2	9	-4
58	0.0057	-7	-7	-6
59	0.0058	2	6	15
60	0.0059	-12	6	16
61	0.0060	-4	18	2
62	0.0061	0	1	-4
63	0.0062	-3	-8	-12
64	0.0063	5	7	20
65	0.0064	1	5	14
66	0.0065	1	14	16
67	0.0066	1	1	2
68	0.0067	-6	-2	-8
69	0.0068	0	7	14
70	0.0069	-11	3	14
71	0.0070	-3	16	6
72	0.0071	3	6	0
73	0.0072	-2	5	-7
74	0.0073	6	1	14
75	0.0074	-4	13	13
76	0.0075	1	13	9
77	0.0076	0	18	-2
78	0.0077	-6	-3	-11
79	0.0078	-2	7	13
80	0.0079	-14	-3	11
81	0.0080	5	14	6
82	0.0081	9	15	5
83	0.0082	-2	-3	-4
84	0.0083	3	3	19
85	0.0084	-8	2	10
86	0.0085	5	14	7
87	0.0086	9	13	2
88	0.0087	-3	-2	-2
89	0.0088	0	2	13
90	0.0089	-2	10	7
91	0.0090	2	15	6
92	0.0091	2	10	5
93	0.0092	2	2	0
94	0.0093	2	9	20
95	0.0094	-6	5	24
96	0.0095	3	19	13
97	0.0096	7	19	7
98	0.0097	-2	-4	-4
99	0.0098	3	2	16
100	0.0099	0	5	15

电流增量数据 [1000Hz, 10点]
采样序号	时间(s)	A相电流(INT)	B相电流(INT)	C相电流(INT)
1	0.000	7	-435	5
2	0.001	32	-1458	22
3	0.002	48	-131	15
4	0.003	32	453	15
5	0.004	15	1167	27
6	0.005	1	-401	14
7	0.006	36	-819	-14
8	0.007	-11	-408	-10
9	0.008	22	2936	18
10	0.009	28	1209	12
================================================================================

=== 采集时间: 2025-12-05 15:25:17 (增量周期: 10.0ms) ===
振动增量数据 [等效10000Hz, 100点]
时序序号	时间(s)	X振动(INT)	Y振动(INT)	Z振动(INT)
1	0.0000	0	2	0
2	0.0001	1	9	2
3	0.0002	-10	2	-7
4	0.0003	-2	10	20
5	0.0004	-11	-2	5
6	0.0005	-8	2	-2
7	0.0006	-2	10	-2
8	0.0007	-4	2	-4
9	0.0008	3	7	9
10	0.0009	-10	2	5
11	0.0010	0	9	-3
12	0.0011	-2	-3	-3
13	0.0012	-4	2	6
14	0.0013	9	19	19
15	0.0014	-8	-3	9
16	0.0015	0	3	1
17	0.0016	1	-7	-6
18	0.0017	-6	-10	-4
19	0.0018	15	14	31
20	0.0019	-10	0	11
21	0.0020	3	14	-2
22	0.0021	5	0	-6
23	0.0022	-14	-6	-7
24	0.0023	10	18	20
25	0.0024	-15	0	7
26	0.0025	6	20	6
27	0.0026	13	6	1
28	0.0027	-4	2	1
29	0.0028	13	11	15
30	0.0029	-14	-3	3
31	0.0030	1	22	2
32	0.0031	5	5	6
33	0.0032	-11	1	-3
34	0.0033	0	-3	11
35	0.0034	-16	-11	6
36	0.0035	2	27	7
37	0.0036	9	7	5
38	0.0037	0	-4	-4
39	0.0038	-3	-15	9
40	0.0039	-14	-12	6
41	0.0040	3	27	7
42	0.0041	5	11	7
43	0.0042	-4	-3	-2
44	0.0043	1	-2	16
45	0.0044	-4	-2	16
46	0.0045	7	26	9
47	0.0046	10	16	6
48	0.0047	0	0	-4
49	0.0048	5	9	16
50	0.0049	-2	3	16
51	0.0050	5	24	10
52	0.0051	3	16	3
53	0.0052	-8	2	-6
54	0.0053	5	10	16
55	0.0054	-10	-3	13
56	0.0055	7	15	10
57	0.0056	13	11	9
58	0.0057	-6	-4	-2
59	0.0058	0	2	6
60	0.0059	-15	-4	9
61	0.0060	-6	13	9
62	0.0061	5	16	3
63	0.0062	-7	-2	1
64	0.0063	3	6	18
65	0.0064	-2	0	2
66	0.0065	9	11	7
67	0.0066	20	20	13
68	0.0067	-2	-7	-2
69	0.0068	2	7	18
70	0.0069	-8	1	6
71	0.0070	0	9	3
72	0.0071	11	19	2
73	0.0072	0	-4	2
74	0.0073	6	2	18
75	0.0074	-6	-4	5
76	0.0075	0	7	0
77	0.0076	5	11	-7
78	0.0077	-3	-3	3
79	0.0078	3	7	13
80	0.0079	3	6	15
81	0.0080	-2	13	7
82	0.0081	10	16	5
83	0.0082	-7	0	-6
84	0.0083	3	15	19
85	0.0084	-4	7	15
86	0.0085	0	9	6
87	0.0086	13	16	6
88	0.0087	-4	-4	0
89	0.0088	-2	9	16
90	0.0089	-6	2	10
91	0.0090	-7	9	2
92	0.0091	15	10	7
93	0.0092	5	3	7
94	0.0093	9	13	27
95	0.0094	-8	-2	13
96	0.0095	0	7	3
97	0.0096	11	18	3
98	0.0097	0	2	2
99	0.0098	9	13	20
100	0.0099	-12	2	15

电流增量数据 [1000Hz, 10点]
采样序号	时间(s)	A相电流(INT)	B相电流(INT)	C相电流(INT)
1	0.000	40	521	7
2	0.001	10	1262	7
3	0.002	46	-501	18
4	0.003	12	-916	16
5	0.004	4	-692	9
6	0.005	24	2831	25
7	0.006	28	952	18
8	0.007	12	848	14
9	0.008	5	1344	-2
10	0.009	18	494	11
================================================================================

=== 采集时间: 2025-12-05 15:25:17 (增量周期: 10.0ms) ===
振动增量数据 [等效10000Hz, 100点]
时序序号	时间(s)	X振动(INT)	Y振动(INT)	Z振动(INT)
1	0.0000	1	9	-2
2	0.0001	3	7	-3
3	0.0002	-6	-2	0
4	0.0003	0	7	16
5	0.0004	0	16	10
6	0.0005	5	6	2
7	0.0006	9	5	3
8	0.0007	-3	-3	-4
9	0.0008	-2	9	15
10	0.0009	-10	6	9
11	0.0010	-11	-4	0
12	0.0011	1	3	-3
13	0.0012	-10	-3	-3
14	0.0013	-2	2	16
15	0.0014	-11	6	10
16	0.0015	0	9	-4
17	0.0016	5	9	-3
18	0.0017	-6	-8	-8
19	0.0018	-6	6	13
20	0.0019	-11	9	9
21	0.0020	-2	13	2
22	0.0021	13	19	3
23	0.0022	-2	-3	-6
24	0.0023	0	-4	14
25	0.0024	-11	2	14
26	0.0025	6	22	6
27	0.0026	11	13	-2
28	0.0027	-4	-12	-2
29	0.0028	-11	-15	7
30	0.0029	-14	3	7
31	0.0030	7	18	2
32	0.0031	6	11	2
33	0.0032	-11	-16	-8
34	0.0033	-6	-4	18
35	0.0034	-12	6	7
36	0.0035	2	14	-3
37	0.0036	3	0	0
38	0.0037	-14	-11	-4
39	0.0038	-2	10	19
40	0.0039	-10	19	9
41	0.0040	5	13	3
42	0.0041	3	-2	-2
43	0.0042	1	2	-3
44	0.0043	5	22	26
45	0.0044	-7	10	5
46	0.0045	0	3	-7
47	0.0046	-3	-6	-2
48	0.0047	-6	3	0
49	0.0048	5	23	26
50	0.0049	-4	9	14
51	0.0050	1	14	5
52	0.0051	9	13	6
53	0.0052	2	-2	-3
54	0.0053	0	5	22
55	0.0054	-2	9	13
56	0.0055	5	14	2
57	0.0056	5	13	0
58	0.0057	-6	-3	-2
59	0.0058	0	2	15
60	0.0059	-6	6	11
61	0.0060	0	7	7
62	0.0061	1	2	-2
63	0.0062	0	1	2
64	0.0063	3	0	14
65	0.0064	-2	2	7
66	0.0065	1	-3	-4
67	0.0066	5	10	5
68	0.0067	-3	1	1
69	0.0068	-3	13	22
70	0.0069	-7	6	10
71	0.0070	-3	7	0
72	0.0071	13	16	2
73	0.0072	0	7	1
74	0.0073	14	19	28
75	0.0074	-2	6	11
76	0.0075	0	10	3
77	0.0076	2	9	-3
78	0.0077	-7	3	2
79	0.0078	2	19	24
80	0.0079	-2	14	14
81	0.0080	-8	-2	-2
82	0.0081	6	0	0
83	0.0082	-2	-2	-2
84	0.0083	6	20	19
85	0.0084	5	10	5
86	0.0085	-10	-7	-6
87	0.0086	5	9	2
88	0.0087	-8	2	-6
89	0.0088	3	13	22
90	0.0089	-2	2	6
91	0.0090	-6	-2	-3
92	0.0091	9	24	11
93	0.0092	3	3	5
94	0.0093	-2	10	20
95	0.0094	-6	1	7
96	0.0095	-2	13	1
97	0.0096	10	31	7
98	0.0097	2	-2	3
99	0.0098	5	9	18
100	0.0099	0	9	9

电流增量数据 [1000Hz, 10点]
采样序号	时间(s)	A相电流(INT)	B相电流(INT)	C相电流(INT)
1	0.000	24	-353	15
2	0.001	24	-388	18
3	0.002	12	433	14
4	0.003	-5	837	9
5	0.004	9	-568	11
6	0.005	39	-918	-5
7	0.006	5	-843	12
8	0.007	6	3059	28
9	0.008	12	679	-2
10	0.009	18	1036	5
================================================================================

=== 采集时间: 2025-12-05 15:25:18 (增量周期: 10.0ms) ===
振动增量数据 [等效10000Hz, 100点]
时序序号	时间(s)	X振动(INT)	Y振动(INT)	Z振动(INT)
1	0.0000	3	13	-4
2	0.0001	5	-8	-3
3	0.0002	-15	-19	-3
4	0.0003	-3	7	20
5	0.0004	-6	13	10
6	0.0005	0	-7	-10
7	0.0006	0	-10	-8
8	0.0007	-4	-14	-2
9	0.0008	2	19	22
10	0.0009	-11	11	13
11	0.0010	-2	1	-11
12	0.0011	0	0	-8
13	0.0012	-2	13	5
14	0.0013	9	31	31
15	0.0014	-6	11	14
16	0.0015	1	1	-8
17	0.0016	2	-2	-4
18	0.0017	2	14	7
19	0.0018	-4	9	22
20	0.0019	-6	-2	7
21	0.0020	-8	-12	-7
22	0.0021	5	-2	2
23	0.0022	-3	6	3
24	0.0023	-6	6	14
25	0.0024	-10	-3	6
26	0.0025	-6	-7	-12
27	0.0026	3	1	-6
28	0.0027	-10	0	-2
29	0.0028	-6	9	22
30	0.0029	-8	9	7
31	0.0030	-4	5	-6
32	0.0031	6	10	3
33	0.0032	-3	6	2
34	0.0033	-6	18	22
35	0.0034	-7	6	15
36	0.0035	-3	14	-6
37	0.0036	11	11	2
38	0.0037	-7	-2	0
39	0.0038	-2	7	23
40	0.0039	-2	13	7
41	0.0040	0	6	-7
42	0.0041	2	1	2
43	0.0042	-7	-4	-3
44	0.0043	10	13	26
45	0.0044	5	7	10
46	0.0045	9	6	-2
47	0.0046	11	9	2
48	0.0047	-6	1	10
49	0.0048	-2	13	22
50	0.0049	-2	9	15
51	0.0050	-4	13	0
52	0.0051	9	15	-2
53	0.0052	3	-2	-6
54	0.0053	-6	-3	15
55	0.0054	-4	10	15
56	0.0055	-6	9	-3
57	0.0056	19	15	2
58	0.0057	3	-7	-4
59	0.0058	0	1	22
60	0.0059	-4	16	16
61	0.0060	-7	9	2
62	0.0061	13	14	3
63	0.0062	-6	-10	-6
64	0.0063	-6	6	20
65	0.0064	7	19	14
66	0.0065	0	11	2
67	0.0066	10	5	2
68	0.0067	-8	-16	-6
69	0.0068	-4	9	19
70	0.0069	-4	19	15
71	0.0070	-4	10	0
72	0.0071	10	7	-3
73	0.0072	-6	-19	-6
74	0.0073	0	13	19
75	0.0074	3	24	14
76	0.0075	-2	5	1
77	0.0076	10	3	-7
78	0.0077	-4	-20	-4
79	0.0078	2	11	22
80	0.0079	1	19	16
81	0.0080	2	7	1
82	0.0081	13	9	1
83	0.0082	-3	-11	0
84	0.0083	5	15	28
85	0.0084	0	19	20
86	0.0085	1	-2	-3
87	0.0086	9	6	-3
88	0.0087	3	1	0
89	0.0088	2	18	30
90	0.0089	-6	13	15
91	0.0090	2	-2	-8
92	0.0091	6	6	-11
93	0.0092	-3	-2	0
94	0.0093	0	16	22
95	0.0094	-4	1	13
96	0.0095	2	-2	-6
97	0.0096	11	5	-4
98	0.0097	-8	-3	2
99	0.0098	-7	6	22
100	0.0099	-11	6	9

电流增量数据 [1000Hz, 10点]
采样序号	时间(s)	A相电流(INT)	B相电流(INT)	C相电流(INT)
1	0.000	24	-589	9
2	0.001	16	332	18
3	0.002	15	527	18
4	0.003	27	-599	27
5	0.004	45	-941	15
6	0.005	-12	-1270	4
7	0.006	-12	2897	20
8	0.007	24	555	14
9	0.008	-3	876	24
10	0.009	20	674	0
================================================================================

=== 采集时间: 2025-12-05 15:25:18 (增量周期: 10.0ms) ===
振动增量数据 [等效10000Hz, 100点]
时序序号	时间(s)	X振动(INT)	Y振动(INT)	Z振动(INT)
1	0.0000	0	-2	1
2	0.0001	5	1	2
3	0.0002	-2	7	7
4	0.0003	5	10	23
5	0.0004	-4	-4	6
6	0.0005	-2	3	-4
7	0.0006	7	7	3
8	0.0007	-2	-7	2
9	0.0008	1	9	19
10	0.0009	-7	-2	9
11	0.0010	2	11	-6
12	0.0011	11	14	7
13	0.0012	-10	-2	1
14	0.0013	-3	11	16
15	0.0014	-7	6	10
16	0.0015	-2	18	6
17	0.0016	14	24	9
18	0.0017	-2	2	1
19	0.0018	5	6	23
20	0.0019	0	7	10
21	0.0020	10	15	0
22	0.0021	7	14	6
23	0.0022	-14	-15	1
24	0.0023	-8	1	15
25	0.0024	0	2	5
26	0.0025	5	14	0
27	0.0026	16	10	7
28	0.0027	-4	-10	6
29	0.0028	-2	1	15
30	0.0029	-3	9	10
31	0.0030	1	6	0
32	0.0031	5	11	7
33	0.0032	-3	2	2
34	0.0033	6	13	15
35	0.0034	5	9	15
36	0.0035	3	6	1
37	0.0036	14	13	5
38	0.0037	-7	5	6
39	0.0038	0	22	24
40	0.0039	-3	6	5
41	0.0040	-6	-4	-2
42	0.0041	9	1	10
43	0.0042	-3	-2	6
44	0.0043	10	33	27
45	0.0044	5	2	9
46	0.0045	-7	-11	-8
47	0.0046	11	3	2
48	0.0047	-14	2	3
49	0.0048	2	15	20
50	0.0049	-7	-12	-2
51	0.0050	-11	2	0
52	0.0051	10	5	1
53	0.0052	-14	-21	-4
54	0.0053	0	7	22
55	0.0054	2	16	13
56	0.0055	-3	-10	0
57	0.0056	5	0	1
58	0.0057	-12	-21	-6
59	0.0058	0	10	18
60	0.0059	-7	9	2
61	0.0060	-7	-4	-4
62	0.0061	9	9	-2
63	0.0062	-4	-14	1
64	0.0063	-2	19	26
65	0.0064	-3	10	13
66	0.0065	-8	-2	-4
67	0.0066	10	9	2
68	0.0067	-2	-2	9
69	0.0068	10	16	24
70	0.0069	-10	9	9
71	0.0070	-3	-3	-4
72	0.0071	3	10	5
73	0.0072	-4	0	5
74	0.0073	3	24	27
75	0.0074	2	10	6
76	0.0075	0	-7	-8
77	0.0076	13	6	-2
78	0.0077	-8	-10	2
79	0.0078	-3	13	22
80	0.0079	-11	2	11
81	0.0080	-10	-2	-4
82	0.0081	13	13	9
83	0.0082	-4	-3	10
84	0.0083	3	13	26
85	0.0084	-6	6	6
86	0.0085	1	6	-4
87	0.0086	11	9	2
88	0.0087	-10	-7	2
89	0.0088	-6	14	23
90	0.0089	-7	11	13
91	0.0090	0	9	-15
92	0.0091	9	10	-4
93	0.0092	-7	-11	2
94	0.0093	-3	9	24
95	0.0094	5	26	19
96	0.0095	6	9	0
97	0.0096	5	-3	-7
98	0.0097	-8	-20	-7
99	0.0098	-8	9	30
100	0.0099	9	27	22

电流增量数据 [1000Hz, 10点]
采样序号	时间(s)	A相电流(INT)	B相电流(INT)	C相电流(INT)
1	0.000	-5	1611	18
2	0.001	10	-2778	-10
3	0.002	6	-302	4
4	0.003	-16	-961	11
5	0.004	5	239	14
6	0.005	5	-535	-3
7	0.006	49	381	24
8	0.007	28	342	15
9	0.008	-2	-593	9
10	0.009	38	-1002	20
================================================================================

=== 采集时间: 2025-12-05 15:25:18 (增量周期: 10.0ms) ===
振动增量数据 [等效10000Hz, 100点]
时序序号	时间(s)	X振动(INT)	Y振动(INT)	Z振动(INT)
1	0.0000	-10	0	-8
2	0.0001	3	23	5
3	0.0002	2	14	11
4	0.0003	3	2	19
5	0.0004	-6	-14	1
6	0.0005	0	6	-14
7	0.0006	11	19	10
8	0.0007	-4	9	7
9	0.0008	-3	-4	13
10	0.0009	-12	-12	-3
11	0.0010	-2	1	-12
12	0.0011	6	16	2
13	0.0012	1	-2	3
14	0.0013	-7	-11	13
15	0.0014	-8	-6	-2
16	0.0015	-2	9	-8
17	0.0016	3	10	7
18	0.0017	-8	2	7
19	0.0018	-3	-2	14
20	0.0019	-2	9	7
21	0.0020	3	9	-8
22	0.0021	7	19	7
23	0.0022	-21	-3	3
24	0.0023	-6	6	15
25	0.0024	-6	9	1
26	0.0025	-2	11	-3
27	0.0026	11	10	10
28	0.0027	-3	-4	2
29	0.0028	3	6	15
30	0.0029	-7	9	3
31	0.0030	-6	2	-6
32	0.0031	0	5	2
33	0.0032	-10	-10	6
34	0.0033	7	9	20
35	0.0034	0	7	7
36	0.0035	1	6	-8
37	0.0036	6	0	-2
38	0.0037	-10	-4	-6
39	0.0038	-2	11	16
40	0.0039	-6	14	9
41	0.0040	-6	10	2
42	0.0041	6	10	10
43	0.0042	9	6	0
44	0.0043	15	11	20
45	0.0044	-7	5	9
46	0.0045	-4	13	1
47	0.0046	0	19	7
48	0.0047	7	7	6
49	0.0048	5	6	9
50	0.0049	-8	-7	14
51	0.0050	-10	5	-7
52	0.0051	7	1	-4
53	0.0052	-8	-10	0
54	0.0053	7	31	30
55	0.0054	9	15	10
56	0.0055	-2	-6	-11
57	0.0056	16	13	-2
58	0.0057	-10	2	5
59	0.0058	9	30	33
60	0.0059	-4	1	7
61	0.0060	-6	-12	-7
62	0.0061	13	22	6
63	0.0062	-3	-2	5
64	0.0063	10	23	23
65	0.0064	-11	-15	5
66	0.0065	-7	-11	-14
67	0.0066	5	16	1
68	0.0067	-14	-7	3
69	0.0068	3	11	18
70	0.0069	-7	-2	7
71	0.0070	2	9	2
72	0.0071	10	27	5
73	0.0072	-12	-8	3
74	0.0073	-7	9	20
75	0.0074	-11	6	11
76	0.0075	7	14	2
77	0.0076	16	22	11
78	0.0077	-2	-8	11
79	0.0078	0	10	18
80	0.0079	-11	11	7
81	0.0080	-3	16	-3
82	0.0081	10	13	2
83	0.0082	-6	-12	6
84	0.0083	-4	-2	16
85	0.0084	5	14	15
86	0.0085	1	9	-6
87	0.0086	11	15	2
88	0.0087	-19	-17	0
89	0.0088	-7	1	18
90	0.0089	-2	14	6
91	0.0090	2	18	2
92	0.0091	15	18	6
93	0.0092	-6	-7	0
94	0.0093	7	5	9
95	0.0094	-4	3	3
96	0.0095	1	11	0
97	0.0096	1	22	10
98	0.0097	-17	-4	3
99	0.0098	1	13	19
100	0.0099	6	10	10

电流增量数据 [1000Hz, 10点]
采样序号	时间(s)	A相电流(INT)	B相电流(INT)	C相电流(INT)
1	0.000	15	-639	0
2	0.001	1	277	16
3	0.002	56	-96	16
4	0.003	14	-1033	12
5	0.004	32	-896	12
6	0.005	38	-1396	4
7	0.006	11	3033	14
8	0.007	14	369	3
9	0.008	-8	1150	19
10	0.009	31	-69	-3
================================================================================

=== 采集时间: 2025-12-05 15:25:19 (增量周期: 10.0ms) ===
振动增量数据 [等效10000Hz, 100点]
时序序号	时间(s)	X振动(INT)	Y振动(INT)	Z振动(INT)
1	0.0000	0	-14	-15
2	0.0001	9	-7	7
3	0.0002	-3	-2	10
4	0.0003	-2	22	16
5	0.0004	1	18	2
6	0.0005	-12	-11	-16
7	0.0006	0	6	-2
8	0.0007	-6	14	10
9	0.0008	1	20	28
10	0.0009	5	16	6
11	0.0010	-2	-10	-10
12	0.0011	7	10	7
13	0.0012	-3	10	6
14	0.0013	3	14	28
15	0.0014	5	14	11
16	0.0015	2	-2	2
17	0.0016	10	11	6
18	0.0017	1	6	7
19	0.0018	-3	6	18
20	0.0019	2	9	9
21	0.0020	-2	3	0
22	0.0021	7	13	3
23	0.0022	-4	-7	2
24	0.0023	-3	3	19
25	0.0024	3	15	7
26	0.0025	5	11	-4
27	0.0026	14	10	5
28	0.0027	-7	-11	5
29	0.0028	-6	6	22
30	0.0029	-4	26	16
31	0.0030	-4	15	1
32	0.0031	5	9	2
33	0.0032	-8	-12	-3
34	0.0033	0	2	14
35	0.0034	14	19	18
36	0.0035	7	14	-4
37	0.0036	5	6	2
38	0.0037	-15	-11	5
39	0.0038	-2	5	18
40	0.0039	9	16	9
41	0.0040	11	11	6
42	0.0041	19	9	15
43	0.0042	-2	-3	6
44	0.0043	2	6	24
45	0.0044	-2	13	14
46	0.0045	2	18	1
47	0.0046	15	22	10
48	0.0047	-2	6	6
49	0.0048	13	11	22
50	0.0049	7	13	16
51	0.0050	0	3	1
52	0.0051	22	27	16
53	0.0052	5	1	10
54	0.0053	-4	-2	15
55	0.0054	-4	6	7
56	0.0055	0	23	11
57	0.0056	26	36	14
58	0.0057	0	-8	7
59	0.0058	0	-3	18
60	0.0059	6	5	9
61	0.0060	3	26	2
62	0.0061	26	30	16
63	0.0062	-7	-12	2
64	0.0063	5	11	14
65	0.0064	-2	13	5
66	0.0065	5	18	6
67	0.0066	18	18	11
68	0.0067	-4	-14	1
69	0.0068	6	15	24
70	0.0069	2	18	6
71	0.0070	-2	6	-2
72	0.0071	9	5	9
73	0.0072	-7	-19	7
74	0.0073	3	9	22
75	0.0074	0	9	6
76	0.0075	-2	-3	-12
77	0.0076	11	6	7
78	0.0077	1	-11	3
79	0.0078	5	20	20
80	0.0079	-3	13	1
81	0.0080	-10	-4	-11
82	0.0081	3	3	2
83	0.0082	5	9	15
84	0.0083	13	30	28
85	0.0084	5	9	5
86	0.0085	-2	-7	-6
87	0.0086	2	7	6
88	0.0087	0	13	14
89	0.0088	5	18	22
90	0.0089	-2	3	11
91	0.0090	2	-10	-7
92	0.0091	11	5	0
93	0.0092	5	5	6
94	0.0093	0	19	23
95	0.0094	-7	0	3
96	0.0095	-8	-6	-8
97	0.0096	5	14	0
98	0.0097	0	6	6
99	0.0098	3	16	23
100	0.0099	1	1	10

电流增量数据 [1000Hz, 10点]
采样序号	时间(s)	A相电流(INT)	B相电流(INT)	C相电流(INT)
1	0.000	16	2534	3
2	0.001	24	140	10
3	0.002	5	1710	9
4	0.003	39	-526	18
5	0.004	16	366	-11
6	0.005	-2	99	-6
7	0.006	-28	-191	5
8	0.007	-13	634	-2
9	0.008	20	667	14
10	0.009	46	942	6
================================================================================

=== 采集时间: 2025-12-05 15:25:19 (增量周期: 10.0ms) ===
振动增量数据 [等效10000Hz, 100点]
时序序号	时间(s)	X振动(INT)	Y振动(INT)	Z振动(INT)
1	0.0000	5	2	-6
2	0.0001	9	-2	6
3	0.0002	-8	-11	7
4	0.0003	3	19	20
5	0.0004	-6	14	2
6	0.0005	-4	9	-2
7	0.0006	2	7	1
8	0.0007	5	6	15
9	0.0008	19	26	31
10	0.0009	9	23	15
11	0.0010	1	18	-3
12	0.0011	7	15	5
13	0.0012	-8	2	2
14	0.0013	6	16	27
15	0.0014	-2	9	15
16	0.0015	2	6	1
17	0.0016	14	6	7
18	0.0017	2	-10	2
19	0.0018	7	15	18
20	0.0019	0	1	10
21	0.0020	-3	10	-7
22	0.0021	0	13	9
23	0.0022	-2	0	11
24	0.0023	10	10	19
25	0.0024	1	7	15
26	0.0025	6	16	-3
27	0.0026	20	15	7
28	0.0027	-10	-2	7
29	0.0028	2	9	31
30	0.0029	3	23	16
31	0.0030	7	23	3
32	0.0031	14	16	11
33	0.0032	-7	-11	-6
34	0.0033	5	13	19
35	0.0034	9	18	16
36	0.0035	18	32	2
37	0.0036	9	11	11
38	0.0037	-14	-23	1
39	0.0038	-4	3	9
40	0.0039	2	16	14
41	0.0040	7	14	6
42	0.0041	13	5	6
43	0.0042	-11	-21	-4
44	0.0043	2	13	13
45	0.0044	9	24	14
46	0.0045	-3	13	1
47	0.0046	15	1	-2
48	0.0047	-14	-15	0
49	0.0048	2	14	19
50	0.0049	9	26	10
51	0.0050	9	16	-3
52	0.0051	5	6	1
53	0.0052	-16	-11	0
54	0.0053	-7	10	19
55	0.0054	2	16	11
56	0.0055	10	13	2
57	0.0056	18	5	7
58	0.0057	3	-4	5
59	0.0058	-6	1	6
60	0.0059	-4	5	5
61	0.0060	7	1	-12
62	0.0061	11	6	5
63	0.0062	-6	13	13
64	0.0063	-4	23	26
65	0.0064	-8	15	6
66	0.0065	-3	2	-17
67	0.0066	6	2	2
68	0.0067	-6	6	14
69	0.0068	7	22	30
70	0.0069	3	10	5
71	0.0070	-2	-8	-24
72	0.0071	1	-2	-4
73	0.0072	-12	-3	13
74	0.0073	-2	24	32
75	0.0074	-2	9	15
76	0.0075	0	0	-6
77	0.0076	10	-6	2
78	0.0077	-8	-10	5
79	0.0078	6	19	24
80	0.0079	3	14	10
81	0.0080	0	2	-8
82	0.0081	5	0	2
83	0.0082	-19	0	-2
84	0.0083	2	28	20
85	0.0084	2	18	7
86	0.0085	11	3	-8
87	0.0086	10	-3	0
88	0.0087	-11	-8	7
89	0.0088	-3	20	20
90	0.0089	-7	14	7
91	0.0090	0	7	-10
92	0.0091	-2	-7	2
93	0.0092	-4	0	10
94	0.0093	9	26	22
95	0.0094	2	10	6
96	0.0095	6	2	-14
97	0.0096	9	-7	0
98	0.0097	-7	-6	6
99	0.0098	5	20	22
100	0.0099	2	14	18

电流增量数据 [1000Hz, 10点]
采样序号	时间(s)	A相电流(INT)	B相电流(INT)	C相电流(INT)
1	0.000	5	-577	13
2	0.001	14	193	-6
3	0.002	12	-778	13
4	0.003	7	325	31
5	0.004	14	795	3
6	0.005	29	533	16
7	0.006	-3	704	5
8	0.007	39	-2940	10
9	0.008	19	-624	10
10	0.009	0	-2609	6
================================================================================

=== 采集时间: 2025-12-05 15:25:19 (增量周期: 10.0ms) ===
振动增量数据 [等效10000Hz, 100点]
时序序号	时间(s)	X振动(INT)	Y振动(INT)	Z振动(INT)
1	0.0000	-2	11	-4
2	0.0001	2	1	10
3	0.0002	-11	-11	9
4	0.0003	3	2	24
5	0.0004	15	30	15
6	0.0005	14	11	-4
7	0.0006	6	3	6
8	0.0007	-4	-12	9
9	0.0008	-6	9	22
10	0.0009	3	26	9
11	0.0010	10	3	-4
12	0.0011	5	-4	5
13	0.0012	10	6	14
14	0.0013	-2	16	27
15	0.0014	5	19	14
16	0.0015	2	7	-4
17	0.0016	-3	7	5
18	0.0017	0	15	16
19	0.0018	7	18	33
20	0.0019	15	31	16
21	0.0020	15	6	-4
22	0.0021	7	3	3
23	0.0022	-3	7	5
24	0.0023	-6	6	15
25	0.0024	6	18	10
26	0.0025	2	2	0
27	0.0026	10	13	16
28	0.0027	-4	2	5
29	0.0028	2	-8	9
30	0.0029	9	10	1
31	0.0030	-2	2	-8
32	0.0031	7	13	13
33	0.0032	-12	5	9
34	0.0033	-8	-2	22
35	0.0034	0	9	6
36	0.0035	7	10	-7
37	0.0036	14	18	11
38	0.0037	-3	5	9
39	0.0038	-6	-2	16
40	0.0039	0	9	5
41	0.0040	1	15	-4
42	0.0041	2	19	16
43	0.0042	-7	1	7
44	0.0043	-2	-2	13
45	0.0044	6	1	1
46	0.0045	6	15	2
47	0.0046	13	18	18
48	0.0047	-4	2	10
49	0.0048	-7	-7	9
50	0.0049	-6	6	-2
51	0.0050	-3	2	-10
52	0.0051	13	18	10
53	0.0052	5	5	7
54	0.0053	6	10	16
55	0.0054	6	10	3
56	0.0055	-3	3	-10
57	0.0056	7	14	11
58	0.0057	-14	1	6
59	0.0058	-3	9	13
60	0.0059	7	6	2
61	0.0060	-6	-6	-12
62	0.0061	19	14	10
63	0.0062	9	0	13
64	0.0063	-2	2	22
65	0.0064	0	9	2
66	0.0065	-8	9	-4
67	0.0066	16	23	14
68	0.0067	-3	5	15
69	0.0068	-3	2	18
70	0.0069	-3	2	-3
71	0.0070	1	10	-11
72	0.0071	16	23	15
73	0.0072	2	-2	3
74	0.0073	5	9	16
75	0.0074	-3	13	-2
76	0.0075	-4	9	-4
77	0.0076	7	18	3
78	0.0077	-3	-14	2
79	0.0078	9	9	16
80	0.0079	11	13	7
81	0.0080	1	9	-4
82	0.0081	5	6	2
83	0.0082	-10	-15	3
84	0.0083	-3	7	18
85	0.0084	0	13	7
86	0.0085	-3	0	-7
87	0.0086	2	1	6
88	0.0087	-3	-11	6
89	0.0088	6	22	20
90	0.0089	3	19	11
91	0.0090	-6	5	-11
92	0.0091	-3	6	7
93	0.0092	-14	-8	10
94	0.0093	6	23	28
95	0.0094	10	19	11
96	0.0095	6	-2	-11
97	0.0096	5	1	-2
98	0.0097	-16	-6	7
99	0.0098	-4	16	24
100	0.0099	-3	18	6

电流增量数据 [1000Hz, 10点]
采样序号	时间(s)	A相电流(INT)	B相电流(INT)	C相电流(INT)
1	0.000	52	82	4
2	0.001	34	-1020	-8
3	0.002	5	507	1
4	0.003	1	858	21
5	0.004	15	490	13
6	0.005	29	-612	2
7	0.006	30	-2681	-3
8	0.007	20	-375	-5
9	0.008	38	-2959	0
10	0.009	4	-85	23
================================================================================

=== 采集时间: 2025-12-05 15:25:20 (增量周期: 10.0ms) ===
振动增量数据 [等效10000Hz, 100点]
时序序号	时间(s)	X振动(INT)	Y振动(INT)	Z振动(INT)
1	0.0000	-2	-3	-8
2	0.0001	3	-2	3
3	0.0002	-3	1	14
4	0.0003	2	9	16
5	0.0004	7	9	5
6	0.0005	1	1	-6
7	0.0006	5	5	2
8	0.0007	-2	9	14
9	0.0008	0	20	20
10	0.0009	6	6	2
11	0.0010	2	5	-10
12	0.0011	13	13	11
13	0.0012	-2	9	10
14	0.0013	3	13	18
15	0.0014	-4	9	0
16	0.0015	-15	-3	-14
17	0.0016	-2	9	3
18	0.0017	-8	-10	6
19	0.0018	3	6	18
20	0.0019	6	13	5
21	0.0020	2	2	-14
22	0.0021	7	1	3
23	0.0022	-17	-14	0
24	0.0023	-7	0	6
25	0.0024	-7	7	-3
26	0.0025	-3	-2	-12
27	0.0026	7	9	7
28	0.0027	-4	-4	6
29	0.0028	0	2	11
30	0.0029	-4	7	-2
31	0.0030	-7	5	-8
32	0.0031	-7	13	9
33	0.0032	-8	-2	11
34	0.0033	-2	6	19
35	0.0034	3	9	9
36	0.0035	3	13	-8
37	0.0036	1	13	11
38	0.0037	-8	-4	6
39	0.0038	1	2	11
40	0.0039	2	13	5
41	0.0040	-8	6	-10
42	0.0041	1	2	6
43	0.0042	-6	-4	0
44	0.0043	7	3	13
45	0.0044	9	18	2
46	0.0045	-2	-2	-8
47	0.0046	-3	-6	6
48	0.0047	-11	-4	1
49	0.0048	2	14	20
50	0.0049	0	15	7
51	0.0050	6	2	-6
52	0.0051	9	15	13
53	0.0052	0	14	14
54	0.0053	-6	6	14
55	0.0054	-6	3	-3
56	0.0055	3	2	-8
57	0.0056	11	9	22
58	0.0057	-4	9	15
59	0.0058	-3	7	10
60	0.0059	-6	-7	-7
61	0.0060	0	-3	-4
62	0.0061	9	6	14
63	0.0062	1	10	19
64	0.0063	1	10	18
65	0.0064	-4	5	0
66	0.0065	-6	11	-4
67	0.0066	1	13	10
68	0.0067	0	13	14
69	0.0068	0	14	20
70	0.0069	2	7	3
71	0.0070	5	-2	-8
72	0.0071	13	13	10
73	0.0072	-4	10	10
74	0.0073	-4	13	18
75	0.0074	-2	5	3
76	0.0075	-3	-3	-12
77	0.0076	9	5	15
78	0.0077	2	2	13
79	0.0078	7	13	20
80	0.0079	2	6	6
81	0.0080	-4	-8	-15
82	0.0081	1	-2	0
83	0.0082	-11	-2	3
84	0.0083	0	14	18
85	0.0084	0	10	2
86	0.0085	0	-2	-10
87	0.0086	10	6	7
88	0.0087	-7	3	10
89	0.0088	1	24	20
90	0.0089	-2	15	2
91	0.0090	0	-3	-16
92	0.0091	10	3	9
93	0.0092	-3	9	22
94	0.0093	5	24	31
95	0.0094	6	7	0
96	0.0095	2	-6	-14
97	0.0096	5	1	0
98	0.0097	-6	3	9
99	0.0098	0	15	23
100	0.0099	-4	5	7

电流增量数据 [1000Hz, 10点]
采样序号	时间(s)	A相电流(INT)	B相电流(INT)	C相电流(INT)
1	0.000	6	-2514	6
2	0.001	18	-203	16
3	0.002	55	-309	18
4	0.003	-6	783	18
5	0.004	14	-1170	-6
6	0.005	7	-1035	7
7	0.006	30	-997	5
8	0.007	-10	715	19
9	0.008	33	1752	14
10	0.009	28	180	4
================================================================================

=== 采集时间: 2025-12-05 15:25:20 (增量周期: 10.0ms) ===
振动增量数据 [等效10000Hz, 100点]
时序序号	时间(s)	X振动(INT)	Y振动(INT)	Z振动(INT)
1	0.0000	10	6	-14
2	0.0001	0	0	0
3	0.0002	-15	-7	3
4	0.0003	-11	-3	5
5	0.0004	2	10	0
6	0.0005	5	-7	-11
7	0.0006	-2	0	11
8	0.0007	-3	-3	0
9	0.0008	-4	-3	6
10	0.0009	7	2	0
11	0.0010	7	-4	-15
12	0.0011	-6	2	10
13	0.0012	-3	9	9
14	0.0013	-2	5	7
15	0.0014	2	10	0
16	0.0015	7	2	-10
17	0.0016	6	14	11
18	0.0017	5	18	11
19	0.0018	0	5	15
20	0.0019	-6	6	1
21	0.0020	0	-11	-14
22	0.0021	2	11	9
23	0.0022	2	23	19
24	0.0023	6	5	22
25	0.0024	3	7	3
26	0.0025	0	-11	-10
27	0.0026	6	13	15
28	0.0027	-2	16	16
29	0.0028	-4	1	14
30	0.0029	5	-2	-10
31	0.0030	5	-8	-10
32	0.0031	5	10	19
33	0.0032	2	22	22
34	0.0033	-10	3	9
35	0.0034	-4	7	-6
36	0.0035	-4	0	-11
37	0.0036	7	14	20
38	0.0037	5	19	20
39	0.0038	0	6	16
40	0.0039	5	3	-4
41	0.0040	-4	-2	-7
42	0.0041	5	9	18
43	0.0042	-8	3	18
44	0.0043	-3	7	19
45	0.0044	3	11	2
46	0.0045	5	6	-11
47	0.0046	10	7	16
48	0.0047	-3	1	11
49	0.0048	-2	2	14
50	0.0049	3	7	0
51	0.0050	-6	6	-8
52	0.0051	-3	9	15
53	0.0052	-10	3	9
54	0.0053	3	13	16
55	0.0054	5	9	1
56	0.0055	5	-2	-12
57	0.0056	5	13	18
58	0.0057	-7	9	10
59	0.0058	2	19	19
60	0.0059	2	16	0
61	0.0060	-2	10	0
62	0.0061	0	9	11
63	0.0062	-7	-7	2
64	0.0063	5	11	15
65	0.0064	11	10	2
66	0.0065	10	7	-2
67	0.0066	13	1	16
68	0.0067	-11	1	10
69	0.0068	-4	10	7
70	0.0069	-3	14	0
71	0.0070	-6	7	-11
72	0.0071	9	13	11
73	0.0072	-4	-2	10
74	0.0073	5	13	15
75	0.0074	6	6	-2
76	0.0075	-2	3	-11
77	0.0076	5	11	11
78	0.0077	-20	-3	5
79	0.0078	2	6	6
80	0.0079	7	-3	-2
81	0.0080	-2	-6	-11
82	0.0081	13	11	11
83	0.0082	-11	-4	6
84	0.0083	2	1	11
85	0.0084	2	1	0
86	0.0085	0	5	-6
87	0.0086	7	19	20
88	0.0087	0	-3	7
89	0.0088	3	13	11
90	0.0089	5	6	6
91	0.0090	1	6	-2
92	0.0091	6	26	13
93	0.0092	-6	13	16
94	0.0093	1	18	19
95	0.0094	14	13	7
96	0.0095	9	10	-6
97	0.0096	14	16	18
98	0.0097	0	10	16
99	0.0098	0	16	24
100	0.0099	5	13	3

电流增量数据 [1000Hz, 10点]
采样序号	时间(s)	A相电流(INT)	B相电流(INT)	C相电流(INT)
1	0.000	-16	1020	14
2	0.001	32	-1205	25
3	0.002	39	-1386	3
4	0.003	3	-976	19
5	0.004	-7	1778	28
6	0.005	5	1093	3
7	0.006	14	1142	7
8	0.007	-16	1887	3
9	0.008	-4	-629	-5
10	0.009	47	-411	0
================================================================================

=== 采集时间: 2025-12-05 15:25:20 (增量周期: 10.0ms) ===
振动增量数据 [等效10000Hz, 100点]
时序序号	时间(s)	X振动(INT)	Y振动(INT)	Z振动(INT)
1	0.0000	-6	-11	-3
2	0.0001	11	6	10
3	0.0002	0	2	6
4	0.0003	1	16	16
5	0.0004	9	19	2
6	0.0005	9	10	-8
7	0.0006	15	11	18
8	0.0007	-4	2	10
9	0.0008	-6	22	18
10	0.0009	-4	22	0
11	0.0010	-4	6	-11
12	0.0011	5	-2	7
13	0.0012	-6	-8	7
14	0.0013	2	7	18
15	0.0014	9	20	5
16	0.0015	-3	-3	-12
17	0.0016	-3	-2	5
18	0.0017	-19	-19	1
19	0.0018	-11	3	9
20	0.0019	-3	19	5
21	0.0020	2	2	-7
22	0.0021	9	2	10
23	0.0022	-7	-8	2
24	0.0023	-7	3	5
25	0.0024	-3	19	-4
26	0.0025	-12	1	-10
27	0.0026	-2	7	6
28	0.0027	-3	-2	7
29	0.0028	2	9	15
30	0.0029	9	33	10
31	0.0030	3	6	-8
32	0.0031	-6	-10	-4
33	0.0032	-15	-17	0
34	0.0033	-14	11	11
35	0.0034	7	36	22
36	0.0035	6	-2	-12
37	0.0036	6	-12	-3
38	0.0037	-6	-17	-3
39	0.0038	-6	11	14
40	0.0039	11	28	5
41	0.0040	-3	-14	-17
42	0.0041	0	-12	9
43	0.0042	-3	0	13
44	0.0043	5	28	23
45	0.0044	7	19	5
46	0.0045	-2	-16	-19
47	0.0046	-2	2	6
48	0.0047	-6	14	18
49	0.0048	2	20	26
50	0.0049	9	24	6
51	0.0050	0	-10	-15
52	0.0051	2	7	5
53	0.0052	-4	9	6
54	0.0053	0	2	11
55	0.0054	6	14	5
56	0.0055	5	3	-4
57	0.0056	5	14	19
58	0.0057	-3	-3	7
59	0.0058	-6	-8	7
60	0.0059	6	1	-7
61	0.0060	1	11	5
62	0.0061	10	20	10
63	0.0062	-2	-6	5
64	0.0063	0	6	5
65	0.0064	2	13	5
66	0.0065	-3	6	2
67	0.0066	7	11	10
68	0.0067	-12	-4	2
69	0.0068	-4	5	7
70	0.0069	3	10	-4
71	0.0070	5	3	-6
72	0.0071	14	6	16
73	0.0072	-3	-8	7
74	0.0073	2	10	11
75	0.0074	3	16	2
76	0.0075	-6	6	-6
77	0.0076	7	14	14
78	0.0077	-8	-11	6
79	0.0078	2	10	1
80	0.0079	10	16	1
81	0.0080	0	0	-7
82	0.0081	14	14	13
83	0.0082	-7	0	2
84	0.0083	-7	10	6
85	0.0084	-7	11	1
86	0.0085	-2	0	-4
87	0.0086	15	24	22
88	0.0087	5	7	11
89	0.0088	-2	5	13
90	0.0089	-3	6	-4
91	0.0090	-6	-4	-10
92	0.0091	10	22	16
93	0.0092	-2	-2	20
94	0.0093	-12	2	18
95	0.0094	2	2	-4
96	0.0095	-3	3	-10
97	0.0096	11	16	7
98	0.0097	2	-4	7
99	0.0098	-12	-3	11
100	0.0099	3	11	1

电流增量数据 [1000Hz, 10点]
采样序号	时间(s)	A相电流(INT)	B相电流(INT)	C相电流(INT)
1	0.000	16	-1080	15
2	0.001	9	-633	25
3	0.002	-5	446	25
4	0.003	19	703	18
5	0.004	19	-1180	3
6	0.005	-13	-1341	-5
7	0.006	2	-1302	-11
8	0.007	15	2141	15
9	0.008	-6	688	12
10	0.009	48	297	0
================================================================================

=== 采集时间: 2025-12-05 15:25:21 (增量周期: 10.0ms) ===
振动增量数据 [等效10000Hz, 100点]
时序序号	时间(s)	X振动(INT)	Y振动(INT)	Z振动(INT)
1	0.0000	-7	-2	-6
2	0.0001	2	7	11
3	0.0002	-8	-3	6
4	0.0003	5	7	14
5	0.0004	11	19	7
6	0.0005	2	1	-7
7	0.0006	3	11	15
8	0.0007	-7	-3	6
9	0.0008	1	6	6
10	0.0009	6	9	2
11	0.0010	3	0	-3
12	0.0011	10	9	13
13	0.0012	1	7	7
14	0.0013	2	9	11
15	0.0014	6	7	0
16	0.0015	6	2	-7
17	0.0016	5	11	13
18	0.0017	1	9	19
19	0.0018	2	14	18
20	0.0019	9	16	9
21	0.0020	0	2	-14
22	0.0021	9	14	7
23	0.0022	-3	7	5
24	0.0023	0	9	13
25	0.0024	3	14	10
26	0.0025	-3	6	-3
27	0.0026	5	9	5
28	0.0027	-3	-6	-7
29	0.0028	-6	-8	7
30	0.0029	9	20	11
31	0.0030	2	13	6
32	0.0031	9	10	20
33	0.0032	-6	-14	1
34	0.0033	-4	1	10
35	0.0034	11	26	7
36	0.0035	10	7	-3
37	0.0036	11	5	10
38	0.0037	-6	-12	2
39	0.0038	-6	11	14
40	0.0039	6	33	16
41	0.0040	2	10	-4
42	0.0041	2	10	15
43	0.0042	-6	-2	10
44	0.0043	7	18	16
45	0.0044	15	30	11
46	0.0045	5	6	5
47	0.0046	7	2	5
48	0.0047	-8	6	11
49	0.0048	-3	14	18
50	0.0049	13	19	7
51	0.0050	0	-3	-4
52	0.0051	11	15	18
53	0.0052	0	2	15
54	0.0053	9	22	10
55	0.0054	14	18	11
56	0.0055	6	5	0
57	0.0056	16	14	23
58	0.0057	-7	5	10
59	0.0058	2	27	13
60	0.0059	-2	23	6
61	0.0060	7	1	-7
62	0.0061	14	6	15
63	0.0062	3	2	11
64	0.0063	6	16	19
65	0.0064	10	11	3
66	0.0065	-4	-6	-8
67	0.0066	-2	1	5
68	0.0067	-16	-10	7
69	0.0068	-2	10	9
70	0.0069	11	14	6
71	0.0070	10	-2	-7
72	0.0071	9	7	16
73	0.0072	-10	-3	13
74	0.0073	-7	13	11
75	0.0074	0	10	-4
76	0.0075	-7	-7	-11
77	0.0076	0	9	7
78	0.0077	-2	-2	20
79	0.0078	9	23	19
80	0.0079	15	14	1
81	0.0080	1	-2	-15
82	0.0081	-4	-4	0
83	0.0082	-15	1	15
84	0.0083	1	23	24
85	0.0084	15	24	10
86	0.0085	5	-15	-14
87	0.0086	5	-2	9
88	0.0087	-4	1	11
89	0.0088	5	24	15
90	0.0089	7	11	3
91	0.0090	-11	-24	-15
92	0.0091	10	15	20
93	0.0092	3	22	18
94	0.0093	9	19	14
95	0.0094	14	2	-3
96	0.0095	-7	-15	-15
97	0.0096	11	28	15
98	0.0097	0	19	22
99	0.0098	0	15	26
100	0.0099	7	6	1

电流增量数据 [1000Hz, 10点]
采样序号	时间(s)	A相电流(INT)	B相电流(INT)	C相电流(INT)
1	0.000	48	212	18
2	0.001	0	456	10
3	0.002	14	-104	7
4	0.003	-20	335	7
5	0.004	64	-770	16
6	0.005	39	-1217	-3
7	0.006	-3	308	-11
8	0.007	-10	787	11
9	0.008	9	651	11
10	0.009	28	-3612	-6
================================================================================

=== 采集时间: 2025-12-05 15:25:21 (增量周期: 10.0ms) ===
振动增量数据 [等效10000Hz, 100点]
时序序号	时间(s)	X振动(INT)	Y振动(INT)	Z振动(INT)
1	0.0000	9	18	1
2	0.0001	9	-4	11
3	0.0002	-3	-12	10
4	0.0003	-2	9	10
5	0.0004	5	15	-2
6	0.0005	6	10	1
7	0.0006	2	-3	15
8	0.0007	-11	-10	7
9	0.0008	2	14	10
10	0.0009	10	13	2
11	0.0010	5	9	-7
12	0.0011	9	6	11
13	0.0012	-7	-2	6
14	0.0013	2	20	6
15	0.0014	-2	15	3
16	0.0015	-7	2	-7
17	0.0016	1	7	10
18	0.0017	-4	2	10
19	0.0018	11	11	2
20	0.0019	1	6	-4
21	0.0020	-8	-7	-11
22	0.0021	0	2	7
23	0.0022	-12	-2	5
24	0.0023	-7	2	2
25	0.0024	-3	-2	-6
26	0.0025	-4	-8	-14
27	0.0026	5	9	14
28	0.0027	-4	5	7
29	0.0028	-2	5	6
30	0.0029	3	1	-3
31	0.0030	-4	-8	-15
32	0.0031	7	15	14
33	0.0032	-6	6	18
34	0.0033	-3	14	10
35	0.0034	2	9	-2
36	0.0035	0	2	-6
37	0.0036	2	11	7
38	0.0037	-2	3	11
39	0.0038	-4	10	10
40	0.0039	7	16	3
41	0.0040	0	6	-10
42	0.0041	9	14	9
43	0.0042	-4	-16	-3
44	0.0043	0	0	2
45	0.0044	6	19	6
46	0.0045	-4	3	-7
47	0.0046	10	3	2
48	0.0047	-15	-19	-2
49	0.0048	-6	10	11
50	0.0049	15	24	3
51	0.0050	3	-3	-11
52	0.0051	11	3	14
53	0.0052	-6	13	14
54	0.0053	9	20	10
55	0.0054	-2	0	2
56	0.0055	-6	-11	-12
57	0.0056	-4	6	11
58	0.0057	0	16	18
59	0.0058	0	9	10
60	0.0059	3	-4	-4
61	0.0060	0	-14	-19
62	0.0061	3	2	10
63	0.0062	0	14	10
64	0.0063	-4	10	11
65	0.0064	7	2	-2
66	0.0065	-2	2	-12
67	0.0066	10	7	10
68	0.0067	-2	9	18
69	0.0068	6	15	10
70	0.0069	11	10	3
71	0.0070	10	10	0
72	0.0071	6	13	15
73	0.0072	-6	-2	7
74	0.0073	-6	13	14
75	0.0074	3	19	5
76	0.0075	9	3	-10
77	0.0076	10	6	10
78	0.0077	-6	-8	13
79	0.0078	3	13	9
80	0.0079	13	15	3
81	0.0080	-2	-4	-8
82	0.0081	2	-4	10
83	0.0082	-14	-12	5
84	0.0083	-7	9	10
85	0.0084	11	14	2
86	0.0085	3	-2	-4
87	0.0086	3	-2	11
88	0.0087	-10	-2	6
89	0.0088	-10	11	3
90	0.0089	3	13	1
91	0.0090	-2	-2	-8
92	0.0091	3	0	11
93	0.0092	-6	3	11
94	0.0093	7	22	10
95	0.0094	11	14	1
96	0.0095	1	-8	-6
97	0.0096	-2	-3	11
98	0.0097	-11	7	11
99	0.0098	3	27	13
100	0.0099	14	10	2

电流增量数据 [1000Hz, 10点]
采样序号	时间(s)	A相电流(INT)	B相电流(INT)	C相电流(INT)
1	0.000	10	-1913	-4
2	0.001	32	-58	20
3	0.002	6	-831	1
4	0.003	9	-151	13
5	0.004	-10	-741	-7
6	0.005	37	-1268	0
7	0.006	16	-845	22
8	0.007	51	-1049	1
9	0.008	10	2728	31
10	0.009	12	115	-4
================================================================================

=== 采集时间: 2025-12-05 15:25:21 (增量周期: 10.0ms) ===
振动增量数据 [等效10000Hz, 100点]
时序序号	时间(s)	X振动(INT)	Y振动(INT)	Z振动(INT)
1	0.0000	-2	-10	-12
2	0.0001	-6	3	18
3	0.0002	-3	14	16
4	0.0003	1	13	5
5	0.0004	7	6	-4
6	0.0005	0	-15	-4
7	0.0006	9	5	19
8	0.0007	5	14	20
9	0.0008	0	9	7
10	0.0009	5	2	-6
11	0.0010	-3	-3	-6
12	0.0011	10	23	18
13	0.0012	-2	15	15
14	0.0013	2	7	5
15	0.0014	5	6	-6
16	0.0015	0	7	-4
17	0.0016	6	15	20
18	0.0017	-3	5	6
19	0.0018	-6	-2	2
20	0.0019	0	2	-7
21	0.0020	-8	-4	-12
22	0.0021	0	11	16
23	0.0022	-12	-4	7
24	0.0023	-3	-2	-3
25	0.0024	11	2	-11
26	0.0025	5	-3	-14
27	0.0026	5	2	10
28	0.0027	-16	-2	2
29	0.0028	-8	7	2
30	0.0029	5	13	-3
31	0.0030	2	-4	-10
32	0.0031	-2	2	18
33	0.0032	0	10	10
34	0.0033	2	18	1
35	0.0034	5	19	1
36	0.0035	-6	-3	-4
37	0.0036	-12	-10	15
38	0.0037	-14	7	20
39	0.0038	3	28	10
40	0.0039	6	22	1
41	0.0040	0	-7	-11
42	0.0041	1	-15	11
43	0.0042	-8	-4	6
44	0.0043	11	22	10
45	0.0044	0	9	2
46	0.0045	-8	-11	-12
47	0.0046	-2	-11	15
48	0.0047	-20	9	13
49	0.0048	15	26	6
50	0.0049	1	2	-2
51	0.0050	-3	-15	-8
52	0.0051	3	5	13
53	0.0052	-10	19	13
54	0.0053	13	20	7
55	0.0054	-4	-6	-6
56	0.0055	0	-2	-14
57	0.0056	-2	13	13
58	0.0057	-3	18	13
59	0.0058	2	11	6
60	0.0059	7	-7	-3
61	0.0060	3	2	-6
62	0.0061	3	2	15
63	0.0062	-6	-4	2
64	0.0063	-2	2	1
65	0.0064	9	16	-4
66	0.0065	9	3	0
67	0.0066	2	6	14
68	0.0067	-7	2	13
69	0.0068	-2	13	9
70	0.0069	9	14	2
71	0.0070	0	1	-7
72	0.0071	1	7	18
73	0.0072	-3	0	10
74	0.0073	9	11	7
75	0.0074	10	19	7
76	0.0075	5	0	-6
77	0.0076	9	9	18
78	0.0077	-7	2	7
79	0.0078	5	6	5
80	0.0079	6	15	-2
81	0.0080	0	-3	-4
82	0.0081	9	14	20
83	0.0082	-2	1	9
84	0.0083	5	13	3
85	0.0084	3	9	-4
86	0.0085	-4	-8	-6
87	0.0086	1	18	22
88	0.0087	-6	14	14
89	0.0088	-3	14	6
90	0.0089	5	9	0
91	0.0090	-4	-4	-7
92	0.0091	14	15	16
93	0.0092	0	15	15
94	0.0093	-10	6	7
95	0.0094	-3	5	-2
96	0.0095	-2	-2	-7
97	0.0096	10	15	15
98	0.0097	6	14	14
99	0.0098	0	-2	6
100	0.0099	5	0	0

电流增量数据 [1000Hz, 10点]
采样序号	时间(s)	A相电流(INT)	B相电流(INT)	C相电流(INT)
1	0.000	23	-2858	11
2	0.001	-2	-155	7
3	0.002	4	-528	-7
4	0.003	29	-29	14
5	0.004	-12	-948	10
6	0.005	-13	-1257	12
7	0.006	19	-1314	14
8	0.007	-7	-1707	4
9	0.008	21	2368	28
10	0.009	27	-37	7
================================================================================
