
=== 采集时间: 2025-12-16 11:03:18 (增量周期: 10.0ms) ===
振动增量数据 [等效10000Hz, 100点]
时序序号	时间(s)	X振动(INT)	Y振动(INT)	Z振动(INT)
1	0.0000	-98	2	-58
2	0.0001	-102	6	-55
3	0.0002	-106	6	-49
4	0.0003	-101	13	-42
5	0.0004	-96	9	-54
6	0.0005	-97	10	-58
7	0.0006	-101	6	-54
8	0.0007	-102	5	-53
9	0.0008	-102	9	-53
10	0.0009	-101	5	-54
11	0.0010	-101	15	-54
12	0.0011	-102	13	-53
13	0.0012	-100	11	-50
14	0.0013	-104	13	-51
15	0.0014	-101	13	-50
16	0.0015	-93	19	-58
17	0.0016	-98	19	-55
18	0.0017	-106	7	-45
19	0.0018	-92	15	-53
20	0.0019	-91	14	-59
21	0.0020	-96	14	-50
22	0.0021	-104	14	-45
23	0.0022	-106	19	-42
24	0.0023	-96	20	-51
25	0.0024	-89	14	-54
26	0.0025	-97	11	-58
27	0.0026	-102	19	-46
28	0.0027	-104	19	-42
29	0.0028	-96	14	-47
30	0.0029	-98	10	-54
31	0.0030	-105	9	-50
32	0.0031	-108	15	-49
33	0.0032	-109	14	-45
34	0.0033	-106	9	-47
35	0.0034	-96	9	-58
36	0.0035	-101	7	-57
37	0.0036	-104	9	-46
38	0.0037	-101	13	-51
39	0.0038	-91	13	-55
40	0.0039	-91	3	-62
41	0.0040	-97	2	-59
42	0.0041	-102	9	-47
43	0.0042	-105	9	-45
44	0.0043	-102	6	-49
45	0.0044	-92	9	-59
46	0.0045	-92	13	-66
47	0.0046	-114	13	-50
48	0.0047	-111	19	-38
49	0.0048	-94	19	-46
50	0.0049	-96	11	-53
51	0.0050	-102	3	-47
52	0.0051	-108	13	-44
53	0.0052	-114	10	-45
54	0.0053	-106	9	-47
55	0.0054	-94	13	-54
56	0.0055	-101	15	-50
57	0.0056	-114	13	-38
58	0.0057	-104	16	-45
59	0.0058	-98	18	-54
60	0.0059	-102	9	-54
61	0.0060	-101	11	-58
62	0.0061	-98	11	-54
63	0.0062	-100	9	-46
64	0.0063	-96	18	-44
65	0.0064	-94	14	-55
66	0.0065	-96	9	-59
67	0.0066	-98	10	-62
68	0.0067	-102	14	-57
69	0.0068	-101	16	-50
70	0.0069	-97	10	-49
71	0.0070	-96	3	-54
72	0.0071	-93	6	-53
73	0.0072	-105	18	-47
74	0.0073	-101	23	-49
75	0.0074	-100	13	-51
76	0.0075	-96	10	-50
77	0.0076	-96	13	-51
78	0.0077	-100	19	-40
79	0.0078	-101	18	-49
80	0.0079	-101	9	-46
81	0.0080	-96	13	-53
82	0.0081	-94	13	-45
83	0.0082	-98	20	-42
84	0.0083	-85	23	-49
85	0.0084	-93	14	-49
86	0.0085	-98	15	-49
87	0.0086	-97	20	-47
88	0.0087	-91	22	-53
89	0.0088	-92	14	-50
90	0.0089	-98	7	-46
91	0.0090	-105	15	-42
92	0.0091	-101	13	-45
93	0.0092	-96	14	-49
94	0.0093	-92	18	-51
95	0.0094	-104	13	-45
96	0.0095	-109	13	-44
97	0.0096	-101	15	-54
98	0.0097	-94	10	-55
99	0.0098	-96	6	-50
100	0.0099	-105	13	-46

电流增量数据 [1000Hz, 10点]
采样序号	时间(s)	A相电流(INT)	B相电流(INT)	C相电流(INT)
1	0.000	66	145	-58
2	0.001	-46	2765	-50
3	0.002	82	208	157
4	0.003	109	2316	230
5	0.004	177	-702	72
6	0.005	-43	60	-48
7	0.006	168	-175	202
8	0.007	34	1133	186
9	0.008	19	1476	137
10	0.009	-80	1095	-7
================================================================================

=== 采集时间: 2025-12-16 11:03:19 (增量周期: 10.0ms) ===
振动增量数据 [等效10000Hz, 100点]
时序序号	时间(s)	X振动(INT)	Y振动(INT)	Z振动(INT)
1	0.0000	-91	6	-57
2	0.0001	-92	11	-51
3	0.0002	-110	10	-45
4	0.0003	-98	18	-45
5	0.0004	-93	11	-55
6	0.0005	-100	9	-51
7	0.0006	-98	10	-47
8	0.0007	-108	7	-45
9	0.0008	-96	14	-53
10	0.0009	-94	6	-55
11	0.0010	-106	10	-51
12	0.0011	-105	15	-47
13	0.0012	-104	15	-44
14	0.0013	-92	13	-50
15	0.0014	-93	7	-54
16	0.0015	-102	9	-50
17	0.0016	-102	10	-45
18	0.0017	-105	10	-46
19	0.0018	-93	18	-55
20	0.0019	-93	14	-53
21	0.0020	-104	14	-53
22	0.0021	-98	14	-55
23	0.0022	-101	13	-50
24	0.0023	-94	16	-49
25	0.0024	-96	11	-55
26	0.0025	-105	10	-51
27	0.0026	-105	13	-50
28	0.0027	-104	16	-55
29	0.0028	-98	15	-54
30	0.0029	-104	9	-57
31	0.0030	-102	15	-58
32	0.0031	-102	16	-59
33	0.0032	-106	10	-46
34	0.0033	-94	20	-50
35	0.0034	-97	13	-58
36	0.0035	-101	10	-54
37	0.0036	-97	9	-57
38	0.0037	-96	16	-51
39	0.0038	-97	13	-50
40	0.0039	-102	10	-53
41	0.0040	-98	15	-54
42	0.0041	-97	11	-54
43	0.0042	-97	5	-49
44	0.0043	-87	16	-53
45	0.0044	-96	13	-53
46	0.0045	-108	9	-49
47	0.0046	-110	9	-51
48	0.0047	-105	16	-55
49	0.0048	-105	13	-57
50	0.0049	-106	11	-51
51	0.0050	-117	13	-44
52	0.0051	-111	6	-45
53	0.0052	-108	5	-55
54	0.0053	-97	18	-58
55	0.0054	-100	14	-51
56	0.0055	-118	10	-44
57	0.0056	-113	10	-46
58	0.0057	-102	6	-50
59	0.0058	-94	2	-57
60	0.0059	-97	10	-55
61	0.0060	-97	9	-53
62	0.0061	-105	15	-50
63	0.0062	-105	19	-53
64	0.0063	-110	13	-47
65	0.0064	-104	15	-55
66	0.0065	-102	14	-62
67	0.0066	-106	10	-51
68	0.0067	-106	10	-47
69	0.0068	-106	15	-44
70	0.0069	-108	11	-45
71	0.0070	-110	11	-50
72	0.0071	-97	16	-57
73	0.0072	-94	13	-55
74	0.0073	-102	7	-47
75	0.0074	-101	13	-47
76	0.0075	-105	9	-50
77	0.0076	-105	1	-47
78	0.0077	-98	5	-55
79	0.0078	-101	9	-47
80	0.0079	-104	9	-49
81	0.0080	-108	13	-54
82	0.0081	-100	11	-54
83	0.0082	-98	9	-51
84	0.0083	-102	11	-47
85	0.0084	-110	9	-40
86	0.0085	-105	11	-51
87	0.0086	-98	15	-57
88	0.0087	-91	11	-61
89	0.0088	-97	16	-47
90	0.0089	-106	18	-45
91	0.0090	-109	16	-45
92	0.0091	-101	15	-49
93	0.0092	-92	18	-55
94	0.0093	-97	14	-54
95	0.0094	-110	11	-47
96	0.0095	-104	10	-51
97	0.0096	-98	20	-53
98	0.0097	-101	16	-46
99	0.0098	-104	14	-44
100	0.0099	-105	14	-47

电流增量数据 [1000Hz, 10点]
采样序号	时间(s)	A相电流(INT)	B相电流(INT)	C相电流(INT)
1	0.000	133	-1074	280
2	0.001	-141	987	-48
3	0.002	49	-265	202
4	0.003	-97	850	18
5	0.004	91	-282	-102
6	0.005	4	-829	32
7	0.006	84	-379	160
8	0.007	-31	-2	78
9	0.008	84	2788	220
10	0.009	135	-4	84
================================================================================

=== 采集时间: 2025-12-16 11:03:19 (增量周期: 10.0ms) ===
振动增量数据 [等效10000Hz, 100点]
时序序号	时间(s)	X振动(INT)	Y振动(INT)	Z振动(INT)
1	0.0000	-105	9	-45
2	0.0001	-108	6	-50
3	0.0002	-96	7	-50
4	0.0003	-100	14	-50
5	0.0004	-97	10	-53
6	0.0005	-96	13	-59
7	0.0006	-98	14	-55
8	0.0007	-92	10	-55
9	0.0008	-96	9	-53
10	0.0009	-93	6	-46
11	0.0010	-97	6	-47
12	0.0011	-94	10	-49
13	0.0012	-92	9	-53
14	0.0013	-100	5	-51
15	0.0014	-97	14	-57
16	0.0015	-101	13	-50
17	0.0016	-104	14	-51
18	0.0017	-98	10	-57
19	0.0018	-97	9	-53
20	0.0019	-96	13	-53
21	0.0020	-100	11	-55
22	0.0021	-104	13	-55
23	0.0022	-101	14	-46
24	0.0023	-102	13	-46
25	0.0024	-100	15	-50
26	0.0025	-98	13	-55
27	0.0026	-102	20	-55
28	0.0027	-100	18	-55
29	0.0028	-102	6	-45
30	0.0029	-102	13	-50
31	0.0030	-96	7	-49
32	0.0031	-94	15	-50
33	0.0032	-96	14	-44
34	0.0033	-98	13	-46
35	0.0034	-102	10	-47
36	0.0035	-97	11	-54
37	0.0036	-97	7	-53
38	0.0037	-101	7	-49
39	0.0038	-111	3	-38
40	0.0039	-106	3	-50
41	0.0040	-109	13	-45
42	0.0041	-96	10	-53
43	0.0042	-85	14	-55
44	0.0043	-91	13	-46
45	0.0044	-106	18	-44
46	0.0045	-97	16	-49
47	0.0046	-98	9	-54
48	0.0047	-94	14	-50
49	0.0048	-96	9	-45
50	0.0049	-106	10	-47
51	0.0050	-96	11	-51
52	0.0051	-96	7	-53
53	0.0052	-98	9	-44
54	0.0053	-98	7	-44
55	0.0054	-101	9	-45
56	0.0055	-100	5	-53
57	0.0056	-102	7	-51
58	0.0057	-108	14	-50
59	0.0058	-98	11	-51
60	0.0059	-101	7	-50
61	0.0060	-93	13	-55
62	0.0061	-100	9	-51
63	0.0062	-102	11	-46
64	0.0063	-94	10	-47
65	0.0064	-98	10	-53
66	0.0065	-92	11	-55
67	0.0066	-98	16	-51
68	0.0067	-102	11	-41
69	0.0068	-94	11	-47
70	0.0069	-96	6	-50
71	0.0070	-94	15	-50
72	0.0071	-97	13	-49
73	0.0072	-105	14	-45
74	0.0073	-102	11	-41
75	0.0074	-101	10	-44
76	0.0075	-98	18	-49
77	0.0076	-100	16	-45
78	0.0077	-108	13	-45
79	0.0078	-101	14	-46
80	0.0079	-98	19	-45
81	0.0080	-94	18	-54
82	0.0081	-96	9	-49
83	0.0082	-104	10	-44
84	0.0083	-93	13	-46
85	0.0084	-92	11	-57
86	0.0085	-96	13	-54
87	0.0086	-98	22	-46
88	0.0087	-100	16	-42
89	0.0088	-94	9	-47
90	0.0089	-85	9	-47
91	0.0090	-84	14	-57
92	0.0091	-101	13	-42
93	0.0092	-105	18	-42
94	0.0093	-96	16	-47
95	0.0094	-93	15	-53
96	0.0095	-87	19	-57
97	0.0096	-104	19	-38
98	0.0097	-110	13	-32
99	0.0098	-101	18	-49
100	0.0099	-94	14	-58

电流增量数据 [1000Hz, 10点]
采样序号	时间(s)	A相电流(INT)	B相电流(INT)	C相电流(INT)
1	0.000	106	2953	118
2	0.001	122	517	141
3	0.002	46	1272	50
4	0.003	-118	227	-79
5	0.004	-40	848	42
6	0.005	117	-401	167
7	0.006	136	-159	77
8	0.007	-137	1241	-62
9	0.008	-110	1035	-67
10	0.009	87	1167	145
================================================================================

=== 采集时间: 2025-12-16 11:03:19 (增量周期: 10.0ms) ===
振动增量数据 [等效10000Hz, 100点]
时序序号	时间(s)	X振动(INT)	Y振动(INT)	Z振动(INT)
1	0.0000	-100	9	-51
2	0.0001	-100	7	-51
3	0.0002	-97	13	-45
4	0.0003	-98	13	-47
5	0.0004	-92	11	-55
6	0.0005	-92	9	-55
7	0.0006	-97	15	-49
8	0.0007	-102	15	-45
9	0.0008	-104	11	-42
10	0.0009	-94	6	-55
11	0.0010	-94	1	-57
12	0.0011	-97	6	-46
13	0.0012	-94	10	-42
14	0.0013	-96	10	-44
15	0.0014	-97	14	-50
16	0.0015	-104	9	-47
17	0.0016	-97	14	-47
18	0.0017	-94	16	-46
19	0.0018	-96	6	-47
20	0.0019	-94	7	-50
21	0.0020	-102	6	-47
22	0.0021	-110	15	-53
23	0.0022	-113	18	-45
24	0.0023	-109	16	-45
25	0.0024	-108	14	-57
26	0.0025	-106	6	-54
27	0.0026	-110	13	-55
28	0.0027	-108	15	-51
29	0.0028	-111	6	-45
30	0.0029	-106	6	-49
31	0.0030	-102	10	-54
32	0.0031	-100	13	-54
33	0.0032	-98	14	-58
34	0.0033	-101	11	-55
35	0.0034	-98	11	-53
36	0.0035	-104	6	-51
37	0.0036	-97	15	-49
38	0.0037	-96	13	-51
39	0.0038	-101	1	-49
40	0.0039	-93	6	-58
41	0.0040	-101	9	-61
42	0.0041	-105	15	-51
43	0.0042	-102	18	-47
44	0.0043	-106	14	-47
45	0.0044	-106	9	-47
46	0.0045	-102	14	-61
47	0.0046	-101	13	-61
48	0.0047	-101	9	-55
49	0.0048	-102	15	-50
50	0.0049	-114	14	-46
51	0.0050	-101	6	-49
52	0.0051	-98	6	-53
53	0.0052	-101	6	-53
54	0.0053	-97	5	-58
55	0.0054	-101	9	-58
56	0.0055	-110	5	-51
57	0.0056	-102	7	-50
58	0.0057	-106	9	-53
59	0.0058	-105	5	-46
60	0.0059	-106	5	-49
61	0.0060	-101	13	-49
62	0.0061	-104	9	-51
63	0.0062	-110	10	-47
64	0.0063	-106	7	-41
65	0.0064	-98	10	-47
66	0.0065	-100	5	-51
67	0.0066	-97	14	-50
68	0.0067	-102	16	-49
69	0.0068	-108	10	-44
70	0.0069	-108	5	-46
71	0.0070	-98	10	-54
72	0.0071	-91	13	-50
73	0.0072	-101	6	-47
74	0.0073	-104	3	-45
75	0.0074	-97	11	-57
76	0.0075	-105	2	-55
77	0.0076	-101	10	-50
78	0.0077	-96	15	-44
79	0.0078	-108	9	-44
80	0.0079	-104	10	-44
81	0.0080	-94	10	-55
82	0.0081	-91	19	-53
83	0.0082	-98	13	-45
84	0.0083	-106	7	-38
85	0.0084	-104	14	-44
86	0.0085	-104	14	-53
87	0.0086	-97	11	-51
88	0.0087	-98	14	-42
89	0.0088	-105	10	-40
90	0.0089	-105	13	-41
91	0.0090	-91	14	-54
92	0.0091	-87	20	-51
93	0.0092	-93	23	-45
94	0.0093	-101	19	-37
95	0.0094	-106	14	-46
96	0.0095	-91	13	-53
97	0.0096	-93	14	-61
98	0.0097	-106	9	-40
99	0.0098	-109	14	-41
100	0.0099	-110	13	-45

电流增量数据 [1000Hz, 10点]
采样序号	时间(s)	A相电流(INT)	B相电流(INT)	C相电流(INT)
1	0.000	-79	-374	-61
2	0.001	118	397	111
3	0.002	108	-5	122
4	0.003	-93	617	16
5	0.004	-114	1175	32
6	0.005	-55	-973	-40
7	0.006	-50	-387	57
8	0.007	106	-334	173
9	0.008	-92	3144	-95
10	0.009	109	560	-67
================================================================================

=== 采集时间: 2025-12-16 11:03:20 (增量周期: 10.0ms) ===
振动增量数据 [等效10000Hz, 100点]
时序序号	时间(s)	X振动(INT)	Y振动(INT)	Z振动(INT)
1	0.0000	-98	10	-51
2	0.0001	-113	13	-46
3	0.0002	-114	14	-38
4	0.0003	-110	14	-50
5	0.0004	-101	15	-58
6	0.0005	-93	11	-59
7	0.0006	-98	7	-50
8	0.0007	-106	9	-44
9	0.0008	-105	11	-45
10	0.0009	-102	9	-51
11	0.0010	-92	9	-61
12	0.0011	-98	14	-47
13	0.0012	-101	14	-47
14	0.0013	-97	7	-46
15	0.0014	-96	6	-58
16	0.0015	-92	9	-53
17	0.0016	-97	9	-49
18	0.0017	-106	9	-44
19	0.0018	-97	6	-55
20	0.0019	-97	1	-61
21	0.0020	-94	2	-57
22	0.0021	-98	11	-49
23	0.0022	-106	9	-40
24	0.0023	-104	9	-46
25	0.0024	-101	7	-51
26	0.0025	-98	13	-62
27	0.0026	-101	14	-47
28	0.0027	-101	14	-49
29	0.0028	-100	7	-50
30	0.0029	-101	13	-51
31	0.0030	-101	13	-45
32	0.0031	-97	16	-46
33	0.0032	-97	14	-49
34	0.0033	-97	14	-46
35	0.0034	-98	18	-50
36	0.0035	-101	15	-46
37	0.0036	-101	9	-41
38	0.0037	-92	18	-45
39	0.0038	-92	19	-49
40	0.0039	-101	13	-46
41	0.0040	-96	14	-53
42	0.0041	-92	19	-55
43	0.0042	-96	11	-49
44	0.0043	-110	10	-46
45	0.0044	-108	16	-53
46	0.0045	-101	5	-62
47	0.0046	-98	5	-58
48	0.0047	-91	15	-55
49	0.0048	-105	11	-50
50	0.0049	-110	9	-49
51	0.0050	-100	9	-57
52	0.0051	-92	10	-58
53	0.0052	-89	11	-53
54	0.0053	-97	11	-51
55	0.0054	-102	9	-49
56	0.0055	-96	7	-54
57	0.0056	-92	9	-53
58	0.0057	-93	14	-47
59	0.0058	-96	13	-47
60	0.0059	-102	9	-46
61	0.0060	-97	10	-54
62	0.0061	-105	9	-46
63	0.0062	-115	10	-41
64	0.0063	-110	7	-41
65	0.0064	-101	6	-57
66	0.0065	-96	7	-50
67	0.0066	-96	11	-53
68	0.0067	-109	7	-40
69	0.0068	-104	9	-49
70	0.0069	-96	9	-54
71	0.0070	-92	11	-59
72	0.0071	-96	15	-46
73	0.0072	-102	14	-47
74	0.0073	-101	10	-45
75	0.0074	-94	9	-54
76	0.0075	-96	10	-55
77	0.0076	-96	16	-51
78	0.0077	-105	15	-45
79	0.0078	-101	13	-44
80	0.0079	-102	9	-47
81	0.0080	-101	13	-51
82	0.0081	-101	20	-42
83	0.0082	-102	14	-45
84	0.0083	-108	13	-41
85	0.0084	-105	10	-45
86	0.0085	-100	15	-55
87	0.0086	-94	14	-55
88	0.0087	-98	10	-47
89	0.0088	-97	7	-49
90	0.0089	-102	14	-50
91	0.0090	-100	11	-50
92	0.0091	-97	10	-54
93	0.0092	-93	13	-49
94	0.0093	-96	15	-47
95	0.0094	-96	10	-57
96	0.0095	-92	7	-47
97	0.0096	-91	10	-53
98	0.0097	-96	18	-46
99	0.0098	-102	19	-44
100	0.0099	-92	19	-50

电流增量数据 [1000Hz, 10点]
采样序号	时间(s)	A相电流(INT)	B相电流(INT)	C相电流(INT)
1	0.000	-25	-600	129
2	0.001	31	-372	136
3	0.002	131	2917	49
4	0.003	15	988	48
5	0.004	149	993	110
6	0.005	-105	881	-23
7	0.006	131	361	162
8	0.007	-143	-120	-85
9	0.008	139	-263	120
10	0.009	-44	1904	78
================================================================================

=== 采集时间: 2025-12-16 11:03:20 (增量周期: 10.0ms) ===
振动增量数据 [等效10000Hz, 100点]
时序序号	时间(s)	X振动(INT)	Y振动(INT)	Z振动(INT)
1	0.0000	-106	19	-40
2	0.0001	-91	13	-54
3	0.0002	-98	9	-54
4	0.0003	-94	5	-50
5	0.0004	-98	5	-50
6	0.0005	-96	11	-51
7	0.0006	-89	10	-50
8	0.0007	-108	9	-40
9	0.0008	-100	14	-47
10	0.0009	-98	10	-51
11	0.0010	-97	10	-49
12	0.0011	-92	19	-50
13	0.0012	-106	10	-40
14	0.0013	-101	9	-44
15	0.0014	-98	6	-55
16	0.0015	-100	7	-51
17	0.0016	-94	13	-46
18	0.0017	-108	16	-46
19	0.0018	-98	14	-47
20	0.0019	-94	6	-53
21	0.0020	-93	11	-51
22	0.0021	-92	18	-45
23	0.0022	-108	13	-38
24	0.0023	-97	15	-49
25	0.0024	-92	10	-50
26	0.0025	-96	9	-51
27	0.0026	-93	19	-46
28	0.0027	-105	15	-45
29	0.0028	-100	9	-44
30	0.0029	-96	13	-46
31	0.0030	-94	19	-45
32	0.0031	-93	19	-45
33	0.0032	-94	16	-41
34	0.0033	-92	18	-47
35	0.0034	-96	3	-46
36	0.0035	-101	6	-50
37	0.0036	-91	13	-50
38	0.0037	-100	10	-49
39	0.0038	-97	10	-41
40	0.0039	-98	14	-50
41	0.0040	-94	10	-54
42	0.0041	-92	11	-47
43	0.0042	-97	14	-46
44	0.0043	-100	7	-40
45	0.0044	-100	3	-55
46	0.0045	-94	13	-59
47	0.0046	-92	11	-51
48	0.0047	-102	11	-38
49	0.0048	-113	19	-36
50	0.0049	-102	10	-38
51	0.0050	-85	14	-58
52	0.0051	-88	10	-54
53	0.0052	-94	15	-45
54	0.0053	-94	14	-45
55	0.0054	-92	10	-46
56	0.0055	-92	14	-54
57	0.0056	-92	7	-51
58	0.0057	-100	9	-42
59	0.0058	-100	14	-51
60	0.0059	-102	9	-50
61	0.0060	-102	14	-46
62	0.0061	-106	15	-45
63	0.0062	-111	10	-40
64	0.0063	-104	9	-50
65	0.0064	-97	7	-62
66	0.0065	-101	9	-47
67	0.0066	-110	15	-42
68	0.0067	-113	9	-42
69	0.0068	-106	7	-45
70	0.0069	-97	11	-50
71	0.0070	-89	19	-58
72	0.0071	-100	13	-49
73	0.0072	-104	13	-46
74	0.0073	-101	14	-45
75	0.0074	-98	7	-49
76	0.0075	-98	9	-47
77	0.0076	-100	14	-49
78	0.0077	-98	10	-45
79	0.0078	-98	7	-49
80	0.0079	-93	7	-46
81	0.0080	-94	19	-49
82	0.0081	-98	14	-45
83	0.0082	-98	13	-46
84	0.0083	-94	7	-44
85	0.0084	-96	13	-46
86	0.0085	-100	14	-51
87	0.0086	-97	9	-47
88	0.0087	-92	15	-47
89	0.0088	-94	18	-44
90	0.0089	-102	11	-42
91	0.0090	-94	14	-51
92	0.0091	-89	14	-54
93	0.0092	-96	10	-47
94	0.0093	-98	14	-49
95	0.0094	-96	9	-54
96	0.0095	-97	11	-54
97	0.0096	-97	14	-51
98	0.0097	-105	16	-46
99	0.0098	-106	15	-47
100	0.0099	-98	9	-58

电流增量数据 [1000Hz, 10点]
采样序号	时间(s)	A相电流(INT)	B相电流(INT)	C相电流(INT)
1	0.000	93	-100	29
2	0.001	108	-886	9
3	0.002	121	1837	221
4	0.003	22	1079	175
5	0.004	-89	702	-24
6	0.005	131	-1645	124
7	0.006	-67	-725	-79
8	0.007	-52	-10	-73
9	0.008	153	-478	20
10	0.009	-51	471	-85
================================================================================

=== 采集时间: 2025-12-16 11:03:20 (增量周期: 10.0ms) ===
振动增量数据 [等效10000Hz, 100点]
时序序号	时间(s)	X振动(INT)	Y振动(INT)	Z振动(INT)
1	0.0000	-97	13	-47
2	0.0001	-93	14	-57
3	0.0002	-94	7	-44
4	0.0003	-96	13	-44
5	0.0004	-96	14	-40
6	0.0005	-106	9	-47
7	0.0006	-101	19	-51
8	0.0007	-97	13	-55
9	0.0008	-105	11	-50
10	0.0009	-102	11	-51
11	0.0010	-102	11	-51
12	0.0011	-102	9	-50
13	0.0012	-100	9	-45
14	0.0013	-98	15	-47
15	0.0014	-102	14	-54
16	0.0015	-108	11	-50
17	0.0016	-100	14	-51
18	0.0017	-98	13	-55
19	0.0018	-100	10	-49
20	0.0019	-97	15	-50
21	0.0020	-101	9	-53
22	0.0021	-100	13	-46
23	0.0022	-92	14	-47
24	0.0023	-88	18	-57
25	0.0024	-97	14	-45
26	0.0025	-106	15	-50
27	0.0026	-110	13	-50
28	0.0027	-98	6	-50
29	0.0028	-89	9	-57
30	0.0029	-96	3	-57
31	0.0030	-111	5	-41
32	0.0031	-110	16	-46
33	0.0032	-93	15	-54
34	0.0033	-89	11	-57
35	0.0034	-98	7	-50
36	0.0035	-113	9	-45
37	0.0036	-105	3	-47
38	0.0037	-100	6	-57
39	0.0038	-96	10	-53
40	0.0039	-106	11	-46
41	0.0040	-110	10	-50
42	0.0041	-105	11	-53
43	0.0042	-96	11	-55
44	0.0043	-98	15	-53
45	0.0044	-110	13	-46
46	0.0045	-113	11	-42
47	0.0046	-108	14	-49
48	0.0047	-102	9	-55
49	0.0048	-105	6	-51
50	0.0049	-105	13	-53
51	0.0050	-109	14	-47
52	0.0051	-110	9	-44
53	0.0052	-97	11	-46
54	0.0053	-96	9	-51
55	0.0054	-96	5	-45
56	0.0055	-100	10	-53
57	0.0056	-100	14	-57
58	0.0057	-102	3	-50
59	0.0058	-102	2	-49
60	0.0059	-97	10	-55
61	0.0060	-97	13	-57
62	0.0061	-94	10	-54
63	0.0062	-98	10	-44
64	0.0063	-109	15	-36
65	0.0064	-113	9	-45
66	0.0065	-98	9	-53
67	0.0066	-98	7	-59
68	0.0067	-101	13	-47
69	0.0068	-106	9	-51
70	0.0069	-105	6	-51
71	0.0070	-97	5	-55
72	0.0071	-93	10	-55
73	0.0072	-94	9	-51
74	0.0073	-100	6	-42
75	0.0074	-97	7	-47
76	0.0075	-96	10	-55
77	0.0076	-92	14	-53
78	0.0077	-91	13	-53
79	0.0078	-96	7	-46
80	0.0079	-101	10	-46
81	0.0080	-102	7	-44
82	0.0081	-96	19	-51
83	0.0082	-84	11	-50
84	0.0083	-93	11	-47
85	0.0084	-111	15	-42
86	0.0085	-114	16	-44
87	0.0086	-108	9	-49
88	0.0087	-89	11	-59
89	0.0088	-89	6	-50
90	0.0089	-114	16	-40
91	0.0090	-114	15	-41
92	0.0091	-102	13	-47
93	0.0092	-92	18	-55
94	0.0093	-100	9	-53
95	0.0094	-110	11	-41
96	0.0095	-105	13	-51
97	0.0096	-96	6	-57
98	0.0097	-94	5	-45
99	0.0098	-102	11	-44
100	0.0099	-106	18	-42

电流增量数据 [1000Hz, 10点]
采样序号	时间(s)	A相电流(INT)	B相电流(INT)	C相电流(INT)
1	0.000	-62	477	77
2	0.001	135	40	15
3	0.002	-100	1322	23
4	0.003	-55	-979	-23
5	0.004	-26	-636	78
6	0.005	-37	-259	-35
7	0.006	-59	1977	-104
8	0.007	3	2097	76
9	0.008	97	411	-22
10	0.009	-86	1648	-83
================================================================================

=== 采集时间: 2025-12-16 11:03:21 (增量周期: 10.0ms) ===
振动增量数据 [等效10000Hz, 100点]
时序序号	时间(s)	X振动(INT)	Y振动(INT)	Z振动(INT)
1	0.0000	-97	13	-61
2	0.0001	-101	13	-50
3	0.0002	-104	13	-42
4	0.0003	-101	10	-45
5	0.0004	-96	7	-53
6	0.0005	-94	13	-55
7	0.0006	-105	9	-54
8	0.0007	-105	11	-45
9	0.0008	-96	14	-54
10	0.0009	-94	14	-53
11	0.0010	-101	11	-49
12	0.0011	-101	16	-46
13	0.0012	-105	13	-46
14	0.0013	-101	9	-49
15	0.0014	-94	9	-58
16	0.0015	-94	13	-58
17	0.0016	-102	11	-47
18	0.0017	-111	9	-41
19	0.0018	-101	10	-45
20	0.0019	-96	5	-55
21	0.0020	-93	5	-49
22	0.0021	-96	13	-47
23	0.0022	-97	13	-51
24	0.0023	-94	10	-51
25	0.0024	-91	9	-55
26	0.0025	-96	9	-49
27	0.0026	-97	14	-41
28	0.0027	-92	13	-51
29	0.0028	-89	6	-55
30	0.0029	-91	9	-58
31	0.0030	-98	13	-50
32	0.0031	-105	11	-50
33	0.0032	-101	9	-46
34	0.0033	-94	9	-55
35	0.0034	-100	11	-58
36	0.0035	-110	14	-47
37	0.0036	-110	16	-47
38	0.0037	-104	13	-47
39	0.0038	-102	10	-53
40	0.0039	-105	11	-47
41	0.0040	-96	9	-53
42	0.0041	-92	18	-50
43	0.0042	-92	10	-49
44	0.0043	-88	14	-50
45	0.0044	-89	20	-53
46	0.0045	-98	18	-45
47	0.0046	-102	14	-46
48	0.0047	-102	9	-49
49	0.0048	-97	2	-55
50	0.0049	-93	13	-55
51	0.0050	-97	18	-45
52	0.0051	-109	19	-37
53	0.0052	-111	14	-37
54	0.0053	-102	13	-46
55	0.0054	-96	16	-55
56	0.0055	-96	11	-55
57	0.0056	-109	14	-42
58	0.0057	-113	11	-33
59	0.0058	-102	10	-40
60	0.0059	-89	16	-51
61	0.0060	-94	13	-50
62	0.0061	-104	14	-44
63	0.0062	-104	14	-44
64	0.0063	-98	9	-50
65	0.0064	-89	9	-47
66	0.0065	-87	10	-49
67	0.0066	-106	14	-40
68	0.0067	-111	9	-41
69	0.0068	-97	10	-55
70	0.0069	-89	10	-64
71	0.0070	-97	6	-51
72	0.0071	-106	14	-44
73	0.0072	-98	13	-42
74	0.0073	-96	10	-45
75	0.0074	-96	9	-49
76	0.0075	-94	14	-53
77	0.0076	-105	13	-47
78	0.0077	-108	10	-46
79	0.0078	-97	14	-47
80	0.0079	-101	9	-50
81	0.0080	-100	7	-44
82	0.0081	-96	13	-42
83	0.0082	-94	19	-44
84	0.0083	-94	16	-42
85	0.0084	-94	16	-51
86	0.0085	-92	16	-45
87	0.0086	-94	16	-49
88	0.0087	-97	14	-45
89	0.0088	-93	9	-50
90	0.0089	-96	13	-53
91	0.0090	-96	13	-51
92	0.0091	-96	16	-50
93	0.0092	-92	11	-46
94	0.0093	-93	11	-44
95	0.0094	-94	14	-46
96	0.0095	-98	11	-51
97	0.0096	-102	15	-44
98	0.0097	-96	18	-49
99	0.0098	-94	15	-46
100	0.0099	-96	14	-50

电流增量数据 [1000Hz, 10点]
采样序号	时间(s)	A相电流(INT)	B相电流(INT)	C相电流(INT)
1	0.000	-95	-208	-64
2	0.001	-2	831	127
3	0.002	-80	2307	27
4	0.003	-65	248	-47
5	0.004	-7	2084	-62
6	0.005	88	-278	196
7	0.006	81	-120	-104
8	0.007	156	-490	118
9	0.008	21	734	-41
10	0.009	-10	1247	126
================================================================================

=== 采集时间: 2025-12-16 11:03:21 (增量周期: 10.0ms) ===
振动增量数据 [等效10000Hz, 100点]
时序序号	时间(s)	X振动(INT)	Y振动(INT)	Z振动(INT)
1	0.0000	-94	16	-50
2	0.0001	-91	18	-47
3	0.0002	-94	16	-45
4	0.0003	-96	16	-45
5	0.0004	-92	18	-50
6	0.0005	-94	23	-50
7	0.0006	-94	20	-50
8	0.0007	-101	10	-41
9	0.0008	-98	6	-46
10	0.0009	-92	9	-58
11	0.0010	-96	9	-54
12	0.0011	-96	16	-46
13	0.0012	-98	16	-45
14	0.0013	-108	10	-44
15	0.0014	-100	13	-50
16	0.0015	-92	15	-57
17	0.0016	-93	11	-53
18	0.0017	-102	1	-44
19	0.0018	-106	11	-36
20	0.0019	-100	16	-47
21	0.0020	-94	15	-51
22	0.0021	-96	18	-45
23	0.0022	-96	18	-42
24	0.0023	-104	14	-40
25	0.0024	-96	13	-45
26	0.0025	-88	20	-46
27	0.0026	-97	16	-42
28	0.0027	-104	15	-36
29	0.0028	-102	15	-46
30	0.0029	-94	14	-54
31	0.0030	-93	13	-51
32	0.0031	-98	13	-42
33	0.0032	-100	19	-36
34	0.0033	-104	14	-44
35	0.0034	-98	11	-50
36	0.0035	-94	14	-55
37	0.0036	-102	16	-49
38	0.0037	-102	14	-40
39	0.0038	-101	16	-53
40	0.0039	-100	9	-46
41	0.0040	-101	6	-50
42	0.0041	-98	9	-50
43	0.0042	-97	10	-44
44	0.0043	-98	11	-45
45	0.0044	-94	9	-51
46	0.0045	-92	11	-49
47	0.0046	-98	13	-38
48	0.0047	-97	16	-37
49	0.0048	-94	13	-44
50	0.0049	-84	9	-55
51	0.0050	-89	14	-58
52	0.0051	-97	9	-46
53	0.0052	-104	6	-40
54	0.0053	-101	14	-44
55	0.0054	-97	9	-54
56	0.0055	-94	6	-58
57	0.0056	-109	9	-50
58	0.0057	-109	13	-46
59	0.0058	-106	18	-51
60	0.0059	-104	14	-53
61	0.0060	-100	7	-55
62	0.0061	-102	6	-44
63	0.0062	-96	10	-51
64	0.0063	-87	9	-58
65	0.0064	-88	9	-61
66	0.0065	-101	13	-51
67	0.0066	-109	14	-41
68	0.0067	-101	9	-41
69	0.0068	-91	6	-54
70	0.0069	-85	11	-57
71	0.0070	-94	10	-46
72	0.0071	-111	18	-33
73	0.0072	-105	22	-36
74	0.0073	-106	6	-46
75	0.0074	-97	14	-54
76	0.0075	-93	11	-50
77	0.0076	-106	6	-37
78	0.0077	-110	13	-36
79	0.0078	-102	13	-45
80	0.0079	-96	14	-50
81	0.0080	-94	16	-50
82	0.0081	-105	14	-38
83	0.0082	-104	14	-42
84	0.0083	-96	5	-47
85	0.0084	-89	9	-57
86	0.0085	-89	9	-53
87	0.0086	-109	9	-36
88	0.0087	-106	13	-40
89	0.0088	-94	11	-59
90	0.0089	-96	7	-64
91	0.0090	-93	9	-49
92	0.0091	-108	13	-46
93	0.0092	-100	6	-42
94	0.0093	-96	5	-53
95	0.0094	-97	11	-54
96	0.0095	-100	14	-49
97	0.0096	-111	11	-45
98	0.0097	-93	20	-58
99	0.0098	-89	15	-62
100	0.0099	-102	5	-49

电流增量数据 [1000Hz, 10点]
采样序号	时间(s)	A相电流(INT)	B相电流(INT)	C相电流(INT)
1	0.000	-46	-505	-43
2	0.001	130	770	172
3	0.002	5	1305	-43
4	0.003	-49	1002	-105
5	0.004	-43	253	-59
6	0.005	-57	-2148	115
7	0.006	-66	523	-10
8	0.007	113	-1644	39
9	0.008	156	1043	123
10	0.009	-73	219	-83
================================================================================

=== 采集时间: 2025-12-16 11:03:21 (增量周期: 10.0ms) ===
振动增量数据 [等效10000Hz, 100点]
时序序号	时间(s)	X振动(INT)	Y振动(INT)	Z振动(INT)
1	0.0000	-102	13	-44
2	0.0001	-102	19	-38
3	0.0002	-93	18	-44
4	0.0003	-93	18	-57
5	0.0004	-96	16	-54
6	0.0005	-104	16	-42
7	0.0006	-101	11	-49
8	0.0007	-97	5	-51
9	0.0008	-97	7	-58
10	0.0009	-104	13	-55
11	0.0010	-106	15	-50
12	0.0011	-98	18	-53
13	0.0012	-91	15	-55
14	0.0013	-88	14	-57
15	0.0014	-96	10	-51
16	0.0015	-102	13	-46
17	0.0016	-101	19	-50
18	0.0017	-96	14	-51
19	0.0018	-91	16	-50
20	0.0019	-93	15	-50
21	0.0020	-98	10	-44
22	0.0021	-94	13	-42
23	0.0022	-92	13	-47
24	0.0023	-93	14	-47
25	0.0024	-98	14	-44
26	0.0025	-101	19	-46
27	0.0026	-102	20	-49
28	0.0027	-100	7	-51
29	0.0028	-97	9	-53
30	0.0029	-100	15	-50
31	0.0030	-105	13	-38
32	0.0031	-100	19	-41
33	0.0032	-94	15	-46
34	0.0033	-89	13	-57
35	0.0034	-96	13	-57
36	0.0035	-105	14	-50
37	0.0036	-105	13	-44
38	0.0037	-97	6	-50
39	0.0038	-93	13	-58
40	0.0039	-101	9	-57
41	0.0040	-104	9	-45
42	0.0041	-98	14	-46
43	0.0042	-96	9	-53
44	0.0043	-96	11	-50
45	0.0044	-105	13	-54
46	0.0045	-108	10	-44
47	0.0046	-104	15	-46
48	0.0047	-93	16	-50
49	0.0048	-96	18	-54
50	0.0049	-102	14	-50
51	0.0050	-110	7	-44
52	0.0051	-98	10	-44
53	0.0052	-91	10	-51
54	0.0053	-93	13	-51
55	0.0054	-98	14	-50
56	0.0055	-111	14	-46
57	0.0056	-110	11	-40
58	0.0057	-96	7	-55
59	0.0058	-93	11	-58
60	0.0059	-96	13	-49
61	0.0060	-108	11	-37
62	0.0061	-111	13	-42
63	0.0062	-91	14	-54
64	0.0063	-85	14	-61
65	0.0064	-93	16	-58
66	0.0065	-108	14	-47
67	0.0066	-105	13	-50
68	0.0067	-92	11	-59
69	0.0068	-89	13	-62
70	0.0069	-98	18	-53
71	0.0070	-111	15	-50
72	0.0071	-104	18	-51
73	0.0072	-88	14	-59
74	0.0073	-91	15	-62
75	0.0074	-102	16	-49
76	0.0075	-110	15	-46
77	0.0076	-109	13	-49
78	0.0077	-93	14	-54
79	0.0078	-96	11	-57
80	0.0079	-109	10	-53
81	0.0080	-109	11	-49
82	0.0081	-105	13	-50
83	0.0082	-98	11	-51
84	0.0083	-102	9	-46
85	0.0084	-101	11	-51
86	0.0085	-106	5	-51
87	0.0086	-104	10	-47
88	0.0087	-100	5	-46
89	0.0088	-98	6	-50
90	0.0089	-101	6	-55
91	0.0090	-105	9	-47
92	0.0091	-98	10	-51
93	0.0092	-93	9	-51
94	0.0093	-102	7	-50
95	0.0094	-100	11	-51
96	0.0095	-105	9	-47
97	0.0096	-105	9	-47
98	0.0097	-104	6	-46
99	0.0098	-105	5	-53
100	0.0099	-102	15	-51

电流增量数据 [1000Hz, 10点]
采样序号	时间(s)	A相电流(INT)	B相电流(INT)	C相电流(INT)
1	0.000	-6	-2208	-58
2	0.001	-115	286	-34
3	0.002	55	-922	147
4	0.003	-12	1059	-94
5	0.004	-100	-192	0
6	0.005	102	1089	12
7	0.006	-71	218	-93
8	0.007	47	-556	111
9	0.008	151	-322	84
10	0.009	104	-128	120
================================================================================

=== 采集时间: 2025-12-16 11:03:22 (增量周期: 10.0ms) ===
振动增量数据 [等效10000Hz, 100点]
时序序号	时间(s)	X振动(INT)	Y振动(INT)	Z振动(INT)
1	0.0000	-234	-59	-12
2	0.0001	-12	95	-156
3	0.0002	-228	16	157
4	0.0003	-168	-134	78
5	0.0004	-24	44	-237
6	0.0005	-185	95	106
7	0.0006	-168	-10	125
8	0.0007	100	164	-273
9	0.0008	-246	-161	96
10	0.0009	-41	-55	-32
11	0.0010	117	141	-277
12	0.0011	-272	-20	160
13	0.0012	-241	40	-34
14	0.0013	142	20	-351
15	0.0014	-470	-33	339
16	0.0015	-380	-118	327
17	0.0016	289	282	-632
18	0.0017	-170	60	-59
19	0.0018	-293	-61	311
20	0.0019	156	232	-260
21	0.0020	3	64	-75
22	0.0021	-340	-326	183
23	0.0022	109	128	-244
24	0.0023	-323	24	206
25	0.0024	-217	-176	27
26	0.0025	19	408	-314
27	0.0026	-188	-87	173
28	0.0027	-360	-134	193
29	0.0028	211	459	-350
30	0.0029	39	133	-140
31	0.0030	-388	-493	211
32	0.0031	268	291	-375
33	0.0032	56	197	-97
34	0.0033	-459	-374	182
35	0.0034	-55	222	140
36	0.0035	297	270	-526
37	0.0036	-289	-311	-24
38	0.0037	-185	-104	253
39	0.0038	236	235	-345
40	0.0039	-181	-27	-290
41	0.0040	-307	-33	272
42	0.0041	172	48	-178
43	0.0042	-318	-16	-380
44	0.0043	-486	-378	827
45	0.0044	87	274	-312
46	0.0045	-186	26	-397
47	0.0046	-404	-331	288
48	0.0047	48	228	-243
49	0.0048	156	175	-94
50	0.0049	-335	-266	202
51	0.0050	248	215	-342
52	0.0051	312	267	-444
53	0.0052	-473	-374	370
54	0.0053	61	-75	-212
55	0.0054	139	414	-315
56	0.0055	-537	-374	276
57	0.0056	-135	-42	142
58	0.0057	202	333	-560
59	0.0058	-324	-334	220
60	0.0059	-328	-311	91
61	0.0060	-182	-136	127
62	0.0061	173	225	-218
63	0.0062	-131	64	-36
64	0.0063	-217	-190	187
65	0.0064	-10	-16	-192
66	0.0065	-45	195	-87
67	0.0066	-217	-63	185
68	0.0067	-260	-44	40
69	0.0068	203	282	-415
70	0.0069	-503	-106	568
71	0.0070	130	137	-405
72	0.0071	138	116	-256
73	0.0072	-310	-160	251
74	0.0073	114	228	-264
75	0.0074	-14	77	-169
76	0.0075	-275	-289	156
77	0.0076	-119	-54	-46
78	0.0077	9	173	-158
79	0.0078	-242	-207	37
80	0.0079	-185	-33	-28
81	0.0080	-17	202	-137
82	0.0081	-323	-216	31
83	0.0082	-126	24	43
84	0.0083	118	347	-207
85	0.0084	-262	-230	6
86	0.0085	-186	-117	22
87	0.0086	197	335	-230
88	0.0087	-341	-168	142
89	0.0088	-241	-195	27
90	0.0089	212	359	-225
91	0.0090	-186	-161	5
92	0.0091	-242	-164	7
93	0.0092	9	246	-186
94	0.0093	-182	-106	44
95	0.0094	-284	-89	105
96	0.0095	168	326	-274
97	0.0096	96	-23	-457
98	0.0097	-653	-336	380
99	0.0098	-32	225	186
100	0.0099	159	263	-530

电流增量数据 [1000Hz, 10点]
采样序号	时间(s)	A相电流(INT)	B相电流(INT)	C相电流(INT)
1	0.000	-536	416	945
2	0.001	-57	-939	990
3	0.002	-1020	901	1135
4	0.003	-1291	1101	928
5	0.004	-782	88	10
6	0.005	316	588	-1164
7	0.006	1640	108	-2386
8	0.007	2192	1523	-735
9	0.008	1489	-1173	13
10	0.009	767	-776	1307
================================================================================

=== 采集时间: 2025-12-16 11:03:22 (增量周期: 10.0ms) ===
振动增量数据 [等效10000Hz, 100点]
时序序号	时间(s)	X振动(INT)	Y振动(INT)	Z振动(INT)
1	0.0000	-243	-155	14
2	0.0001	-94	-42	-20
3	0.0002	-63	87	15
4	0.0003	-188	-113	-6
5	0.0004	-126	-51	-170
6	0.0005	146	186	-177
7	0.0006	-296	-95	108
8	0.0007	-25	-34	-80
9	0.0008	95	227	-394
10	0.0009	-370	-195	331
11	0.0010	-271	-2	122
12	0.0011	-114	169	-31
13	0.0012	-221	-79	27
14	0.0013	-36	57	-169
15	0.0014	155	169	-114
16	0.0015	190	39	-225
17	0.0016	-106	73	-492
18	0.0017	-520	-242	810
19	0.0018	-79	-179	-149
20	0.0019	-27	282	-528
21	0.0020	-593	-339	624
22	0.0021	-286	-27	-70
23	0.0022	169	559	-344
24	0.0023	-339	-267	246
25	0.0024	-28	-177	-53
26	0.0025	494	688	-541
27	0.0026	-305	-220	260
28	0.0027	-238	-245	-19
29	0.0028	394	458	-331
30	0.0029	-309	-250	100
31	0.0030	-469	-472	113
32	0.0031	174	472	-196
33	0.0032	-173	-21	22
34	0.0033	-226	-203	-151
35	0.0034	155	361	-196
36	0.0035	-58	-42	49
37	0.0036	-127	-225	-121
38	0.0037	95	240	-130
39	0.0038	-128	-11	9
40	0.0039	-252	-37	-42
41	0.0040	-155	35	173
42	0.0041	-221	-131	13
43	0.0042	-40	-7	-250
44	0.0043	253	323	-195
45	0.0044	-245	-108	-166
46	0.0045	-320	-159	337
47	0.0046	176	146	-132
48	0.0047	-6	56	-392
49	0.0048	-380	-217	290
50	0.0049	-97	225	-58
51	0.0050	-168	66	15
52	0.0051	-252	-159	-21
53	0.0052	45	100	18
54	0.0053	-15	-16	-203
55	0.0054	27	97	-218
56	0.0055	-160	44	53
57	0.0056	-219	124	44
58	0.0057	-14	-4	-170
59	0.0058	-21	-160	-64
60	0.0059	-27	-11	-169
61	0.0060	-299	-101	86
62	0.0061	-36	171	-49
63	0.0062	-220	75	-2
64	0.0063	-211	-217	50
65	0.0064	-4	-10	-59
66	0.0065	56	103	-160
67	0.0066	-181	-78	-105
68	0.0067	-158	112	-29
69	0.0068	-164	66	2
70	0.0069	-204	-155	-46
71	0.0070	124	168	-147
72	0.0071	140	41	-303
73	0.0072	-538	-149	152
74	0.0073	-212	-79	243
75	0.0074	231	207	-593
76	0.0075	-213	-28	63
77	0.0076	-403	-337	343
78	0.0077	232	423	-367
79	0.0078	-232	39	45
80	0.0079	-395	-322	173
81	0.0080	203	180	-439
82	0.0081	5	33	-85
83	0.0082	-339	-104	152
84	0.0083	28	246	-199
85	0.0084	-96	43	-34
86	0.0085	-409	-273	105
87	0.0086	108	197	-169
88	0.0087	-105	-12	-40
89	0.0088	-297	-280	27
90	0.0089	48	295	-145
91	0.0090	-164	61	10
92	0.0091	-293	-336	73
93	0.0092	56	137	-97
94	0.0093	39	180	-63
95	0.0094	-209	-208	-111
96	0.0095	-113	96	-36
97	0.0096	-141	65	-57
98	0.0097	-185	-67	-14
99	0.0098	-75	78	-121
100	0.0099	13	28	-107

电流增量数据 [1000Hz, 10点]
采样序号	时间(s)	A相电流(INT)	B相电流(INT)	C相电流(INT)
1	0.000	-726	911	398
2	0.001	-899	1936	303
3	0.002	-105	68	-799
4	0.003	-248	1490	-1363
5	0.004	752	-295	-1346
6	0.005	1201	2641	-666
7	0.006	427	133	-104
8	0.007	-253	256	824
9	0.008	-918	-31	1183
10	0.009	-1276	1631	479
================================================================================

=== 采集时间: 2025-12-16 11:03:22 (增量周期: 10.0ms) ===
振动增量数据 [等效10000Hz, 100点]
时序序号	时间(s)	X振动(INT)	Y振动(INT)	Z振动(INT)
1	0.0000	-420	-343	245
2	0.0001	-162	-53	60
3	0.0002	198	296	-368
4	0.0003	-314	-287	-27
5	0.0004	-284	-48	159
6	0.0005	36	286	-213
7	0.0006	-252	-203	48
8	0.0007	-235	-140	130
9	0.0008	133	291	-123
10	0.0009	-81	-15	-122
11	0.0010	-383	-121	190
12	0.0011	50	242	-126
13	0.0012	-135	37	-175
14	0.0013	-188	-135	106
15	0.0014	36	231	15
16	0.0015	161	88	-520
17	0.0016	-285	-186	28
18	0.0017	-165	-42	336
19	0.0018	168	331	-644
20	0.0019	-333	-394	190
21	0.0020	-241	-80	186
22	0.0021	31	150	-306
23	0.0022	-542	-195	340
24	0.0023	-267	-195	96
25	0.0024	121	303	-345
26	0.0025	-293	-91	97
27	0.0026	-216	-40	-16
28	0.0027	108	374	-235
29	0.0028	-221	-88	103
30	0.0029	-175	-224	-8
31	0.0030	291	387	-338
32	0.0031	-152	-65	-58
33	0.0032	-405	-281	290
34	0.0033	147	207	-209
35	0.0034	3	2	-102
36	0.0035	-382	-193	30
37	0.0036	-29	100	-19
38	0.0037	1	239	-135
39	0.0038	-290	-242	6
40	0.0039	-7	107	-76
41	0.0040	5	258	-67
42	0.0041	-105	-96	-244
43	0.0042	-361	-40	330
44	0.0043	113	43	-191
45	0.0044	-59	223	-384
46	0.0045	-229	-360	374
47	0.0046	2	300	-238
48	0.0047	-141	-58	43
49	0.0048	-246	-79	-23
50	0.0049	-3	182	-27
51	0.0050	-183	27	-70
52	0.0051	-119	-114	-17
53	0.0052	-58	43	-134
54	0.0053	35	152	-123
55	0.0054	-303	-70	40
56	0.0055	60	128	-25
57	0.0056	-2	239	-230
58	0.0057	-194	-195	183
59	0.0058	66	113	-192
60	0.0059	-44	20	-124
61	0.0060	-78	-95	-122
62	0.0061	-59	126	-72
63	0.0062	-110	92	36
64	0.0063	-220	-182	58
65	0.0064	50	201	-199
66	0.0065	-255	-29	221
67	0.0066	-242	3	-4
68	0.0067	118	142	-137
69	0.0068	-64	57	-191
70	0.0069	-94	-59	26
71	0.0070	114	265	-435
72	0.0071	-405	-240	440
73	0.0072	0	33	-74
74	0.0073	99	108	-397
75	0.0074	-292	-293	153
76	0.0075	-316	-63	49
77	0.0076	155	350	-143
78	0.0077	-130	-16	-68
79	0.0078	-130	-132	-10
80	0.0079	33	178	-106
81	0.0080	16	74	-151
82	0.0081	-328	-253	-76
83	0.0082	-50	222	-62
84	0.0083	0	-4	-201
85	0.0084	-356	-173	71
86	0.0085	-177	73	189
87	0.0086	-125	-37	-46
88	0.0087	-106	-38	-84
89	0.0088	-27	146	-145
90	0.0089	2	66	-151
91	0.0090	-205	71	48
92	0.0091	13	3	-10
93	0.0092	-17	41	-105
94	0.0093	-170	-110	-15
95	0.0094	-122	39	-93
96	0.0095	-162	-24	-183
97	0.0096	-79	-53	-162
98	0.0097	-451	-34	513
99	0.0098	322	203	-674
100	0.0099	-267	30	93

电流增量数据 [1000Hz, 10点]
采样序号	时间(s)	A相电流(INT)	B相电流(INT)	C相电流(INT)
1	0.000	-933	1099	837
2	0.001	-832	1407	51
3	0.002	-613	1442	-276
4	0.003	-373	687	-86
5	0.004	-154	355	-835
6	0.005	1043	1658	-980
7	0.006	1476	-103	-203
8	0.007	208	-974	1396
9	0.008	-187	-3407	1421
10	0.009	-424	-680	882
================================================================================

=== 采集时间: 2025-12-16 11:03:23 (增量周期: 10.0ms) ===
振动增量数据 [等效10000Hz, 100点]
时序序号	时间(s)	X振动(INT)	Y振动(INT)	Z振动(INT)
1	0.0000	20	242	-246
2	0.0001	95	-67	-188
3	0.0002	-559	-147	287
4	0.0003	-199	158	437
5	0.0004	66	107	-474
6	0.0005	-196	-143	-6
7	0.0006	-239	233	196
8	0.0007	26	71	-29
9	0.0008	33	77	-381
10	0.0009	-25	101	110
11	0.0010	-3	-65	-115
12	0.0011	-41	-117	-119
13	0.0012	-204	118	185
14	0.0013	-113	-38	-166
15	0.0014	-211	-114	-28
16	0.0015	-221	121	99
17	0.0016	-41	100	-92
18	0.0017	-156	-48	-123
19	0.0018	-41	-28	-2
20	0.0019	-15	28	-182
21	0.0020	-84	109	-197
22	0.0021	-251	-59	266
23	0.0022	26	-14	-153
24	0.0023	-32	45	-183
25	0.0024	-158	43	116
26	0.0025	-135	-12	-54
27	0.0026	-106	-144	-10
28	0.0027	74	219	-295
29	0.0028	-119	-16	32
30	0.0029	22	-152	-230
31	0.0030	-542	11	138
32	0.0031	-365	-131	679
33	0.0032	356	214	-988
34	0.0033	-303	-174	113
35	0.0034	-396	-50	352
36	0.0035	270	373	-466
37	0.0036	-123	37	133
38	0.0037	-313	-301	206
39	0.0038	180	194	-414
40	0.0039	26	54	-20
41	0.0040	70	403	-174
42	0.0041	-190	-242	-76
43	0.0042	-216	-32	101
44	0.0043	131	242	-200
45	0.0044	-139	-221	-46
46	0.0045	-153	18	-29
47	0.0046	160	318	-173
48	0.0047	-407	-229	151
49	0.0048	-168	-106	37
50	0.0049	214	164	-207
51	0.0050	-134	66	-76
52	0.0051	-215	-29	-40
53	0.0052	-51	91	-38
54	0.0053	-151	-49	-66
55	0.0054	-177	-138	143
56	0.0055	-2	99	-170
57	0.0056	36	101	-211
58	0.0057	-520	-42	373
59	0.0058	139	155	-233
60	0.0059	339	208	-681
61	0.0060	-209	-194	253
62	0.0061	-19	27	-84
63	0.0062	73	143	-183
64	0.0063	-306	-170	71
65	0.0064	-215	-135	108
66	0.0065	-45	78	-273
67	0.0066	-33	-134	-64
68	0.0067	-174	-63	-14
69	0.0068	-100	275	6
70	0.0069	-83	-53	-98
71	0.0070	-164	9	-123
72	0.0071	-16	95	-53
73	0.0072	-68	-49	13
74	0.0073	-121	16	-68
75	0.0074	69	197	-157
76	0.0075	-284	-72	49
77	0.0076	-194	-224	6
78	0.0077	24	190	-51
79	0.0078	-239	-72	193
80	0.0079	31	50	-229
81	0.0080	-132	125	-62
82	0.0081	-138	-119	7
83	0.0082	3	212	-156
84	0.0083	-140	95	-2
85	0.0084	-58	-92	-50
86	0.0085	-215	23	-53
87	0.0086	-131	-40	163
88	0.0087	-200	-24	-100
89	0.0088	-209	-2	142
90	0.0089	-21	142	-151
91	0.0090	-147	40	74
92	0.0091	-54	32	-74
93	0.0092	-75	-29	24
94	0.0093	-190	-79	-11
95	0.0094	133	118	-181
96	0.0095	-111	75	-76
97	0.0096	-204	-16	-55
98	0.0097	-140	66	31
99	0.0098	-130	36	-46
100	0.0099	-68	-88	-101

电流增量数据 [1000Hz, 10点]
采样序号	时间(s)	A相电流(INT)	B相电流(INT)	C相电流(INT)
1	0.000	239	1474	-597
2	0.001	-339	2001	-639
3	0.002	811	-1120	-426
4	0.003	1225	-1365	-199
5	0.004	1018	-1252	20
6	0.005	550	1484	504
7	0.006	50	327	614
8	0.007	-951	936	607
9	0.008	-929	1593	-128
10	0.009	-267	1487	-466
================================================================================

=== 采集时间: 2025-12-16 11:03:23 (增量周期: 10.0ms) ===
振动增量数据 [等效10000Hz, 100点]
时序序号	时间(s)	X振动(INT)	Y振动(INT)	Z振动(INT)
1	0.0000	-243	-352	247
2	0.0001	221	391	-276
3	0.0002	140	96	-354
4	0.0003	-846	-398	680
5	0.0004	-202	256	173
6	0.0005	389	293	-868
7	0.0006	-376	-475	371
8	0.0007	33	195	-28
9	0.0008	261	535	-358
10	0.0009	-500	-306	339
11	0.0010	-232	-132	200
12	0.0011	310	225	-483
13	0.0012	-232	-378	24
14	0.0013	-327	-114	301
15	0.0014	-168	340	-136
16	0.0015	-465	-117	101
17	0.0016	-177	-25	113
18	0.0017	236	380	-325
19	0.0018	39	-134	-59
20	0.0019	-93	47	-12
21	0.0020	258	429	-118
22	0.0021	-32	-48	-200
23	0.0022	-553	-366	386
24	0.0023	203	151	-252
25	0.0024	101	177	-244
26	0.0025	-258	-168	143
27	0.0026	-16	146	-121
28	0.0027	-281	-46	121
29	0.0028	-319	-216	40
30	0.0029	91	250	-145
31	0.0030	-42	-78	-81
32	0.0031	-507	-123	230
33	0.0032	65	269	-93
34	0.0033	131	-114	-378
35	0.0034	-138	-195	-204
36	0.0035	-181	266	331
37	0.0036	-14	77	-104
38	0.0037	-106	-113	-132
39	0.0038	-273	-304	270
40	0.0039	30	159	-331
41	0.0040	-145	82	-94
42	0.0041	-232	80	44
43	0.0042	-47	97	114
44	0.0043	32	9	-246
45	0.0044	46	50	2
46	0.0045	-149	39	-188
47	0.0046	-405	-223	370
48	0.0047	-233	116	-248
49	0.0048	99	178	-186
50	0.0049	-279	-270	150
51	0.0050	-72	-109	-106
52	0.0051	281	270	-139
53	0.0052	62	69	-111
54	0.0053	-215	-176	2
55	0.0054	-152	96	-32
56	0.0055	-162	-75	-4
57	0.0056	-360	-162	109
58	0.0057	-101	-20	-25
59	0.0058	-47	71	-182
60	0.0059	-571	-109	305
61	0.0060	33	-217	-110
62	0.0061	3	163	-267
63	0.0062	-237	69	242
64	0.0063	-126	27	-190
65	0.0064	-98	97	28
66	0.0065	-266	-29	-140
67	0.0066	-51	9	-32
68	0.0067	268	257	-312
69	0.0068	-208	-208	-61
70	0.0069	-403	61	255
71	0.0070	-168	161	-76
72	0.0071	-11	-14	-173
73	0.0072	-169	-212	84
74	0.0073	116	261	-80
75	0.0074	-8	171	-197
76	0.0075	-341	-161	228
77	0.0076	-215	-75	204
78	0.0077	114	203	-389
79	0.0078	-44	-142	-136
80	0.0079	-87	6	-14
81	0.0080	-102	330	-46
82	0.0081	-344	-83	88
83	0.0082	-125	-17	-74
84	0.0083	31	-6	-136
85	0.0084	-79	10	-25
86	0.0085	-106	114	-50
87	0.0086	-162	188	120
88	0.0087	84	-12	-432
89	0.0088	14	-255	-64
90	0.0089	87	-63	-66
91	0.0090	-15	180	-124
92	0.0091	-464	-246	323
93	0.0092	-152	131	-151
94	0.0093	-100	44	-51
95	0.0094	-249	-181	-37
96	0.0095	6	144	58
97	0.0096	-41	228	-100
98	0.0097	-134	-33	91
99	0.0098	-8	58	-178
100	0.0099	139	53	-124

电流增量数据 [1000Hz, 10点]
采样序号	时间(s)	A相电流(INT)	B相电流(INT)	C相电流(INT)
1	0.000	-851	2334	-50
2	0.001	-28	1164	-811
3	0.002	883	1078	-780
4	0.003	791	-217	-452
5	0.004	472	-66	-244
6	0.005	916	-1897	196
7	0.006	130	698	476
8	0.007	-1765	996	1753
9	0.008	-2377	2292	1036
10	0.009	-995	-348	24
================================================================================

=== 采集时间: 2025-12-16 11:03:23 (增量周期: 10.0ms) ===
振动增量数据 [等效10000Hz, 100点]
时序序号	时间(s)	X振动(INT)	Y振动(INT)	Z振动(INT)
1	0.0000	-94	-29	54
2	0.0001	61	69	-49
3	0.0002	-139	150	-593
4	0.0003	-547	-357	639
5	0.0004	66	231	-282
6	0.0005	-25	216	-254
7	0.0006	-517	-279	384
8	0.0007	-202	45	-96
9	0.0008	65	348	-230
10	0.0009	-256	-102	113
11	0.0010	-80	-109	-24
12	0.0011	257	316	-203
13	0.0012	-38	-40	-114
14	0.0013	-211	-241	245
15	0.0014	228	437	-332
16	0.0015	-264	-194	-143
17	0.0016	-237	-203	219
18	0.0017	250	272	-394
19	0.0018	-126	146	-74
20	0.0019	-374	-220	202
21	0.0020	169	309	-301
22	0.0021	-51	39	5
23	0.0022	-305	-194	203
24	0.0023	295	299	-207
25	0.0024	40	178	-201
26	0.0025	-378	-494	74
27	0.0026	-27	232	-36
28	0.0027	-44	207	-98
29	0.0028	-395	-394	1
30	0.0029	-313	10	412
31	0.0030	577	453	-732
32	0.0031	-268	-285	-173
33	0.0032	-282	-53	290
34	0.0033	381	549	-378
35	0.0034	-81	-155	-153
36	0.0035	-115	-87	100
37	0.0036	126	169	22
38	0.0037	-272	69	-177
39	0.0038	-375	-438	237
40	0.0039	-156	50	-106
41	0.0040	100	235	-61
42	0.0041	-426	-198	48
43	0.0042	-58	248	-33
44	0.0043	-24	77	-92
45	0.0044	-188	-217	-55
46	0.0045	148	176	-191
47	0.0046	-23	61	-84
48	0.0047	-264	-314	166
49	0.0048	-191	75	-148
50	0.0049	-100	109	106
51	0.0050	-211	-71	-23
52	0.0051	24	49	-136
53	0.0052	125	163	-264
54	0.0053	-119	19	-171
55	0.0054	-182	94	56
56	0.0055	-72	163	-10
57	0.0056	19	-101	-359
58	0.0057	-306	-122	250
59	0.0058	133	206	-272
60	0.0059	-277	-88	-248
61	0.0060	-89	-182	0
62	0.0061	-190	-121	253
63	0.0062	-29	113	-290
64	0.0063	-447	-229	136
65	0.0064	-279	-24	28
66	0.0065	7	82	-130
67	0.0066	-97	27	-136
68	0.0067	-96	-66	123
69	0.0068	140	171	-307
70	0.0069	-91	126	-106
71	0.0070	-179	-29	118
72	0.0071	-102	-50	-72
73	0.0072	-212	-126	31
74	0.0073	-247	-75	-25
75	0.0074	-175	194	-41
76	0.0075	-293	-96	76
77	0.0076	-96	-75	28
78	0.0077	114	194	-227
79	0.0078	-83	148	-80
80	0.0079	-429	-164	113
81	0.0080	-94	97	217
82	0.0081	-27	-81	-443
83	0.0082	-199	-46	-55
84	0.0083	-384	-211	224
85	0.0084	-379	222	363
86	0.0085	63	275	-351
87	0.0086	-158	-340	142
88	0.0087	-27	80	-213
89	0.0088	92	225	-151
90	0.0089	-27	39	-50
91	0.0090	15	142	-45
92	0.0091	-93	-119	-85
93	0.0092	-208	-40	-62
94	0.0093	-126	169	169
95	0.0094	-94	90	-154
96	0.0095	-234	-178	-20
97	0.0096	-194	82	67
98	0.0097	-80	117	-19
99	0.0098	-104	-268	-160
100	0.0099	-187	75	91

电流增量数据 [1000Hz, 10点]
采样序号	时间(s)	A相电流(INT)	B相电流(INT)	C相电流(INT)
1	0.000	-1330	84	1183
2	0.001	-995	1225	-110
3	0.002	27	2386	-581
4	0.003	-155	2476	-520
5	0.004	450	177	-87
6	0.005	821	951	-95
7	0.006	530	-810	276
8	0.007	275	-185	570
9	0.008	-231	-965	707
10	0.009	-1011	1814	927
================================================================================

=== 采集时间: 2025-12-16 11:03:24 (增量周期: 10.0ms) ===
振动增量数据 [等效10000Hz, 100点]
时序序号	时间(s)	X振动(INT)	Y振动(INT)	Z振动(INT)
1	0.0000	-141	-25	76
2	0.0001	-345	-247	97
3	0.0002	191	322	-396
4	0.0003	-74	143	74
5	0.0004	-390	-194	309
6	0.0005	171	279	-372
7	0.0006	197	128	-126
8	0.0007	-324	-365	-101
9	0.0008	-139	6	133
10	0.0009	-153	-21	-77
11	0.0010	-339	-143	41
12	0.0011	-24	128	27
13	0.0012	-123	60	-589
14	0.0013	-503	-243	566
15	0.0014	27	62	-115
16	0.0015	30	339	-341
17	0.0016	-503	-287	267
18	0.0017	45	141	-164
19	0.0018	280	433	-423
20	0.0019	-456	-253	275
21	0.0020	-64	-59	-12
22	0.0021	201	242	-461
23	0.0022	-414	-29	166
24	0.0023	-115	-332	76
25	0.0024	201	272	-389
26	0.0025	-235	-209	23
27	0.0026	-157	-71	-8
28	0.0027	250	330	-211
29	0.0028	-63	-225	-212
30	0.0029	-194	-200	74
31	0.0030	96	344	-229
32	0.0031	-111	-23	49
33	0.0032	-352	-322	18
34	0.0033	301	444	-239
35	0.0034	-119	-20	-66
36	0.0035	-353	-313	155
37	0.0036	46	214	-37
38	0.0037	-228	96	-79
39	0.0038	-380	-209	65
40	0.0039	134	189	-192
41	0.0040	-102	-29	-195
42	0.0041	-306	-276	211
43	0.0042	108	178	-132
44	0.0043	-256	168	-34
45	0.0044	-277	-217	169
46	0.0045	22	74	-131
47	0.0046	-202	54	83
48	0.0047	-106	86	-114
49	0.0048	27	-41	-165
50	0.0049	-63	45	2
51	0.0050	-31	84	-144
52	0.0051	0	152	-208
53	0.0052	-122	-186	88
54	0.0053	-199	116	-87
55	0.0054	-84	60	-25
56	0.0055	-156	13	-62
57	0.0056	-165	-2	-17
58	0.0057	-100	80	37
59	0.0058	-122	-34	-126
60	0.0059	-28	-2	-127
61	0.0060	-407	-257	148
62	0.0061	-76	122	121
63	0.0062	-168	14	44
64	0.0063	-117	-20	-102
65	0.0064	-254	73	163
66	0.0065	-322	92	203
67	0.0066	-51	-2	-179
68	0.0067	-215	37	31
69	0.0068	-33	0	-55
70	0.0069	110	253	-383
71	0.0070	-125	-185	-24
72	0.0071	52	231	-179
73	0.0072	61	117	-130
74	0.0073	-92	-179	31
75	0.0074	-284	-196	194
76	0.0075	-175	73	-141
77	0.0076	70	80	-145
78	0.0077	-208	-15	44
79	0.0078	-119	142	-71
80	0.0079	-153	-46	87
81	0.0080	-114	5	-50
82	0.0081	53	64	-237
83	0.0082	-192	-81	63
84	0.0083	-200	86	-8
85	0.0084	120	134	-233
86	0.0085	-229	-164	78
87	0.0086	-59	-144	-141
88	0.0087	-76	327	1
89	0.0088	-194	-213	83
90	0.0089	-15	54	-269
91	0.0090	18	-45	53
92	0.0091	-4	13	-200
93	0.0092	-92	116	-15
94	0.0093	-166	69	105
95	0.0094	-8	-102	-61
96	0.0095	-255	-174	20
97	0.0096	-27	301	-235
98	0.0097	-188	-102	9
99	0.0098	-96	-67	95
100	0.0099	32	83	-77

电流增量数据 [1000Hz, 10点]
采样序号	时间(s)	A相电流(INT)	B相电流(INT)	C相电流(INT)
1	0.000	-733	1709	60
2	0.001	101	-122	-544
3	0.002	-118	769	-921
4	0.003	645	20	-1068
5	0.004	1172	1081	-1290
6	0.005	1179	1268	-44
7	0.006	240	-319	485
8	0.007	-52	1377	875
9	0.008	-651	-71	939
10	0.009	-1297	729	1057
================================================================================

=== 采集时间: 2025-12-16 11:03:24 (增量周期: 10.0ms) ===
振动增量数据 [等效10000Hz, 100点]
时序序号	时间(s)	X振动(INT)	Y振动(INT)	Z振动(INT)
1	0.0000	-379	-195	382
2	0.0001	447	308	-441
3	0.0002	-199	78	-152
4	0.0003	-259	-187	421
5	0.0004	199	271	-338
6	0.0005	178	172	-255
7	0.0006	-575	-462	233
8	0.0007	-34	195	-38
9	0.0008	116	363	-226
10	0.0009	-366	-354	16
11	0.0010	-2	144	-25
12	0.0011	62	304	-218
13	0.0012	-211	-182	-178
14	0.0013	-279	-165	199
15	0.0014	173	306	-61
16	0.0015	-131	-219	-127
17	0.0016	-215	-243	105
18	0.0017	-40	263	2
19	0.0018	-285	3	52
20	0.0019	-341	-349	16
21	0.0020	155	274	-216
22	0.0021	2	288	-2
23	0.0022	-489	-353	105
24	0.0023	10	323	-33
25	0.0024	-68	171	-110
26	0.0025	-173	-230	-50
27	0.0026	292	19	-318
28	0.0027	-310	13	53
29	0.0028	-388	-284	429
30	0.0029	-165	-108	52
31	0.0030	69	203	-213
32	0.0031	-232	-209	153
33	0.0032	-62	40	-153
34	0.0033	3	312	-72
35	0.0034	-413	-183	23
36	0.0035	-84	99	-62
37	0.0036	28	222	-94
38	0.0037	-194	-98	-15
39	0.0038	-292	-140	92
40	0.0039	197	300	-303
41	0.0040	-179	-126	-70
42	0.0041	-349	-336	305
43	0.0042	208	351	-304
44	0.0043	-138	26	49
45	0.0044	-293	-200	249
46	0.0045	41	138	-195
47	0.0046	57	139	-209
48	0.0047	-314	-264	74
49	0.0048	40	346	-192
50	0.0049	57	195	-88
51	0.0050	-182	175	-40
52	0.0051	-186	-51	287
53	0.0052	-177	-224	6
54	0.0053	224	343	-458
55	0.0054	-417	-118	618
56	0.0055	35	-145	-424
57	0.0056	361	397	-605
58	0.0057	103	-71	174
59	0.0058	43	50	-203
60	0.0059	-66	-50	-106
61	0.0060	-242	-19	58
62	0.0061	-290	-306	-15
63	0.0062	-118	165	-181
64	0.0063	-395	-79	303
65	0.0064	-286	-106	118
66	0.0065	215	404	-558
67	0.0066	-91	-71	92
68	0.0067	97	-144	-148
69	0.0068	377	360	-440
70	0.0069	-306	-321	275
71	0.0070	-228	-117	1
72	0.0071	142	291	-248
73	0.0072	-235	-186	-36
74	0.0073	-228	-208	-49
75	0.0074	26	301	-58
76	0.0075	-123	-164	-29
77	0.0076	-155	-2	-181
78	0.0077	-47	347	103
79	0.0078	-212	-178	-72
80	0.0079	-272	-187	148
81	0.0080	345	352	-267
82	0.0081	82	-57	-234
83	0.0082	-575	-203	497
84	0.0083	332	420	-375
85	0.0084	-170	23	-291
86	0.0085	-111	-289	58
87	0.0086	62	314	-21
88	0.0087	18	-37	-216
89	0.0088	-249	-349	-19
90	0.0089	-238	-33	113
91	0.0090	96	284	-119
92	0.0091	-160	-268	-234
93	0.0092	-447	-44	198
94	0.0093	203	282	-208
95	0.0094	-144	2	-271
96	0.0095	-235	-166	216
97	0.0096	-157	240	-102
98	0.0097	-16	40	-94
99	0.0098	135	47	-244
100	0.0099	100	74	-110

电流增量数据 [1000Hz, 10点]
采样序号	时间(s)	A相电流(INT)	B相电流(INT)	C相电流(INT)
1	0.000	-1622	-260	2411
2	0.001	-1252	45	1147
3	0.002	-890	-1638	1049
4	0.003	-1029	2705	-920
5	0.004	-148	203	-1648
6	0.005	-345	1477	-480
7	0.006	-419	829	-122
8	0.007	-326	1728	-544
9	0.008	391	-697	-470
10	0.009	882	-462	-977
================================================================================

=== 采集时间: 2025-12-16 11:03:24 (增量周期: 10.0ms) ===
振动增量数据 [等效10000Hz, 100点]
时序序号	时间(s)	X振动(INT)	Y振动(INT)	Z振动(INT)
1	0.0000	107	384	-70
2	0.0001	-531	-395	79
3	0.0002	322	280	-98
4	0.0003	161	77	-115
5	0.0004	-81	-187	31
6	0.0005	-249	-263	130
7	0.0006	-130	168	61
8	0.0007	-212	-155	-178
9	0.0008	-884	-503	666
10	0.0009	-46	495	-110
11	0.0010	69	47	-376
12	0.0011	-388	-159	277
13	0.0012	424	252	-331
14	0.0013	265	560	-681
15	0.0014	-435	-507	756
16	0.0015	74	351	-318
17	0.0016	-117	54	-122
18	0.0017	-549	-392	413
19	0.0018	-109	91	-121
20	0.0019	2	118	-66
21	0.0020	-220	-245	-23
22	0.0021	109	199	-195
23	0.0022	218	356	-333
24	0.0023	-443	-317	247
25	0.0024	-85	5	-127
26	0.0025	177	344	-221
27	0.0026	-455	-339	83
28	0.0027	-178	35	-24
29	0.0028	197	536	-299
30	0.0029	-280	-558	157
31	0.0030	-155	73	26
32	0.0031	306	359	-181
33	0.0032	-581	-549	199
34	0.0033	-51	108	-174
35	0.0034	-63	271	-58
36	0.0035	-350	-370	18
37	0.0036	-117	-71	131
38	0.0037	198	350	-192
39	0.0038	-7	-208	-315
40	0.0039	-760	-144	524
41	0.0040	165	602	14
42	0.0041	238	109	-761
43	0.0042	-514	-249	546
44	0.0043	169	-72	95
45	0.0044	221	3	-645
46	0.0045	-31	-140	45
47	0.0046	-464	-92	301
48	0.0047	62	484	-274
49	0.0048	-196	-85	91
50	0.0049	-177	54	14
51	0.0050	160	185	-216
52	0.0051	37	201	-306
53	0.0052	-550	-327	206
54	0.0053	-158	9	161
55	0.0054	379	766	-391
56	0.0055	-481	-455	156
57	0.0056	-62	-33	40
58	0.0057	420	526	-231
59	0.0058	-318	-324	46
60	0.0059	-280	-160	135
61	0.0060	154	604	-220
62	0.0061	-393	-332	174
63	0.0062	-337	-253	79
64	0.0063	386	431	-387
65	0.0064	-460	-215	200
66	0.0065	-267	44	-93
67	0.0066	186	378	-178
68	0.0067	-266	-187	-264
69	0.0068	-251	-169	373
70	0.0069	135	283	-199
71	0.0070	186	220	-454
72	0.0071	-337	-140	425
73	0.0072	41	23	-85
74	0.0073	69	-34	-250
75	0.0074	-302	-92	118
76	0.0075	-40	-157	49
77	0.0076	-202	121	-113
78	0.0077	-267	-12	206
79	0.0078	-84	60	-118
80	0.0079	37	49	-222
81	0.0080	-75	-121	247
82	0.0081	-254	57	-42
83	0.0082	198	301	-321
84	0.0083	-386	-302	258
85	0.0084	-138	-28	-53
86	0.0085	-44	86	-117
87	0.0086	-272	-165	91
88	0.0087	241	229	-216
89	0.0088	-38	103	-58
90	0.0089	-27	192	39
91	0.0090	-177	-55	100
92	0.0091	0	7	-177
93	0.0092	2	-66	-139
94	0.0093	-127	18	-187
95	0.0094	-524	-65	585
96	0.0095	-314	-110	-123
97	0.0096	289	385	-516
98	0.0097	-315	-263	418
99	0.0098	304	252	-511
100	0.0099	-58	36	-246

电流增量数据 [1000Hz, 10点]
采样序号	时间(s)	A相电流(INT)	B相电流(INT)	C相电流(INT)
1	0.000	893	-1234	357
2	0.001	758	-302	123
3	0.002	19	-910	803
4	0.003	-664	890	869
5	0.004	-2208	3710	-93
6	0.005	-1843	3787	-743
7	0.006	-411	1687	-251
8	0.007	1101	-286	-2393
9	0.008	2633	523	-2146
10	0.009	1900	-2625	-658
================================================================================

=== 采集时间: 2025-12-16 11:03:25 (增量周期: 10.0ms) ===
振动增量数据 [等效10000Hz, 100点]
时序序号	时间(s)	X振动(INT)	Y振动(INT)	Z振动(INT)
1	0.0000	-525	-23	63
2	0.0001	-250	310	49
3	0.0002	250	-16	-158
4	0.0003	165	-42	-218
5	0.0004	93	-32	-139
6	0.0005	-91	-102	41
7	0.0006	-40	312	-226
8	0.0007	-386	-11	9
9	0.0008	-190	-169	136
10	0.0009	-195	-51	-135
11	0.0010	-211	-143	195
12	0.0011	-108	-135	-139
13	0.0012	-192	177	-145
14	0.0013	-49	32	-119
15	0.0014	-220	88	73
16	0.0015	224	37	-593
17	0.0016	-53	-14	-29
18	0.0017	-105	75	49
19	0.0018	-34	175	-121
20	0.0019	-195	-42	-119
21	0.0020	-196	-194	190
22	0.0021	-166	287	-12
23	0.0022	-209	2	78
24	0.0023	-118	-135	31
25	0.0024	49	43	-348
26	0.0025	-100	108	-143
27	0.0026	-427	-217	318
28	0.0027	5	205	-250
29	0.0028	54	168	-46
30	0.0029	-209	-238	-66
31	0.0030	-191	53	190
32	0.0031	-76	214	-23
33	0.0032	-53	-225	-196
34	0.0033	-386	-221	100
35	0.0034	362	267	-195
36	0.0035	-194	-250	173
37	0.0036	-97	-255	-105
38	0.0037	227	330	-267
39	0.0038	-324	-164	-37
40	0.0039	-36	197	-111
41	0.0040	-145	67	-217
42	0.0041	-46	-14	-46
43	0.0042	-425	-242	532
44	0.0043	266	391	-567
45	0.0044	160	14	-384
46	0.0045	-493	-190	425
47	0.0046	473	390	-380
48	0.0047	-31	-160	-229
49	0.0048	-403	-421	361
50	0.0049	190	141	-201
51	0.0050	155	-266	-91
52	0.0051	-418	258	178
53	0.0052	130	-7	40
54	0.0053	-345	-117	15
55	0.0054	107	201	-294
56	0.0055	-141	-280	263
57	0.0056	-190	232	-132
58	0.0057	449	530	-257
59	0.0058	-510	-318	52
60	0.0059	112	142	-85
61	0.0060	79	376	-181
62	0.0061	-88	-114	-57
63	0.0062	-254	-51	190
64	0.0063	-209	122	5
65	0.0064	224	215	-178
66	0.0065	-533	-510	168
67	0.0066	373	509	-447
68	0.0067	-93	-226	-127
69	0.0068	-164	-59	-54
70	0.0069	-190	-14	357
71	0.0070	-19	20	-473
72	0.0071	54	-87	-327
73	0.0072	-138	-48	195
74	0.0073	-115	266	-94
75	0.0074	-50	-136	-81
76	0.0075	-279	215	32
77	0.0076	49	-179	121
78	0.0077	-272	56	57
79	0.0078	255	16	-370
80	0.0079	-38	84	-173
81	0.0080	152	239	-156
82	0.0081	134	18	-119
83	0.0082	-276	-155	-40
84	0.0083	108	186	-161
85	0.0084	-357	43	114
86	0.0085	-444	-173	28
87	0.0086	263	-59	70
88	0.0087	-388	-695	49
89	0.0088	378	-95	-273
90	0.0089	385	163	-341
91	0.0090	-601	-16	202
92	0.0091	-51	603	69
93	0.0092	-352	206	32
94	0.0093	-67	-109	-175
95	0.0094	-122	23	-111
96	0.0095	211	448	-448
97	0.0096	-54	-215	-145
98	0.0097	-1311	-15	1258
99	0.0098	614	677	-276
100	0.0099	-216	-587	-521

电流增量数据 [1000Hz, 10点]
采样序号	时间(s)	A相电流(INT)	B相电流(INT)	C相电流(INT)
1	0.000	930	-1261	1685
2	0.001	-24	-678	1738
3	0.002	-1551	-2462	1802
4	0.003	-1838	1248	1195
5	0.004	-1452	667	-23
6	0.005	-496	1305	429
7	0.006	-695	136	444
8	0.007	-633	1391	-12
9	0.008	-536	890	56
10	0.009	-194	50	-769
================================================================================

=== 采集时间: 2025-12-16 11:03:25 (增量周期: 10.0ms) ===
振动增量数据 [等效10000Hz, 100点]
时序序号	时间(s)	X振动(INT)	Y振动(INT)	Z振动(INT)
1	0.0000	-37	239	-51
2	0.0001	-155	67	-237
3	0.0002	-313	-54	206
4	0.0003	-212	43	174
5	0.0004	150	-59	-242
6	0.0005	-297	-213	36
7	0.0006	-258	-75	84
8	0.0007	83	283	-192
9	0.0008	-353	-93	71
10	0.0009	236	254	35
11	0.0010	133	182	-315
12	0.0011	-58	-498	180
13	0.0012	-286	-250	20
14	0.0013	301	500	-376
15	0.0014	-430	-157	160
16	0.0015	-570	-251	243
17	0.0016	407	523	-311
18	0.0017	-464	-189	-10
19	0.0018	-228	-31	78
20	0.0019	28	237	-15
21	0.0020	13	256	-233
22	0.0021	-217	-446	93
23	0.0022	-14	201	3
24	0.0023	415	83	-409
25	0.0024	-425	-263	305
26	0.0025	-191	18	243
27	0.0026	374	353	-695
28	0.0027	-361	-321	-29
29	0.0028	-63	-162	240
30	0.0029	107	374	-387
31	0.0030	-268	-12	54
32	0.0031	-561	-336	403
33	0.0032	130	292	-264
34	0.0033	-27	-7	-211
35	0.0034	-596	-351	331
36	0.0035	216	496	-147
37	0.0036	-72	10	-152
38	0.0037	-149	-259	22
39	0.0038	-23	250	52
40	0.0039	27	163	-260
41	0.0040	-32	-322	-165
42	0.0041	-36	159	-46
43	0.0042	-42	79	-29
44	0.0043	-422	-290	129
45	0.0044	92	372	-121
46	0.0045	13	92	-195
47	0.0046	-374	-191	39
48	0.0047	20	104	-67
49	0.0048	-4	211	-234
50	0.0049	-260	-306	66
51	0.0050	57	-57	-186
52	0.0051	-655	-159	450
53	0.0052	189	-125	45
54	0.0053	148	389	-689
55	0.0054	-370	-189	453
56	0.0055	13	138	-97
57	0.0056	210	312	-358
58	0.0057	-104	-186	172
59	0.0058	-211	5	82
60	0.0059	171	240	-333
61	0.0060	-202	-136	-42
62	0.0061	-313	-19	-10
63	0.0062	-32	82	-96
64	0.0063	-523	40	169
65	0.0064	-74	121	83
66	0.0065	-58	-87	27
67	0.0066	54	-140	-192
68	0.0067	-76	-234	-45
69	0.0068	-174	78	-83
70	0.0069	-110	282	26
71	0.0070	-281	-226	1
72	0.0071	232	214	-260
73	0.0072	-25	100	-3
74	0.0073	-285	73	-46
75	0.0074	92	30	-58
76	0.0075	-499	-228	-122
77	0.0076	-143	-117	174
78	0.0077	-191	-358	0
79	0.0078	234	65	-358
80	0.0079	-298	84	-102
81	0.0080	-388	-142	-16
82	0.0081	-186	428	-19
83	0.0082	-136	37	-47
84	0.0083	-113	-247	-8
85	0.0084	109	186	-141
86	0.0085	-126	103	-114
87	0.0086	-162	35	-6
88	0.0087	-356	197	246
89	0.0088	-78	176	52
90	0.0089	70	64	-220
91	0.0090	-340	-309	288
92	0.0091	233	114	-392
93	0.0092	-361	-142	-167
94	0.0093	-320	-11	187
95	0.0094	-188	146	1
96	0.0095	101	141	-148
97	0.0096	-143	-260	117
98	0.0097	-31	69	-115
99	0.0098	37	181	97
100	0.0099	-504	-49	277

电流增量数据 [1000Hz, 10点]
采样序号	时间(s)	A相电流(INT)	B相电流(INT)	C相电流(INT)
1	0.000	-625	3850	399
2	0.001	58	1064	-466
3	0.002	772	1482	-797
4	0.003	995	-236	-567
5	0.004	1182	503	-869
6	0.005	687	-31	-298
7	0.006	731	-1215	473
8	0.007	-1438	374	2606
9	0.008	-2971	2230	2030
10	0.009	-1414	2307	517
================================================================================

=== 采集时间: 2025-12-16 11:03:25 (增量周期: 10.0ms) ===
振动增量数据 [等效10000Hz, 100点]
时序序号	时间(s)	X振动(INT)	Y振动(INT)	Z振动(INT)
1	0.0000	449	215	-336
2	0.0001	-563	-334	92
3	0.0002	216	284	-83
4	0.0003	-134	33	22
5	0.0004	-256	-61	5
6	0.0005	66	-160	125
7	0.0006	-289	117	-93
8	0.0007	228	-72	-308
9	0.0008	-401	-353	223
10	0.0009	26	333	-225
11	0.0010	-271	-118	245
12	0.0011	-298	9	-282
13	0.0012	-111	252	253
14	0.0013	-286	107	-77
15	0.0014	185	99	-341
16	0.0015	-198	-44	215
17	0.0016	-105	135	-145
18	0.0017	49	-147	-118
19	0.0018	-360	90	206
20	0.0019	167	7	-118
21	0.0020	-307	-196	-55
22	0.0021	140	208	-63
23	0.0022	-25	-134	-130
24	0.0023	-203	262	-222
25	0.0024	13	-65	43
26	0.0025	-301	91	16
27	0.0026	157	105	-244
28	0.0027	-192	-76	26
29	0.0028	-243	5	0
30	0.0029	49	-66	74
31	0.0030	-2	147	-385
32	0.0031	-144	-183	178
33	0.0032	-285	-182	237
34	0.0033	214	300	-361
35	0.0034	-200	-75	-66
36	0.0035	-374	-46	219
37	0.0036	203	160	-186
38	0.0037	-225	48	-58
39	0.0038	-199	-17	15
40	0.0039	-174	-75	133
41	0.0040	-59	303	-284
42	0.0041	-277	-728	417
43	0.0042	-113	-78	45
44	0.0043	156	275	-473
45	0.0044	-618	-234	365
46	0.0045	97	556	-167
47	0.0046	126	339	-102
48	0.0047	-374	-221	116
49	0.0048	253	138	-212
50	0.0049	186	322	-250
51	0.0050	186	236	-267
52	0.0051	-216	-44	-15
53	0.0052	-114	74	11
54	0.0053	-8	44	-102
55	0.0054	-217	-237	161
56	0.0055	-2	-12	9
57	0.0056	15	177	-354
58	0.0057	-199	-123	9
59	0.0058	-397	113	36
60	0.0059	-232	2	73
61	0.0060	218	54	32
62	0.0061	-156	118	-284
63	0.0062	169	146	9
64	0.0063	-216	20	183
65	0.0064	165	369	-348
66	0.0065	-96	101	79
67	0.0066	-182	-55	28
68	0.0067	-326	1	237
69	0.0068	-423	-243	495
70	0.0069	325	-62	-516
71	0.0070	-143	233	-246
72	0.0071	-232	-65	80
73	0.0072	-123	176	9
74	0.0073	-118	346	7
75	0.0074	27	-234	14
76	0.0075	-241	-122	18
77	0.0076	233	320	-333
78	0.0077	-417	-216	272
79	0.0078	-327	-84	14
80	0.0079	493	288	-439
81	0.0080	-448	-157	103
82	0.0081	39	-343	130
83	0.0082	-126	86	-221
84	0.0083	-37	57	-71
85	0.0084	-181	-185	-157
86	0.0085	-188	257	-37
87	0.0086	93	-41	-77
88	0.0087	-463	-7	5
89	0.0088	203	346	-213
90	0.0089	-290	-297	272
91	0.0090	-36	101	-430
92	0.0091	180	-110	-106
93	0.0092	-422	-153	181
94	0.0093	285	-85	-217
95	0.0094	-301	31	163
96	0.0095	7	19	-260
97	0.0096	-187	-144	101
98	0.0097	-169	48	-58
99	0.0098	596	267	-843
100	0.0099	-660	-428	215

电流增量数据 [1000Hz, 10点]
采样序号	时间(s)	A相电流(INT)	B相电流(INT)	C相电流(INT)
1	0.000	96	-550	669
2	0.001	46	-519	1422
3	0.002	-636	-246	741
4	0.003	-742	136	199
5	0.004	-77	2790	-1347
6	0.005	801	2133	-2681
7	0.006	1011	1531	-1871
8	0.007	2380	-4305	-455
9	0.008	1371	-1851	594
10	0.009	37	-1937	1471
================================================================================

=== 采集时间: 2025-12-16 11:03:26 (增量周期: 10.0ms) ===
振动增量数据 [等效10000Hz, 100点]
时序序号	时间(s)	X振动(INT)	Y振动(INT)	Z振动(INT)
1	0.0000	233	258	-268
2	0.0001	116	-58	-126
3	0.0002	-591	-368	195
4	0.0003	103	41	83
5	0.0004	6	320	-294
6	0.0005	-307	-155	53
7	0.0006	-356	-168	159
8	0.0007	325	343	-512
9	0.0008	101	152	-246
10	0.0009	-307	-115	233
11	0.0010	284	218	-264
12	0.0011	-144	-151	-181
13	0.0012	-290	-177	183
14	0.0013	-352	-113	95
15	0.0014	-203	201	143
16	0.0015	-71	-65	249
17	0.0016	39	-46	-342
18	0.0017	412	305	-584
19	0.0018	-251	-220	181
20	0.0019	191	353	-10
21	0.0020	95	185	-281
22	0.0021	-256	-62	-17
23	0.0022	-361	-204	300
24	0.0023	-70	122	-106
25	0.0024	-139	-300	-84
26	0.0025	-454	-638	174
27	0.0026	238	271	-328
28	0.0027	52	-45	-267
29	0.0028	-8	160	-130
30	0.0029	96	360	-88
31	0.0030	-328	13	155
32	0.0031	-151	-148	-54
33	0.0032	258	293	-342
34	0.0033	-58	79	-96
35	0.0034	-647	-317	315
36	0.0035	95	239	27
37	0.0036	99	-3	-473
38	0.0037	-97	-75	31
39	0.0038	101	207	9
40	0.0039	-157	-54	-175
41	0.0040	-431	-168	361
42	0.0041	-172	-65	-147
43	0.0042	408	175	-424
44	0.0043	-725	-271	457
45	0.0044	298	372	-380
46	0.0045	-156	142	-40
47	0.0046	-242	-208	319
48	0.0047	332	530	-380
49	0.0048	-418	56	176
50	0.0049	-134	-266	147
51	0.0050	-279	-127	290
52	0.0051	-229	-10	-45
53	0.0052	386	303	-250
54	0.0053	-205	-281	-31
55	0.0054	-165	-113	93
56	0.0055	18	114	-102
57	0.0056	-489	-97	-14
58	0.0057	130	-49	-77
59	0.0058	18	267	-362
60	0.0059	26	83	-51
61	0.0060	-311	-110	220
62	0.0061	-98	376	-190
63	0.0062	-15	-174	54
64	0.0063	-371	-330	7
65	0.0064	344	90	-175
66	0.0065	-280	-62	-88
67	0.0066	-194	-198	97
68	0.0067	-49	100	41
69	0.0068	-298	-40	-97
70	0.0069	127	109	-32
71	0.0070	-186	-76	-229
72	0.0071	-12	215	-59
73	0.0072	-252	-57	134
74	0.0073	54	172	-199
75	0.0074	-75	40	5
76	0.0075	-301	-63	90
77	0.0076	289	261	-196
78	0.0077	-395	-249	199
79	0.0078	129	28	-247
80	0.0079	-41	-54	-66
81	0.0080	-121	-24	-51
82	0.0081	-282	-165	260
83	0.0082	-33	245	-196
84	0.0083	101	13	-234
85	0.0084	-376	-233	131
86	0.0085	48	197	127
87	0.0086	139	171	-443
88	0.0087	-266	39	-38
89	0.0088	37	26	96
90	0.0089	-157	223	-127
91	0.0090	60	-105	40
92	0.0091	-343	-213	71
93	0.0092	118	160	-248
94	0.0093	-64	-66	-141
95	0.0094	-461	-59	215
96	0.0095	-11	113	-32
97	0.0096	-322	-200	87
98	0.0097	46	267	-237
99	0.0098	82	7	-62
100	0.0099	-388	218	-121

电流增量数据 [1000Hz, 10点]
采样序号	时间(s)	A相电流(INT)	B相电流(INT)	C相电流(INT)
1	0.000	-935	972	1487
2	0.001	-689	1681	-40
3	0.002	-215	372	-758
4	0.003	625	390	-1275
5	0.004	1255	568	-946
6	0.005	716	2756	-618
7	0.006	858	19	418
8	0.007	67	87	975
9	0.008	-482	279	841
10	0.009	-929	610	571
================================================================================

=== 采集时间: 2025-12-16 11:03:26 (增量周期: 10.0ms) ===
振动增量数据 [等效10000Hz, 100点]
时序序号	时间(s)	X振动(INT)	Y振动(INT)	Z振动(INT)
1	0.0000	-31	164	-51
2	0.0001	-280	41	-12
3	0.0002	27	-58	-392
4	0.0003	-29	353	-118
5	0.0004	-80	28	-114
6	0.0005	10	40	-110
7	0.0006	-593	10	251
8	0.0007	325	134	-151
9	0.0008	-63	-451	-203
10	0.0009	-310	-203	138
11	0.0010	-23	368	-137
12	0.0011	-326	-202	-68
13	0.0012	-350	116	181
14	0.0013	107	376	-345
15	0.0014	-329	-379	213
16	0.0015	-241	322	11
17	0.0016	-128	117	-70
18	0.0017	-255	6	-94
19	0.0018	-66	49	-160
20	0.0019	-280	257	-15
21	0.0020	-448	-85	580
22	0.0021	-194	-255	-190
23	0.0022	232	274	-474
24	0.0023	-382	-297	52
25	0.0024	-292	-113	-3
26	0.0025	-386	359	238
27	0.0026	232	30	-94
28	0.0027	-451	-145	90
29	0.0028	291	206	-40
30	0.0029	-195	-200	-105
31	0.0030	-87	201	-186
32	0.0031	40	-91	23
33	0.0032	-498	83	199
34	0.0033	97	-49	36
35	0.0034	-179	-194	-105
36	0.0035	92	-46	-195
37	0.0036	-315	-287	241
38	0.0037	-187	258	-320
39	0.0038	-7	-49	-89
40	0.0039	-83	242	-113
41	0.0040	125	99	-72
42	0.0041	-122	95	32
43	0.0042	-346	-4	108
44	0.0043	259	24	-225
45	0.0044	-370	-89	-85
46	0.0045	165	94	6
47	0.0046	-269	-159	-49
48	0.0047	3	-2	-263
49	0.0048	-344	-315	506
50	0.0049	-152	-36	-126
51	0.0050	-380	-267	249
52	0.0051	167	-34	-218
53	0.0052	-194	159	60
54	0.0053	-510	-276	116
55	0.0054	415	495	-387
56	0.0055	-367	-106	16
57	0.0056	32	207	210
58	0.0057	-343	-160	27
59	0.0058	339	599	-691
60	0.0059	-234	-455	187
61	0.0060	-262	20	200
62	0.0061	411	272	-385
63	0.0062	-553	-401	242
64	0.0063	-10	103	-16
65	0.0064	46	-57	44
66	0.0065	-62	91	-364
67	0.0066	-152	-518	323
68	0.0067	-28	403	-106
69	0.0068	349	87	-315
70	0.0069	-640	-70	377
71	0.0070	-102	275	44
72	0.0071	66	203	-156
73	0.0072	-365	-182	-151
74	0.0073	125	228	349
75	0.0074	-200	103	-278
76	0.0075	84	58	-207
77	0.0076	-92	-12	194
78	0.0077	108	263	-105
79	0.0078	133	41	-248
80	0.0079	-500	-185	230
81	0.0080	110	146	-11
82	0.0081	-156	-20	-278
83	0.0082	103	235	41
84	0.0083	-87	-330	-34
85	0.0084	-128	377	-71
86	0.0085	69	-181	-58
87	0.0086	-413	-187	78
88	0.0087	-58	-41	-31
89	0.0088	-228	-164	66
90	0.0089	-285	-2	-216
91	0.0090	385	227	-162
92	0.0091	-328	-29	-181
93	0.0092	65	-153	-71
94	0.0093	-83	195	-102
95	0.0094	-94	-149	-14
96	0.0095	-161	111	18
97	0.0096	-357	150	63
98	0.0097	-345	-44	331
99	0.0098	9	-330	-123
100	0.0099	160	-484	-251

电流增量数据 [1000Hz, 10点]
采样序号	时间(s)	A相电流(INT)	B相电流(INT)	C相电流(INT)
1	0.000	315	329	1878
2	0.001	-1745	185	2943
3	0.002	-1463	913	1555
4	0.003	-2120	-474	399
5	0.004	-1269	1508	-735
6	0.005	-493	2014	-149
7	0.006	-379	518	-482
8	0.007	-487	549	39
9	0.008	-254	1410	-386
10	0.009	292	1770	-941
================================================================================

=== 采集时间: 2025-12-16 11:03:26 (增量周期: 10.0ms) ===
振动增量数据 [等效10000Hz, 100点]
时序序号	时间(s)	X振动(INT)	Y振动(INT)	Z振动(INT)
1	0.0000	107	53	-28
2	0.0001	-378	131	-127
3	0.0002	-131	321	450
4	0.0003	-123	-200	-24
5	0.0004	129	410	-394
6	0.0005	238	-200	-10
7	0.0006	-350	-75	-98
8	0.0007	241	142	-111
9	0.0008	-298	-115	86
10	0.0009	-290	-185	0
11	0.0010	-80	71	87
12	0.0011	-199	198	-269
13	0.0012	112	-147	-297
14	0.0013	-294	152	27
15	0.0014	505	393	-250
16	0.0015	-303	-255	5
17	0.0016	-216	-81	123
18	0.0017	114	15	-40
19	0.0018	-416	-315	-47
20	0.0019	-58	13	-111
21	0.0020	-242	134	-24
22	0.0021	164	-53	-344
23	0.0022	-391	5	120
24	0.0023	-123	10	425
25	0.0024	261	60	-635
26	0.0025	-250	16	-6
27	0.0026	-117	109	144
28	0.0027	-105	-185	-115
29	0.0028	-110	353	-156
30	0.0029	-209	-259	328
31	0.0030	-256	75	-124
32	0.0031	219	114	-91
33	0.0032	-85	44	-77
34	0.0033	-164	-36	-169
35	0.0034	-307	-144	534
36	0.0035	-209	27	183
37	0.0036	53	116	-291
38	0.0037	-100	27	-128
39	0.0038	-229	-10	155
40	0.0039	-75	232	-74
41	0.0040	-50	-53	-66
42	0.0041	-117	-554	-76
43	0.0042	202	-15	-299
44	0.0043	210	342	-77
45	0.0044	-474	-59	70
46	0.0045	-61	399	-8
47	0.0046	-284	-140	270
48	0.0047	84	23	-311
49	0.0048	-58	163	-74
50	0.0049	143	148	-141
51	0.0050	417	446	-983
52	0.0051	-726	-550	821
53	0.0052	-254	54	121
54	0.0053	74	178	-368
55	0.0054	-524	-774	343
56	0.0055	-91	424	-25
57	0.0056	-24	301	-140
58	0.0057	-186	-20	-58
59	0.0058	-346	-337	134
60	0.0059	450	359	-316
61	0.0060	105	141	-251
62	0.0061	-679	-381	382
63	0.0062	101	420	62
64	0.0063	-397	11	-183
65	0.0064	69	-49	2
66	0.0065	-141	137	-119
67	0.0066	-37	75	-121
68	0.0067	-401	-344	288
69	0.0068	-122	-33	41
70	0.0069	289	262	-259
71	0.0070	-481	-285	5
72	0.0071	-59	111	15
73	0.0072	0	334	-220
74	0.0073	-272	-126	144
75	0.0074	-27	-127	121
76	0.0075	-49	194	-217
77	0.0076	40	-51	-260
78	0.0077	-427	-15	421
79	0.0078	152	186	-508
80	0.0079	-55	-40	-74
81	0.0080	-307	-496	482
82	0.0081	464	295	-555
83	0.0082	-357	-80	24
84	0.0083	-354	-304	350
85	0.0084	164	336	-344
86	0.0085	-28	233	-227
87	0.0086	-506	-673	195
88	0.0087	121	600	-242
89	0.0088	339	385	-200
90	0.0089	-524	-390	15
91	0.0090	154	225	58
92	0.0091	134	71	-75
93	0.0092	-182	-387	-238
94	0.0093	-122	-206	216
95	0.0094	-62	427	-31
96	0.0095	-267	-207	-152
97	0.0096	-591	-311	279
98	0.0097	385	320	-327
99	0.0098	-97	35	-179
100	0.0099	-390	-153	266

电流增量数据 [1000Hz, 10点]
采样序号	时间(s)	A相电流(INT)	B相电流(INT)	C相电流(INT)
1	0.000	581	-1497	153
2	0.001	310	-263	-70
3	0.002	674	-379	-34
4	0.003	290	384	794
5	0.004	-519	-1064	1002
6	0.005	-285	-1843	1601
7	0.006	-1021	-177	1085
8	0.007	-654	2727	252
9	0.008	-459	2504	-570
10	0.009	234	1239	-671
================================================================================

=== 采集时间: 2025-12-16 11:03:26 (增量周期: 10.0ms) ===
振动增量数据 [等效10000Hz, 100点]
时序序号	时间(s)	X振动(INT)	Y振动(INT)	Z振动(INT)
1	0.0000	-336	-296	203
2	0.0001	-626	-1013	414
3	0.0002	409	752	-586
4	0.0003	-489	-79	213
5	0.0004	-370	-183	-59
6	0.0005	-191	108	-181
7	0.0006	562	566	-237
8	0.0007	-386	-439	136
9	0.0008	250	95	-135
10	0.0009	317	385	-280
11	0.0010	-730	-403	91
12	0.0011	279	483	50
13	0.0012	-263	564	-220
14	0.0013	-562	-684	515
15	0.0014	-21	71	-2
16	0.0015	519	143	-543
17	0.0016	-401	-369	161
18	0.0017	-561	135	129
19	0.0018	446	609	-396
20	0.0019	-532	-164	87
21	0.0020	5	-177	133
22	0.0021	284	233	-302
23	0.0022	-242	-108	-327
24	0.0023	-15	58	357
25	0.0024	-575	259	165
26	0.0025	610	99	-516
27	0.0026	-480	-494	157
28	0.0027	271	282	-169
29	0.0028	129	19	-83
30	0.0029	-647	-58	122
31	0.0030	224	18	189
32	0.0031	-382	135	-426
33	0.0032	74	-65	48
34	0.0033	-127	-79	-170
35	0.0034	-62	641	-169
36	0.0035	-266	-341	322
37	0.0036	-339	16	-106
38	0.0037	574	292	-310
39	0.0038	-512	-485	116
40	0.0039	181	114	-221
41	0.0040	137	65	-12
42	0.0041	-516	18	80
43	0.0042	31	-276	2
44	0.0043	-155	223	-342
45	0.0044	56	-50	106
46	0.0045	-618	-283	284
47	0.0046	60	441	-117
48	0.0047	-221	-100	-72
49	0.0048	-438	-176	-93
50	0.0049	484	489	-194
51	0.0050	438	148	-225
52	0.0051	-726	18	262
53	0.0052	121	-28	198
54	0.0053	-217	-11	-119
55	0.0054	28	104	-213
56	0.0055	-68	-196	88
57	0.0056	-183	207	-23
58	0.0057	187	73	58
59	0.0058	-314	-306	138
60	0.0059	220	176	-409
61	0.0060	10	52	-75
62	0.0061	-426	105	32
63	0.0062	88	172	14
64	0.0063	-454	99	-70
65	0.0064	-38	-119	148
66	0.0065	-229	-57	-166
67	0.0066	-62	241	11
68	0.0067	-205	-174	178
69	0.0068	-135	249	-271
70	0.0069	10	10	52
71	0.0070	52	-196	-241
72	0.0071	479	364	-435
73	0.0072	-232	-172	270
74	0.0073	-172	171	-166
75	0.0074	53	95	2
76	0.0075	-371	-135	-31
77	0.0076	-109	-224	-68
78	0.0077	-161	169	7
79	0.0078	140	47	-282
80	0.0079	-594	-66	232
81	0.0080	-115	1	148
82	0.0081	113	185	-372
83	0.0082	-455	-117	288
84	0.0083	93	121	-147
85	0.0084	-251	39	33
86	0.0085	-187	13	-81
87	0.0086	-85	14	241
88	0.0087	40	126	-358
89	0.0088	255	47	-209
90	0.0089	-336	73	86
91	0.0090	-71	116	15
92	0.0091	1	-535	-111
93	0.0092	78	-179	-319
94	0.0093	195	-15	-140
95	0.0094	-491	159	159
96	0.0095	50	331	6
97	0.0096	-335	150	84
98	0.0097	-431	-209	46
99	0.0098	477	208	-401
100	0.0099	167	90	-231

电流增量数据 [1000Hz, 10点]
采样序号	时间(s)	A相电流(INT)	B相电流(INT)	C相电流(INT)
1	0.000	-230	1008	-1406
2	0.001	578	-40	-840
3	0.002	546	1721	-556
4	0.003	209	1428	641
5	0.004	-105	156	939
6	0.005	-230	1439	491
7	0.006	189	-507	910
8	0.007	-919	734	956
9	0.008	-1131	335	-443
10	0.009	1115	2886	-2457
================================================================================

=== 采集时间: 2025-12-16 11:03:27 (增量周期: 10.0ms) ===
振动增量数据 [等效10000Hz, 100点]
时序序号	时间(s)	X振动(INT)	Y振动(INT)	Z振动(INT)
1	0.0000	-237	-166	156
2	0.0001	-20	168	-14
3	0.0002	22	-62	-208
4	0.0003	-93	-98	-11
5	0.0004	-144	182	49
6	0.0005	35	165	-131
7	0.0006	22	-114	-238
8	0.0007	-91	97	100
9	0.0008	131	-135	-217
10	0.0009	-54	-102	-272
11	0.0010	-130	-95	18
12	0.0011	54	253	63
13	0.0012	-127	-55	-64
14	0.0013	-53	-76	48
15	0.0014	-17	161	-74
16	0.0015	-138	-179	45
17	0.0016	-315	2	122
18	0.0017	43	236	-171
19	0.0018	-365	-123	58
20	0.0019	-348	-70	285
21	0.0020	344	223	-421
22	0.0021	52	28	-627
23	0.0022	-609	-301	944
24	0.0023	52	254	-183
25	0.0024	-177	193	-183
26	0.0025	-524	-465	530
27	0.0026	319	-40	-244
28	0.0027	125	30	-166
29	0.0028	-358	-375	186
30	0.0029	-94	385	-154
31	0.0030	259	437	-486
32	0.0031	-430	-203	236
33	0.0032	-228	-36	157
34	0.0033	486	711	-552
35	0.0034	-636	-620	157
36	0.0035	-285	-118	10
37	0.0036	206	734	-383
38	0.0037	-386	-425	135
39	0.0038	36	-313	-12
40	0.0039	321	353	-298
41	0.0040	-105	-317	27
42	0.0041	356	547	-406
43	0.0042	-299	-57	65
44	0.0043	-645	-237	303
45	0.0044	189	419	-327
46	0.0045	304	267	-162
47	0.0046	-510	-237	86
48	0.0047	293	318	-235
49	0.0048	201	415	-190
50	0.0049	-207	144	-110
51	0.0050	35	-62	-37
52	0.0051	-64	257	-134
53	0.0052	-545	-232	403
54	0.0053	50	-114	-190
55	0.0054	-235	-273	-105
56	0.0055	-495	69	40
57	0.0056	-655	-21	242
58	0.0057	-7	240	187
59	0.0058	-246	0	-32
60	0.0059	100	92	-157
61	0.0060	100	-102	-200
62	0.0061	-169	232	-80
63	0.0062	80	-91	-216
64	0.0063	-571	-118	130
65	0.0064	195	146	-41
66	0.0065	-423	-386	151
67	0.0066	83	-285	-234
68	0.0067	-303	-236	31
69	0.0068	-190	378	-161
70	0.0069	-175	-125	169
71	0.0070	-40	129	-288
72	0.0071	566	327	-324
73	0.0072	-233	-46	96
74	0.0073	-175	-142	159
75	0.0074	48	96	-179
76	0.0075	14	44	-411
77	0.0076	-319	-390	297
78	0.0077	-448	-4	341
79	0.0078	522	402	-552
80	0.0079	-335	-352	70
81	0.0080	-292	-301	221
82	0.0081	296	513	-368
83	0.0082	-242	-199	66
84	0.0083	52	13	-53
85	0.0084	53	105	-51
86	0.0085	-74	295	22
87	0.0086	-349	-204	185
88	0.0087	-59	316	-201
89	0.0088	185	13	-411
90	0.0089	-272	71	116
91	0.0090	74	248	75
92	0.0091	-182	-81	-58
93	0.0092	-111	-12	-2
94	0.0093	56	-101	69
95	0.0094	-343	-15	-12
96	0.0095	-25	-337	49
97	0.0096	-94	284	-12
98	0.0097	79	-92	-265
99	0.0098	91	244	-371
100	0.0099	-80	52	116

电流增量数据 [1000Hz, 10点]
采样序号	时间(s)	A相电流(INT)	B相电流(INT)	C相电流(INT)
1	0.000	16	917	-687
2	0.001	539	336	-430
3	0.002	663	-1360	-824
4	0.003	171	-297	2052
5	0.004	1169	-352	1640
6	0.005	144	-414	1279
7	0.006	-1974	-337	1759
8	0.007	-1853	312	-17
9	0.008	-938	1981	-157
10	0.009	-208	-930	-367
================================================================================

=== 采集时间: 2025-12-16 11:03:27 (增量周期: 10.0ms) ===
振动增量数据 [等效10000Hz, 100点]
时序序号	时间(s)	X振动(INT)	Y振动(INT)	Z振动(INT)
1	0.0000	-29	54	-244
2	0.0001	-593	-177	204
3	0.0002	185	363	-79
4	0.0003	-187	195	-8
5	0.0004	-200	-460	120
6	0.0005	382	218	-338
7	0.0006	-305	173	-70
8	0.0007	-37	-67	159
9	0.0008	-478	-112	125
10	0.0009	240	48	-209
11	0.0010	-367	-302	97
12	0.0011	15	197	-49
13	0.0012	214	208	-588
14	0.0013	-502	-207	16
15	0.0014	287	131	39
16	0.0015	-54	97	-280
17	0.0016	-98	120	23
18	0.0017	-239	-221	121
19	0.0018	-114	299	-98
20	0.0019	-58	-354	-6
21	0.0020	-395	-174	110
22	0.0021	326	117	-235
23	0.0022	-119	7	-145
24	0.0023	-290	-102	199
25	0.0024	1	257	-79
26	0.0025	-226	28	-98
27	0.0026	-122	-422	136
28	0.0027	-79	88	-255
29	0.0028	355	416	-105
30	0.0029	-427	-166	-2
31	0.0030	-164	90	5
32	0.0031	150	92	-121
33	0.0032	-209	-211	82
34	0.0033	267	167	-61
35	0.0034	-296	-260	-47
36	0.0035	-17	212	-188
37	0.0036	-329	-135	320
38	0.0037	-181	94	-143
39	0.0038	268	-29	-361
40	0.0039	-472	-70	350
41	0.0040	30	74	200
42	0.0041	-76	-15	-681
43	0.0042	-512	-264	533
44	0.0043	133	164	-312
45	0.0044	-55	256	-234
46	0.0045	-259	-263	319
47	0.0046	-245	33	86
48	0.0047	214	194	-324
49	0.0048	-263	-251	40
50	0.0049	-345	-83	103
51	0.0050	77	156	-88
52	0.0051	0	88	-166
53	0.0052	-127	30	-126
54	0.0053	-139	-129	195
55	0.0054	-202	146	-76
56	0.0055	109	-8	-320
57	0.0056	-450	-113	189
58	0.0057	5	117	50
59	0.0058	-11	-138	-238
60	0.0059	-140	-81	-62
61	0.0060	122	190	-79
62	0.0061	-152	75	-12
63	0.0062	18	-51	-166
64	0.0063	-235	-100	-72
65	0.0064	-63	134	-80
66	0.0065	-64	-78	-63
67	0.0066	50	-267	-218
68	0.0067	-272	-11	44
69	0.0068	-498	-226	555
70	0.0069	-49	-132	-297
71	0.0070	-27	369	-344
72	0.0071	-384	9	606
73	0.0072	-122	-361	-88
74	0.0073	372	150	-378
75	0.0074	-476	-753	288
76	0.0075	-81	50	-286
77	0.0076	-125	514	7
78	0.0077	-128	194	-67
79	0.0078	-195	79	-29
80	0.0079	41	240	-98
81	0.0080	108	0	-277
82	0.0081	-204	-108	-162
83	0.0082	36	310	-3
84	0.0083	-226	-176	44
85	0.0084	-313	-432	6
86	0.0085	88	198	146
87	0.0086	-268	-17	-61
88	0.0087	-208	-189	1
89	0.0088	-221	291	22
90	0.0089	-19	-8	-160
91	0.0090	-47	87	-74
92	0.0091	-168	58	147
93	0.0092	-62	35	156
94	0.0093	-174	184	-294
95	0.0094	129	1	-259
96	0.0095	-340	-21	78
97	0.0096	-130	64	216
98	0.0097	83	152	-184
99	0.0098	-456	-217	150
100	0.0099	189	-25	67

电流增量数据 [1000Hz, 10点]
采样序号	时间(s)	A相电流(INT)	B相电流(INT)	C相电流(INT)
1	0.000	-361	1813	133
2	0.001	192	3471	-1110
3	0.002	1168	-471	-1180
4	0.003	784	2127	-118
5	0.004	464	-1150	-283
6	0.005	840	-97	-223
7	0.006	625	-1145	803
8	0.007	-1664	1484	1931
9	0.008	-1726	2139	1281
10	0.009	-1002	958	315
================================================================================

=== 采集时间: 2025-12-16 11:03:27 (增量周期: 10.0ms) ===
振动增量数据 [等效10000Hz, 100点]
时序序号	时间(s)	X振动(INT)	Y振动(INT)	Z振动(INT)
1	0.0000	-239	-121	144
2	0.0001	-58	45	-216
3	0.0002	258	233	-298
4	0.0003	-215	-117	-496
5	0.0004	-63	-370	136
6	0.0005	66	30	-346
7	0.0006	-7	207	-91
8	0.0007	-329	-289	232
9	0.0008	-153	-88	-218
10	0.0009	-181	151	-63
11	0.0010	-362	-172	340
12	0.0011	-179	71	-34
13	0.0012	36	-40	-23
14	0.0013	-59	199	-363
15	0.0014	-285	-212	245
16	0.0015	-145	90	284
17	0.0016	-68	-166	-277
18	0.0017	45	-191	-102
19	0.0018	-216	242	-8
20	0.0019	-263	151	7
21	0.0020	-391	-49	202
22	0.0021	95	165	-11
23	0.0022	386	-147	-374
24	0.0023	-34	-429	-286
25	0.0024	70	475	-261
26	0.0025	-416	189	138
27	0.0026	-305	-19	290
28	0.0027	-198	-172	56
29	0.0028	558	254	-488
30	0.0029	2	-241	-188
31	0.0030	-250	160	407
32	0.0031	-64	344	-342
33	0.0032	-162	-3	-12
34	0.0033	-106	-234	91
35	0.0034	686	445	-511
36	0.0035	-292	-166	215
37	0.0036	-571	-396	357
38	0.0037	143	497	-289
39	0.0038	-226	-157	-105
40	0.0039	11	-138	48
41	0.0040	-276	321	16
42	0.0041	361	165	-169
43	0.0042	-478	-300	131
44	0.0043	48	310	-226
45	0.0044	-87	24	91
46	0.0045	-387	-119	-71
47	0.0046	203	77	-81
48	0.0047	-156	114	120
49	0.0048	-131	-307	61
50	0.0049	-216	138	-164
51	0.0050	-83	-53	-101
52	0.0051	-249	173	69
53	0.0052	-250	105	20
54	0.0053	131	-207	-83
55	0.0054	-503	-95	65
56	0.0055	258	263	2
57	0.0056	-464	-66	41
58	0.0057	109	211	-34
59	0.0058	165	116	-414
60	0.0059	-502	-493	418
61	0.0060	466	49	-53
62	0.0061	-292	-166	-225
63	0.0062	-92	-7	-68
64	0.0063	-399	-101	172
65	0.0064	86	437	-156
66	0.0065	-246	-550	27
67	0.0066	-194	154	-212
68	0.0067	330	176	-42
69	0.0068	-644	-212	125
70	0.0069	103	111	-74
71	0.0070	-105	94	-16
72	0.0071	-250	-75	-85
73	0.0072	-92	-310	183
74	0.0073	-299	267	20
75	0.0074	130	158	-273
76	0.0075	-822	-472	487
77	0.0076	58	201	-187
78	0.0077	309	96	-303
79	0.0078	-247	-112	7
80	0.0079	309	316	-106
81	0.0080	-562	40	32
82	0.0081	-64	-95	70
83	0.0082	-97	39	-171
84	0.0083	-28	-66	-141
85	0.0084	-110	-61	-101
86	0.0085	-391	158	435
87	0.0086	285	269	-538
88	0.0087	-191	-236	-134
89	0.0088	105	71	152
90	0.0089	113	-45	-264
91	0.0090	-220	45	52
92	0.0091	-155	-160	130
93	0.0092	27	192	-178
94	0.0093	-91	-31	-136
95	0.0094	-168	-108	-110
96	0.0095	-196	227	-34
97	0.0096	-241	-16	263
98	0.0097	-420	-237	-6
99	0.0098	143	134	-97
100	0.0099	-303	45	7

电流增量数据 [1000Hz, 10点]
采样序号	时间(s)	A相电流(INT)	B相电流(INT)	C相电流(INT)
1	0.000	-480	-486	750
2	0.001	-736	1814	43
3	0.002	-238	-51	-341
4	0.003	148	-58	-835
5	0.004	-87	76	-1048
6	0.005	744	377	-821
7	0.006	490	2050	-424
8	0.007	434	-249	259
9	0.008	268	1568	739
10	0.009	-57	-1078	1244
================================================================================

=== 采集时间: 2025-12-16 11:03:28 (增量周期: 10.0ms) ===
振动增量数据 [等效10000Hz, 100点]
时序序号	时间(s)	X振动(INT)	Y振动(INT)	Z振动(INT)
1	0.0000	-40	-87	408
2	0.0001	157	167	-735
3	0.0002	-155	-24	-36
4	0.0003	-147	117	324
5	0.0004	-24	52	-354
6	0.0005	58	201	-161
7	0.0006	-380	-183	366
8	0.0007	-59	50	-10
9	0.0008	169	-33	-299
10	0.0009	-242	-651	84
11	0.0010	26	250	-80
12	0.0011	-32	154	-154
13	0.0012	-669	-65	199
14	0.0013	-202	237	420
15	0.0014	288	152	-479
16	0.0015	190	-567	-301
17	0.0016	77	53	-207
18	0.0017	268	530	-473
19	0.0018	-597	-129	341
20	0.0019	-510	-144	461
21	0.0020	-36	-81	-107
22	0.0021	-27	-14	20
23	0.0022	-340	-442	185
24	0.0023	197	225	-576
25	0.0024	-397	414	46
26	0.0025	-412	-134	190
27	0.0026	831	604	-475
28	0.0027	-523	-361	393
29	0.0028	31	-143	294
30	0.0029	-111	45	-588
31	0.0030	314	353	-465
32	0.0031	-641	-51	241
33	0.0032	278	186	-165
34	0.0033	-158	11	146
35	0.0034	-311	-488	183
36	0.0035	396	56	-298
37	0.0036	-232	121	-182
38	0.0037	48	-177	-140
39	0.0038	-276	330	-2
40	0.0039	-168	-3	-38
41	0.0040	-215	-237	354
42	0.0041	-332	9	-31
43	0.0042	274	82	-178
44	0.0043	-602	-16	-45
45	0.0044	176	169	-61
46	0.0045	99	658	-201
47	0.0046	-523	-473	301
48	0.0047	490	54	44
49	0.0048	-108	32	-156
50	0.0049	453	-19	-359
51	0.0050	-152	24	-100
52	0.0051	-136	-108	232
53	0.0052	-258	62	67
54	0.0053	193	-70	-481
55	0.0054	-553	-32	343
56	0.0055	241	256	-331
57	0.0056	-88	-394	-107
58	0.0057	-205	83	-62
59	0.0058	176	-41	-93
60	0.0059	-309	47	83
61	0.0060	-188	-277	-179
62	0.0061	-42	60	7
63	0.0062	-126	-68	-231
64	0.0063	137	79	-102
65	0.0064	-520	-25	121
66	0.0065	86	237	142
67	0.0066	-115	35	-381
68	0.0067	120	-50	-110
69	0.0068	-64	83	30
70	0.0069	74	30	-224
71	0.0070	16	133	57
72	0.0071	-503	-326	170
73	0.0072	37	444	-3
74	0.0073	-336	-656	-3
75	0.0074	75	206	-122
76	0.0075	-170	-202	-8
77	0.0076	-68	390	-173
78	0.0077	-306	-91	104
79	0.0078	-183	74	103
80	0.0079	-36	159	-23
81	0.0080	-284	-343	127
82	0.0081	-123	263	-294
83	0.0082	-264	-81	507
84	0.0083	77	431	-620
85	0.0084	52	-174	24
86	0.0085	-105	130	-84
87	0.0086	403	266	-254
88	0.0087	36	22	-165
89	0.0088	-456	-335	382
90	0.0089	237	189	-208
91	0.0090	-493	2	78
92	0.0091	-88	-62	28
93	0.0092	-213	107	-44
94	0.0093	107	286	-203
95	0.0094	-122	-119	-44
96	0.0095	-213	-170	104
97	0.0096	268	320	-205
98	0.0097	-110	-31	-188
99	0.0098	-89	103	91
100	0.0099	276	74	-269

电流增量数据 [1000Hz, 10点]
采样序号	时间(s)	A相电流(INT)	B相电流(INT)	C相电流(INT)
1	0.000	247	848	-555
2	0.001	721	-388	-813
3	0.002	1699	-1647	-1167
4	0.003	1105	-1540	349
5	0.004	-177	-1410	887
6	0.005	10	1380	884
7	0.006	-779	-532	1128
8	0.007	-1144	2532	702
9	0.008	-867	172	355
10	0.009	-367	846	-287
================================================================================

=== 采集时间: 2025-12-16 11:03:28 (增量周期: 10.0ms) ===
振动增量数据 [等效10000Hz, 100点]
时序序号	时间(s)	X振动(INT)	Y振动(INT)	Z振动(INT)
1	0.0000	507	248	-528
2	0.0001	-353	-81	97
3	0.0002	-96	-44	-15
4	0.0003	-122	-134	-53
5	0.0004	-138	113	-115
6	0.0005	-84	-324	204
7	0.0006	-194	240	-105
8	0.0007	580	276	-379
9	0.0008	-839	-337	238
10	0.0009	87	45	103
11	0.0010	438	309	-503
12	0.0011	-437	-242	-2
13	0.0012	211	86	79
14	0.0013	-85	284	-328
15	0.0014	-72	69	251
16	0.0015	-268	-229	-250
17	0.0016	104	94	-268
18	0.0017	46	-162	65
19	0.0018	-391	-131	24
20	0.0019	297	361	-261
21	0.0020	-387	-271	108
22	0.0021	-186	-68	-54
23	0.0022	-29	-49	50
24	0.0023	-232	210	-213
25	0.0024	-256	-351	260
26	0.0025	-245	236	-148
27	0.0026	-58	107	-6
28	0.0027	-272	-189	50
29	0.0028	-145	159	10
30	0.0029	266	116	-113
31	0.0030	-331	-15	-96
32	0.0031	-239	-341	207
33	0.0032	-263	18	1
34	0.0033	257	144	-430
35	0.0034	-260	0	292
36	0.0035	-328	194	241
37	0.0036	-44	128	-62
38	0.0037	-87	-437	60
39	0.0038	313	-139	-591
40	0.0039	181	198	-136
41	0.0040	-585	169	195
42	0.0041	-209	227	169
43	0.0042	-134	235	-11
44	0.0043	-93	-778	-111
45	0.0044	189	-266	-366
46	0.0045	216	444	-367
47	0.0046	-716	-57	186
48	0.0047	-705	61	490
49	0.0048	63	227	32
50	0.0049	248	-253	-190
51	0.0050	-384	142	271
52	0.0051	254	75	-301
53	0.0052	-247	-85	131
54	0.0053	-36	-225	52
55	0.0054	262	399	-538
56	0.0055	-418	-177	-72
57	0.0056	-410	159	318
58	0.0057	330	423	-173
59	0.0058	-113	-213	121
60	0.0059	-336	-411	213
61	0.0060	99	180	-248
62	0.0061	289	175	-559
63	0.0062	-867	-193	344
64	0.0063	375	599	-154
65	0.0064	-256	150	120
66	0.0065	-24	-428	28
67	0.0066	212	5	-92
68	0.0067	-19	384	-264
69	0.0068	-365	-336	-28
70	0.0069	-384	330	210
71	0.0070	527	389	-718
72	0.0071	-661	-579	637
73	0.0072	-130	-19	241
74	0.0073	215	280	-260
75	0.0074	-433	-121	-350
76	0.0075	-179	-253	215
77	0.0076	-157	461	43
78	0.0077	167	-33	-127
79	0.0078	-204	-277	78
80	0.0079	-170	-24	53
81	0.0080	157	215	-152
82	0.0081	-528	-98	93
83	0.0082	412	133	-68
84	0.0083	-319	-182	-194
85	0.0084	45	-2	63
86	0.0085	86	154	-145
87	0.0086	-421	61	-40
88	0.0087	-147	-354	146
89	0.0088	-371	44	-11
90	0.0089	390	399	-298
91	0.0090	-596	-378	230
92	0.0091	88	242	-170
93	0.0092	107	24	28
94	0.0093	-485	-4	185
95	0.0094	390	-179	-241
96	0.0095	-131	176	-320
97	0.0096	14	-160	-10
98	0.0097	-152	53	151
99	0.0098	-292	189	-246
100	0.0099	-83	-196	155

电流增量数据 [1000Hz, 10点]
采样序号	时间(s)	A相电流(INT)	B相电流(INT)	C相电流(INT)
1	0.000	503	953	-537
2	0.001	1099	-361	-616
3	0.002	1222	-970	28
4	0.003	173	-1412	1425
5	0.004	-1707	186	1210
6	0.005	-2167	1889	1384
7	0.006	-766	589	866
8	0.007	-759	2846	-1534
9	0.008	13	-1307	-1350
10	0.009	1327	1135	-1609
================================================================================

=== 采集时间: 2025-12-16 11:03:28 (增量周期: 10.0ms) ===
振动增量数据 [等效10000Hz, 100点]
时序序号	时间(s)	X振动(INT)	Y振动(INT)	Z振动(INT)
1	0.0000	165	360	-211
2	0.0001	-282	-370	138
3	0.0002	14	249	-186
4	0.0003	-156	194	-143
5	0.0004	-76	-10	83
6	0.0005	-639	13	665
7	0.0006	433	295	-297
8	0.0007	82	-243	-406
9	0.0008	-391	-97	277
10	0.0009	195	90	-361
11	0.0010	-280	291	-280
12	0.0011	-264	-361	350
13	0.0012	-273	180	236
14	0.0013	365	194	-350
15	0.0014	-252	-473	79
16	0.0015	28	263	-226
17	0.0016	241	259	-378
18	0.0017	-422	-8	129
19	0.0018	-93	-226	203
20	0.0019	41	199	-67
21	0.0020	-315	-337	-17
22	0.0021	30	49	-139
23	0.0022	-284	181	-182
24	0.0023	54	-65	37
25	0.0024	-336	-179	3
26	0.0025	319	61	-111
27	0.0026	-232	-67	92
28	0.0027	-410	-11	206
29	0.0028	112	130	-284
30	0.0029	-585	-241	91
31	0.0030	163	164	-186
32	0.0031	-152	-224	-88
33	0.0032	395	274	-260
34	0.0033	-510	-326	297
35	0.0034	-464	36	528
36	0.0035	342	-95	-564
37	0.0036	-418	-55	-70
38	0.0037	67	24	43
39	0.0038	-105	-25	-207
40	0.0039	-282	244	88
41	0.0040	159	-25	-49
42	0.0041	-452	139	-244
43	0.0042	-122	-401	452
44	0.0043	-293	168	-130
45	0.0044	-55	-66	-96
46	0.0045	-264	-7	150
47	0.0046	-459	-118	-64
48	0.0047	325	431	-4
49	0.0048	-298	-65	-93
50	0.0049	245	-33	-145
51	0.0050	-358	-385	421
52	0.0051	-96	212	-192
53	0.0052	30	-12	22
54	0.0053	-105	180	-75
55	0.0054	-4	-41	-327
56	0.0055	-235	227	181
57	0.0056	214	227	-421
58	0.0057	-42	-200	-2
59	0.0058	-166	-217	150
60	0.0059	443	284	-445
61	0.0060	-639	-217	494
62	0.0061	2	28	-235
63	0.0062	41	208	-233
64	0.0063	100	39	32
65	0.0064	90	91	-447
66	0.0065	-75	-208	76
67	0.0066	-115	50	-74
68	0.0067	-131	-190	-15
69	0.0068	-7	299	-98
70	0.0069	-245	-385	65
71	0.0070	-290	-166	-8
72	0.0071	79	331	-47
73	0.0072	-391	-181	182
74	0.0073	-108	54	-140
75	0.0074	362	340	-332
76	0.0075	-238	-122	-121
77	0.0076	-468	-221	512
78	0.0077	240	240	-51
79	0.0078	-64	-270	-414
80	0.0079	-463	-454	226
81	0.0080	244	374	-259
82	0.0081	-242	253	-169
83	0.0082	-621	-212	517
84	0.0083	160	-81	-34
85	0.0084	385	-17	-488
86	0.0085	-190	-400	165
87	0.0086	-33	214	-230
88	0.0087	352	737	-607
89	0.0088	-1264	-170	934
90	0.0089	-545	-490	978
91	0.0090	979	713	-1100
92	0.0091	-54	-284	-41
93	0.0092	-310	-173	148
94	0.0093	197	732	-358
95	0.0094	-404	437	73
96	0.0095	-374	-489	532
97	0.0096	116	-4	-379
98	0.0097	468	-6	-307
99	0.0098	-545	-523	285
100	0.0099	240	596	-355

电流增量数据 [1000Hz, 10点]
采样序号	时间(s)	A相电流(INT)	B相电流(INT)	C相电流(INT)
1	0.000	1135	684	-1452
2	0.001	1875	-131	110
3	0.002	68	-5223	2121
4	0.003	-1144	48	2021
5	0.004	-280	-1668	490
6	0.005	462	-130	-110
7	0.006	-125	-1483	747
8	0.007	-744	-67	836
9	0.008	-969	-326	1039
10	0.009	-902	333	7
================================================================================

=== 采集时间: 2025-12-16 11:03:29 (增量周期: 10.0ms) ===
振动增量数据 [等效10000Hz, 100点]
时序序号	时间(s)	X振动(INT)	Y振动(INT)	Z振动(INT)
1	0.0000	65	117	-57
2	0.0001	-169	-61	11
3	0.0002	135	138	-383
4	0.0003	-553	-155	305
5	0.0004	78	437	-100
6	0.0005	86	-290	-323
7	0.0006	19	49	-53
8	0.0007	50	177	65
9	0.0008	26	194	-435
10	0.0009	-21	-61	16
11	0.0010	-158	-209	170
12	0.0011	49	-98	-331
13	0.0012	-126	-215	54
14	0.0013	-374	105	240
15	0.0014	-96	66	-36
16	0.0015	-269	195	9
17	0.0016	23	-117	-136
18	0.0017	268	351	-375
19	0.0018	-63	-202	157
20	0.0019	116	197	-111
21	0.0020	-27	189	-169
22	0.0021	-136	-132	185
23	0.0022	-597	-292	117
24	0.0023	164	24	-64
25	0.0024	-57	-42	-130
26	0.0025	-397	-170	210
27	0.0026	-27	266	-186
28	0.0027	-166	94	-119
29	0.0028	-336	79	298
30	0.0029	221	1	-74
31	0.0030	395	317	-728
32	0.0031	-313	-362	263
33	0.0032	-200	70	159
34	0.0033	202	112	-374
35	0.0034	-251	-32	-41
36	0.0035	-294	-155	303
37	0.0036	61	45	-165
38	0.0037	-316	-139	126
39	0.0038	-332	-182	343
40	0.0039	-91	138	-355
41	0.0040	97	165	-195
42	0.0041	-205	80	-3
43	0.0042	82	122	58
44	0.0043	-311	111	30
45	0.0044	-140	-335	58
46	0.0045	14	195	-91
47	0.0046	30	171	-336
48	0.0047	-173	74	142
49	0.0048	-160	-68	-54
50	0.0049	-3	185	37
51	0.0050	-50	-229	-59
52	0.0051	66	122	53
53	0.0052	202	165	-366
54	0.0053	-318	-102	61
55	0.0054	-260	40	75
56	0.0055	-149	103	156
57	0.0056	-199	-273	20
58	0.0057	186	-232	-186
59	0.0058	259	176	-295
60	0.0059	-446	28	-23
61	0.0060	144	423	-696
62	0.0061	-337	-3	318
63	0.0062	41	263	-11
64	0.0063	-186	-140	150
65	0.0064	-80	-368	187
66	0.0065	99	-16	-389
67	0.0066	105	138	-385
68	0.0067	-365	101	108
69	0.0068	-404	420	126
70	0.0069	-164	-21	339
71	0.0070	-45	-330	54
72	0.0071	520	138	-580
73	0.0072	-32	113	-128
74	0.0073	-583	-147	63
75	0.0074	-165	526	-32
76	0.0075	-38	60	-2
77	0.0076	-319	-301	363
78	0.0077	93	-32	-111
79	0.0078	151	64	-293
80	0.0079	-147	2	-94
81	0.0080	-152	406	-237
82	0.0081	-91	402	80
83	0.0082	-557	-245	534
84	0.0083	326	10	-113
85	0.0084	112	-255	-200
86	0.0085	-195	-33	3
87	0.0086	-54	313	-475
88	0.0087	-177	192	-2
89	0.0088	-343	-421	361
90	0.0089	208	189	-195
91	0.0090	134	-12	-47
92	0.0091	-660	-583	117
93	0.0092	3	219	-285
94	0.0093	-152	416	-7
95	0.0094	-346	-135	144
96	0.0095	-24	-166	-51
97	0.0096	327	352	-263
98	0.0097	-426	-541	215
99	0.0098	-215	116	-68
100	0.0099	41	158	-6

电流增量数据 [1000Hz, 10点]
采样序号	时间(s)	A相电流(INT)	B相电流(INT)	C相电流(INT)
1	0.000	-88	1872	845
2	0.001	-688	78	675
3	0.002	-832	926	665
4	0.003	-1378	1010	56
5	0.004	-199	1061	-534
6	0.005	376	-212	-855
7	0.006	2680	-1227	-1373
8	0.007	1783	-408	-160
9	0.008	858	-609	-59
10	0.009	-787	-652	2099
================================================================================

=== 采集时间: 2025-12-16 11:03:29 (增量周期: 10.0ms) ===
振动增量数据 [等效10000Hz, 100点]
时序序号	时间(s)	X振动(INT)	Y振动(INT)	Z振动(INT)
1	0.0000	455	15	-490
2	0.0001	-451	-340	82
3	0.0002	-106	195	-175
4	0.0003	-58	419	-171
5	0.0004	-497	-259	333
6	0.0005	-42	-106	-3
7	0.0006	349	249	-254
8	0.0007	-294	-369	62
9	0.0008	-96	2	-96
10	0.0009	23	340	-285
11	0.0010	-473	-204	302
12	0.0011	-282	-7	152
13	0.0012	291	305	-178
14	0.0013	-85	-270	-201
15	0.0014	-484	33	251
16	0.0015	125	269	-105
17	0.0016	-160	28	-321
18	0.0017	-58	-280	52
19	0.0018	182	173	-57
20	0.0019	-128	-104	39
21	0.0020	-269	57	262
22	0.0021	-31	14	-169
23	0.0022	-12	-14	-289
24	0.0023	-225	-236	91
25	0.0024	108	122	-230
26	0.0025	-208	41	31
27	0.0026	-404	-264	219
28	0.0027	-27	347	-77
29	0.0028	9	15	-128
30	0.0029	-164	-129	10
31	0.0030	-59	-16	-126
32	0.0031	160	116	-128
33	0.0032	-367	-185	202
34	0.0033	-145	113	54
35	0.0034	30	66	-44
36	0.0035	-232	-129	-119
37	0.0036	157	178	-84
38	0.0037	-40	262	-128
39	0.0038	-125	-215	-47
40	0.0039	-110	159	16
41	0.0040	-46	272	-81
42	0.0041	-118	-241	11
43	0.0042	-188	104	-333
44	0.0043	-20	5	259
45	0.0044	-202	-204	-21
46	0.0045	30	186	-154
47	0.0046	-134	45	-77
48	0.0047	-302	-93	75
49	0.0048	54	82	142
50	0.0049	5	117	-41
51	0.0050	-378	-236	233
52	0.0051	302	261	-359
53	0.0052	-70	79	-144
54	0.0053	-216	13	84
55	0.0054	69	257	-57
56	0.0055	-93	10	-205
57	0.0056	-252	-279	301
58	0.0057	73	270	-201
59	0.0058	-33	186	-77
60	0.0059	-348	-271	198
61	0.0060	46	310	-375
62	0.0061	382	94	-195
63	0.0062	-400	-153	296
64	0.0063	35	64	-31
65	0.0064	49	173	-192
66	0.0065	-279	-207	104
67	0.0066	-23	56	-74
68	0.0067	-55	164	-111
69	0.0068	-63	-220	-244
70	0.0069	-493	56	452
71	0.0070	201	272	-235
72	0.0071	-149	-262	-87
73	0.0072	-66	-7	-33
74	0.0073	121	176	-242
75	0.0074	-472	-221	223
76	0.0075	-134	156	324
77	0.0076	173	-126	-132
78	0.0077	-20	-285	-252
79	0.0078	65	-151	-77
80	0.0079	-268	301	-122
81	0.0080	-613	96	553
82	0.0081	-554	105	358
83	0.0082	-49	39	-104
84	0.0083	154	-368	-276
85	0.0084	194	360	-338
86	0.0085	9	348	-70
87	0.0086	-387	104	174
88	0.0087	-292	130	271
89	0.0088	272	-211	-170
90	0.0089	268	-368	-409
91	0.0090	-64	121	-126
92	0.0091	-307	58	186
93	0.0092	-490	352	-61
94	0.0093	-307	16	298
95	0.0094	279	44	-76
96	0.0095	224	-65	-346
97	0.0096	-109	-70	112
98	0.0097	-164	120	-475
99	0.0098	-249	101	212
100	0.0099	-187	113	73

电流增量数据 [1000Hz, 10点]
采样序号	时间(s)	A相电流(INT)	B相电流(INT)	C相电流(INT)
1	0.000	65	-2629	1146
2	0.001	-873	-591	964
3	0.002	-923	3298	-76
4	0.003	-29	1582	-1072
5	0.004	665	1268	-1185
6	0.005	-114	739	-937
7	0.006	571	66	-621
8	0.007	652	-1121	-435
9	0.008	-275	-1703	1058
10	0.009	-904	201	1853
================================================================================

=== 采集时间: 2025-12-16 11:03:29 (增量周期: 10.0ms) ===
振动增量数据 [等效10000Hz, 100点]
时序序号	时间(s)	X振动(INT)	Y振动(INT)	Z振动(INT)
1	0.0000	-318	-98	515
2	0.0001	596	455	-905
3	0.0002	9	322	-295
4	0.0003	-199	-353	344
5	0.0004	91	453	-370
6	0.0005	193	143	36
7	0.0006	-611	-597	311
8	0.0007	167	173	-260
9	0.0008	295	253	-302
10	0.0009	-641	-260	288
11	0.0010	130	80	-161
12	0.0011	-258	86	229
13	0.0012	-10	-230	-173
14	0.0013	212	214	-195
15	0.0014	-41	87	-62
16	0.0015	-89	-117	3
17	0.0016	-45	259	-217
18	0.0017	86	202	-87
19	0.0018	-395	-388	93
20	0.0019	126	239	-201
21	0.0020	86	-75	-123
22	0.0021	-448	-135	99
23	0.0022	-79	-63	82
24	0.0023	-152	-6	-63
25	0.0024	-314	-32	9
26	0.0025	203	-41	-126
27	0.0026	225	-55	-359
28	0.0027	-521	-383	388
29	0.0028	-442	198	545
30	0.0029	96	451	-611
31	0.0030	-230	-81	178
32	0.0031	-293	-132	172
33	0.0032	489	373	-415
34	0.0033	-68	-70	-51
35	0.0034	-403	-242	56
36	0.0035	122	387	-187
37	0.0036	-173	-130	56
38	0.0037	-289	-238	284
39	0.0038	105	-253	-160
40	0.0039	246	296	-555
41	0.0040	-431	-147	44
42	0.0041	-297	342	187
43	0.0042	-64	278	-272
44	0.0043	26	-190	32
45	0.0044	164	-136	-141
46	0.0045	44	73	-44
47	0.0046	-376	18	2
48	0.0047	-221	-126	-328
49	0.0048	77	339	-15
50	0.0049	-455	27	238
51	0.0050	-217	-78	200
52	0.0051	130	58	-244
53	0.0052	53	-331	-67
54	0.0053	15	56	-328
55	0.0054	-58	197	-153
56	0.0055	-345	242	15
57	0.0056	-348	-182	498
58	0.0057	169	-160	-191
59	0.0058	-54	48	-173
60	0.0059	-169	-198	-67
61	0.0060	-392	-53	44
62	0.0061	-161	120	32
63	0.0062	-79	-142	84
64	0.0063	24	-44	-46
65	0.0064	-148	-233	84
66	0.0065	-143	158	-119
67	0.0066	-83	151	-87
68	0.0067	-92	57	-165
69	0.0068	-110	-70	63
70	0.0069	53	-15	43
71	0.0070	40	-14	-200
72	0.0071	-7	26	-42
73	0.0072	-327	117	71
74	0.0073	-50	-4	-140
75	0.0074	77	69	-123
76	0.0075	-127	-211	-61
77	0.0076	44	108	-2
78	0.0077	-403	5	206
79	0.0078	-87	23	-100
80	0.0079	-207	-3	60
81	0.0080	-31	107	-59
82	0.0081	169	-50	-341
83	0.0082	-481	-7	425
84	0.0083	-172	103	284
85	0.0084	71	289	-555
86	0.0085	-91	-53	87
87	0.0086	40	-75	113
88	0.0087	292	398	-418
89	0.0088	-55	-179	90
90	0.0089	-348	-161	112
91	0.0090	83	148	-208
92	0.0091	-307	11	157
93	0.0092	-335	-318	217
94	0.0093	161	355	-337
95	0.0094	-66	120	-104
96	0.0095	-128	-134	-64
97	0.0096	-211	126	31
98	0.0097	57	138	-61
99	0.0098	-363	-166	0
100	0.0099	-12	5	2

电流增量数据 [1000Hz, 10点]
采样序号	时间(s)	A相电流(INT)	B相电流(INT)	C相电流(INT)
1	0.000	643	743	-232
2	0.001	713	-1357	-235
3	0.002	390	-478	686
4	0.003	-361	-499	997
5	0.004	-753	-1699	1078
6	0.005	-1497	-821	1439
7	0.006	-700	-370	34
8	0.007	15	2985	-623
9	0.008	893	-374	-792
10	0.009	654	343	-510
================================================================================

=== 采集时间: 2025-12-16 11:03:30 (增量周期: 10.0ms) ===
振动增量数据 [等效10000Hz, 100点]
时序序号	时间(s)	X振动(INT)	Y振动(INT)	Z振动(INT)
1	0.0000	-169	-6	46
2	0.0001	138	111	-314
3	0.0002	-678	-304	500
4	0.0003	-407	-88	585
5	0.0004	104	280	-633
6	0.0005	-106	-91	11
7	0.0006	-123	-181	91
8	0.0007	182	248	-381
9	0.0008	-232	282	251
10	0.0009	-282	-144	229
11	0.0010	-20	139	-226
12	0.0011	-136	-315	108
13	0.0012	57	-40	-241
14	0.0013	57	175	-303
15	0.0014	-378	163	232
16	0.0015	-362	50	142
17	0.0016	-68	1	-41
18	0.0017	229	-347	-312
19	0.0018	-71	-386	-88
20	0.0019	-3	313	7
21	0.0020	-375	192	-8
22	0.0021	-657	41	305
23	0.0022	-6	141	-4
24	0.0023	312	146	-273
25	0.0024	190	-258	-238
26	0.0025	-130	-16	-85
27	0.0026	-370	122	126
28	0.0027	-111	288	-44
29	0.0028	-54	195	-177
30	0.0029	-153	-117	327
31	0.0030	44	40	-691
32	0.0031	-313	-446	407
33	0.0032	-126	-155	74
34	0.0033	-7	372	-667
35	0.0034	-625	-337	520
36	0.0035	-235	163	135
37	0.0036	171	257	-151
38	0.0037	-222	-238	174
39	0.0038	-152	-232	-16
40	0.0039	263	330	-438
41	0.0040	41	438	-130
42	0.0041	-209	-311	164
43	0.0042	120	195	-139
44	0.0043	146	48	-115
45	0.0044	-289	-126	-59
46	0.0045	-234	-3	61
47	0.0046	169	357	-315
48	0.0047	-242	-157	125
49	0.0048	-164	-234	211
50	0.0049	15	14	-25
51	0.0050	-127	-57	-127
52	0.0051	-118	-65	-77
53	0.0052	-81	334	-211
54	0.0053	-23	-7	-34
55	0.0054	-186	-20	120
56	0.0055	244	181	-314
57	0.0056	-162	-250	-41
58	0.0057	-546	-45	352
59	0.0058	-21	126	118
60	0.0059	-17	18	-457
61	0.0060	-105	-238	153
62	0.0061	91	258	-87
63	0.0062	36	214	-131
64	0.0063	-235	-131	300
65	0.0064	-108	-135	-75
66	0.0065	73	-15	-37
67	0.0066	-207	-143	-14
68	0.0067	5	97	-130
69	0.0068	-245	45	15
70	0.0069	-285	154	140
71	0.0070	35	163	-137
72	0.0071	13	-98	-209
73	0.0072	-2	24	-50
74	0.0073	-202	-85	169
75	0.0074	41	309	-217
76	0.0075	-363	-115	253
77	0.0076	-230	-79	0
78	0.0077	195	15	-421
79	0.0078	-348	-185	280
80	0.0079	-100	78	74
81	0.0080	37	274	-293
82	0.0081	-324	-89	161
83	0.0082	-232	3	22
84	0.0083	129	454	-276
85	0.0084	39	-155	-243
86	0.0085	-604	-208	388
87	0.0086	3	57	191
88	0.0087	272	103	-558
89	0.0088	-211	-38	-141
90	0.0089	-125	30	317
91	0.0090	113	219	-250
92	0.0091	-174	-29	177
93	0.0092	-360	-301	91
94	0.0093	261	95	-342
95	0.0094	-123	122	-175
96	0.0095	-306	67	271
97	0.0096	-62	181	-135
98	0.0097	-45	47	-98
99	0.0098	56	111	-80
100	0.0099	-54	-114	-49

电流增量数据 [1000Hz, 10点]
采样序号	时间(s)	A相电流(INT)	B相电流(INT)	C相电流(INT)
1	0.000	-893	-249	999
2	0.001	-1168	607	1165
3	0.002	-1224	-262	154
4	0.003	-778	-105	-6
5	0.004	373	-551	-631
6	0.005	833	2205	-802
7	0.006	1228	-1266	106
8	0.007	910	-965	507
9	0.008	432	-850	364
10	0.009	-155	-406	834
================================================================================

=== 采集时间: 2025-12-16 11:03:30 (增量周期: 10.0ms) ===
振动增量数据 [等效10000Hz, 100点]
时序序号	时间(s)	X振动(INT)	Y振动(INT)	Z振动(INT)
1	0.0000	83	6	-144
2	0.0001	-211	-212	41
3	0.0002	-64	133	-44
4	0.0003	-226	135	62
5	0.0004	-215	40	39
6	0.0005	-433	-233	241
7	0.0006	-33	168	-6
8	0.0007	-33	-7	-92
9	0.0008	-92	-125	60
10	0.0009	139	131	37
11	0.0010	413	197	-985
12	0.0011	-409	-79	326
13	0.0012	-480	48	529
14	0.0013	86	472	-345
15	0.0014	-418	-499	268
16	0.0015	52	-392	-109
17	0.0016	425	308	-545
18	0.0017	-247	75	-79
19	0.0018	-572	117	314
20	0.0019	-14	472	147
21	0.0020	13	-49	54
22	0.0021	14	-371	-186
23	0.0022	454	229	-428
24	0.0023	-166	66	10
25	0.0024	-668	69	370
26	0.0025	199	292	-494
27	0.0026	28	-4	-47
28	0.0027	-138	-552	273
29	0.0028	87	144	-234
30	0.0029	-29	92	-222
31	0.0030	-605	-72	152
32	0.0031	-113	424	-72
33	0.0032	-93	18	253
34	0.0033	-130	-28	-7
35	0.0034	258	54	-10
36	0.0035	135	-50	-333
37	0.0036	-341	-142	-186
38	0.0037	-490	-15	684
39	0.0038	31	205	-394
40	0.0039	-114	-177	-264
41	0.0040	-258	-169	477
42	0.0041	44	215	-225
43	0.0042	22	15	-203
44	0.0043	-314	-219	65
45	0.0044	198	232	-318
46	0.0045	-170	180	-25
47	0.0046	-108	-262	174
48	0.0047	15	-7	-8
49	0.0048	66	184	-370
50	0.0049	-58	-200	-42
51	0.0050	-199	-152	112
52	0.0051	-67	9	135
53	0.0052	-24	86	-160
54	0.0053	-121	-174	37
55	0.0054	-192	-61	-66
56	0.0055	147	308	-334
57	0.0056	-224	-136	41
58	0.0057	-79	23	6
59	0.0058	-7	61	-14
60	0.0059	-443	-155	303
61	0.0060	-7	7	-89
62	0.0061	-54	87	-195
63	0.0062	-123	-72	-109
64	0.0063	-27	-87	-45
65	0.0064	-122	228	233
66	0.0065	32	1	-366
67	0.0066	-106	48	-24
68	0.0067	-110	-38	174
69	0.0068	-33	66	-290
70	0.0069	-110	-144	-251
71	0.0070	-286	-37	263
72	0.0071	-376	36	243
73	0.0072	27	184	-286
74	0.0073	-237	-19	200
75	0.0074	-63	-79	-36
76	0.0075	268	222	-436
77	0.0076	-89	-101	105
78	0.0077	-46	30	57
79	0.0078	-93	70	-130
80	0.0079	-97	-24	16
81	0.0080	-195	-23	-62
82	0.0081	-199	207	112
83	0.0082	-168	-212	-61
84	0.0083	-114	-40	-115
85	0.0084	87	181	36
86	0.0085	-208	54	7
87	0.0086	-59	190	-162
88	0.0087	-58	5	50
89	0.0088	-42	-33	-122
90	0.0089	58	-176	-7
91	0.0090	-97	90	15
92	0.0091	169	41	-405
93	0.0092	-781	-15	643
94	0.0093	-68	-14	69
95	0.0094	234	301	-670
96	0.0095	-296	-228	143
97	0.0096	99	18	46
98	0.0097	-64	156	-263
99	0.0098	-40	113	116
100	0.0099	-186	-255	19

电流增量数据 [1000Hz, 10点]
采样序号	时间(s)	A相电流(INT)	B相电流(INT)	C相电流(INT)
1	0.000	-477	43	-272
2	0.001	1480	-1144	-1108
3	0.002	1555	562	-424
4	0.003	982	-390	-31
5	0.004	-42	-1950	2306
6	0.005	140	-4735	1614
7	0.006	-1865	-1189	1740
8	0.007	-435	-1252	606
9	0.008	336	-1407	629
10	0.009	-672	-676	615
================================================================================

=== 采集时间: 2025-12-16 11:03:30 (增量周期: 10.0ms) ===
振动增量数据 [等效10000Hz, 100点]
时序序号	时间(s)	X振动(INT)	Y振动(INT)	Z振动(INT)
1	0.0000	143	263	-118
2	0.0001	-110	113	-34
3	0.0002	-110	-2	-41
4	0.0003	-310	-219	150
5	0.0004	-161	-32	-156
6	0.0005	-108	-206	97
7	0.0006	-493	28	190
8	0.0007	23	205	-55
9	0.0008	-328	43	75
10	0.0009	-58	92	-29
11	0.0010	173	135	-234
12	0.0011	-127	-70	-130
13	0.0012	7	24	129
14	0.0013	-12	165	-165
15	0.0014	-62	-29	5
16	0.0015	-323	-11	174
17	0.0016	-23	20	-132
18	0.0017	56	13	-118
19	0.0018	-316	-129	208
20	0.0019	-62	310	-174
21	0.0020	-59	-41	-55
22	0.0021	-357	-80	199
23	0.0022	-11	-4	32
24	0.0023	266	306	-501
25	0.0024	-775	-341	605
26	0.0025	-196	75	319
27	0.0026	566	382	-768
28	0.0027	-285	-409	221
29	0.0028	-249	-178	481
30	0.0029	271	615	-492
31	0.0030	-147	0	156
32	0.0031	-528	-532	273
33	0.0032	464	382	-371
34	0.0033	-12	-59	-213
35	0.0034	-417	-144	318
36	0.0035	154	446	-285
37	0.0036	13	172	-290
38	0.0037	-452	-515	177
39	0.0038	284	16	-15
40	0.0039	140	-25	-439
41	0.0040	-241	-31	37
42	0.0041	-275	275	20
43	0.0042	-213	351	126
44	0.0043	-226	-290	155
45	0.0044	296	-75	-264
46	0.0045	240	15	-422
47	0.0046	-414	62	152
48	0.0047	-54	309	-63
49	0.0048	-207	381	-58
50	0.0049	-464	-178	430
51	0.0050	263	274	-398
52	0.0051	-70	130	-208
53	0.0052	-499	-85	92
54	0.0053	-135	210	529
55	0.0054	308	167	-383
56	0.0055	-183	-362	74
57	0.0056	-100	-38	0
58	0.0057	10	9	-288
59	0.0058	-269	6	-123
60	0.0059	-228	57	280
61	0.0060	2	227	-15
62	0.0061	-6	65	-134
63	0.0062	27	-113	48
64	0.0063	-134	18	-53
65	0.0064	44	43	-286
66	0.0065	-340	-78	67
67	0.0066	-111	35	-4
68	0.0067	168	82	-184
69	0.0068	-349	-178	268
70	0.0069	116	-46	-105
71	0.0070	-111	130	-294
72	0.0071	-85	-31	82
73	0.0072	-74	-80	-165
74	0.0073	32	297	-124
75	0.0074	31	-38	27
76	0.0075	-520	-83	136
77	0.0076	-58	-4	133
78	0.0077	-97	-92	-181
79	0.0078	113	95	-303
80	0.0079	-200	-145	258
81	0.0080	-6	208	-357
82	0.0081	46	16	120
83	0.0082	-369	-189	305
84	0.0083	306	235	-468
85	0.0084	-100	-19	74
86	0.0085	-237	-88	1
87	0.0086	39	100	-111
88	0.0087	-360	33	-11
89	0.0088	69	36	57
90	0.0089	-234	35	-46
91	0.0090	-15	31	-117
92	0.0091	-282	-166	151
93	0.0092	52	105	-160
94	0.0093	349	176	-348
95	0.0094	-764	-398	448
96	0.0095	30	263	246
97	0.0096	44	295	-348
98	0.0097	-335	-251	181
99	0.0098	-114	-125	127
100	0.0099	314	478	-452

电流增量数据 [1000Hz, 10点]
采样序号	时间(s)	A相电流(INT)	B相电流(INT)	C相电流(INT)
1	0.000	-658	933	58
2	0.001	81	372	-888
3	0.002	795	-792	-942
4	0.003	1497	-2647	313
5	0.004	-454	-667	2000
6	0.005	256	-421	834
7	0.006	-2384	129	1961
8	0.007	-2044	-1061	629
9	0.008	-1179	864	-644
10	0.009	-411	-347	-53
================================================================================

=== 采集时间: 2025-12-16 11:03:31 (增量周期: 10.0ms) ===
振动增量数据 [等效10000Hz, 100点]
时序序号	时间(s)	X振动(INT)	Y振动(INT)	Z振动(INT)
1	0.0000	154	228	-452
2	0.0001	-581	-381	383
3	0.0002	-37	-234	6
4	0.0003	-4	412	-162
5	0.0004	-27	-88	-11
6	0.0005	-322	-220	144
7	0.0006	229	279	-307
8	0.0007	-66	-170	-111
9	0.0008	-284	57	5
10	0.0009	167	156	37
11	0.0010	-327	45	-83
12	0.0011	-161	-40	170
13	0.0012	-92	121	35
14	0.0013	-115	-36	-250
15	0.0014	-121	-165	174
16	0.0015	-109	192	-214
17	0.0016	223	118	-42
18	0.0017	-251	-166	-372
19	0.0018	140	193	32
20	0.0019	-239	-92	217
21	0.0020	-324	-132	54
22	0.0021	-58	78	-58
23	0.0022	-367	-95	63
24	0.0023	109	88	-256
25	0.0024	-516	44	318
26	0.0025	-46	3	211
27	0.0026	263	165	-620
28	0.0027	-117	75	62
29	0.0028	-58	-53	157
30	0.0029	-183	78	-88
31	0.0030	126	286	-184
32	0.0031	-454	-276	326
33	0.0032	-46	39	-197
34	0.0033	234	143	-191
35	0.0034	-429	-88	281
36	0.0035	97	128	-149
37	0.0036	33	96	-255
38	0.0037	-249	-113	159
39	0.0038	-85	54	-25
40	0.0039	-242	24	109
41	0.0040	-118	-209	71
42	0.0041	57	265	-389
43	0.0042	-239	224	457
44	0.0043	-299	-385	152
45	0.0044	-23	334	-329
46	0.0045	22	293	204
47	0.0046	-262	-459	58
48	0.0047	22	37	-68
49	0.0048	140	248	-135
50	0.0049	-320	-58	-20
51	0.0050	-130	6	170
52	0.0051	462	239	-449
53	0.0052	-44	410	-854
54	0.0053	-1080	-518	1468
55	0.0054	61	78	-122
56	0.0055	327	158	-744
57	0.0056	-435	-672	426
58	0.0057	-61	195	-333
59	0.0058	-64	786	-128
60	0.0059	-712	-195	691
61	0.0060	-209	-230	122
62	0.0061	503	258	-448
63	0.0062	-15	-600	-207
64	0.0063	-109	-17	-235
65	0.0064	-349	365	217
66	0.0065	-861	-106	546
67	0.0066	-209	198	-239
68	0.0067	364	351	-208
69	0.0068	-208	-364	49
70	0.0069	-41	-63	-67
71	0.0070	270	569	-304
72	0.0071	-222	-40	-92
73	0.0072	-241	134	133
74	0.0073	-54	193	61
75	0.0074	-12	-185	-107
76	0.0075	-331	-435	280
77	0.0076	134	222	-211
78	0.0077	65	26	-644
79	0.0078	-367	-58	83
80	0.0079	-130	348	563
81	0.0080	238	164	-530
82	0.0081	71	-243	-241
83	0.0082	-174	-117	401
84	0.0083	187	340	-618
85	0.0084	-230	-257	-83
86	0.0085	-447	-29	315
87	0.0086	146	109	-124
88	0.0087	-130	-268	93
89	0.0088	-169	-208	161
90	0.0089	178	108	-375
91	0.0090	-252	79	20
92	0.0091	-279	-246	-58
93	0.0092	44	438	-165
94	0.0093	-47	-3	18
95	0.0094	-337	-388	200
96	0.0095	70	205	-229
97	0.0096	92	155	-165
98	0.0097	-450	-251	57
99	0.0098	54	129	-107
100	0.0099	-20	82	-20

电流增量数据 [1000Hz, 10点]
采样序号	时间(s)	A相电流(INT)	B相电流(INT)	C相电流(INT)
1	0.000	1724	-1245	-1800
2	0.001	280	-177	-655
3	0.002	-97	-241	-711
4	0.003	837	-406	-697
5	0.004	904	-599	-470
6	0.005	750	-423	-114
7	0.006	983	-3276	300
8	0.007	476	-2729	1154
9	0.008	-882	-872	737
10	0.009	-736	2616	174
================================================================================

=== 采集时间: 2025-12-16 11:03:31 (增量周期: 10.0ms) ===
振动增量数据 [等效10000Hz, 100点]
时序序号	时间(s)	X振动(INT)	Y振动(INT)	Z振动(INT)
1	0.0000	-92	-10	-38
2	0.0001	236	239	-169
3	0.0002	-344	-245	18
4	0.0003	-204	-33	273
5	0.0004	-110	289	-115
6	0.0005	-74	-15	-64
7	0.0006	-233	-196	255
8	0.0007	349	233	-571
9	0.0008	-17	-232	-267
10	0.0009	-340	-273	193
11	0.0010	275	719	-385
12	0.0011	-528	-251	270
13	0.0012	-346	-234	100
14	0.0013	6	75	151
15	0.0014	-199	-232	-42
16	0.0015	-15	-166	-251
17	0.0016	-164	327	44
18	0.0017	-136	237	28
19	0.0018	-155	-100	61
20	0.0019	287	222	-259
21	0.0020	108	-76	-152
22	0.0021	-313	-138	19
23	0.0022	-55	397	-3
24	0.0023	-78	-3	-247
25	0.0024	-387	-155	271
26	0.0025	-127	150	169
27	0.0026	-75	-72	60
28	0.0027	48	-36	-342
29	0.0028	-123	32	16
30	0.0029	-314	77	92
31	0.0030	-100	163	-144
32	0.0031	-135	6	133
33	0.0032	-32	-117	-40
34	0.0033	137	50	-256
35	0.0034	-181	77	185
36	0.0035	-47	186	-280
37	0.0036	-165	6	-4
38	0.0037	-40	-136	109
39	0.0038	208	299	-315
40	0.0039	-131	-49	142
41	0.0040	-126	-125	-49
42	0.0041	-337	-68	195
43	0.0042	-59	185	-175
44	0.0043	-85	-168	-51
45	0.0044	-108	-32	-68
46	0.0045	70	250	-187
47	0.0046	-326	-144	191
48	0.0047	-130	41	37
49	0.0048	88	207	-134
50	0.0049	-63	-138	-28
51	0.0050	150	96	-248
52	0.0051	211	215	-286
53	0.0052	-426	-276	392
54	0.0053	-224	-130	79
55	0.0054	160	173	-247
56	0.0055	-190	-339	-50
57	0.0056	-211	-8	19
58	0.0057	32	442	-106
59	0.0058	-296	-131	1
60	0.0059	-292	-179	193
61	0.0060	140	-113	-149
62	0.0061	186	253	-380
63	0.0062	-678	-207	554
64	0.0063	-203	0	161
65	0.0064	92	253	-430
66	0.0065	116	-118	-106
67	0.0066	-272	-126	173
68	0.0067	227	467	-109
69	0.0068	-212	-12	39
70	0.0069	-339	-203	-34
71	0.0070	150	74	-61
72	0.0071	-165	171	54
73	0.0072	-6	-67	-153
74	0.0073	-181	-31	157
75	0.0074	-94	20	-97
76	0.0075	-68	-142	3
77	0.0076	-105	74	-152
78	0.0077	56	-2	-105
79	0.0078	-232	28	92
80	0.0079	178	203	-53
81	0.0080	-23	92	-144
82	0.0081	-226	-102	-6
83	0.0082	-80	33	69
84	0.0083	-111	151	-145
85	0.0084	-226	-75	247
86	0.0085	-315	-142	84
87	0.0086	66	64	-144
88	0.0087	-152	-102	-51
89	0.0088	-37	176	-19
90	0.0089	186	242	-350
91	0.0090	-649	-255	444
92	0.0091	238	77	-261
93	0.0092	23	164	-227
94	0.0093	-135	-190	84
95	0.0094	-196	15	101
96	0.0095	19	199	-74
97	0.0096	-226	131	152
98	0.0097	-119	-76	28
99	0.0098	127	186	-54
100	0.0099	-139	-104	-4

电流增量数据 [1000Hz, 10点]
采样序号	时间(s)	A相电流(INT)	B相电流(INT)	C相电流(INT)
1	0.000	492	-1422	802
2	0.001	-414	194	1201
3	0.002	-915	-2040	1209
4	0.003	-721	-795	550
5	0.004	-451	-218	-367
6	0.005	46	2334	-900
7	0.006	1544	240	-924
8	0.007	679	-242	-445
9	0.008	605	365	-282
10	0.009	723	-1226	148
================================================================================

=== 采集时间: 2025-12-16 11:03:31 (增量周期: 10.0ms) ===
振动增量数据 [等效10000Hz, 100点]
时序序号	时间(s)	X振动(INT)	Y振动(INT)	Z振动(INT)
1	0.0000	125	172	-197
2	0.0001	18	2	-297
3	0.0002	-315	-33	156
4	0.0003	-198	126	114
5	0.0004	22	185	-75
6	0.0005	23	-263	-63
7	0.0006	215	248	-286
8	0.0007	-45	14	-33
9	0.0008	-320	0	78
10	0.0009	26	245	-67
11	0.0010	-174	-191	33
12	0.0011	60	-113	-187
13	0.0012	-241	87	323
14	0.0013	-96	1	-118
15	0.0014	83	125	-474
16	0.0015	-169	-223	276
17	0.0016	276	215	-355
18	0.0017	-72	19	-92
19	0.0018	-254	-3	361
20	0.0019	-224	-109	53
21	0.0020	-40	57	-139
22	0.0021	-19	-113	-167
23	0.0022	-242	-271	49
24	0.0023	-55	184	-46
25	0.0024	-114	142	-11
26	0.0025	-185	30	11
27	0.0026	-70	-25	-57
28	0.0027	-78	-11	-102
29	0.0028	-91	-92	-15
30	0.0029	6	133	-24
31	0.0030	-84	129	-151
32	0.0031	-264	-83	168
33	0.0032	-64	-31	-34
34	0.0033	74	64	-104
35	0.0034	-135	-62	-20
36	0.0035	-92	65	-19
37	0.0036	-87	137	-135
38	0.0037	-242	-21	78
39	0.0038	-110	-19	10
40	0.0039	109	181	-123
41	0.0040	-58	40	-171
42	0.0041	-259	-20	151
43	0.0042	208	-53	-372
44	0.0043	-87	82	-93
45	0.0044	-269	-176	289
46	0.0045	-31	103	-281
47	0.0046	-64	86	66
48	0.0047	-216	-129	129
49	0.0048	113	40	-203
50	0.0049	-46	86	-164
51	0.0050	-220	-79	194
52	0.0051	7	125	-310
53	0.0052	114	176	-130
54	0.0053	-170	-242	-10
55	0.0054	-273	24	203
56	0.0055	155	120	-234
57	0.0056	-179	-33	-225
58	0.0057	-45	-41	126
59	0.0058	95	256	-182
60	0.0059	-225	-162	65
61	0.0060	-158	-53	-55
62	0.0061	-42	138	-123
63	0.0062	-72	30	-16
64	0.0063	-96	152	-49
65	0.0064	-162	39	-88
66	0.0065	-239	101	305
67	0.0066	11	-193	-41
68	0.0067	312	79	-499
69	0.0068	-427	-178	27
70	0.0069	-447	-321	553
71	0.0070	-2	433	-272
72	0.0071	-194	-112	146
73	0.0072	-242	-348	144
74	0.0073	246	317	-334
75	0.0074	-6	126	-115
76	0.0075	-216	-71	69
77	0.0076	190	233	-131
78	0.0077	31	293	-140
79	0.0078	-113	50	-51
80	0.0079	-222	-71	193
81	0.0080	58	120	-143
82	0.0081	-328	-439	159
83	0.0082	-3	-11	-75
84	0.0083	31	296	-376
85	0.0084	-117	-140	92
86	0.0085	-135	240	134
87	0.0086	46	232	-265
88	0.0087	-245	-131	292
89	0.0088	18	-80	-161
90	0.0089	366	398	-431
91	0.0090	-407	-33	215
92	0.0091	-121	40	114
93	0.0092	116	327	-47
94	0.0093	-216	-159	18
95	0.0094	19	-27	-10
96	0.0095	86	182	-132
97	0.0096	-89	-109	-323
98	0.0097	-544	-317	576
99	0.0098	46	171	-205
100	0.0099	-8	35	-131

电流增量数据 [1000Hz, 10点]
采样序号	时间(s)	A相电流(INT)	B相电流(INT)	C相电流(INT)
1	0.000	581	-748	-408
2	0.001	387	1427	-365
3	0.002	792	-257	265
4	0.003	549	-1029	521
5	0.004	202	-952	1254
6	0.005	-581	-560	841
7	0.006	-823	-457	559
8	0.007	13	1007	-1997
9	0.008	1316	2657	-2508
10	0.009	414	1258	-1139
================================================================================

=== 采集时间: 2025-12-16 11:03:32 (增量周期: 10.0ms) ===
振动增量数据 [等效10000Hz, 100点]
时序序号	时间(s)	X振动(INT)	Y振动(INT)	Z振动(INT)
1	0.0000	44	244	-130
2	0.0001	-190	-100	-169
3	0.0002	-222	-108	45
4	0.0003	61	262	-4
5	0.0004	2	-15	-209
6	0.0005	-260	-224	178
7	0.0006	70	126	-194
8	0.0007	-58	52	-117
9	0.0008	-172	-147	48
10	0.0009	-89	82	10
11	0.0010	-134	57	66
12	0.0011	-113	-91	11
13	0.0012	-41	71	-19
14	0.0013	-172	26	-34
15	0.0014	-105	-11	-104
16	0.0015	-158	23	-20
17	0.0016	-221	-92	272
18	0.0017	-173	-38	-28
19	0.0018	57	141	-214
20	0.0019	26	-127	-117
21	0.0020	-272	77	-77
22	0.0021	-194	86	472
23	0.0022	161	164	-565
24	0.0023	-164	-88	32
25	0.0024	-115	-83	314
26	0.0025	109	154	-242
27	0.0026	-16	-33	-107
28	0.0027	-268	-16	178
29	0.0028	103	214	-229
30	0.0029	-64	53	-111
31	0.0030	-281	-161	33
32	0.0031	-68	37	65
33	0.0032	10	70	-124
34	0.0033	-58	-123	-128
35	0.0034	-360	61	275
36	0.0035	-138	161	283
37	0.0036	159	129	-514
38	0.0037	-230	-27	213
39	0.0038	45	137	123
40	0.0039	137	201	-336
41	0.0040	-115	130	112
42	0.0041	-113	-91	14
43	0.0042	65	50	-178
44	0.0043	-3	-67	-19
45	0.0044	-80	32	-31
46	0.0045	-328	-7	130
47	0.0046	-97	50	-53
48	0.0047	-212	-45	310
49	0.0048	261	240	-640
50	0.0049	23	49	10
51	0.0050	-153	-246	127
52	0.0051	90	310	-226
53	0.0052	-123	50	10
54	0.0053	-264	-232	45
55	0.0054	-101	-33	-47
56	0.0055	-21	142	-96
57	0.0056	-83	-177	103
58	0.0057	-19	109	-220
59	0.0058	-58	214	100
60	0.0059	-135	-212	-218
61	0.0060	-297	-148	331
62	0.0061	-127	77	27
63	0.0062	-23	88	-329
64	0.0063	-199	-142	126
65	0.0064	-62	195	-105
66	0.0065	-275	-66	90
67	0.0066	-267	22	143
68	0.0067	45	67	-81
69	0.0068	-224	-74	340
70	0.0069	150	-176	-203
71	0.0070	334	0	-611
72	0.0071	-8	94	5
73	0.0072	-249	151	210
74	0.0073	118	220	-271
75	0.0074	-268	-3	344
76	0.0075	-42	-186	-213
77	0.0076	224	278	-458
78	0.0077	-251	-65	297
79	0.0078	-186	33	-179
80	0.0079	-190	107	26
81	0.0080	-126	-211	310
82	0.0081	23	-49	-123
83	0.0082	257	331	-332
84	0.0083	-326	20	169
85	0.0084	-33	-123	-114
86	0.0085	50	297	-199
87	0.0086	-170	-216	22
88	0.0087	-67	-53	-156
89	0.0088	5	156	-57
90	0.0089	-196	-57	52
91	0.0090	-202	30	-94
92	0.0091	37	284	-92
93	0.0092	-88	-83	26
94	0.0093	-238	-87	126
95	0.0094	339	270	-282
96	0.0095	-191	-233	61
97	0.0096	-269	-151	97
98	0.0097	18	75	-126
99	0.0098	-314	91	24
100	0.0099	-219	-135	31

电流增量数据 [1000Hz, 10点]
采样序号	时间(s)	A相电流(INT)	B相电流(INT)	C相电流(INT)
1	0.000	-442	-1519	2219
2	0.001	-2151	-2239	2310
3	0.002	-1807	-648	676
4	0.003	-460	-537	454
5	0.004	-744	-1490	804
6	0.005	-1113	167	963
7	0.006	-929	499	343
8	0.007	-384	1466	-816
9	0.008	-75	-543	-1022
10	0.009	566	-925	-954
================================================================================

=== 采集时间: 2025-12-16 11:03:32 (增量周期: 10.0ms) ===
振动增量数据 [等效10000Hz, 100点]
时序序号	时间(s)	X振动(INT)	Y振动(INT)	Z振动(INT)
1	0.0000	-507	79	311
2	0.0001	-493	-336	534
3	0.0002	370	320	-661
4	0.0003	97	-131	-184
5	0.0004	-123	-98	48
6	0.0005	177	244	-164
7	0.0006	-280	-51	193
8	0.0007	-221	-118	-45
9	0.0008	193	91	-145
10	0.0009	-147	-134	-12
11	0.0010	-192	160	63
12	0.0011	-230	202	232
13	0.0012	-282	-2	31
14	0.0013	7	-19	-135
15	0.0014	88	-49	-37
16	0.0015	124	219	-344
17	0.0016	-249	-33	105
18	0.0017	-2	261	58
19	0.0018	-24	71	-171
20	0.0019	-41	-206	-44
21	0.0020	-79	-88	-25
22	0.0021	-23	120	-126
23	0.0022	-149	152	-51
24	0.0023	-290	-98	169
25	0.0024	-33	108	-124
26	0.0025	14	-65	-59
27	0.0026	36	62	-166
28	0.0027	20	39	-97
29	0.0028	-578	50	427
30	0.0029	-91	-8	96
31	0.0030	100	-49	-679
32	0.0031	-177	-78	273
33	0.0032	-68	303	19
34	0.0033	122	114	-274
35	0.0034	-106	16	30
36	0.0035	-76	-129	33
37	0.0036	-37	-38	-227
38	0.0037	-200	-131	156
39	0.0038	-47	65	-58
40	0.0039	-121	7	-109
41	0.0040	-98	141	-29
42	0.0041	-92	-65	-131
43	0.0042	96	56	-196
44	0.0043	83	118	-131
45	0.0044	-50	237	-21
46	0.0045	-194	-20	193
47	0.0046	-249	-138	23
48	0.0047	140	-36	-119
49	0.0048	-209	-353	44
50	0.0049	263	216	-304
51	0.0050	-155	130	15
52	0.0051	-608	-254	429
53	0.0052	74	211	-233
54	0.0053	-172	57	60
55	0.0054	-7	-161	-28
56	0.0055	-19	133	-4
57	0.0056	57	331	-190
58	0.0057	-71	-145	-149
59	0.0058	-237	-15	138
60	0.0059	229	412	-130
61	0.0060	-250	-139	113
62	0.0061	-234	-109	-44
63	0.0062	-340	-262	483
64	0.0063	-284	-42	-213
65	0.0064	78	-20	-139
66	0.0065	-382	-71	219
67	0.0066	-79	316	-40
68	0.0067	-113	77	-54
69	0.0068	-250	-65	53
70	0.0069	40	95	-157
71	0.0070	78	155	-307
72	0.0071	39	11	-58
73	0.0072	-31	246	11
74	0.0073	31	109	1
75	0.0074	-175	-351	33
76	0.0075	-80	-53	56
77	0.0076	65	94	-109
78	0.0077	-215	-25	-42
79	0.0078	-235	-25	-21
80	0.0079	-175	171	146
81	0.0080	-47	90	-70
82	0.0081	-185	-174	76
83	0.0082	365	340	-539
84	0.0083	-17	205	-70
85	0.0084	-267	-296	112
86	0.0085	-88	-14	194
87	0.0086	219	224	-336
88	0.0087	-252	-165	-15
89	0.0088	-340	-276	280
90	0.0089	155	433	-286
91	0.0090	-144	-93	135
92	0.0091	-260	-287	7
93	0.0092	389	387	-337
94	0.0093	-55	104	-59
95	0.0094	-594	-179	451
96	0.0095	-38	222	-67
97	0.0096	-59	-36	-102
98	0.0097	-286	-345	120
99	0.0098	86	184	-15
100	0.0099	-118	-80	-123

电流增量数据 [1000Hz, 10点]
采样序号	时间(s)	A相电流(INT)	B相电流(INT)	C相电流(INT)
1	0.000	1098	583	-762
2	0.001	1592	-2192	-1040
3	0.002	1351	-2388	50
4	0.003	-172	-1434	929
5	0.004	-86	801	429
6	0.005	-917	1051	606
7	0.006	-1007	240	486
8	0.007	-1279	2036	238
9	0.008	-38	-30	-813
10	0.009	486	-267	-861
================================================================================

=== 采集时间: 2025-12-16 11:03:32 (增量周期: 10.0ms) ===
振动增量数据 [等效10000Hz, 100点]
时序序号	时间(s)	X振动(INT)	Y振动(INT)	Z振动(INT)
1	0.0000	41	133	-51
2	0.0001	113	184	-334
3	0.0002	-179	70	113
4	0.0003	41	67	-63
5	0.0004	-8	32	-41
6	0.0005	-162	-203	0
7	0.0006	127	171	-195
8	0.0007	-256	208	166
9	0.0008	-85	-53	95
10	0.0009	2	39	-350
11	0.0010	-168	26	271
12	0.0011	-97	-131	113
13	0.0012	206	186	-418
14	0.0013	30	265	-2
15	0.0014	-143	-88	37
16	0.0015	-50	144	-160
17	0.0016	-83	-59	183
18	0.0017	-187	-108	-23
19	0.0018	-53	77	-62
20	0.0019	-346	27	476
21	0.0020	91	104	-469
22	0.0021	157	147	-299
23	0.0022	167	-32	62
24	0.0023	109	124	-124
25	0.0024	88	19	22
26	0.0025	-208	19	-37
27	0.0026	-311	-249	183
28	0.0027	-138	-83	-72
29	0.0028	-46	18	-74
30	0.0029	-286	-134	32
31	0.0030	-202	168	183
32	0.0031	66	133	-177
33	0.0032	-106	-2	-140
34	0.0033	-123	-193	193
35	0.0034	147	111	-230
36	0.0035	-7	-117	-136
37	0.0036	-299	-190	127
38	0.0037	10	305	-74
39	0.0038	-71	-25	-119
40	0.0039	-376	-93	121
41	0.0040	151	261	-121
42	0.0041	-204	2	-139
43	0.0042	-279	-55	224
44	0.0043	-20	77	-6
45	0.0044	180	152	-381
46	0.0045	-186	-80	125
47	0.0046	160	216	-282
48	0.0047	-452	210	525
49	0.0048	-409	-106	249
50	0.0049	318	152	-725
51	0.0050	105	-89	-157
52	0.0051	67	237	-181
53	0.0052	-68	94	-177
54	0.0053	-23	263	10
55	0.0054	-251	-169	240
56	0.0055	-104	-253	-19
57	0.0056	157	-36	-161
58	0.0057	-361	-324	-84
59	0.0058	-174	190	-21
60	0.0059	-101	160	-165
61	0.0060	-211	75	23
62	0.0061	-110	75	247
63	0.0062	-58	-23	61
64	0.0063	302	-25	-432
65	0.0064	13	26	-241
66	0.0065	-217	-49	152
67	0.0066	-331	-12	69
68	0.0067	-14	44	-88
69	0.0068	-63	-236	161
70	0.0069	53	32	-149
71	0.0070	-15	88	-190
72	0.0071	-408	62	88
73	0.0072	-40	122	-106
74	0.0073	103	52	-156
75	0.0074	67	-38	-156
76	0.0075	-315	-75	341
77	0.0076	-195	56	159
78	0.0077	97	66	-243
79	0.0078	-157	-29	-53
80	0.0079	92	41	-158
81	0.0080	-15	9	2
82	0.0081	-61	142	92
83	0.0082	-96	-27	136
84	0.0083	-209	-220	-17
85	0.0084	46	70	-197
86	0.0085	-153	-36	32
87	0.0086	-172	-66	50
88	0.0087	-57	257	-42
89	0.0088	-188	129	-81
90	0.0089	-94	54	82
91	0.0090	-147	-11	95
92	0.0091	190	142	-186
93	0.0092	46	-19	-195
94	0.0093	-102	15	146
95	0.0094	-58	35	-57
96	0.0095	-89	-177	6
97	0.0096	-46	-65	-89
98	0.0097	-174	190	191
99	0.0098	-70	-51	-111
100	0.0099	-14	35	-261

电流增量数据 [1000Hz, 10点]
采样序号	时间(s)	A相电流(INT)	B相电流(INT)	C相电流(INT)
1	0.000	69	-1163	-771
2	0.001	1061	-343	-777
3	0.002	765	-1151	-237
4	0.003	1185	-776	-24
5	0.004	589	-3244	705
6	0.005	236	-2473	1087
7	0.006	-1121	-710	812
8	0.007	-974	1956	136
9	0.008	-37	1896	-1068
10	0.009	165	491	-768
================================================================================

=== 采集时间: 2025-12-16 11:03:33 (增量周期: 10.0ms) ===
振动增量数据 [等效10000Hz, 100点]
时序序号	时间(s)	X振动(INT)	Y振动(INT)	Z振动(INT)
1	0.0000	-128	-112	238
2	0.0001	-152	-288	82
3	0.0002	147	293	-458
4	0.0003	-273	-49	-55
5	0.0004	-541	-187	350
6	0.0005	61	321	35
7	0.0006	-115	-28	82
8	0.0007	-155	-429	93
9	0.0008	147	117	-295
10	0.0009	61	313	-187
11	0.0010	-339	-105	65
12	0.0011	-156	175	-15
13	0.0012	242	215	-181
14	0.0013	-264	-322	48
15	0.0014	-64	-2	71
16	0.0015	91	321	-107
17	0.0016	-328	-190	-118
18	0.0017	-102	-65	127
19	0.0018	41	211	-104
20	0.0019	70	-109	-41
21	0.0020	-151	-178	7
22	0.0021	15	218	-2
23	0.0022	-114	-33	-67
24	0.0023	-255	-98	-171
25	0.0024	13	86	101
26	0.0025	-47	112	-182
27	0.0026	-114	94	263
28	0.0027	-34	111	-243
29	0.0028	11	-118	-327
30	0.0029	0	-255	159
31	0.0030	35	190	-385
32	0.0031	-17	15	131
33	0.0032	-314	-102	164
34	0.0033	-38	-8	-19
35	0.0034	-182	-183	-72
36	0.0035	-259	-233	226
37	0.0036	108	111	-315
38	0.0037	-130	150	-84
39	0.0038	-173	-20	80
40	0.0039	-55	342	-55
41	0.0040	67	47	-238
42	0.0041	174	84	-145
43	0.0042	-205	-126	41
44	0.0043	9	152	-114
45	0.0044	-220	58	135
46	0.0045	-145	-145	-79
47	0.0046	108	-14	-33
48	0.0047	-170	-78	-27
49	0.0048	-207	49	164
50	0.0049	-185	-71	-32
51	0.0050	-98	50	-276
52	0.0051	-316	-196	174
53	0.0052	-161	69	-7
54	0.0053	248	232	-288
55	0.0054	-547	-159	164
56	0.0055	-239	-25	463
57	0.0056	174	-12	-380
58	0.0057	-58	176	-401
59	0.0058	-104	-134	207
60	0.0059	-121	287	-3
61	0.0060	233	142	-233
62	0.0061	-277	-429	133
63	0.0062	2	-87	-71
64	0.0063	368	378	-441
65	0.0064	-447	-162	163
66	0.0065	-155	-101	99
67	0.0066	61	368	-285
68	0.0067	-188	-189	116
69	0.0068	-271	-241	146
70	0.0069	216	434	-308
71	0.0070	-122	-46	-173
72	0.0071	-376	-215	271
73	0.0072	203	320	-235
74	0.0073	70	-250	-289
75	0.0074	-470	-429	302
76	0.0075	157	365	-55
77	0.0076	-296	-78	87
78	0.0077	-623	-618	392
79	0.0078	349	336	-376
80	0.0079	-70	-166	-178
81	0.0080	-256	-155	127
82	0.0081	229	566	-254
83	0.0082	-152	272	-229
84	0.0083	-506	-257	438
85	0.0084	-126	-242	388
86	0.0085	523	466	-758
87	0.0086	-423	-510	45
88	0.0087	-235	33	211
89	0.0088	-3	181	18
90	0.0089	-219	-172	-126
91	0.0090	9	154	1
92	0.0091	-59	137	2
93	0.0092	-122	-16	35
94	0.0093	-101	139	-199
95	0.0094	-152	-97	75
96	0.0095	-145	-75	-44
97	0.0096	-28	-100	-157
98	0.0097	163	385	-205
99	0.0098	-285	100	249
100	0.0099	-80	-28	123

电流增量数据 [1000Hz, 10点]
采样序号	时间(s)	A相电流(INT)	B相电流(INT)	C相电流(INT)
1	0.000	-1346	-347	353
2	0.001	-405	-174	-477
3	0.002	194	2041	-513
4	0.003	759	828	-501
5	0.004	1275	-825	-534
6	0.005	541	236	-92
7	0.006	482	-1520	235
8	0.007	96	-1323	932
9	0.008	-1343	-892	1053
10	0.009	-1692	3900	-1246
================================================================================

=== 采集时间: 2025-12-16 11:03:33 (增量周期: 10.0ms) ===
振动增量数据 [等效10000Hz, 100点]
时序序号	时间(s)	X振动(INT)	Y振动(INT)	Z振动(INT)
1	0.0000	-113	61	-92
2	0.0001	73	113	-101
3	0.0002	-273	-337	65
4	0.0003	-59	126	123
5	0.0004	276	186	-401
6	0.0005	-333	-215	-67
7	0.0006	10	94	95
8	0.0007	-19	265	-158
9	0.0008	-309	-216	152
10	0.0009	-67	-72	-21
11	0.0010	122	391	-166
12	0.0011	-213	-229	-118
13	0.0012	-370	-129	152
14	0.0013	322	287	-314
15	0.0014	-204	-51	62
16	0.0015	-269	-284	1
17	0.0016	216	305	-70
18	0.0017	-47	19	-243
19	0.0018	-238	-255	189
20	0.0019	-166	135	10
21	0.0020	327	299	-465
22	0.0021	-760	-307	665
23	0.0022	-31	-3	53
24	0.0023	436	449	-667
25	0.0024	-202	-208	207
26	0.0025	216	155	-375
27	0.0026	0	222	35
28	0.0027	-92	-102	0
29	0.0028	-178	-162	-21
30	0.0029	-97	141	-71
31	0.0030	-234	-255	75
32	0.0031	-299	-15	41
33	0.0032	82	253	-93
34	0.0033	-144	-114	7
35	0.0034	-216	6	-84
36	0.0035	-10	334	191
37	0.0036	14	-61	-53
38	0.0037	-140	-166	-72
39	0.0038	161	87	-33
40	0.0039	-284	-181	-24
41	0.0040	-118	-42	84
42	0.0041	33	227	-38
43	0.0042	-122	-91	-111
44	0.0043	-102	26	70
45	0.0044	-58	74	-3
46	0.0045	270	33	-424
47	0.0046	-191	104	-2
48	0.0047	-47	276	-80
49	0.0048	-194	27	-6
50	0.0049	-311	-198	370
51	0.0050	130	-186	-104
52	0.0051	109	112	-184
53	0.0052	27	-46	23
54	0.0053	-161	-41	-20
55	0.0054	52	164	-105
56	0.0055	-175	92	-45
57	0.0056	-190	-97	88
58	0.0057	-44	141	-19
59	0.0058	13	80	-217
60	0.0059	-350	-113	31
61	0.0060	-17	88	-8
62	0.0061	36	346	-234
63	0.0062	-89	-36	108
64	0.0063	-224	142	225
65	0.0064	105	203	90
66	0.0065	-34	-16	-217
67	0.0066	-246	-224	74
68	0.0067	-105	32	44
69	0.0068	-14	131	-47
70	0.0069	-88	-95	86
71	0.0070	-170	151	65
72	0.0071	-2	99	-265
73	0.0072	-247	-243	84
74	0.0073	-140	-12	-76
75	0.0074	3	317	31
76	0.0075	-101	18	-126
77	0.0076	-264	30	435
78	0.0077	-57	32	23
79	0.0078	327	245	-421
80	0.0079	-121	-203	11
81	0.0080	7	9	-104
82	0.0081	60	73	-135
83	0.0082	-416	-212	245
84	0.0083	-29	-67	-102
85	0.0084	-139	3	-141
86	0.0085	-172	60	83
87	0.0086	-198	1	41
88	0.0087	-156	125	-141
89	0.0088	-11	-7	-40
90	0.0089	-121	87	6
91	0.0090	186	107	-105
92	0.0091	-149	-156	-12
93	0.0092	-81	-55	-58
94	0.0093	-46	-81	50
95	0.0094	-299	-187	41
96	0.0095	142	69	-118
97	0.0096	35	156	-238
98	0.0097	97	193	-182
99	0.0098	-228	-57	87
100	0.0099	-89	103	-6

电流增量数据 [1000Hz, 10点]
采样序号	时间(s)	A相电流(INT)	B相电流(INT)	C相电流(INT)
1	0.000	1053	-1612	687
2	0.001	137	-564	1270
3	0.002	-691	-825	715
4	0.003	-938	113	344
5	0.004	-336	-361	-1851
6	0.005	378	1825	-2665
7	0.006	516	1176	-1165
8	0.007	2579	-2164	-577
9	0.008	1652	-3591	228
10	0.009	137	-3608	1758
================================================================================

=== 采集时间: 2025-12-16 11:03:33 (增量周期: 10.0ms) ===
振动增量数据 [等效10000Hz, 100点]
时序序号	时间(s)	X振动(INT)	Y振动(INT)	Z振动(INT)
1	0.0000	84	97	-88
2	0.0001	-121	-105	-29
3	0.0002	-42	70	46
4	0.0003	-182	13	32
5	0.0004	2	-37	-123
6	0.0005	-194	73	-267
7	0.0006	-510	-324	811
8	0.0007	130	144	-436
9	0.0008	137	322	-306
10	0.0009	-285	-267	383
11	0.0010	-57	88	-337
12	0.0011	197	448	-145
13	0.0012	-296	-371	199
14	0.0013	-101	-50	-104
15	0.0014	276	288	-141
16	0.0015	-190	69	-269
17	0.0016	-438	-242	456
18	0.0017	-71	114	91
19	0.0018	139	19	-495
20	0.0019	-141	33	49
21	0.0020	-106	171	180
22	0.0021	-7	-123	-151
23	0.0022	-88	56	-212
24	0.0023	-58	58	198
25	0.0024	-49	-104	-127
26	0.0025	-10	-50	-71
27	0.0026	-19	186	-92
28	0.0027	-190	43	58
29	0.0028	-106	16	-57
30	0.0029	-174	-119	-25
31	0.0030	-186	30	142
32	0.0031	45	14	-58
33	0.0032	95	142	30
34	0.0033	163	152	-588
35	0.0034	-93	-67	80
36	0.0035	-211	-168	91
37	0.0036	126	-10	-394
38	0.0037	-487	-317	315
39	0.0038	-343	-307	310
40	0.0039	-136	57	-166
41	0.0040	-341	6	152
42	0.0041	-252	-36	19
43	0.0042	-4	351	-38
44	0.0043	206	280	-303
45	0.0044	-62	-250	9
46	0.0045	240	229	-380
47	0.0046	-91	5	18
48	0.0047	-400	-366	78
49	0.0048	-111	242	52
50	0.0049	-100	-7	104
51	0.0050	-495	-164	451
52	0.0051	-114	82	186
53	0.0052	133	177	-341
54	0.0053	-122	-65	143
55	0.0054	-78	-174	-143
56	0.0055	57	269	-119
57	0.0056	-375	-109	-29
58	0.0057	-194	41	69
59	0.0058	-123	48	161
60	0.0059	206	103	-428
61	0.0060	-583	-91	452
62	0.0061	-275	0	404
63	0.0062	297	372	-589
64	0.0063	-79	49	-98
65	0.0064	-108	-89	198
66	0.0065	328	384	-368
67	0.0066	-152	11	190
68	0.0067	-264	-314	298
69	0.0068	35	82	-379
70	0.0069	-50	11	90
71	0.0070	-324	-219	-58
72	0.0071	152	350	-260
73	0.0072	16	193	14
74	0.0073	-409	-284	221
75	0.0074	206	222	-194
76	0.0075	-85	70	-51
77	0.0076	-178	-221	30
78	0.0077	45	99	-77
79	0.0078	-10	168	-93
80	0.0079	-454	-492	301
81	0.0080	31	60	-165
82	0.0081	218	101	-145
83	0.0082	-298	-183	-33
84	0.0083	-33	282	-118
85	0.0084	-311	54	190
86	0.0085	-430	-119	228
87	0.0086	101	225	-226
88	0.0087	-19	-8	-64
89	0.0088	-81	-80	-389
90	0.0089	-335	13	497
91	0.0090	93	86	-33
92	0.0091	-40	-176	-286
93	0.0092	-187	-65	106
94	0.0093	161	241	-102
95	0.0094	-288	-115	44
96	0.0095	-259	-102	220
97	0.0096	-128	-172	-91
98	0.0097	44	275	-269
99	0.0098	-208	-129	191
100	0.0099	-251	164	49

电流增量数据 [1000Hz, 10点]
采样序号	时间(s)	A相电流(INT)	B相电流(INT)	C相电流(INT)
1	0.000	-344	-642	573
2	0.001	-742	-1504	686
3	0.002	-495	73	222
4	0.003	-1157	504	410
5	0.004	-392	1575	-838
6	0.005	120	-654	-1154
7	0.006	435	-798	-875
8	0.007	751	-1063	-278
9	0.008	376	229	86
10	0.009	127	95	957
================================================================================

=== 采集时间: 2025-12-16 11:03:33 (增量周期: 10.0ms) ===
振动增量数据 [等效10000Hz, 100点]
时序序号	时间(s)	X振动(INT)	Y振动(INT)	Z振动(INT)
1	0.0000	-168	-121	113
2	0.0001	-130	50	1
3	0.0002	65	126	23
4	0.0003	-160	-54	-59
5	0.0004	-168	-88	-101
6	0.0005	56	97	-105
7	0.0006	-111	6	-29
8	0.0007	-125	-102	140
9	0.0008	52	73	-126
10	0.0009	-54	73	-72
11	0.0010	-246	-140	196
12	0.0011	63	259	-244
13	0.0012	-58	-65	-45
14	0.0013	-228	-114	142
15	0.0014	124	134	-110
16	0.0015	-59	-106	43
17	0.0016	-92	32	-277
18	0.0017	-221	-44	498
19	0.0018	7	199	-139
20	0.0019	3	-25	-315
21	0.0020	-229	-78	93
22	0.0021	-11	86	-121
23	0.0022	-17	151	-6
24	0.0023	-230	-87	79
25	0.0024	-46	-172	-28
26	0.0025	-68	41	-148
27	0.0026	9	39	-10
28	0.0027	-373	-249	194
29	0.0028	-62	181	-76
30	0.0029	-58	117	-101
31	0.0030	-200	-6	194
32	0.0031	189	278	-211
33	0.0032	-10	118	-72
34	0.0033	-174	-130	157
35	0.0034	-92	69	-109
36	0.0035	45	266	13
37	0.0036	15	-17	-238
38	0.0037	-119	-19	-10
39	0.0038	79	169	-4
40	0.0039	-54	-91	-92
41	0.0040	-118	-185	18
42	0.0041	-58	60	-89
43	0.0042	-161	32	100
44	0.0043	-544	-287	563
45	0.0044	442	604	-743
46	0.0045	33	87	-92
47	0.0046	-212	-254	369
48	0.0047	292	521	-428
49	0.0048	61	167	3
50	0.0049	-320	-348	40
51	0.0050	-32	65	22
52	0.0051	-29	99	-46
53	0.0052	-263	-357	75
54	0.0053	-293	40	386
55	0.0054	249	279	-491
56	0.0055	-108	-129	-140
57	0.0056	22	-92	127
58	0.0057	287	224	-263
59	0.0058	-78	-202	-2
60	0.0059	-147	-170	15
61	0.0060	317	493	-413
62	0.0061	-495	-472	230
63	0.0062	-403	-305	219
64	0.0063	322	608	-263
65	0.0064	-114	16	-143
66	0.0065	-341	-401	37
67	0.0066	263	544	-118
68	0.0067	-27	-36	-124
69	0.0068	-350	-96	96
70	0.0069	9	118	1
71	0.0070	172	134	-273
72	0.0071	-649	-255	183
73	0.0072	-235	-62	636
74	0.0073	379	579	-747
75	0.0074	-221	-228	-61
76	0.0075	77	79	11
77	0.0076	-139	208	-131
78	0.0077	-27	-59	-29
79	0.0078	-343	-341	194
80	0.0079	-27	202	58
81	0.0080	-84	28	-76
82	0.0081	-331	-212	-93
83	0.0082	109	272	2
84	0.0083	-53	215	-169
85	0.0084	-205	-232	74
86	0.0085	-11	151	67
87	0.0086	100	105	-261
88	0.0087	-254	-151	108
89	0.0088	-174	45	121
90	0.0089	-53	214	-131
91	0.0090	-229	-67	-68
92	0.0091	150	96	-96
93	0.0092	44	169	-127
94	0.0093	-220	-126	160
95	0.0094	-57	-3	2
96	0.0095	69	133	-136
97	0.0096	-203	-63	-77
98	0.0097	-166	-122	-58
99	0.0098	39	189	101
100	0.0099	-2	33	-333

电流增量数据 [1000Hz, 10点]
采样序号	时间(s)	A相电流(INT)	B相电流(INT)	C相电流(INT)
1	0.000	-1899	-59	204
2	0.001	37	227	-1774
3	0.002	-221	-31	-86
4	0.003	-563	-1600	86
5	0.004	-375	621	-542
6	0.005	-22	749	-1406
7	0.006	675	508	-870
8	0.007	1380	-1955	-1091
9	0.008	983	-1936	-12
10	0.009	-115	-1297	423
================================================================================

=== 采集时间: 2025-12-16 11:03:34 (增量周期: 10.0ms) ===
振动增量数据 [等效10000Hz, 100点]
时序序号	时间(s)	X振动(INT)	Y振动(INT)	Z振动(INT)
1	0.0000	-47	-70	-10
2	0.0001	-85	-53	-152
3	0.0002	-106	-204	88
4	0.0003	-88	125	-182
5	0.0004	125	333	-77
6	0.0005	-289	-305	-29
7	0.0006	103	228	-80
8	0.0007	-97	-3	212
9	0.0008	-58	3	-244
10	0.0009	23	-17	-273
11	0.0010	-251	-98	367
12	0.0011	80	244	-364
13	0.0012	-294	-84	194
14	0.0013	-139	-81	335
15	0.0014	193	207	-605
16	0.0015	-139	-226	144
17	0.0016	-235	-271	251
18	0.0017	267	488	-318
19	0.0018	-222	-58	24
20	0.0019	-365	-344	202
21	0.0020	197	428	-371
22	0.0021	-68	100	-50
23	0.0022	-571	-519	384
24	0.0023	169	365	-220
25	0.0024	101	224	-37
26	0.0025	-440	-311	202
27	0.0026	-8	-12	-111
28	0.0027	261	333	-225
29	0.0028	-427	-396	374
30	0.0029	-20	172	-117
31	0.0030	403	395	-427
32	0.0031	-249	-181	106
33	0.0032	-6	-16	36
34	0.0033	214	351	-252
35	0.0034	-98	-370	-156
36	0.0035	-427	47	206
37	0.0036	-183	309	400
38	0.0037	-46	-196	-385
39	0.0038	-29	-187	-46
40	0.0039	308	181	2
41	0.0040	48	16	-294
42	0.0041	-234	26	245
43	0.0042	-192	-65	298
44	0.0043	-58	-66	-190
45	0.0044	80	-40	-144
46	0.0045	-85	43	-20
47	0.0046	-148	-44	-93
48	0.0047	-410	-151	256
49	0.0048	-12	117	-104
50	0.0049	-46	-169	-102
51	0.0050	-19	54	-140
52	0.0051	-59	-88	-128
53	0.0052	-2	186	20
54	0.0053	-268	2	83
55	0.0054	-121	77	-102
56	0.0055	53	181	-151
57	0.0056	-186	-241	-12
58	0.0057	52	189	-104
59	0.0058	22	-65	53
60	0.0059	-238	111	57
61	0.0060	-121	178	83
62	0.0061	-28	114	-135
63	0.0062	61	92	-68
64	0.0063	-21	23	-432
65	0.0064	-71	6	236
66	0.0065	-237	-287	177
67	0.0066	26	159	-306
68	0.0067	-279	-98	224
69	0.0068	-148	23	93
70	0.0069	117	257	-248
71	0.0070	-170	-70	56
72	0.0071	-31	-62	44
73	0.0072	16	269	-135
74	0.0073	92	120	-102
75	0.0074	-523	-317	371
76	0.0075	377	246	-280
77	0.0076	-10	50	-70
78	0.0077	-331	-365	155
79	0.0078	199	244	-160
80	0.0079	-217	49	-29
81	0.0080	-238	-334	258
82	0.0081	-260	64	11
83	0.0082	82	201	-70
84	0.0083	139	-2	-252
85	0.0084	-93	381	-137
86	0.0085	92	214	176
87	0.0086	-339	-174	-152
88	0.0087	233	70	-19
89	0.0088	-153	-232	70
90	0.0089	-108	-134	-131
91	0.0090	-169	33	315
92	0.0091	-66	233	-248
93	0.0092	-19	-38	-62
94	0.0093	-153	-148	236
95	0.0094	378	468	-530
96	0.0095	-297	-276	317
97	0.0096	-263	-65	173
98	0.0097	174	176	-345
99	0.0098	-264	20	10
100	0.0099	61	-3	-46

电流增量数据 [1000Hz, 10点]
采样序号	时间(s)	A相电流(INT)	B相电流(INT)	C相电流(INT)
1	0.000	606	-59	-556
2	0.001	871	993	-772
3	0.002	838	-1631	-129
4	0.003	-32	-1592	1031
5	0.004	-1002	-1112	959
6	0.005	-1720	1290	1920
7	0.006	-1126	822	630
8	0.007	-583	2569	-1670
9	0.008	253	-504	-1821
10	0.009	1106	-1350	-2180
================================================================================

=== 采集时间: 2025-12-16 11:03:34 (增量周期: 10.0ms) ===
振动增量数据 [等效10000Hz, 100点]
时序序号	时间(s)	X振动(INT)	Y振动(INT)	Z振动(INT)
1	0.0000	-196	201	156
2	0.0001	-91	-117	-117
3	0.0002	139	131	-167
4	0.0003	66	86	-64
5	0.0004	-155	-194	129
6	0.0005	-8	84	-147
7	0.0006	-101	82	37
8	0.0007	-319	-337	224
9	0.0008	-172	70	-184
10	0.0009	-83	14	219
11	0.0010	-323	-96	153
12	0.0011	155	189	-293
13	0.0012	-123	146	-2
14	0.0013	-115	122	33
15	0.0014	-49	186	39
16	0.0015	-58	-250	15
17	0.0016	125	-12	-77
18	0.0017	315	69	-381
19	0.0018	-76	-143	-490
20	0.0019	-489	-212	324
21	0.0020	-211	205	91
22	0.0021	-88	323	84
23	0.0022	-461	-452	112
24	0.0023	99	31	-91
25	0.0024	-194	-84	6
26	0.0025	-127	-119	-70
27	0.0026	-58	-50	-113
28	0.0027	66	410	-197
29	0.0028	-181	272	87
30	0.0029	-54	-25	9
31	0.0030	173	410	-268
32	0.0031	-151	-322	43
33	0.0032	-117	-191	86
34	0.0033	157	393	-247
35	0.0034	-194	-17	-37
36	0.0035	-408	-46	360
37	0.0036	-145	207	142
38	0.0037	36	19	-83
39	0.0038	-247	-297	1
40	0.0039	61	35	-54
41	0.0040	10	339	-278
42	0.0041	-92	-65	-24
43	0.0042	-182	167	95
44	0.0043	181	43	-233
45	0.0044	156	83	-127
46	0.0045	-135	-245	161
47	0.0046	147	225	-419
48	0.0047	-371	-162	302
49	0.0048	-196	-106	125
50	0.0049	-97	250	-45
51	0.0050	-395	-191	320
52	0.0051	-106	-123	-28
53	0.0052	-19	211	-88
54	0.0053	233	7	-231
55	0.0054	-318	-209	-12
56	0.0055	116	241	9
57	0.0056	22	193	-15
58	0.0057	-320	-145	52
59	0.0058	45	107	-216
60	0.0059	-335	-71	127
61	0.0060	-58	-23	-113
62	0.0061	-315	-174	144
63	0.0062	174	330	-135
64	0.0063	-407	-172	58
65	0.0064	-380	-343	482
66	0.0065	270	231	-271
67	0.0066	30	-10	-181
68	0.0067	-173	-27	157
69	0.0068	215	377	-491
70	0.0069	109	333	-88
71	0.0070	-417	-362	276
72	0.0071	173	348	-128
73	0.0072	110	-3	-293
74	0.0073	-615	-339	469
75	0.0074	67	32	-190
76	0.0075	32	37	-291
77	0.0076	-294	-221	233
78	0.0077	-87	263	53
79	0.0078	208	338	-101
80	0.0079	-111	-203	-102
81	0.0080	-47	35	258
82	0.0081	96	159	-316
83	0.0082	-96	39	-105
84	0.0083	-280	-78	110
85	0.0084	18	331	-29
86	0.0085	15	-169	-290
87	0.0086	-98	19	-61
88	0.0087	-269	-263	262
89	0.0088	-217	49	-25
90	0.0089	-305	91	247
91	0.0090	-118	134	-29
92	0.0091	-32	-41	-33
93	0.0092	31	37	-17
94	0.0093	87	-16	-75
95	0.0094	-75	-21	-87
96	0.0095	-38	215	-67
97	0.0096	-170	-14	91
98	0.0097	-138	-96	-124
99	0.0098	62	207	-123
100	0.0099	-165	107	5

电流增量数据 [1000Hz, 10点]
采样序号	时间(s)	A相电流(INT)	B相电流(INT)	C相电流(INT)
1	0.000	-633	-281	713
2	0.001	-888	1169	119
3	0.002	-1689	-248	-280
4	0.003	-70	7	-1188
5	0.004	982	-1029	-730
6	0.005	678	784	-183
7	0.006	1030	-143	-280
8	0.007	990	-1102	393
9	0.008	235	76	776
10	0.009	-203	-1051	738
================================================================================

=== 采集时间: 2025-12-16 11:03:34 (增量周期: 10.0ms) ===
振动增量数据 [等效10000Hz, 100点]
时序序号	时间(s)	X振动(INT)	Y振动(INT)	Z振动(INT)
1	0.0000	-101	7	76
2	0.0001	-152	-172	-3
3	0.0002	-79	228	-94
4	0.0003	-186	86	313
5	0.0004	79	-7	-448
6	0.0005	-266	80	174
7	0.0006	-337	-196	673
8	0.0007	233	130	-539
9	0.0008	140	278	-111
10	0.0009	-232	-83	250
11	0.0010	18	186	-148
12	0.0011	2	244	70
13	0.0012	-44	-242	-44
14	0.0013	-23	-42	-265
15	0.0014	281	397	-294
16	0.0015	-472	-156	148
17	0.0016	-555	-277	527
18	0.0017	231	292	-402
19	0.0018	-313	-135	110
20	0.0019	-209	-203	176
21	0.0020	177	267	-341
22	0.0021	-44	58	-110
23	0.0022	-94	-119	200
24	0.0023	50	214	-174
25	0.0024	-3	-59	-33
26	0.0025	-165	-41	-4
27	0.0026	-3	222	-63
28	0.0027	-370	-172	421
29	0.0028	-138	-11	-319
30	0.0029	62	156	-68
31	0.0030	-294	-54	117
32	0.0031	-63	50	-21
33	0.0032	308	114	-230
34	0.0033	-444	-98	-21
35	0.0034	-463	-228	776
36	0.0035	57	318	-257
37	0.0036	139	128	-537
38	0.0037	-524	-378	593
39	0.0038	296	429	-145
40	0.0039	197	129	-334
41	0.0040	-439	-317	279
42	0.0041	357	519	-244
43	0.0042	-31	158	-106
44	0.0043	-311	-362	232
45	0.0044	58	-81	-46
46	0.0045	248	135	-364
47	0.0046	-378	-421	172
48	0.0047	-247	33	61
49	0.0048	144	589	-211
50	0.0049	-307	-230	40
51	0.0050	-10	103	39
52	0.0051	122	210	19
53	0.0052	40	-162	-302
54	0.0053	-32	-84	123
55	0.0054	270	322	-307
56	0.0055	-212	30	-68
57	0.0056	-540	-117	354
58	0.0057	11	257	90
59	0.0058	-47	-93	-177
60	0.0059	-115	-119	-36
61	0.0060	-8	-216	-136
62	0.0061	-205	139	-491
63	0.0062	-392	56	571
64	0.0063	-256	182	14
65	0.0064	-10	117	-31
66	0.0065	-172	-225	219
67	0.0066	78	-83	-250
68	0.0067	41	91	-161
69	0.0068	-269	-104	26
70	0.0069	57	182	-191
71	0.0070	197	436	-54
72	0.0071	-289	-354	247
73	0.0072	19	-71	31
74	0.0073	165	112	-271
75	0.0074	-297	-191	-139
76	0.0075	-329	-108	78
77	0.0076	33	301	-186
78	0.0077	-106	-4	-15
79	0.0078	-174	-187	251
80	0.0079	113	107	-175
81	0.0080	3	212	-200
82	0.0081	-307	-208	58
83	0.0082	-49	261	-36
84	0.0083	79	120	-273
85	0.0084	-337	-332	207
86	0.0085	-23	32	183
87	0.0086	147	245	-396
88	0.0087	-199	-139	-4
89	0.0088	-305	-119	204
90	0.0089	416	434	-736
91	0.0090	-23	61	-135
92	0.0091	-374	-343	528
93	0.0092	389	476	-431
94	0.0093	-260	-193	215
95	0.0094	-328	-486	160
96	0.0095	134	282	-153
97	0.0096	-266	-59	54
98	0.0097	-307	-290	53
99	0.0098	86	480	-124
100	0.0099	97	261	-93

电流增量数据 [1000Hz, 10点]
采样序号	时间(s)	A相电流(INT)	B相电流(INT)	C相电流(INT)
1	0.000	-344	-388	-303
2	0.001	-329	-1402	127
3	0.002	-255	352	-158
4	0.003	171	366	-702
5	0.004	656	1436	-903
6	0.005	1800	-1892	-1535
7	0.006	1315	-1303	-1534
8	0.007	372	-1271	239
9	0.008	-258	988	626
10	0.009	-667	688	814
================================================================================

=== 采集时间: 2025-12-16 11:03:35 (增量周期: 10.0ms) ===
振动增量数据 [等效10000Hz, 100点]
时序序号	时间(s)	X振动(INT)	Y振动(INT)	Z振动(INT)
1	0.0000	-202	52	92
2	0.0001	15	168	36
3	0.0002	137	186	-259
4	0.0003	-190	-255	86
5	0.0004	-237	-140	144
6	0.0005	242	235	-363
7	0.0006	-115	-145	91
8	0.0007	-229	-127	-109
9	0.0008	181	299	-181
10	0.0009	-235	96	-8
11	0.0010	-251	16	204
12	0.0011	-89	87	27
13	0.0012	-237	-31	33
14	0.0013	-108	-221	134
15	0.0014	41	50	-217
16	0.0015	223	94	-402
17	0.0016	-639	88	420
18	0.0017	-446	97	657
19	0.0018	417	256	-774
20	0.0019	-237	-247	53
21	0.0020	-27	47	26
22	0.0021	155	390	-310
23	0.0022	-263	-55	99
24	0.0023	-219	-80	208
25	0.0024	-41	190	-51
26	0.0025	-6	-155	32
27	0.0026	-230	-53	46
28	0.0027	104	232	-105
29	0.0028	-136	43	-92
30	0.0029	-105	-153	-131
31	0.0030	131	240	-98
32	0.0031	-110	-12	-29
33	0.0032	-228	-100	122
34	0.0033	57	130	-66
35	0.0034	-59	20	-156
36	0.0035	-322	-263	174
37	0.0036	5	66	-54
38	0.0037	122	218	-209
39	0.0038	-316	-93	174
40	0.0039	65	199	-41
41	0.0040	-32	-50	6
42	0.0041	-264	-290	-19
43	0.0042	202	267	-331
44	0.0043	-132	11	82
45	0.0044	-230	-109	-216
46	0.0045	-174	-59	297
47	0.0046	54	70	-50
48	0.0047	18	-19	-336
49	0.0048	-216	20	39
50	0.0049	-164	159	367
51	0.0050	-74	108	43
52	0.0051	16	133	-165
53	0.0052	-111	-361	127
54	0.0053	152	309	-107
55	0.0054	234	271	-272
56	0.0055	-266	-204	182
57	0.0056	-12	105	-79
58	0.0057	22	69	-84
59	0.0058	-191	-74	110
60	0.0059	48	30	-251
61	0.0060	-71	116	43
62	0.0061	-170	41	80
63	0.0062	-153	-187	144
64	0.0063	-64	-66	-91
65	0.0064	161	0	-123
66	0.0065	-147	-68	-21
67	0.0066	5	197	-137
68	0.0067	-76	146	52
69	0.0068	-219	-48	33
70	0.0069	112	171	-106
71	0.0070	18	-7	-118
72	0.0071	-228	57	-11
73	0.0072	-367	-70	409
74	0.0073	167	189	-434
75	0.0074	-279	-174	196
76	0.0075	-114	-37	101
77	0.0076	49	202	-135
78	0.0077	-199	-38	207
79	0.0078	10	97	44
80	0.0079	70	-58	-294
81	0.0080	-40	31	-158
82	0.0081	-255	-61	320
83	0.0082	0	254	-247
84	0.0083	35	33	-154
85	0.0084	-268	-160	266
86	0.0085	156	233	-105
87	0.0086	-110	-12	-93
88	0.0087	-327	-75	208
89	0.0088	126	235	-119
90	0.0089	-205	62	-57
91	0.0090	-271	-310	254
92	0.0091	71	-19	-36
93	0.0092	234	254	-241
94	0.0093	-175	117	-51
95	0.0094	-59	134	-14
96	0.0095	-117	147	0
97	0.0096	-36	-161	177
98	0.0097	215	-27	-362
99	0.0098	232	58	-147
100	0.0099	-405	-109	-64

电流增量数据 [1000Hz, 10点]
采样序号	时间(s)	A相电流(INT)	B相电流(INT)	C相电流(INT)
1	0.000	1369	-406	23
2	0.001	1493	-3611	259
3	0.002	85	-2329	990
4	0.003	-933	-937	742
5	0.004	-858	2499	204
6	0.005	-236	1926	-711
7	0.006	-888	876	-47
8	0.007	180	1700	-953
9	0.008	214	41	-250
10	0.009	692	-706	-480
================================================================================

=== 采集时间: 2025-12-16 11:03:35 (增量周期: 10.0ms) ===
振动增量数据 [等效10000Hz, 100点]
时序序号	时间(s)	X振动(INT)	Y振动(INT)	Z振动(INT)
1	0.0000	-179	-168	28
2	0.0001	80	-15	-46
3	0.0002	-68	-28	-222
4	0.0003	-54	9	-135
5	0.0004	-87	201	-147
6	0.0005	-363	-114	324
7	0.0006	-25	-145	-44
8	0.0007	-40	88	-81
9	0.0008	-25	13	87
10	0.0009	-207	-126	-137
11	0.0010	215	240	-311
12	0.0011	-423	-54	562
13	0.0012	-251	-102	54
14	0.0013	430	126	-423
15	0.0014	-166	-157	106
16	0.0015	45	23	36
17	0.0016	87	197	-346
18	0.0017	-108	83	-83
19	0.0018	-199	-132	91
20	0.0019	-157	223	104
21	0.0020	100	-81	2
22	0.0021	-329	-187	15
23	0.0022	130	181	-174
24	0.0023	-66	-66	135
25	0.0024	-21	13	-520
26	0.0025	-29	-19	204
27	0.0026	-101	-54	18
28	0.0027	66	26	-278
29	0.0028	-279	-254	211
30	0.0029	-211	-85	40
31	0.0030	-100	9	-122
32	0.0031	-153	36	37
33	0.0032	-113	44	-14
34	0.0033	-71	244	-19
35	0.0034	-31	53	10
36	0.0035	-96	-178	-42
37	0.0036	-2	292	-8
38	0.0037	-23	-65	-38
39	0.0038	-51	-104	-131
40	0.0039	-360	104	74
41	0.0040	-269	64	611
42	0.0041	52	95	-341
43	0.0042	-79	22	-169
44	0.0043	-50	45	56
45	0.0044	67	103	-221
46	0.0045	18	167	-20
47	0.0046	-166	-42	178
48	0.0047	10	15	-79
49	0.0048	75	224	-128
50	0.0049	-329	-230	271
51	0.0050	-252	-165	49
52	0.0051	250	352	-315
53	0.0052	-139	16	93
54	0.0053	19	-65	62
55	0.0054	280	448	-276
56	0.0055	-88	15	-34
57	0.0056	-234	-242	33
58	0.0057	-173	156	283
59	0.0058	194	14	-346
60	0.0059	-58	-17	-225
61	0.0060	107	208	-55
62	0.0061	27	169	-182
63	0.0062	-390	19	172
64	0.0063	-71	193	255
65	0.0064	-170	-331	-63
66	0.0065	185	5	-332
67	0.0066	73	-36	133
68	0.0067	-126	186	-758
69	0.0068	-284	171	352
70	0.0069	-322	-54	287
71	0.0070	137	374	-278
72	0.0071	-37	-433	121
73	0.0072	15	-108	-404
74	0.0073	-37	108	-53
75	0.0074	-341	14	69
76	0.0075	-46	172	-132
77	0.0076	-109	116	71
78	0.0077	36	103	-59
79	0.0078	-127	-238	191
80	0.0079	108	146	-265
81	0.0080	-106	31	-171
82	0.0081	-268	-96	2
83	0.0082	-3	225	-44
84	0.0083	62	269	-119
85	0.0084	-379	-260	425
86	0.0085	-27	14	-111
87	0.0086	229	47	-336
88	0.0087	-404	-250	125
89	0.0088	-292	50	206
90	0.0089	101	395	-227
91	0.0090	-215	-136	156
92	0.0091	-125	-7	138
93	0.0092	130	111	-227
94	0.0093	-58	-224	-134
95	0.0094	-348	116	292
96	0.0095	46	305	-140
97	0.0096	-40	175	-274
98	0.0097	-216	-345	444
99	0.0098	287	316	-251
100	0.0099	152	100	-263

电流增量数据 [1000Hz, 10点]
采样序号	时间(s)	A相电流(INT)	B相电流(INT)	C相电流(INT)
1	0.000	1634	-2720	-1864
2	0.001	1677	-2078	-522
3	0.002	769	-952	-409
4	0.003	604	-1128	-626
5	0.004	1007	-982	-486
6	0.005	452	-1213	749
7	0.006	-13	-428	747
8	0.007	-194	-3321	1575
9	0.008	-965	-1312	1152
10	0.009	-803	-42	21
================================================================================

=== 采集时间: 2025-12-16 11:03:35 (增量周期: 10.0ms) ===
振动增量数据 [等效10000Hz, 100点]
时序序号	时间(s)	X振动(INT)	Y振动(INT)	Z振动(INT)
1	0.0000	103	186	-220
2	0.0001	-319	-266	151
3	0.0002	22	180	-55
4	0.0003	30	188	-115
5	0.0004	-301	-138	277
6	0.0005	16	61	19
7	0.0006	289	181	-385
8	0.0007	39	60	-36
9	0.0008	-70	-66	237
10	0.0009	224	100	-663
11	0.0010	-266	-221	310
12	0.0011	-203	-147	134
13	0.0012	-102	389	-85
14	0.0013	-413	-213	294
15	0.0014	-100	103	-269
16	0.0015	-83	398	58
17	0.0016	-298	-206	353
18	0.0017	58	23	-288
19	0.0018	195	407	-89
20	0.0019	-172	-195	90
21	0.0020	-263	-260	92
22	0.0021	381	429	-311
23	0.0022	-215	-151	65
24	0.0023	-460	-331	204
25	0.0024	134	352	-40
26	0.0025	-67	186	-241
27	0.0026	-286	-352	43
28	0.0027	134	267	-333
29	0.0028	148	124	-201
30	0.0029	-289	-200	225
31	0.0030	-12	128	-51
32	0.0031	77	74	-42
33	0.0032	-221	-204	-47
34	0.0033	-23	35	28
35	0.0034	-135	47	-7
36	0.0035	-188	-148	-114
37	0.0036	186	242	-107
38	0.0037	-241	-23	91
39	0.0038	-455	-361	528
40	0.0039	127	235	-380
41	0.0040	39	99	-169
42	0.0041	-230	-71	110
43	0.0042	65	165	-325
44	0.0043	-166	79	93
45	0.0044	-239	43	143
46	0.0045	-97	15	166
47	0.0046	-42	-259	-76
48	0.0047	93	-12	-306
49	0.0048	-126	-123	93
50	0.0049	-109	65	-139
51	0.0050	-84	-50	-63
52	0.0051	92	385	-222
53	0.0052	-259	172	195
54	0.0053	-209	-19	105
55	0.0054	-198	138	-19
56	0.0055	-16	-159	-76
57	0.0056	-49	-179	-140
58	0.0057	60	282	-144
59	0.0058	-221	-15	153
60	0.0059	-332	-53	114
61	0.0060	163	357	-178
62	0.0061	-141	-46	-25
63	0.0062	-221	-54	169
64	0.0063	224	70	-320
65	0.0064	-358	-217	106
66	0.0065	-147	9	127
67	0.0066	56	336	-263
68	0.0067	-271	-95	309
69	0.0068	0	35	-114
70	0.0069	163	178	-135
71	0.0070	-8	-21	-167
72	0.0071	-323	-267	245
73	0.0072	-10	265	-55
74	0.0073	30	-34	-102
75	0.0074	-209	-112	82
76	0.0075	-3	137	63
77	0.0076	-34	53	-203
78	0.0077	-205	-148	14
79	0.0078	-130	-49	60
80	0.0079	195	177	-293
81	0.0080	-178	-81	33
82	0.0081	96	58	-12
83	0.0082	-186	43	82
84	0.0083	-97	117	44
85	0.0084	-38	-65	-169
86	0.0085	-38	54	-77
87	0.0086	-51	-49	-46
88	0.0087	-114	1	143
89	0.0088	-44	-28	-166
90	0.0089	-58	82	-25
91	0.0090	-123	5	99
92	0.0091	177	77	-318
93	0.0092	-413	9	521
94	0.0093	-136	-139	108
95	0.0094	233	380	-602
96	0.0095	-165	-169	302
97	0.0096	-67	3	9
98	0.0097	185	167	-225
99	0.0098	23	134	41
100	0.0099	-143	-189	-44

电流增量数据 [1000Hz, 10点]
采样序号	时间(s)	A相电流(INT)	B相电流(INT)	C相电流(INT)
1	0.000	500	-1303	272
2	0.001	370	-1261	145
3	0.002	153	-931	784
4	0.003	-677	145	899
5	0.004	-1173	715	1280
6	0.005	-1352	-1708	1368
7	0.006	-1244	-228	57
8	0.007	82	-103	-720
9	0.008	877	1947	-766
10	0.009	1081	-169	-253
================================================================================

=== 采集时间: 2025-12-16 11:03:36 (增量周期: 10.0ms) ===
振动增量数据 [等效10000Hz, 100点]
时序序号	时间(s)	X振动(INT)	Y振动(INT)	Z振动(INT)
1	0.0000	-143	96	75
2	0.0001	-76	-58	95
3	0.0002	-21	94	-316
4	0.0003	22	-68	1
5	0.0004	-316	-106	150
6	0.0005	30	192	20
7	0.0006	-371	-237	216
8	0.0007	-280	61	-6
9	0.0008	130	223	-41
10	0.0009	-226	-96	11
11	0.0010	-74	-75	88
12	0.0011	58	160	33
13	0.0012	75	184	-284
14	0.0013	-250	-292	146
15	0.0014	176	240	-221
16	0.0015	-152	180	185
17	0.0016	-344	-196	130
18	0.0017	127	-54	-122
19	0.0018	161	95	-271
20	0.0019	-208	-206	202
21	0.0020	-66	30	-130
22	0.0021	144	527	-57
23	0.0022	-451	-213	160
24	0.0023	-161	-302	219
25	0.0024	336	57	-276
26	0.0025	57	-293	-254
27	0.0026	-33	50	-55
28	0.0027	-268	271	-2
29	0.0028	-423	442	356
30	0.0029	-7	126	-124
31	0.0030	27	-106	86
32	0.0031	82	-543	-100
33	0.0032	161	-28	-308
34	0.0033	-98	232	-32
35	0.0034	-405	-28	279
36	0.0035	-106	276	-124
37	0.0036	45	224	100
38	0.0037	-196	-41	139
39	0.0038	-151	-189	61
40	0.0039	375	344	-457
41	0.0040	-239	-151	-175
42	0.0041	-114	62	152
43	0.0042	253	369	-145
44	0.0043	-81	197	26
45	0.0044	-203	-280	443
46	0.0045	39	37	-211
47	0.0046	124	-80	-318
48	0.0047	-422	-314	152
49	0.0048	-101	250	-31
50	0.0049	46	403	79
51	0.0050	-279	-243	163
52	0.0051	80	79	1
53	0.0052	281	150	-401
54	0.0053	-141	-149	-46
55	0.0054	-126	52	16
56	0.0055	-12	296	-89
57	0.0056	61	-117	39
58	0.0057	-486	-311	537
59	0.0058	499	316	-424
60	0.0059	126	-136	-559
61	0.0060	22	165	-209
62	0.0061	-199	-208	-27
63	0.0062	-366	-88	45
64	0.0063	69	253	32
65	0.0064	-196	-34	44
66	0.0065	-79	-203	-87
67	0.0066	164	202	-194
68	0.0067	-252	-36	165
69	0.0068	-127	-181	-20
70	0.0069	97	208	-227
71	0.0070	-28	-6	-79
72	0.0071	-237	-75	114
73	0.0072	19	164	-179
74	0.0073	-122	-75	3
75	0.0074	-426	-375	337
76	0.0075	101	262	-57
77	0.0076	-45	128	-98
78	0.0077	-126	126	-191
79	0.0078	20	318	7
80	0.0079	-21	33	54
81	0.0080	52	-247	-182
82	0.0081	41	133	7
83	0.0082	-17	-110	-55
84	0.0083	-117	-186	-216
85	0.0084	-379	177	593
86	0.0085	150	194	-353
87	0.0086	-105	-114	-277
88	0.0087	131	65	41
89	0.0088	-98	169	-34
90	0.0089	-170	-65	101
91	0.0090	-235	-81	-29
92	0.0091	-204	37	126
93	0.0092	5	103	-88
94	0.0093	-41	-45	-4
95	0.0094	-66	39	-45
96	0.0095	-58	0	62
97	0.0096	225	101	-432
98	0.0097	-58	107	83
99	0.0098	-235	-113	451
100	0.0099	-127	138	84

电流增量数据 [1000Hz, 10点]
采样序号	时间(s)	A相电流(INT)	B相电流(INT)	C相电流(INT)
1	0.000	-800	266	168
2	0.001	-379	-86	-339
3	0.002	784	-871	-1167
4	0.003	1817	42	-1063
5	0.004	752	-426	-107
6	0.005	608	-2125	1191
7	0.006	-15	-4890	2115
8	0.007	-839	-1620	1613
9	0.008	-138	-1531	850
10	0.009	177	-1653	602
================================================================================

=== 采集时间: 2025-12-16 11:03:36 (增量周期: 10.0ms) ===
振动增量数据 [等效10000Hz, 100点]
时序序号	时间(s)	X振动(INT)	Y振动(INT)	Z振动(INT)
1	0.0000	-89	128	155
2	0.0001	79	94	-230
3	0.0002	174	207	-166
4	0.0003	-55	-62	24
5	0.0004	-10	-7	61
6	0.0005	-85	26	-50
7	0.0006	7	73	-191
8	0.0007	-221	-223	82
9	0.0008	-209	-97	116
10	0.0009	167	80	-227
11	0.0010	-80	-98	-178
12	0.0011	177	250	-344
13	0.0012	-63	15	93
14	0.0013	-123	95	-29
15	0.0014	-151	-70	10
16	0.0015	-447	-322	283
17	0.0016	242	100	-432
18	0.0017	-472	193	541
19	0.0018	-212	-125	243
20	0.0019	463	385	-787
21	0.0020	23	-37	183
22	0.0021	124	31	-151
23	0.0022	121	195	-261
24	0.0023	-205	50	360
25	0.0024	-318	-301	19
26	0.0025	-198	-14	-42
27	0.0026	-104	64	79
28	0.0027	-414	-149	313
29	0.0028	-64	141	7
30	0.0029	167	-76	-183
31	0.0030	49	-7	-209
32	0.0031	248	208	-227
33	0.0032	-301	-4	22
34	0.0033	-252	-28	215
35	0.0034	35	282	-27
36	0.0035	-61	-144	-44
37	0.0036	-173	-451	40
38	0.0037	383	103	-499
39	0.0038	-96	138	-110
40	0.0039	-413	44	46
41	0.0040	-362	394	447
42	0.0041	-79	188	26
43	0.0042	-164	-473	100
44	0.0043	140	-297	41
45	0.0044	605	250	-676
46	0.0045	-645	45	135
47	0.0046	-320	267	482
48	0.0047	220	498	-548
49	0.0048	-175	-289	404
50	0.0049	88	45	-29
51	0.0050	-160	128	-68
52	0.0051	32	360	-123
53	0.0052	-290	-281	250
54	0.0053	99	-118	-117
55	0.0054	208	373	-301
56	0.0055	-115	-65	46
57	0.0056	-266	61	122
58	0.0057	125	386	-40
59	0.0058	-311	-284	131
60	0.0059	-271	-301	109
61	0.0060	291	220	-278
62	0.0061	-212	-76	-195
63	0.0062	-252	-112	133
64	0.0063	-58	410	73
65	0.0064	-36	31	-19
66	0.0065	-70	-334	75
67	0.0066	174	150	-284
68	0.0067	190	118	-274
69	0.0068	-647	-182	383
70	0.0069	-63	201	66
71	0.0070	-23	26	-109
72	0.0071	-187	-143	116
73	0.0072	411	193	-175
74	0.0073	-259	15	-295
75	0.0074	-263	-226	363
76	0.0075	-127	-20	-161
77	0.0076	342	305	-393
78	0.0077	-294	-292	307
79	0.0078	-41	107	-80
80	0.0079	208	284	-84
81	0.0080	-477	-396	146
82	0.0081	-67	-97	95
83	0.0082	129	150	-334
84	0.0083	-186	-12	-31
85	0.0084	-352	-208	302
86	0.0085	53	353	-140
87	0.0086	78	-50	-31
88	0.0087	-425	-357	117
89	0.0088	238	314	-165
90	0.0089	-41	131	-186
91	0.0090	-403	-223	281
92	0.0091	-54	208	-42
93	0.0092	-74	35	-59
94	0.0093	-115	-296	62
95	0.0094	-88	150	48
96	0.0095	219	351	-213
97	0.0096	-200	-136	0
98	0.0097	-156	-31	20
99	0.0098	138	130	-41
100	0.0099	-160	-57	-91

电流增量数据 [1000Hz, 10点]
采样序号	时间(s)	A相电流(INT)	B相电流(INT)	C相电流(INT)
1	0.000	-843	-319	210
2	0.001	-1104	-163	130
3	0.002	40	422	-910
4	0.003	784	494	-810
5	0.004	1221	-1913	-1372
6	0.005	1163	-921	-963
7	0.006	597	-1641	141
8	0.007	-825	2192	669
9	0.008	-828	10	1137
10	0.009	-1253	434	962
================================================================================

=== 采集时间: 2025-12-16 11:03:36 (增量周期: 10.0ms) ===
振动增量数据 [等效10000Hz, 100点]
时序序号	时间(s)	X振动(INT)	Y振动(INT)	Z振动(INT)
1	0.0000	-224	-195	183
2	0.0001	144	205	-101
3	0.0002	-44	258	10
4	0.0003	-91	-182	93
5	0.0004	-127	67	-15
6	0.0005	30	80	-107
7	0.0006	83	-65	-260
8	0.0007	-376	-16	416
9	0.0008	54	-8	16
10	0.0009	93	353	-580
11	0.0010	-68	-149	279
12	0.0011	35	137	-188
13	0.0012	148	121	-174
14	0.0013	-126	-14	242
15	0.0014	41	90	-220
16	0.0015	-27	232	-104
17	0.0016	-226	-139	271
18	0.0017	-243	-142	67
19	0.0018	-89	121	-101
20	0.0019	-212	-112	40
21	0.0020	-212	-232	39
22	0.0021	66	344	-123
23	0.0022	0	52	22
24	0.0023	-251	-118	13
25	0.0024	253	301	-145
26	0.0025	156	128	-362
27	0.0026	-160	-310	156
28	0.0027	134	37	-224
29	0.0028	43	112	-141
30	0.0029	-339	-123	249
31	0.0030	-302	-104	69
32	0.0031	83	101	-88
33	0.0032	-169	-55	-25
34	0.0033	-139	-74	6
35	0.0034	265	104	-345
36	0.0035	-420	3	127
37	0.0036	-562	-300	854
38	0.0037	174	208	-423
39	0.0038	96	205	-349
40	0.0039	-252	-349	336
41	0.0040	41	13	-171
42	0.0041	391	184	-374
43	0.0042	-373	26	133
44	0.0043	-305	-17	210
45	0.0044	146	201	-216
46	0.0045	-117	-33	84
47	0.0046	-41	-345	-10
48	0.0047	36	69	-187
49	0.0048	-74	-127	10
50	0.0049	-93	263	-320
51	0.0050	-204	7	95
52	0.0051	92	391	-192
53	0.0052	-383	-136	118
54	0.0053	-383	-81	323
55	0.0054	156	172	-297
56	0.0055	-57	-140	-36
57	0.0056	-199	-230	62
58	0.0057	134	249	-182
59	0.0058	-89	134	-19
60	0.0059	-285	79	195
61	0.0060	9	223	-11
62	0.0061	150	33	-211
63	0.0062	-380	-129	-203
64	0.0063	-282	-68	426
65	0.0064	-111	-81	-44
66	0.0065	-262	56	-109
67	0.0066	-92	-65	135
68	0.0067	-71	198	-46
69	0.0068	-89	90	76
70	0.0069	-139	39	173
71	0.0070	135	-71	-286
72	0.0071	-23	-65	-45
73	0.0072	-145	-97	134
74	0.0073	140	310	-101
75	0.0074	-229	41	2
76	0.0075	-188	-127	122
77	0.0076	155	44	-209
78	0.0077	-91	11	-169
79	0.0078	-119	5	1
80	0.0079	-130	125	79
81	0.0080	31	117	-77
82	0.0081	-158	-157	66
83	0.0082	-205	-174	216
84	0.0083	109	202	-109
85	0.0084	-126	16	-28
86	0.0085	-19	23	-17
87	0.0086	-38	117	-139
88	0.0087	-109	-109	14
89	0.0088	-71	-15	54
90	0.0089	9	259	43
91	0.0090	-8	-2	-105
92	0.0091	71	-4	-469
93	0.0092	74	65	136
94	0.0093	-128	-34	39
95	0.0094	-179	-189	110
96	0.0095	-50	107	-3
97	0.0096	-187	-79	86
98	0.0097	-78	-95	28
99	0.0098	-70	175	20
100	0.0099	161	205	-304

电流增量数据 [1000Hz, 10点]
采样序号	时间(s)	A相电流(INT)	B相电流(INT)	C相电流(INT)
1	0.000	180	-842	-417
2	0.001	55	211	-591
3	0.002	577	-1109	-447
4	0.003	839	93	-1079
5	0.004	1016	-600	-255
6	0.005	1299	-2720	121
7	0.006	123	-2116	925
8	0.007	-87	-1465	580
9	0.008	-716	2793	279
10	0.009	-608	509	27
================================================================================

=== 采集时间: 2025-12-16 11:03:37 (增量周期: 10.0ms) ===
振动增量数据 [等效10000Hz, 100点]
时序序号	时间(s)	X振动(INT)	Y振动(INT)	Z振动(INT)
1	0.0000	220	101	-344
2	0.0001	-301	-3	-331
3	0.0002	-427	195	320
4	0.0003	-3	288	53
5	0.0004	-47	172	156
6	0.0005	-169	-298	240
7	0.0006	120	-54	-297
8	0.0007	220	-2	-468
9	0.0008	-276	0	105
10	0.0009	-241	164	99
11	0.0010	151	275	-131
12	0.0011	-319	-156	224
13	0.0012	36	-238	133
14	0.0013	84	228	-349
15	0.0014	-110	-41	-135
16	0.0015	-175	-33	82
17	0.0016	-211	282	58
18	0.0017	23	-76	93
19	0.0018	-326	-322	176
20	0.0019	283	109	-126
21	0.0020	-135	100	-21
22	0.0021	-204	1	-222
23	0.0022	-8	71	-33
24	0.0023	-245	69	153
25	0.0024	129	-49	-14
26	0.0025	-127	35	80
27	0.0026	-87	2	-167
28	0.0027	-343	-151	369
29	0.0028	83	333	-244
30	0.0029	220	109	-218
31	0.0030	-361	-200	314
32	0.0031	328	322	-45
33	0.0032	-202	-6	54
34	0.0033	-219	-155	48
35	0.0034	-8	87	-23
36	0.0035	-33	22	-261
37	0.0036	-72	-11	63
38	0.0037	-207	95	86
39	0.0038	180	269	-154
40	0.0039	-315	-225	79
41	0.0040	-117	128	210
42	0.0041	375	97	-556
43	0.0042	-205	-177	-38
44	0.0043	36	-117	215
45	0.0044	24	259	-222
46	0.0045	-121	-143	-20
47	0.0046	-417	-246	254
48	0.0047	66	227	-170
49	0.0048	-58	-14	-38
50	0.0049	-401	-249	253
51	0.0050	-192	-251	156
52	0.0051	-170	96	93
53	0.0052	-42	101	-220
54	0.0053	-440	-127	336
55	0.0054	-8	150	-428
56	0.0055	-226	-71	337
57	0.0056	-123	-204	1
58	0.0057	61	235	-151
59	0.0058	-38	116	48
60	0.0059	-47	-109	-135
61	0.0060	-123	-11	60
62	0.0061	-186	66	284
63	0.0062	-45	2	-161
64	0.0063	-113	-102	31
65	0.0064	48	329	97
66	0.0065	-105	47	-46
67	0.0066	-147	0	-63
68	0.0067	-4	160	-105
69	0.0068	-47	24	33
70	0.0069	-80	78	-182
71	0.0070	-164	-91	208
72	0.0071	-36	-25	-197
73	0.0072	-74	-182	-6
74	0.0073	-88	33	113
75	0.0074	116	353	-162
76	0.0075	-329	-62	233
77	0.0076	-125	50	69
78	0.0077	0	-58	-89
79	0.0078	-97	-104	61
80	0.0079	-15	91	-89
81	0.0080	-106	22	-25
82	0.0081	120	219	-118
83	0.0082	-273	-102	-140
84	0.0083	-149	-108	369
85	0.0084	44	-45	-111
86	0.0085	16	71	-195
87	0.0086	-81	151	-74
88	0.0087	-292	-97	75
89	0.0088	9	385	-54
90	0.0089	-6	22	53
91	0.0090	62	-237	-134
92	0.0091	250	249	-297
93	0.0092	-149	54	-24
94	0.0093	-307	-27	156
95	0.0094	-117	259	73
96	0.0095	-161	61	-7
97	0.0096	-246	-432	251
98	0.0097	263	7	-328
99	0.0098	185	256	-286
100	0.0099	-427	-95	157

电流增量数据 [1000Hz, 10点]
采样序号	时间(s)	A相电流(INT)	B相电流(INT)	C相电流(INT)
1	0.000	-1286	-895	1449
2	0.001	-562	-800	-3
3	0.002	-14	2891	-813
4	0.003	544	-274	-965
5	0.004	976	162	-472
6	0.005	759	-289	-960
7	0.006	810	-892	-381
8	0.007	164	-1671	516
9	0.008	-837	-1164	876
10	0.009	-1337	1589	1025
================================================================================

=== 采集时间: 2025-12-16 11:03:37 (增量周期: 10.0ms) ===
振动增量数据 [等效10000Hz, 100点]
时序序号	时间(s)	X振动(INT)	Y振动(INT)	Z振动(INT)
1	0.0000	-165	7	-28
2	0.0001	62	186	46
3	0.0002	-46	-23	95
4	0.0003	-12	-125	-161
5	0.0004	24	144	-152
6	0.0005	-89	65	93
7	0.0006	-320	-121	54
8	0.0007	-110	103	123
9	0.0008	86	82	-46
10	0.0009	-51	-57	-221
11	0.0010	-21	-68	40
12	0.0011	-160	6	-34
13	0.0012	-108	201	-83
14	0.0013	-207	20	280
15	0.0014	96	71	-121
16	0.0015	-256	-53	135
17	0.0016	-173	-149	187
18	0.0017	146	5	-329
19	0.0018	-196	-80	117
20	0.0019	86	220	-160
21	0.0020	-144	197	95
22	0.0021	-212	-89	350
23	0.0022	91	-2	-136
24	0.0023	-45	-45	-29
25	0.0024	152	45	-265
26	0.0025	-165	77	-54
27	0.0026	-224	74	83
28	0.0027	-58	148	90
29	0.0028	35	-148	-143
30	0.0029	63	-165	65
31	0.0030	-177	-46	-74
32	0.0031	-19	257	-134
33	0.0032	-229	-23	27
34	0.0033	-222	-112	236
35	0.0034	167	54	-293
36	0.0035	-102	-106	71
37	0.0036	31	-126	16
38	0.0037	-121	197	-188
39	0.0038	3	37	-105
40	0.0039	-262	-51	33
41	0.0040	-172	49	33
42	0.0041	-63	67	65
43	0.0042	-94	10	-93
44	0.0043	-100	27	116
45	0.0044	-198	-101	-14
46	0.0045	201	-7	-259
47	0.0046	131	142	-175
48	0.0047	-204	1	237
49	0.0048	77	50	-47
50	0.0049	52	253	-53
51	0.0050	-158	-207	19
52	0.0051	-93	-85	-11
53	0.0052	198	359	-226
54	0.0053	-105	36	11
55	0.0054	-349	-66	114
56	0.0055	121	124	-143
57	0.0056	-310	-81	224
58	0.0057	-79	-88	-70
59	0.0058	224	367	-297
60	0.0059	-235	-80	159
61	0.0060	-249	-331	-64
62	0.0061	-75	-61	159
63	0.0062	-3	118	-119
64	0.0063	-23	14	-151
65	0.0064	-53	133	196
66	0.0065	116	158	-230
67	0.0066	-33	-42	-164
68	0.0067	-216	-126	250
69	0.0068	125	40	-248
70	0.0069	-232	103	-24
71	0.0070	-8	35	212
72	0.0071	92	169	-543
73	0.0072	-302	-219	309
74	0.0073	-100	-330	267
75	0.0074	249	446	-542
76	0.0075	-284	-119	383
77	0.0076	-242	-114	110
78	0.0077	189	331	-196
79	0.0078	-271	-347	294
80	0.0079	225	-24	-230
81	0.0080	212	178	-418
82	0.0081	-354	65	183
83	0.0082	-297	78	54
84	0.0083	-51	205	123
85	0.0084	-41	-144	-92
86	0.0085	-216	-405	61
87	0.0086	237	84	-158
88	0.0087	-38	45	-244
89	0.0088	-413	-123	208
90	0.0089	-64	485	0
91	0.0090	146	202	-328
92	0.0091	-365	-267	366
93	0.0092	-117	-59	200
94	0.0093	197	244	-220
95	0.0094	-290	-560	-89
96	0.0095	40	44	-136
97	0.0096	27	589	-154
98	0.0097	-327	87	204
99	0.0098	-290	-16	450
100	0.0099	327	451	-378

电流增量数据 [1000Hz, 10点]
采样序号	时间(s)	A相电流(INT)	B相电流(INT)	C相电流(INT)
1	0.000	-892	743	-111
2	0.001	225	-1072	-480
3	0.002	868	1948	-348
4	0.003	829	-1324	-131
5	0.004	946	-907	191
6	0.005	207	-1563	680
7	0.006	52	-694	688
8	0.007	-1083	-734	558
9	0.008	-1188	1006	-904
10	0.009	440	1759	-1354
================================================================================

=== 采集时间: 2025-12-16 11:03:37 (增量周期: 10.0ms) ===
振动增量数据 [等效10000Hz, 100点]
时序序号	时间(s)	X振动(INT)	Y振动(INT)	Z振动(INT)
1	0.0000	159	353	-156
2	0.0001	-186	-95	56
3	0.0002	-243	1	177
4	0.0003	109	53	-93
5	0.0004	-164	-54	-131
6	0.0005	2	41	52
7	0.0006	-111	-3	-12
8	0.0007	-213	39	130
9	0.0008	-12	-62	104
10	0.0009	-12	-46	19
11	0.0010	-64	-268	-4
12	0.0011	114	-7	-217
13	0.0012	-64	186	-59
14	0.0013	-151	248	50
15	0.0014	-391	218	215
16	0.0015	-181	-12	170
17	0.0016	83	-240	16
18	0.0017	292	-98	-344
19	0.0018	266	274	-351
20	0.0019	-335	156	151
21	0.0020	-100	363	90
22	0.0021	221	99	-192
23	0.0022	-84	-131	289
24	0.0023	202	-36	-89
25	0.0024	-105	-119	-126
26	0.0025	-203	-196	76
27	0.0026	-382	117	33
28	0.0027	-32	279	3
29	0.0028	57	231	-10
30	0.0029	-49	90	-75
31	0.0030	15	-3	97
32	0.0031	-19	-179	-192
33	0.0032	198	178	-278
34	0.0033	-243	6	61
35	0.0034	-151	-19	76
36	0.0035	-6	246	86
37	0.0036	-94	1	31
38	0.0037	-131	-300	110
39	0.0038	-46	-132	-117
40	0.0039	274	318	-282
41	0.0040	-383	-89	105
42	0.0041	49	360	-31
43	0.0042	33	225	-149
44	0.0043	-209	-452	104
45	0.0044	116	-44	-109
46	0.0045	13	120	-162
47	0.0046	-215	32	223
48	0.0047	-202	39	-152
49	0.0048	173	122	-167
50	0.0049	-111	-293	156
51	0.0050	187	118	-186
52	0.0051	-12	87	19
53	0.0052	-380	-145	93
54	0.0053	2	87	-80
55	0.0054	-28	15	-167
56	0.0055	-93	-135	49
57	0.0056	-119	-75	110
58	0.0057	-31	163	-111
59	0.0058	-125	-203	24
60	0.0059	-228	9	52
61	0.0060	201	64	-136
62	0.0061	-155	-87	-131
63	0.0062	-36	177	0
64	0.0063	-85	-97	336
65	0.0064	0	144	-320
66	0.0065	165	-207	-201
67	0.0066	80	-61	-291
68	0.0067	-91	84	70
69	0.0068	-130	197	157
70	0.0069	-439	-185	-37
71	0.0070	-27	-208	-11
72	0.0071	-246	90	-25
73	0.0072	-92	-3	139
74	0.0073	-131	35	-194
75	0.0074	-393	159	333
76	0.0075	90	28	127
77	0.0076	187	-44	-454
78	0.0077	236	-17	86
79	0.0078	-85	-10	-81
80	0.0079	-92	90	-88
81	0.0080	-125	49	135
82	0.0081	-188	31	7
83	0.0082	-27	-151	-94
84	0.0083	-105	1	16
85	0.0084	-25	121	-25
86	0.0085	-97	88	-45
87	0.0086	-224	156	65
88	0.0087	-75	-177	136
89	0.0088	143	194	-320
90	0.0089	133	-68	33
91	0.0090	-50	-41	71
92	0.0091	77	250	-140
93	0.0092	-173	155	139
94	0.0093	-302	-207	73
95	0.0094	220	57	-417
96	0.0095	-89	71	144
97	0.0096	-34	53	-2
98	0.0097	-319	9	203
99	0.0098	-12	49	82
100	0.0099	124	50	-364

电流增量数据 [1000Hz, 10点]
采样序号	时间(s)	A相电流(INT)	B相电流(INT)	C相电流(INT)
1	0.000	-287	32	-452
2	0.001	1062	-192	-1237
3	0.002	1880	-24	-936
4	0.003	968	60	-128
5	0.004	50	-1168	1635
6	0.005	-1660	-3739	2450
7	0.006	-1755	-797	1774
8	0.007	-442	-1216	620
9	0.008	-160	-801	310
10	0.009	-228	-882	636
================================================================================

=== 采集时间: 2025-12-16 11:03:38 (增量周期: 10.0ms) ===
振动增量数据 [等效10000Hz, 100点]
时序序号	时间(s)	X振动(INT)	Y振动(INT)	Z振动(INT)
1	0.0000	-81	58	129
2	0.0001	-192	-360	86
3	0.0002	364	188	-248
4	0.0003	-217	23	-184
5	0.0004	-388	-7	147
6	0.0005	13	256	-21
7	0.0006	-47	75	-53
8	0.0007	-12	-247	303
9	0.0008	-168	-143	-55
10	0.0009	301	266	-187
11	0.0010	-319	-237	52
12	0.0011	-53	228	-186
13	0.0012	187	265	-61
14	0.0013	-260	-429	30
15	0.0014	-81	48	283
16	0.0015	-71	22	-64
17	0.0016	-11	180	-338
18	0.0017	-123	-212	6
19	0.0018	198	488	-247
20	0.0019	101	-113	-119
21	0.0020	13	236	-7
22	0.0021	-302	-249	339
23	0.0022	121	9	-316
24	0.0023	109	92	-55
25	0.0024	-284	-369	220
26	0.0025	-139	139	-33
27	0.0026	-68	177	-134
28	0.0027	-478	-378	194
29	0.0028	178	116	-277
30	0.0029	387	342	-378
31	0.0030	-361	-272	247
32	0.0031	49	246	-62
33	0.0032	5	313	-178
34	0.0033	-237	-377	215
35	0.0034	-58	-70	3
36	0.0035	369	446	-213
37	0.0036	-363	-306	11
38	0.0037	-284	-17	217
39	0.0038	240	448	-184
40	0.0039	-242	-206	-40
41	0.0040	-42	-38	-88
42	0.0041	249	270	-166
43	0.0042	-158	91	-233
44	0.0043	-648	-418	795
45	0.0044	172	423	-259
46	0.0045	-16	-40	-329
47	0.0046	-378	-390	318
48	0.0047	326	466	-169
49	0.0048	-37	126	-170
50	0.0049	-335	-366	204
51	0.0050	237	282	-158
52	0.0051	150	218	-334
53	0.0052	-242	-125	142
54	0.0053	-88	176	-34
55	0.0054	212	185	-214
56	0.0055	-156	-369	-29
57	0.0056	62	139	27
58	0.0057	18	263	-84
59	0.0058	-306	-307	-54
60	0.0059	-12	45	95
61	0.0060	14	189	63
62	0.0061	-241	-351	44
63	0.0062	53	33	-10
64	0.0063	278	275	-362
65	0.0064	-256	-177	131
66	0.0065	-396	-108	230
67	0.0066	189	295	-244
68	0.0067	-435	-677	138
69	0.0068	-45	-91	-24
70	0.0069	146	326	-31
71	0.0070	-375	20	-195
72	0.0071	-289	165	534
73	0.0072	3	138	-63
74	0.0073	187	69	-213
75	0.0074	-98	-475	130
76	0.0075	229	207	-276
77	0.0076	186	159	-208
78	0.0077	-465	-199	221
79	0.0078	-109	442	174
80	0.0079	-221	-112	113
81	0.0080	104	22	-32
82	0.0081	32	-344	18
83	0.0082	60	-92	-235
84	0.0083	-226	382	-162
85	0.0084	-187	90	164
86	0.0085	154	244	-141
87	0.0086	57	-19	142
88	0.0087	-58	-58	152
89	0.0088	79	94	-295
90	0.0089	-8	-114	-113
91	0.0090	-335	314	172
92	0.0091	-396	263	-21
93	0.0092	-102	-6	290
94	0.0093	-4	65	-94
95	0.0094	163	-262	-42
96	0.0095	-174	-33	-187
97	0.0096	225	239	-264
98	0.0097	-175	139	122
99	0.0098	-431	-106	302
100	0.0099	124	117	194

电流增量数据 [1000Hz, 10点]
采样序号	时间(s)	A相电流(INT)	B相电流(INT)	C相电流(INT)
1	0.000	-486	-1849	683
2	0.001	-632	2906	33
3	0.002	-695	238	452
4	0.003	-660	1428	-56
5	0.004	-383	-245	-259
6	0.005	167	901	-678
7	0.006	916	-858	-907
8	0.007	1271	-1136	-74
9	0.008	747	-991	715
10	0.009	-114	-1105	1423
================================================================================

=== 采集时间: 2025-12-16 11:03:38 (增量周期: 10.0ms) ===
振动增量数据 [等效10000Hz, 100点]
时序序号	时间(s)	X振动(INT)	Y振动(INT)	Z振动(INT)
1	0.0000	-279	125	427
2	0.0001	7	276	-311
3	0.0002	-203	-127	-190
4	0.0003	-423	-40	628
5	0.0004	265	440	-380
6	0.0005	207	-36	-328
7	0.0006	43	-200	127
8	0.0007	370	431	-368
9	0.0008	-156	13	-46
10	0.0009	-252	-108	335
11	0.0010	-234	-45	177
12	0.0011	197	94	-311
13	0.0012	-96	-238	-12
14	0.0013	-260	198	405
15	0.0014	62	303	-132
16	0.0015	-62	-211	-192
17	0.0016	187	357	-101
18	0.0017	57	109	-89
19	0.0018	-208	-332	83
20	0.0019	-17	-6	26
21	0.0020	71	257	-105
22	0.0021	-202	-162	40
23	0.0022	-216	-211	56
24	0.0023	169	310	-100
25	0.0024	-289	-179	144
26	0.0025	-138	-58	-77
27	0.0026	182	394	-205
28	0.0027	-84	-149	80
29	0.0028	-289	-108	62
30	0.0029	-50	104	176
31	0.0030	305	-232	-410
32	0.0031	-173	-317	-304
33	0.0032	-245	-321	618
34	0.0033	-17	131	-428
35	0.0034	-477	90	27
36	0.0035	-576	-11	592
37	0.0036	9	214	-438
38	0.0037	78	-104	86
39	0.0038	186	-157	-96
40	0.0039	293	87	-438
41	0.0040	-14	301	-113
42	0.0041	-259	344	61
43	0.0042	-233	117	324
44	0.0043	-158	-143	229
45	0.0044	122	-379	-152
46	0.0045	212	146	-251
47	0.0046	-250	13	-307
48	0.0047	-241	94	23
49	0.0048	57	346	-7
50	0.0049	-68	-170	54
51	0.0050	356	376	-533
52	0.0051	-361	141	0
53	0.0052	-222	129	332
54	0.0053	160	299	-160
55	0.0054	-93	-142	112
56	0.0055	298	-263	-50
57	0.0056	-55	228	-205
58	0.0057	368	24	-671
59	0.0058	-813	70	527
60	0.0059	-292	267	567
61	0.0060	456	193	-745
62	0.0061	-350	-404	275
63	0.0062	359	53	-84
64	0.0063	152	453	-470
65	0.0064	-315	-174	271
66	0.0065	-134	-38	120
67	0.0066	-2	112	-29
68	0.0067	261	-209	-153
69	0.0068	-564	-326	358
70	0.0069	33	270	150
71	0.0070	-185	53	-214
72	0.0071	-222	118	-98
73	0.0072	122	84	112
74	0.0073	-125	-24	-105
75	0.0074	135	-91	-29
76	0.0075	-213	58	28
77	0.0076	-75	259	24
78	0.0077	-362	-424	166
79	0.0078	139	3	-392
80	0.0079	245	142	-92
81	0.0080	-519	-253	404
82	0.0081	203	258	-179
83	0.0082	-186	71	-10
84	0.0083	-97	-24	45
85	0.0084	48	16	-27
86	0.0085	2	44	-288
87	0.0086	-182	-76	140
88	0.0087	-478	20	317
89	0.0088	233	33	-209
90	0.0089	-384	-31	-81
91	0.0090	23	114	-28
92	0.0091	-3	125	-46
93	0.0092	-149	-149	54
94	0.0093	108	-81	-57
95	0.0094	-156	-3	-45
96	0.0095	169	223	-123
97	0.0096	-94	-63	-62
98	0.0097	-49	208	-88
99	0.0098	191	14	-81
100	0.0099	-232	18	56

电流增量数据 [1000Hz, 10点]
采样序号	时间(s)	A相电流(INT)	B相电流(INT)	C相电流(INT)
1	0.000	460	-219	9
2	0.001	75	-1371	403
3	0.002	-204	-531	816
4	0.003	-524	-523	720
5	0.004	-1237	-762	972
6	0.005	-1155	-1327	830
7	0.006	-484	-168	-116
8	0.007	299	3360	-831
9	0.008	1196	33	-976
10	0.009	1026	919	-634
================================================================================

=== 采集时间: 2025-12-16 11:03:39 (增量周期: 10.0ms) ===
振动增量数据 [等效10000Hz, 100点]
时序序号	时间(s)	X振动(INT)	Y振动(INT)	Z振动(INT)
1	0.0000	110	228	-110
2	0.0001	-327	-101	-46
3	0.0002	-160	335	-29
4	0.0003	52	244	7
5	0.0004	-152	-319	7
6	0.0005	80	-34	90
7	0.0006	-36	201	-49
8	0.0007	-463	-179	-17
9	0.0008	-148	62	76
10	0.0009	306	368	-324
11	0.0010	-105	-306	93
12	0.0011	-128	-189	20
13	0.0012	117	258	-49
14	0.0013	-354	-85	110
15	0.0014	-208	-98	50
16	0.0015	224	359	-254
17	0.0016	99	-11	-209
18	0.0017	-435	-221	404
19	0.0018	-170	240	377
20	0.0019	161	210	-248
21	0.0020	-215	-135	-63
22	0.0021	54	39	73
23	0.0022	187	289	-220
24	0.0023	-102	23	100
25	0.0024	-139	-251	302
26	0.0025	-64	28	-226
27	0.0026	-33	-78	66
28	0.0027	-290	-193	60
29	0.0028	61	246	-183
30	0.0029	-79	105	-68
31	0.0030	-343	-109	251
32	0.0031	99	172	-19
33	0.0032	7	137	-267
34	0.0033	-84	-81	41
35	0.0034	23	33	-4
36	0.0035	-64	169	52
37	0.0036	-85	-241	53
38	0.0037	-115	-45	69
39	0.0038	105	171	-135
40	0.0039	-222	-58	27
41	0.0040	-106	39	-29
42	0.0041	-40	60	75
43	0.0042	-190	-58	200
44	0.0043	78	177	-311
45	0.0044	24	111	28
46	0.0045	-256	56	-27
47	0.0046	327	-57	-297
48	0.0047	78	62	-340
49	0.0048	-198	-326	237
50	0.0049	-27	-70	-72
51	0.0050	-118	91	18
52	0.0051	-320	-228	237
53	0.0052	-64	86	-119
54	0.0053	10	57	6
55	0.0054	-249	-32	28
56	0.0055	191	193	-290
57	0.0056	18	91	-32
58	0.0057	-84	-45	20
59	0.0058	-7	120	-101
60	0.0059	-55	22	178
61	0.0060	-310	-193	67
62	0.0061	-130	-126	71
63	0.0062	-110	385	66
64	0.0063	-134	-112	-12
65	0.0064	-122	-174	36
66	0.0065	87	270	93
67	0.0066	16	232	-132
68	0.0067	-102	-229	-25
69	0.0068	16	-182	16
70	0.0069	152	128	-256
71	0.0070	-245	9	48
72	0.0071	6	240	204
73	0.0072	48	155	-391
74	0.0073	-420	-425	490
75	0.0074	244	-326	-208
76	0.0075	524	378	-796
77	0.0076	-423	-71	279
78	0.0077	-538	35	309
79	0.0078	-10	346	16
80	0.0079	-115	-326	116
81	0.0080	212	-348	-160
82	0.0081	483	458	-496
83	0.0082	-316	-23	86
84	0.0083	-319	280	156
85	0.0084	223	412	-187
86	0.0085	31	-347	105
87	0.0086	-170	-428	106
88	0.0087	262	215	-248
89	0.0088	-97	82	-128
90	0.0089	-465	-80	93
91	0.0090	180	570	-14
92	0.0091	-229	-74	134
93	0.0092	15	-152	22
94	0.0093	262	90	2
95	0.0094	381	292	-631
96	0.0095	-370	-193	91
97	0.0096	-413	137	457
98	0.0097	48	101	-145
99	0.0098	-132	-76	45
100	0.0099	-135	-144	409

电流增量数据 [1000Hz, 10点]
采样序号	时间(s)	A相电流(INT)	B相电流(INT)	C相电流(INT)
1	0.000	806	-1096	-558
2	0.001	648	1303	75
3	0.002	76	-1170	719
4	0.003	-292	856	1067
5	0.004	-657	-453	908
6	0.005	-382	630	490
7	0.006	-860	512	228
8	0.007	-39	2029	-1080
9	0.008	1162	1626	-1266
10	0.009	805	769	-712
================================================================================

=== 采集时间: 2025-12-16 11:03:39 (增量周期: 10.0ms) ===
振动增量数据 [等效10000Hz, 100点]
时序序号	时间(s)	X振动(INT)	Y振动(INT)	Z振动(INT)
1	0.0000	-57	-142	-122
2	0.0001	146	171	-349
3	0.0002	-516	66	152
4	0.0003	-202	214	152
5	0.0004	-34	270	28
6	0.0005	2	-131	-42
7	0.0006	71	-247	293
8	0.0007	79	57	-651
9	0.0008	58	176	-81
10	0.0009	-192	103	74
11	0.0010	-27	180	-44
12	0.0011	-169	-209	285
13	0.0012	95	58	-177
14	0.0013	26	-16	6
15	0.0014	-373	-95	46
16	0.0015	118	73	-257
17	0.0016	-105	259	-57
18	0.0017	-21	66	-121
19	0.0018	99	-114	123
20	0.0019	-97	-6	104
21	0.0020	133	6	-178
22	0.0021	-344	-106	110
23	0.0022	122	228	-151
24	0.0023	146	74	-282
25	0.0024	-165	-143	211
26	0.0025	84	-14	80
27	0.0026	32	39	-222
28	0.0027	-3	16	-182
29	0.0028	-369	-166	208
30	0.0029	146	348	-269
31	0.0030	-93	-216	-76
32	0.0031	-264	-38	121
33	0.0032	108	37	90
34	0.0033	-19	-7	-217
35	0.0034	-313	-174	328
36	0.0035	109	74	3
37	0.0036	359	297	-689
38	0.0037	-229	-319	418
39	0.0038	-75	265	-8
40	0.0039	347	318	-271
41	0.0040	-487	-254	204
42	0.0041	99	-53	-97
43	0.0042	-148	223	71
44	0.0043	-352	-307	434
45	0.0044	5	269	-87
46	0.0045	-276	50	131
47	0.0046	146	52	-14
48	0.0047	-136	116	-188
49	0.0048	178	144	156
50	0.0049	-24	-232	-87
51	0.0050	178	158	-137
52	0.0051	2	202	32
53	0.0052	13	45	-119
54	0.0053	-168	-93	168
55	0.0054	20	154	-80
56	0.0055	93	-101	-273
57	0.0056	-286	-40	123
58	0.0057	-42	50	66
59	0.0058	-135	45	-147
60	0.0059	-106	19	60
61	0.0060	-113	-41	70
62	0.0061	198	-34	-328
63	0.0062	-198	-119	3
64	0.0063	-414	2	554
65	0.0064	253	197	-440
66	0.0065	-195	16	-178
67	0.0066	-225	-174	280
68	0.0067	193	233	-341
69	0.0068	-78	343	37
70	0.0069	-352	-225	229
71	0.0070	-109	-224	-34
72	0.0071	246	286	-175
73	0.0072	-97	-83	2
74	0.0073	-266	-93	159
75	0.0074	110	193	-197
76	0.0075	-246	79	100
77	0.0076	-12	-109	-187
78	0.0077	244	14	-166
79	0.0078	-356	-81	305
80	0.0079	-41	49	-124
81	0.0080	-211	-49	53
82	0.0081	62	-232	43
83	0.0082	1	31	-113
84	0.0083	93	198	-237
85	0.0084	-190	118	159
86	0.0085	-337	135	140
87	0.0086	73	103	-76
88	0.0087	-178	-375	-119
89	0.0088	131	-65	74
90	0.0089	349	151	-254
91	0.0090	-336	380	-359
92	0.0091	-409	152	452
93	0.0092	-148	82	195
94	0.0093	165	0	-190
95	0.0094	-23	-455	-66
96	0.0095	11	-46	-71
97	0.0096	-68	278	-213
98	0.0097	-440	155	206
99	0.0098	-166	50	80
100	0.0099	-36	-71	161

电流增量数据 [1000Hz, 10点]
采样序号	时间(s)	A相电流(INT)	B相电流(INT)	C相电流(INT)
1	0.000	75	-151	533
2	0.001	-1424	203	2035
3	0.002	-2357	-536	1220
4	0.003	-1550	1868	38
5	0.004	-420	-1411	42
6	0.005	-707	1120	516
7	0.006	-717	718	24
8	0.007	-233	1673	-570
9	0.008	-226	954	-1029
10	0.009	536	185	-1292
================================================================================

=== 采集时间: 2025-12-16 11:03:39 (增量周期: 10.0ms) ===
振动增量数据 [等效10000Hz, 100点]
时序序号	时间(s)	X振动(INT)	Y振动(INT)	Z振动(INT)
1	0.0000	-151	-118	74
2	0.0001	32	-19	-17
3	0.0002	-217	-117	130
4	0.0003	108	135	-80
5	0.0004	-474	-196	157
6	0.0005	-440	-7	600
7	0.0006	445	416	-590
8	0.0007	-128	190	-27
9	0.0008	-37	-121	275
10	0.0009	295	258	-401
11	0.0010	39	181	93
12	0.0011	-102	-313	95
13	0.0012	31	111	-192
14	0.0013	148	30	-96
15	0.0014	-311	-306	238
16	0.0015	-104	5	-41
17	0.0016	-72	86	157
18	0.0017	-320	-172	-64
19	0.0018	96	313	-29
20	0.0019	-75	178	-88
21	0.0020	-75	-84	33
22	0.0021	44	45	26
23	0.0022	-4	175	1
24	0.0023	-92	-80	-63
25	0.0024	-79	64	54
26	0.0025	-37	148	46
27	0.0026	-134	-195	-29
28	0.0027	19	65	-31
29	0.0028	150	-8	-158
30	0.0029	-70	97	-111
31	0.0030	-417	-92	409
32	0.0031	271	114	-302
33	0.0032	-219	75	-237
34	0.0033	-450	-351	861
35	0.0034	326	560	-653
36	0.0035	-110	124	24
37	0.0036	-482	-258	439
38	0.0037	104	143	-315
39	0.0038	88	181	-83
40	0.0039	-185	-259	159
41	0.0040	9	73	-153
42	0.0041	83	250	-45
43	0.0042	-346	-238	277
44	0.0043	-85	121	-162
45	0.0044	129	223	-127
46	0.0045	-286	-395	69
47	0.0046	30	287	-19
48	0.0047	169	323	-139
49	0.0048	-254	-217	114
50	0.0049	-6	141	-42
51	0.0050	-93	-98	-55
52	0.0051	19	40	-27
53	0.0052	-32	-127	-20
54	0.0053	-74	199	-28
55	0.0054	3	56	37
56	0.0055	-4	71	-140
57	0.0056	-311	-170	196
58	0.0057	-147	138	190
59	0.0058	50	-121	-71
60	0.0059	-350	-243	339
61	0.0060	390	235	-563
62	0.0061	43	233	-341
63	0.0062	-260	75	362
64	0.0063	107	272	-93
65	0.0064	-23	-160	-64
66	0.0065	165	-351	-124
67	0.0066	177	-79	-208
68	0.0067	46	309	-271
69	0.0068	-660	100	446
70	0.0069	-397	18	333
71	0.0070	257	37	-104
72	0.0071	203	-264	-288
73	0.0072	-6	39	-41
74	0.0073	26	325	-184
75	0.0074	-370	199	-21
76	0.0075	-226	159	109
77	0.0076	198	74	6
78	0.0077	-102	-238	2
79	0.0078	105	-249	-81
80	0.0079	-138	210	2
81	0.0080	62	267	-230
82	0.0081	-294	60	-107
83	0.0082	-245	14	296
84	0.0083	101	141	110
85	0.0084	186	-196	-230
86	0.0085	-58	-109	13
87	0.0086	-8	239	-214
88	0.0087	-413	31	264
89	0.0088	-45	164	-135
90	0.0089	187	97	-272
91	0.0090	126	-4	99
92	0.0091	-170	-140	58
93	0.0092	52	92	-50
94	0.0093	-243	-54	-15
95	0.0094	-320	2	87
96	0.0095	-31	30	-38
97	0.0096	61	13	-97
98	0.0097	-105	-121	117
99	0.0098	-329	-149	208
100	0.0099	245	284	-304

电流增量数据 [1000Hz, 10点]
采样序号	时间(s)	A相电流(INT)	B相电流(INT)	C相电流(INT)
1	0.000	-1127	607	-1674
2	0.001	-122	908	-1185
3	0.002	-22	-990	-336
4	0.003	-325	1032	-604
5	0.004	-186	1029	-858
6	0.005	551	827	-762
7	0.006	1109	-625	-1005
8	0.007	1257	-1451	-560
9	0.008	599	-1304	505
10	0.009	23	-273	967
================================================================================

=== 采集时间: 2025-12-16 11:03:40 (增量周期: 10.0ms) ===
振动增量数据 [等效10000Hz, 100点]
时序序号	时间(s)	X振动(INT)	Y振动(INT)	Z振动(INT)
1	0.0000	-367	-85	43
2	0.0001	-24	279	-29
3	0.0002	0	-183	-21
4	0.0003	-113	186	-92
5	0.0004	219	-57	-83
6	0.0005	-640	-97	491
7	0.0006	-148	-37	164
8	0.0007	5	-155	-303
9	0.0008	97	382	-229
10	0.0009	201	22	91
11	0.0010	-302	-27	116
12	0.0011	238	77	181
13	0.0012	-98	122	-173
14	0.0013	-36	-277	-170
15	0.0014	24	77	-37
16	0.0015	-340	69	150
17	0.0016	95	180	-4
18	0.0017	-350	-204	-44
19	0.0018	241	239	-85
20	0.0019	-28	47	-119
21	0.0020	-141	9	-7
22	0.0021	263	79	-45
23	0.0022	-179	-81	131
24	0.0023	-33	-48	165
25	0.0024	-55	-7	-126
26	0.0025	-31	92	-79
27	0.0026	-96	-93	91
28	0.0027	-79	97	-54
29	0.0028	86	-42	-107
30	0.0029	-242	-48	80
31	0.0030	-157	-48	44
32	0.0031	-96	295	61
33	0.0032	-63	69	-368
34	0.0033	-618	-174	653
35	0.0034	-55	28	-37
36	0.0035	386	301	-631
37	0.0036	-360	-121	438
38	0.0037	143	165	-218
39	0.0038	142	177	-203
40	0.0039	-282	-230	122
41	0.0040	-76	-89	114
42	0.0041	142	168	-430
43	0.0042	-109	-62	350
44	0.0043	-490	-135	133
45	0.0044	208	491	-156
46	0.0045	-258	-288	26
47	0.0046	-202	19	62
48	0.0047	246	310	-183
49	0.0048	-196	-183	-16
50	0.0049	-59	158	80
51	0.0050	37	53	67
52	0.0051	67	112	-91
53	0.0052	2	-181	-62
54	0.0053	-191	-65	131
55	0.0054	1	142	-153
56	0.0055	-309	69	110
57	0.0056	-168	56	114
58	0.0057	-80	-189	-50
59	0.0058	-126	151	24
60	0.0059	-68	-11	186
61	0.0060	-356	33	478
62	0.0061	519	133	-676
63	0.0062	-70	-518	-171
64	0.0063	-97	-91	183
65	0.0064	182	748	-466
66	0.0065	-598	-189	512
67	0.0066	-194	-109	315
68	0.0067	206	-6	-264
69	0.0068	58	-326	-200
70	0.0069	-33	109	-178
71	0.0070	-37	559	-51
72	0.0071	-489	158	253
73	0.0072	-379	-178	317
74	0.0073	355	178	-188
75	0.0074	344	-378	-349
76	0.0075	-175	-280	-12
77	0.0076	2	556	-312
78	0.0077	-383	172	331
79	0.0078	-457	-374	399
80	0.0079	293	225	-254
81	0.0080	99	128	-188
82	0.0081	-567	-471	349
83	0.0082	248	478	-278
84	0.0083	-118	108	-157
85	0.0084	-173	-191	36
86	0.0085	39	368	-114
87	0.0086	237	312	-122
88	0.0087	-298	-597	234
89	0.0088	-531	-162	367
90	0.0089	600	329	-559
91	0.0090	-305	-134	-387
92	0.0091	-169	-54	400
93	0.0092	73	445	62
94	0.0093	-44	-11	-165
95	0.0094	-76	-280	236
96	0.0095	-68	78	-44
97	0.0096	241	121	-320
98	0.0097	-353	-3	50
99	0.0098	-164	147	283
100	0.0099	360	180	-295

电流增量数据 [1000Hz, 10点]
采样序号	时间(s)	A相电流(INT)	B相电流(INT)	C相电流(INT)
1	0.000	433	2976	-965
2	0.001	786	208	-734
3	0.002	837	1931	-520
4	0.003	497	-193	-599
5	0.004	910	-253	169
6	0.005	172	-1313	943
7	0.006	-522	740	1685
8	0.007	-1344	1787	1107
9	0.008	-1025	1636	245
10	0.009	-134	2129	-1878
================================================================================

=== 采集时间: 2025-12-16 11:03:40 (增量周期: 10.0ms) ===
振动增量数据 [等效10000Hz, 100点]
时序序号	时间(s)	X振动(INT)	Y振动(INT)	Z振动(INT)
1	0.0000	438	530	-605
2	0.0001	-370	-382	455
3	0.0002	206	37	-179
4	0.0003	449	518	-307
5	0.0004	-118	-170	207
6	0.0005	131	-21	-389
7	0.0006	-50	-115	0
8	0.0007	-188	-37	365
9	0.0008	127	310	-351
10	0.0009	-217	-174	148
11	0.0010	-268	-147	259
12	0.0011	74	37	-230
13	0.0012	-134	92	-6
14	0.0013	-96	-83	-36
15	0.0014	-66	155	-144
16	0.0015	-114	122	120
17	0.0016	-316	-258	7
18	0.0017	-38	-2	-21
19	0.0018	156	159	-191
20	0.0019	-207	-149	63
21	0.0020	-89	111	71
22	0.0021	154	193	-175
23	0.0022	-141	-98	-31
24	0.0023	-97	-108	181
25	0.0024	99	121	-265
26	0.0025	-203	39	135
27	0.0026	-115	184	210
28	0.0027	-220	56	-58
29	0.0028	-117	28	123
30	0.0029	-79	-344	96
31	0.0030	178	-41	-183
32	0.0031	310	199	-233
33	0.0032	-412	-83	156
34	0.0033	-33	320	-389
35	0.0034	-173	7	386
36	0.0035	-136	-449	161
37	0.0036	146	-121	-194
38	0.0037	261	137	-464
39	0.0038	-199	100	-135
40	0.0039	-649	133	577
41	0.0040	-32	603	-24
42	0.0041	75	-326	-50
43	0.0042	127	-211	45
44	0.0043	279	198	-194
45	0.0044	-298	-254	31
46	0.0045	-314	224	57
47	0.0046	-122	382	-303
48	0.0047	-225	-170	601
49	0.0048	-79	-33	-113
50	0.0049	531	185	-349
51	0.0050	-84	-177	33
52	0.0051	45	-479	-27
53	0.0052	409	374	-237
54	0.0053	-152	122	-166
55	0.0054	-456	-200	280
56	0.0055	-44	416	65
57	0.0056	-12	-221	-115
58	0.0057	-242	-251	255
59	0.0058	-64	194	-20
60	0.0059	301	199	-520
61	0.0060	-852	-313	313
62	0.0061	48	377	404
63	0.0062	291	310	-541
64	0.0063	-24	-153	-38
65	0.0064	-53	-199	507
66	0.0065	103	416	-453
67	0.0066	113	-80	31
68	0.0067	-507	-176	108
69	0.0068	19	239	5
70	0.0069	-8	-40	10
71	0.0070	-140	-33	142
72	0.0071	195	146	-106
73	0.0072	33	267	-284
74	0.0073	-275	-217	138
75	0.0074	18	130	9
76	0.0075	122	186	-362
77	0.0076	-267	-311	320
78	0.0077	-282	30	138
79	0.0078	112	297	-130
80	0.0079	-307	-88	54
81	0.0080	0	-66	-68
82	0.0081	10	176	-46
83	0.0082	-88	11	2
84	0.0083	-87	-12	99
85	0.0084	120	117	-157
86	0.0085	110	77	-214
87	0.0086	-148	-93	44
88	0.0087	122	141	-84
89	0.0088	-80	-67	-177
90	0.0089	-286	-50	204
91	0.0090	-67	-88	6
92	0.0091	-144	267	-105
93	0.0092	-276	-153	143
94	0.0093	-570	-298	395
95	0.0094	263	305	-348
96	0.0095	-32	0	-36
97	0.0096	-343	-271	307
98	0.0097	417	440	-440
99	0.0098	-188	185	49
100	0.0099	-256	-332	66

电流增量数据 [1000Hz, 10点]
采样序号	时间(s)	A相电流(INT)	B相电流(INT)	C相电流(INT)
1	0.000	-150	91	478
2	0.001	-439	-47	795
3	0.002	-532	1425	467
4	0.003	-776	-134	77
5	0.004	-1357	1185	-97
6	0.005	-1056	437	-183
7	0.006	272	1813	-474
8	0.007	894	1889	-513
9	0.008	810	-677	-75
10	0.009	1052	1074	490
================================================================================

=== 采集时间: 2025-12-16 11:03:40 (增量周期: 10.0ms) ===
振动增量数据 [等效10000Hz, 100点]
时序序号	时间(s)	X振动(INT)	Y振动(INT)	Z振动(INT)
1	0.0000	-292	-245	185
2	0.0001	231	517	-320
3	0.0002	-71	326	-63
4	0.0003	-290	-584	352
5	0.0004	208	398	-337
6	0.0005	167	194	-32
7	0.0006	-473	-438	198
8	0.0007	348	296	-325
9	0.0008	176	369	-119
10	0.0009	-503	-493	382
11	0.0010	137	146	-218
12	0.0011	104	305	-167
13	0.0012	-117	-203	-3
14	0.0013	-115	-101	66
15	0.0014	295	303	-244
16	0.0015	-158	87	-15
17	0.0016	-186	33	164
18	0.0017	84	355	-33
19	0.0018	-104	-390	-227
20	0.0019	112	147	-66
21	0.0020	-75	-74	186
22	0.0021	-118	-76	-109
23	0.0022	-429	-157	423
24	0.0023	177	253	-479
25	0.0024	-11	-238	-162
26	0.0025	-481	-254	636
27	0.0026	639	727	-667
28	0.0027	-185	-159	43
29	0.0028	-785	-351	664
30	0.0029	328	419	-256
31	0.0030	-61	-4	-188
32	0.0031	-162	-661	580
33	0.0032	112	90	-422
34	0.0033	99	390	-183
35	0.0034	-674	-57	361
36	0.0035	-293	159	28
37	0.0036	-119	-92	225
38	0.0037	-217	-733	-98
39	0.0038	302	342	-160
40	0.0039	80	286	-329
41	0.0040	-435	7	16
42	0.0041	-331	411	404
43	0.0042	244	75	50
44	0.0043	155	-206	-370
45	0.0044	321	-45	-217
46	0.0045	-79	155	-63
47	0.0046	-473	-156	20
48	0.0047	-64	346	53
49	0.0048	127	417	-68
50	0.0049	-41	-293	96
51	0.0050	203	141	28
52	0.0051	152	-74	-415
53	0.0052	-209	-189	39
54	0.0053	9	152	-315
55	0.0054	-14	423	-44
56	0.0055	-622	-404	459
57	0.0056	13	64	-62
58	0.0057	129	-162	92
59	0.0058	-417	-262	-42
60	0.0059	259	160	-402
61	0.0060	-387	-528	221
62	0.0061	15	382	-166
63	0.0062	-309	246	-7
64	0.0063	-345	-98	272
65	0.0064	57	219	-183
66	0.0065	318	116	40
67	0.0066	-392	-246	90
68	0.0067	289	517	-192
69	0.0068	-49	-10	148
70	0.0069	-309	-149	-53
71	0.0070	297	-41	46
72	0.0071	-113	177	-77
73	0.0072	-178	-554	63
74	0.0073	-143	74	-107
75	0.0074	161	372	-178
76	0.0075	-141	-285	-23
77	0.0076	-114	73	-17
78	0.0077	545	184	-323
79	0.0078	-627	-138	337
80	0.0079	-78	58	266
81	0.0080	182	351	-577
82	0.0081	-88	-34	-187
83	0.0082	357	107	-7
84	0.0083	-45	180	-209
85	0.0084	390	258	20
86	0.0085	-635	-565	300
87	0.0086	93	292	65
88	0.0087	52	-104	-51
89	0.0088	-596	-153	185
90	0.0089	250	144	-10
91	0.0090	-337	3	-71
92	0.0091	-21	16	120
93	0.0092	-360	-143	129
94	0.0093	65	415	-201
95	0.0094	-155	-413	103
96	0.0095	-246	156	93
97	0.0096	178	284	-132
98	0.0097	-726	-503	301
99	0.0098	114	352	-91
100	0.0099	53	266	5

电流增量数据 [1000Hz, 10点]
采样序号	时间(s)	A相电流(INT)	B相电流(INT)	C相电流(INT)
1	0.000	-450	1305	-49
2	0.001	-119	837	-591
3	0.002	722	1734	-554
4	0.003	708	-970	-722
5	0.004	1703	-857	-1318
6	0.005	1305	-1216	-96
7	0.006	471	991	164
8	0.007	-8	804	986
9	0.008	-698	-721	1183
10	0.009	-1214	1195	988
================================================================================

=== 采集时间: 2025-12-16 11:03:41 (增量周期: 10.0ms) ===
振动增量数据 [等效10000Hz, 100点]
时序序号	时间(s)	X振动(INT)	Y振动(INT)	Z振动(INT)
1	0.0000	-254	1	27
2	0.0001	-127	150	-16
3	0.0002	104	257	-106
4	0.0003	-247	-126	399
5	0.0004	489	173	-550
6	0.0005	-374	-273	170
7	0.0006	-96	-75	101
8	0.0007	-188	266	-64
9	0.0008	-161	205	-42
10	0.0009	-172	-237	195
11	0.0010	-164	10	70
12	0.0011	244	48	-81
13	0.0012	-207	-91	7
14	0.0013	118	125	-230
15	0.0014	24	160	13
16	0.0015	-165	-88	-45
17	0.0016	79	-42	84
18	0.0017	-262	185	39
19	0.0018	31	-87	-10
20	0.0019	-145	30	-130
21	0.0020	74	107	-135
22	0.0021	-28	61	233
23	0.0022	22	-202	-197
24	0.0023	382	96	-81
25	0.0024	-290	-63	143
26	0.0025	-32	-61	96
27	0.0026	-418	-203	-17
28	0.0027	219	299	-310
29	0.0028	-126	-193	-92
30	0.0029	-280	92	216
31	0.0030	301	404	-371
32	0.0031	-578	-161	440
33	0.0032	154	154	-71
34	0.0033	97	39	-164
35	0.0034	60	70	-6
36	0.0035	157	-3	-50
37	0.0036	13	361	-53
38	0.0037	93	-12	105
39	0.0038	-315	-189	60
40	0.0039	96	31	62
41	0.0040	127	-57	-201
42	0.0041	50	-8	-328
43	0.0042	-2	142	-11
44	0.0043	-290	36	6
45	0.0044	114	257	-8
46	0.0045	70	69	44
47	0.0046	-7	-88	-156
48	0.0047	54	-92	-135
49	0.0048	-134	-27	30
50	0.0049	-111	-36	229
51	0.0050	505	227	-464
52	0.0051	-327	-416	106
53	0.0052	223	148	11
54	0.0053	-138	22	-192
55	0.0054	-457	-178	515
56	0.0055	-175	-31	66
57	0.0056	109	321	-233
58	0.0057	-246	-270	-8
59	0.0058	-547	9	692
60	0.0059	430	491	-529
61	0.0060	62	-307	31
62	0.0061	-8	48	-190
63	0.0062	203	304	99
64	0.0063	-420	-287	153
65	0.0064	19	-147	-28
66	0.0065	110	282	-105
67	0.0066	-187	-6	62
68	0.0067	-158	-24	101
69	0.0068	-117	279	76
70	0.0069	-68	-123	-4
71	0.0070	-119	-408	-110
72	0.0071	370	181	-250
73	0.0072	-98	-145	-153
74	0.0073	-596	152	500
75	0.0074	270	623	-238
76	0.0075	32	-78	105
77	0.0076	82	-560	-143
78	0.0077	501	-173	-254
79	0.0078	201	242	-424
80	0.0079	-155	45	-153
81	0.0080	-735	180	664
82	0.0081	-229	211	151
83	0.0082	-276	-344	82
84	0.0083	246	-112	-72
85	0.0084	270	181	-418
86	0.0085	-205	220	-362
87	0.0086	-739	124	558
88	0.0087	74	74	465
89	0.0088	476	37	-389
90	0.0089	199	69	-234
91	0.0090	-208	-208	177
92	0.0091	336	545	-368
93	0.0092	-286	-169	121
94	0.0093	-100	-155	-96
95	0.0094	392	373	-188
96	0.0095	-245	-44	292
97	0.0096	-153	-387	191
98	0.0097	-25	116	-117
99	0.0098	130	216	-388
100	0.0099	-408	-153	33

电流增量数据 [1000Hz, 10点]
采样序号	时间(s)	A相电流(INT)	B相电流(INT)	C相电流(INT)
1	0.000	-525	3083	-170
2	0.001	517	2072	-906
3	0.002	733	928	-1173
4	0.003	1350	619	-610
5	0.004	531	-251	-61
6	0.005	904	-526	-237
7	0.006	496	-1566	661
8	0.007	-987	1405	1811
9	0.008	-1820	2255	1259
10	0.009	-1863	2234	-183
================================================================================

=== 采集时间: 2025-12-16 11:03:41 (增量周期: 10.0ms) ===
振动增量数据 [等效10000Hz, 100点]
时序序号	时间(s)	X振动(INT)	Y振动(INT)	Z振动(INT)
1	0.0000	-24	-24	-248
2	0.0001	97	245	-77
3	0.0002	-27	73	176
4	0.0003	124	97	-191
5	0.0004	113	303	27
6	0.0005	-207	-200	90
7	0.0006	-126	-51	-160
8	0.0007	-139	159	240
9	0.0008	-93	-112	-38
10	0.0009	-134	10	49
11	0.0010	-62	109	249
12	0.0011	198	201	-486
13	0.0012	227	-102	-273
14	0.0013	167	107	121
15	0.0014	138	249	-417
16	0.0015	-66	-119	142
17	0.0016	-354	61	183
18	0.0017	-373	-36	240
19	0.0018	-3	-119	-49
20	0.0019	-3	-280	-94
21	0.0020	317	165	-244
22	0.0021	-136	-55	-55
23	0.0022	-251	296	52
24	0.0023	-148	364	327
25	0.0024	-400	-285	109
26	0.0025	87	-515	-98
27	0.0026	331	253	-531
28	0.0027	31	246	-216
29	0.0028	-695	-139	375
30	0.0029	19	555	-25
31	0.0030	-87	-328	176
32	0.0031	313	-221	32
33	0.0032	301	212	-586
34	0.0033	-96	-145	-63
35	0.0034	-677	77	491
36	0.0035	-294	215	-12
37	0.0036	298	15	-54
38	0.0037	190	-343	-308
39	0.0038	-45	73	-10
40	0.0039	-756	-153	794
41	0.0040	101	190	-599
42	0.0041	-138	590	-160
43	0.0042	-358	-199	437
44	0.0043	-161	-66	183
45	0.0044	330	416	-243
46	0.0045	84	-426	199
47	0.0046	-238	-59	-139
48	0.0047	193	326	-204
49	0.0048	-62	131	6
50	0.0049	-516	-405	280
51	0.0050	554	403	-88
52	0.0051	-391	-297	19
53	0.0052	-249	-127	57
54	0.0053	-76	282	-191
55	0.0054	-222	-37	11
56	0.0055	285	6	-61
57	0.0056	-182	330	26
58	0.0057	164	-123	116
59	0.0058	-758	-523	247
60	0.0059	325	327	-234
61	0.0060	267	-129	-109
62	0.0061	-292	-178	142
63	0.0062	-68	-29	49
64	0.0063	-54	9	-2
65	0.0064	-303	5	-93
66	0.0065	-130	-76	191
67	0.0066	-96	312	-109
68	0.0067	53	-260	-145
69	0.0068	15	-68	182
70	0.0069	169	344	-324
71	0.0070	176	65	-435
72	0.0071	-400	-271	324
73	0.0072	191	44	7
74	0.0073	-200	-186	-201
75	0.0074	31	-59	195
76	0.0075	-258	-221	-40
77	0.0076	7	344	-134
78	0.0077	-170	-168	60
79	0.0078	-173	116	2
80	0.0079	305	250	-158
81	0.0080	-175	-322	44
82	0.0081	160	278	-134
83	0.0082	73	-129	-98
84	0.0083	-427	97	156
85	0.0084	54	-238	19
86	0.0085	66	197	-101
87	0.0086	20	-297	-132
88	0.0087	-219	74	151
89	0.0088	-188	286	-19
90	0.0089	-15	18	-10
91	0.0090	-348	15	96
92	0.0091	355	185	-149
93	0.0092	-49	-62	-233
94	0.0093	-319	-24	554
95	0.0094	-76	56	120
96	0.0095	73	138	-521
97	0.0096	-296	-101	363
98	0.0097	-32	3	-96
99	0.0098	308	254	-280
100	0.0099	-207	-287	336

电流增量数据 [1000Hz, 10点]
采样序号	时间(s)	A相电流(INT)	B相电流(INT)	C相电流(INT)
1	0.000	-623	606	627
2	0.001	-598	1696	289
3	0.002	-505	165	-203
4	0.003	-168	404	-552
5	0.004	308	253	-567
6	0.005	651	2356	-218
7	0.006	712	768	-60
8	0.007	634	192	483
9	0.008	39	657	291
10	0.009	-159	-518	761
================================================================================

=== 采集时间: 2025-12-16 11:03:41 (增量周期: 10.0ms) ===
振动增量数据 [等效10000Hz, 100点]
时序序号	时间(s)	X振动(INT)	Y振动(INT)	Z振动(INT)
1	0.0000	-268	3	362
2	0.0001	378	313	-254
3	0.0002	-34	24	67
4	0.0003	-337	-102	456
5	0.0004	284	206	-462
6	0.0005	-93	-95	-165
7	0.0006	-61	-71	7
8	0.0007	-207	54	40
9	0.0008	224	167	28
10	0.0009	-574	-492	296
11	0.0010	308	270	-235
12	0.0011	103	1	-251
13	0.0012	-229	-46	-122
14	0.0013	221	244	-4
15	0.0014	-361	69	140
16	0.0015	-27	-332	103
17	0.0016	-127	-57	-17
18	0.0017	140	148	-220
19	0.0018	-213	-178	135
20	0.0019	-314	165	18
21	0.0020	259	70	-92
22	0.0021	-362	-190	87
23	0.0022	253	75	-161
24	0.0023	54	236	33
25	0.0024	-226	-105	-204
26	0.0025	95	126	32
27	0.0026	-254	-193	48
28	0.0027	295	30	-298
29	0.0028	-418	-105	279
30	0.0029	-19	197	-21
31	0.0030	-132	-48	-59
32	0.0031	-251	-3	142
33	0.0032	219	45	18
34	0.0033	18	-42	-319
35	0.0034	203	220	-218
36	0.0035	-241	-136	326
37	0.0036	-131	415	-44
38	0.0037	5	-226	83
39	0.0038	-157	-53	-17
40	0.0039	221	9	-157
41	0.0040	-182	111	-11
42	0.0041	-127	64	101
43	0.0042	45	181	-165
44	0.0043	-15	79	-141
45	0.0044	-41	-217	229
46	0.0045	-11	74	-94
47	0.0046	161	75	-66
48	0.0047	-329	-292	130
49	0.0048	-47	173	-74
50	0.0049	-144	181	-4
51	0.0050	-289	-198	41
52	0.0051	-91	269	374
53	0.0052	225	-61	-484
54	0.0053	92	133	-221
55	0.0054	-152	-208	272
56	0.0055	224	412	-162
57	0.0056	-19	-187	-143
58	0.0057	-42	19	-7
59	0.0058	-24	222	180
60	0.0059	-188	-225	-61
61	0.0060	-252	-328	84
62	0.0061	-10	137	11
63	0.0062	-40	295	-84
64	0.0063	-186	-136	60
65	0.0064	62	202	-34
66	0.0065	-27	120	-32
67	0.0066	-168	-112	170
68	0.0067	77	-142	13
69	0.0068	19	262	-144
70	0.0069	-230	28	58
71	0.0070	-47	-27	7
72	0.0071	233	44	-188
73	0.0072	-194	-323	78
74	0.0073	45	113	-126
75	0.0074	-369	112	138
76	0.0075	-296	250	185
77	0.0076	-183	27	322
78	0.0077	-187	-106	-145
79	0.0078	353	-300	-241
80	0.0079	279	282	-815
81	0.0080	-128	169	339
82	0.0081	-486	283	341
83	0.0082	91	22	20
84	0.0083	-92	-418	3
85	0.0084	339	-2	-285
86	0.0085	-182	-28	54
87	0.0086	-564	54	200
88	0.0087	-315	222	27
89	0.0088	446	190	-398
90	0.0089	-177	-179	199
91	0.0090	236	205	32
92	0.0091	-20	-36	-106
93	0.0092	-94	2	-34
94	0.0093	-91	131	-153
95	0.0094	-61	164	-6
96	0.0095	-204	-78	290
97	0.0096	-173	-7	75
98	0.0097	352	-134	-118
99	0.0098	-157	-87	-148
100	0.0099	53	312	-105

电流增量数据 [1000Hz, 10点]
采样序号	时间(s)	A相电流(INT)	B相电流(INT)	C相电流(INT)
1	0.000	85	2199	791
2	0.001	-247	414	588
3	0.002	-773	1205	618
4	0.003	-732	874	635
5	0.004	-954	1487	276
6	0.005	-292	777	-613
7	0.006	446	169	-962
8	0.007	1383	768	-475
9	0.008	1227	-268	101
10	0.009	859	-65	313
================================================================================

=== 采集时间: 2025-12-16 11:03:42 (增量周期: 10.0ms) ===
振动增量数据 [等效10000Hz, 100点]
时序序号	时间(s)	X振动(INT)	Y振动(INT)	Z振动(INT)
1	0.0000	6	50	-11
2	0.0001	-127	50	-207
3	0.0002	165	-65	65
4	0.0003	36	23	-34
5	0.0004	-144	125	-254
6	0.0005	-164	-209	367
7	0.0006	-109	97	-239
8	0.0007	275	53	-208
9	0.0008	-268	15	100
10	0.0009	-34	-112	150
11	0.0010	-27	83	-11
12	0.0011	-344	-78	113
13	0.0012	37	-215	-141
14	0.0013	-75	-14	-38
15	0.0014	78	116	61
16	0.0015	-255	-153	40
17	0.0016	31	479	-46
18	0.0017	-194	-109	97
19	0.0018	-169	-123	-72
20	0.0019	328	258	-267
21	0.0020	-172	-34	176
22	0.0021	-3	45	-75
23	0.0022	-122	57	41
24	0.0023	-66	111	126
25	0.0024	-7	-33	-136
26	0.0025	-27	137	23
27	0.0026	91	-102	-19
28	0.0027	-28	80	9
29	0.0028	22	77	-161
30	0.0029	-301	-70	134
31	0.0030	-297	6	186
32	0.0031	395	279	-307
33	0.0032	-266	-206	78
34	0.0033	52	-10	140
35	0.0034	134	306	-251
36	0.0035	-187	-75	86
37	0.0036	-119	117	294
38	0.0037	66	88	-152
39	0.0038	48	56	-72
40	0.0039	-363	-254	183
41	0.0040	134	182	-67
42	0.0041	-42	-49	-143
43	0.0042	-232	39	90
44	0.0043	150	197	-156
45	0.0044	-67	50	10
46	0.0045	-158	-70	110
47	0.0046	73	96	-62
48	0.0047	78	199	-311
49	0.0048	-286	-300	208
50	0.0049	-215	111	75
51	0.0050	52	6	-203
52	0.0051	5	3	-40
53	0.0052	-282	-29	161
54	0.0053	-21	-95	-110
55	0.0054	-165	-40	73
56	0.0055	-135	87	28
57	0.0056	-192	86	-76
58	0.0057	-54	176	126
59	0.0058	6	-165	40
60	0.0059	-242	-88	206
61	0.0060	-192	-273	300
62	0.0061	285	155	-723
63	0.0062	-100	164	191
64	0.0063	63	296	-199
65	0.0064	40	131	60
66	0.0065	-232	-127	228
67	0.0066	338	-115	-353
68	0.0067	-229	-293	-27
69	0.0068	101	116	-40
70	0.0069	-251	299	6
71	0.0070	-309	241	96
72	0.0071	-279	-138	283
73	0.0072	154	-88	-157
74	0.0073	460	223	-462
75	0.0074	-376	-233	146
76	0.0075	-225	124	113
77	0.0076	126	300	-40
78	0.0077	-384	-258	580
79	0.0078	5	83	200
80	0.0079	287	402	-514
81	0.0080	-57	-50	-2
82	0.0081	-164	96	15
83	0.0082	107	406	-63
84	0.0083	-156	-153	95
85	0.0084	27	-7	-55
86	0.0085	172	50	-164
87	0.0086	-263	-388	40
88	0.0087	-367	10	16
89	0.0088	-111	338	284
90	0.0089	-94	5	-214
91	0.0090	-508	-356	382
92	0.0091	339	364	-55
93	0.0092	138	120	-181
94	0.0093	-250	-255	83
95	0.0094	167	195	-169
96	0.0095	10	335	-101
97	0.0096	-297	-271	194
98	0.0097	57	50	-64
99	0.0098	120	79	-126
100	0.0099	-379	-306	65

电流增量数据 [1000Hz, 10点]
采样序号	时间(s)	A相电流(INT)	B相电流(INT)	C相电流(INT)
1	0.000	-894	1093	174
2	0.001	-250	2102	-493
3	0.002	49	962	-496
4	0.003	441	970	-559
5	0.004	720	-344	-600
6	0.005	902	-435	-569
7	0.006	333	596	641
8	0.007	-364	310	1052
9	0.008	-447	610	897
10	0.009	-1937	-578	482
================================================================================

=== 采集时间: 2025-12-16 11:03:42 (增量周期: 10.0ms) ===
振动增量数据 [等效10000Hz, 100点]
时序序号	时间(s)	X振动(INT)	Y振动(INT)	Z振动(INT)
1	0.0000	-507	-112	-21
2	0.0001	-96	75	383
3	0.0002	-108	52	-118
4	0.0003	150	60	-246
5	0.0004	9	-80	161
6	0.0005	-299	-46	-14
7	0.0006	412	185	-204
8	0.0007	-339	75	112
9	0.0008	66	146	155
10	0.0009	-58	-84	48
11	0.0010	-246	-55	41
12	0.0011	169	-93	157
13	0.0012	-340	65	-105
14	0.0013	477	219	-362
15	0.0014	-196	-44	60
16	0.0015	-17	172	-207
17	0.0016	-418	-420	752
18	0.0017	-322	18	79
19	0.0018	546	463	-535
20	0.0019	-623	-313	303
21	0.0020	249	130	-255
22	0.0021	56	195	-24
23	0.0022	-118	3	3
24	0.0023	334	-138	16
25	0.0024	-50	163	-140
26	0.0025	178	-132	11
27	0.0026	-440	-323	63
28	0.0027	267	351	-166
29	0.0028	-34	-32	-50
30	0.0029	-430	39	113
31	0.0030	305	165	48
32	0.0031	-281	118	-165
33	0.0032	13	-219	6
34	0.0033	-239	37	219
35	0.0034	127	289	-128
36	0.0035	7	-147	-184
37	0.0036	-484	90	300
38	0.0037	326	278	-84
39	0.0038	-326	-285	19
40	0.0039	161	-71	-111
41	0.0040	-216	3	399
42	0.0041	-44	269	-278
43	0.0042	249	169	-152
44	0.0043	-156	39	-267
45	0.0044	93	90	155
46	0.0045	-91	-297	223
47	0.0046	172	445	-447
48	0.0047	-74	-279	96
49	0.0048	-534	-194	157
50	0.0049	279	232	-21
51	0.0050	245	254	-109
52	0.0051	-182	-10	104
53	0.0052	-81	-164	-109
54	0.0053	-104	107	0
55	0.0054	-61	-127	10
56	0.0055	-323	-122	-6
57	0.0056	-119	104	99
58	0.0057	19	142	-181
59	0.0058	-215	2	2
60	0.0059	83	49	83
61	0.0060	-152	-54	-107
62	0.0061	-87	-58	61
63	0.0062	33	-72	-192
64	0.0063	-148	53	161
65	0.0064	-57	108	113
66	0.0065	-141	33	-71
67	0.0066	-170	-24	86
68	0.0067	-49	-182	88
69	0.0068	161	167	-214
70	0.0069	135	14	-252
71	0.0070	-865	-212	438
72	0.0071	-307	199	606
73	0.0072	279	305	-439
74	0.0073	73	-179	-183
75	0.0074	-203	-396	237
76	0.0075	173	361	-340
77	0.0076	125	284	-256
78	0.0077	-567	-238	605
79	0.0078	-147	177	-31
80	0.0079	315	-88	-290
81	0.0080	-148	-353	-124
82	0.0081	-100	215	131
83	0.0082	-373	107	-66
84	0.0083	-209	23	148
85	0.0084	-79	-147	41
86	0.0085	370	105	-91
87	0.0086	-246	-216	-70
88	0.0087	-151	-42	-21
89	0.0088	48	263	-76
90	0.0089	-170	-59	-55
91	0.0090	-307	-6	350
92	0.0091	274	306	-195
93	0.0092	53	-215	-55
94	0.0093	-173	-157	23
95	0.0094	2	28	-123
96	0.0095	-126	249	-44
97	0.0096	-158	61	168
98	0.0097	56	-102	-164
99	0.0098	-100	164	-4
100	0.0099	-534	-583	696

电流增量数据 [1000Hz, 10点]
采样序号	时间(s)	A相电流(INT)	B相电流(INT)	C相电流(INT)
1	0.000	1471	-1153	-2505
2	0.001	2664	-274	-1683
3	0.002	1666	-1861	-370
4	0.003	566	640	-310
5	0.004	375	-13	-810
6	0.005	598	415	-389
7	0.006	1066	-484	-44
8	0.007	-92	-1761	858
9	0.008	-176	-2100	1644
10	0.009	-1113	-406	1069
================================================================================

=== 采集时间: 2025-12-16 11:03:42 (增量周期: 10.0ms) ===
振动增量数据 [等效10000Hz, 100点]
时序序号	时间(s)	X振动(INT)	Y振动(INT)	Z振动(INT)
1	0.0000	-632	-204	302
2	0.0001	-32	-14	83
3	0.0002	156	449	-320
4	0.0003	-277	-378	123
5	0.0004	-91	-54	86
6	0.0005	155	498	-316
7	0.0006	-71	-123	63
8	0.0007	-254	-226	-46
9	0.0008	453	449	-244
10	0.0009	-256	-195	180
11	0.0010	-324	-234	309
12	0.0011	221	343	-370
13	0.0012	-310	-228	169
14	0.0013	26	-177	56
15	0.0014	90	261	-186
16	0.0015	103	10	-10
17	0.0016	-203	-254	50
18	0.0017	475	364	-261
19	0.0018	-115	73	-372
20	0.0019	-503	-183	798
21	0.0020	40	78	-374
22	0.0021	-168	-93	76
23	0.0022	-331	-172	-24
24	0.0023	-175	159	160
25	0.0024	11	271	-88
26	0.0025	58	-156	-111
27	0.0026	124	24	6
28	0.0027	339	32	-107
29	0.0028	-149	-106	-38
30	0.0029	-110	-95	138
31	0.0030	101	151	-233
32	0.0031	-416	-17	219
33	0.0032	-96	-66	159
34	0.0033	28	248	-345
35	0.0034	50	44	-72
36	0.0035	-256	-198	213
37	0.0036	-75	295	-8
38	0.0037	83	236	36
39	0.0038	-352	-37	106
40	0.0039	77	5	-64
41	0.0040	-12	-46	-40
42	0.0041	113	190	-89
43	0.0042	-58	-105	284
44	0.0043	284	279	-473
45	0.0044	300	310	-278
46	0.0045	-452	-330	648
47	0.0046	387	288	-944
48	0.0047	9	39	223
49	0.0048	-258	-311	350
50	0.0049	152	-33	-456
51	0.0050	-31	198	40
52	0.0051	-202	-72	150
53	0.0052	-149	-232	-119
54	0.0053	95	274	136
55	0.0054	138	-80	-349
56	0.0055	-44	-216	-157
57	0.0056	-64	249	127
58	0.0057	-328	-98	267
59	0.0058	-153	-126	30
60	0.0059	-58	-270	-75
61	0.0060	18	78	-121
62	0.0061	272	32	-207
63	0.0062	-181	-162	16
64	0.0063	-61	303	-62
65	0.0064	-211	150	177
66	0.0065	-207	16	50
67	0.0066	49	128	92
68	0.0067	159	-412	-257
69	0.0068	147	159	-212
70	0.0069	-51	105	133
71	0.0070	-205	414	-36
72	0.0071	-175	-16	-51
73	0.0072	5	-76	233
74	0.0073	496	263	-911
75	0.0074	-310	-558	547
76	0.0075	-157	69	60
77	0.0076	-27	420	-308
78	0.0077	-94	-132	69
79	0.0078	-215	-224	-28
80	0.0079	459	389	-130
81	0.0080	-379	-207	101
82	0.0081	23	-164	0
83	0.0082	70	472	-220
84	0.0083	-286	-40	95
85	0.0084	2	14	152
86	0.0085	5	403	-85
87	0.0086	306	-228	127
88	0.0087	-426	-216	30
89	0.0088	403	377	-260
90	0.0089	-19	113	157
91	0.0090	-707	-324	400
92	0.0091	375	393	-85
93	0.0092	-311	64	-124
94	0.0093	-96	-454	307
95	0.0094	65	280	-118
96	0.0095	2	95	-255
97	0.0096	-83	-46	71
98	0.0097	-269	175	127
99	0.0098	757	223	-222
100	0.0099	-575	-536	99

电流增量数据 [1000Hz, 10点]
采样序号	时间(s)	A相电流(INT)	B相电流(INT)	C相电流(INT)
1	0.000	292	-1349	2682
2	0.001	-1304	-1733	1360
3	0.002	-70	405	793
4	0.003	55	-594	576
5	0.004	-639	1107	488
6	0.005	-610	292	222
7	0.006	-973	14	299
8	0.007	-1136	864	154
9	0.008	-105	955	-792
10	0.009	623	2943	-708
================================================================================

=== 采集时间: 2025-12-16 11:03:43 (增量周期: 10.0ms) ===
振动增量数据 [等效10000Hz, 100点]
时序序号	时间(s)	X振动(INT)	Y振动(INT)	Z振动(INT)
1	0.0000	-273	-54	-200
2	0.0001	13	148	211
3	0.0002	159	-45	-209
4	0.0003	-51	306	-363
5	0.0004	-373	-473	666
6	0.0005	-119	150	-154
7	0.0006	426	424	-577
8	0.0007	-426	-349	300
9	0.0008	-34	23	210
10	0.0009	251	253	-371
11	0.0010	-205	-97	-17
12	0.0011	-212	-287	127
13	0.0012	104	386	3
14	0.0013	6	-127	-139
15	0.0014	-468	-370	410
16	0.0015	215	481	-115
17	0.0016	161	175	-273
18	0.0017	-498	-388	174
19	0.0018	-36	378	92
20	0.0019	112	189	-156
21	0.0020	-115	-245	-58
22	0.0021	177	261	-161
23	0.0022	60	138	43
24	0.0023	-252	-277	44
25	0.0024	22	-10	97
26	0.0025	-80	143	78
27	0.0026	288	152	-552
28	0.0027	-484	-102	644
29	0.0028	-98	201	191
30	0.0029	480	318	-663
31	0.0030	-410	-499	718
32	0.0031	552	334	-628
33	0.0032	172	19	-169
34	0.0033	-397	-131	434
35	0.0034	-3	135	-114
36	0.0035	-123	-28	-74
37	0.0036	-374	-117	446
38	0.0037	-27	-139	-276
39	0.0038	283	305	-558
40	0.0039	-340	-396	378
41	0.0040	114	373	-178
42	0.0041	165	604	-37
43	0.0042	-260	-447	104
44	0.0043	266	172	-213
45	0.0044	270	250	-267
46	0.0045	-326	-165	208
47	0.0046	-587	-249	52
48	0.0047	392	613	-126
49	0.0048	-376	-362	322
50	0.0049	-153	-155	-97
51	0.0050	644	592	-336
52	0.0051	-583	-243	279
53	0.0052	79	-153	-77
54	0.0053	-94	236	-92
55	0.0054	327	15	-327
56	0.0055	-854	-203	810
57	0.0056	6	258	159
58	0.0057	385	266	-391
59	0.0058	-520	-430	127
60	0.0059	562	432	-178
61	0.0060	-66	279	-76
62	0.0061	86	239	-2
63	0.0062	-393	-149	-11
64	0.0063	71	-113	113
65	0.0064	250	295	-252
66	0.0065	-2	-330	95
67	0.0066	107	-40	-100
68	0.0067	-288	33	-140
69	0.0068	-267	-78	335
70	0.0069	-58	-161	-294
71	0.0070	317	245	-288
72	0.0071	-275	-212	352
73	0.0072	-190	57	26
74	0.0073	251	256	-113
75	0.0074	-211	-45	54
76	0.0075	-19	-187	-190
77	0.0076	57	219	67
78	0.0077	-203	150	70
79	0.0078	-367	-306	250
80	0.0079	22	202	-106
81	0.0080	-23	-178	-136
82	0.0081	-186	118	185
83	0.0082	330	-8	-282
84	0.0083	113	253	-314
85	0.0084	-536	-490	587
86	0.0085	-28	18	-121
87	0.0086	126	497	-366
88	0.0087	-378	-362	323
89	0.0088	44	52	-243
90	0.0089	137	476	26
91	0.0090	-102	-117	-34
92	0.0091	-32	61	-85
93	0.0092	351	310	-307
94	0.0093	-269	64	307
95	0.0094	92	-23	-192
96	0.0095	43	-27	-191
97	0.0096	-79	-157	202
98	0.0097	104	-4	-188
99	0.0098	48	361	-80
100	0.0099	-336	-254	148

电流增量数据 [1000Hz, 10点]
采样序号	时间(s)	A相电流(INT)	B相电流(INT)	C相电流(INT)
1	0.000	-95	579	-597
2	0.001	293	1469	-354
3	0.002	670	-532	-563
4	0.003	720	-1102	-283
5	0.004	1468	-1368	-73
6	0.005	110	365	768
7	0.006	-161	1599	982
8	0.007	-673	-147	863
9	0.008	-1038	2500	635
10	0.009	-487	101	-35
================================================================================

=== 采集时间: 2025-12-16 11:03:43 (增量周期: 10.0ms) ===
振动增量数据 [等效10000Hz, 100点]
时序序号	时间(s)	X振动(INT)	Y振动(INT)	Z振动(INT)
1	0.0000	-178	86	121
2	0.0001	86	77	250
3	0.0002	-68	-45	-314
4	0.0003	-138	-144	136
5	0.0004	23	163	62
6	0.0005	45	250	-310
7	0.0006	-215	-75	309
8	0.0007	-42	167	104
9	0.0008	267	61	2
10	0.0009	-158	-65	-81
11	0.0010	80	-61	-131
12	0.0011	-117	58	-14
13	0.0012	-155	79	67
14	0.0013	-179	9	298
15	0.0014	97	286	-128
16	0.0015	70	-108	-63
17	0.0016	-94	-199	80
18	0.0017	187	263	-200
19	0.0018	69	194	-157
20	0.0019	-362	-290	207
21	0.0020	279	150	-54
22	0.0021	37	-2	-50
23	0.0022	-198	-63	212
24	0.0023	-66	64	-197
25	0.0024	-58	155	-88
26	0.0025	-28	-119	-38
27	0.0026	-162	120	127
28	0.0027	103	35	24
29	0.0028	-110	-209	-81
30	0.0029	-141	131	393
31	0.0030	234	74	-426
32	0.0031	-102	66	-88
33	0.0032	-59	-296	234
34	0.0033	276	316	-307
35	0.0034	-62	-109	-6
36	0.0035	-335	-161	276
37	0.0036	-67	148	-109
38	0.0037	-10	22	-118
39	0.0038	-123	-44	-50
40	0.0039	37	-45	53
41	0.0040	-49	240	-197
42	0.0041	-172	-48	131
43	0.0042	-230	3	213
44	0.0043	23	78	-71
45	0.0044	-11	-12	6
46	0.0045	-134	-156	-93
47	0.0046	338	274	-238
48	0.0047	-399	-186	20
49	0.0048	-305	-27	420
50	0.0049	40	215	20
51	0.0050	-284	-50	515
52	0.0051	-100	35	-276
53	0.0052	229	416	-93
54	0.0053	-64	-54	49
55	0.0054	43	-57	-188
56	0.0055	147	286	-83
57	0.0056	-31	31	182
58	0.0057	-12	31	-460
59	0.0058	-213	-95	421
60	0.0059	15	27	-226
61	0.0060	-87	-195	-169
62	0.0061	-290	-19	366
63	0.0062	-145	-85	-64
64	0.0063	-67	165	-192
65	0.0064	-27	71	150
66	0.0065	-108	53	108
67	0.0066	58	-21	-211
68	0.0067	14	37	-2
69	0.0068	18	-31	9
70	0.0069	-16	70	-156
71	0.0070	-123	9	-49
72	0.0071	-115	-4	199
73	0.0072	-34	-134	-94
74	0.0073	140	40	-431
75	0.0074	-125	-15	123
76	0.0075	-53	31	61
77	0.0076	-88	60	-34
78	0.0077	-123	-57	152
79	0.0078	-15	-4	6
80	0.0079	-250	-294	152
81	0.0080	121	-78	-179
82	0.0081	-161	-10	-87
83	0.0082	-391	135	438
84	0.0083	180	180	-327
85	0.0084	-636	-42	615
86	0.0085	197	180	-34
87	0.0086	398	-100	-670
88	0.0087	164	-36	-71
89	0.0088	108	389	-106
90	0.0089	-246	338	-40
91	0.0090	-269	-98	577
92	0.0091	227	139	-344
93	0.0092	201	-153	-207
94	0.0093	-74	-196	39
95	0.0094	-306	84	35
96	0.0095	2	390	-110
97	0.0096	-186	-212	60
98	0.0097	-110	-10	170
99	0.0098	426	320	-201
100	0.0099	-178	-319	-277

电流增量数据 [1000Hz, 10点]
采样序号	时间(s)	A相电流(INT)	B相电流(INT)	C相电流(INT)
1	0.000	-816	946	-893
2	0.001	255	828	-1879
3	0.002	2164	380	-2109
4	0.003	1269	-2139	-515
5	0.004	459	332	-247
6	0.005	569	629	-555
7	0.006	490	1215	-487
8	0.007	860	-1518	104
9	0.008	1176	-2025	621
10	0.009	-152	-1426	1353
================================================================================

=== 采集时间: 2025-12-16 11:03:44 (增量周期: 10.0ms) ===
振动增量数据 [等效10000Hz, 100点]
时序序号	时间(s)	X振动(INT)	Y振动(INT)	Z振动(INT)
1	0.0000	186	314	-243
2	0.0001	6	-51	65
3	0.0002	-545	-262	301
4	0.0003	323	424	-289
5	0.0004	-297	-24	48
6	0.0005	-232	-33	200
7	0.0006	172	189	-83
8	0.0007	-168	9	-8
9	0.0008	117	-223	-115
10	0.0009	18	272	-28
11	0.0010	-232	-189	161
12	0.0011	-55	-88	16
13	0.0012	267	501	-414
14	0.0013	82	69	-15
15	0.0014	-486	-404	279
16	0.0015	357	343	-57
17	0.0016	-50	45	-109
18	0.0017	-134	-251	-32
19	0.0018	54	190	151
20	0.0019	322	441	-711
21	0.0020	-235	-432	271
22	0.0021	-366	-442	601
23	0.0022	648	647	-841
24	0.0023	-185	-425	-34
25	0.0024	-374	-65	189
26	0.0025	75	267	46
27	0.0026	-370	-106	83
28	0.0027	-63	-289	174
29	0.0028	52	53	-151
30	0.0029	-117	130	-38
31	0.0030	-54	-203	-50
32	0.0031	23	585	-156
33	0.0032	-36	-79	245
34	0.0033	-216	-529	86
35	0.0034	453	203	-488
36	0.0035	-104	-51	35
37	0.0036	-320	-51	40
38	0.0037	-246	227	62
39	0.0038	-302	246	133
40	0.0039	-10	-292	-79
41	0.0040	-430	-293	318
42	0.0041	28	114	-24
43	0.0042	343	112	-297
44	0.0043	-61	-208	-109
45	0.0044	-544	9	294
46	0.0045	216	291	-50
47	0.0046	-111	133	-402
48	0.0047	-576	-412	937
49	0.0048	248	65	-372
50	0.0049	70	23	-374
51	0.0050	-66	173	33
52	0.0051	-158	224	-119
53	0.0052	-217	148	166
54	0.0053	88	94	208
55	0.0054	113	18	-252
56	0.0055	323	-17	-107
57	0.0056	-232	-23	-55
58	0.0057	-98	103	-66
59	0.0058	-63	266	11
60	0.0059	-520	-216	409
61	0.0060	240	-24	-66
62	0.0061	15	19	-124
63	0.0062	-46	-130	90
64	0.0063	-58	211	-208
65	0.0064	-306	-11	95
66	0.0065	-85	154	253
67	0.0066	66	-7	-94
68	0.0067	430	-48	-29
69	0.0068	-177	-135	-77
70	0.0069	44	291	-144
71	0.0070	-296	78	238
72	0.0071	-186	-117	-62
73	0.0072	155	62	-88
74	0.0073	40	70	153
75	0.0074	134	84	-503
76	0.0075	-426	-259	425
77	0.0076	93	111	-100
78	0.0077	99	131	-192
79	0.0078	-250	-98	-2
80	0.0079	-12	-3	216
81	0.0080	-33	300	-57
82	0.0081	-132	-232	281
83	0.0082	-170	-254	-10
84	0.0083	319	297	-367
85	0.0084	20	15	-4
86	0.0085	-298	-71	160
87	0.0086	225	313	-97
88	0.0087	-252	-89	75
89	0.0088	-64	-189	99
90	0.0089	114	52	-314
91	0.0090	62	265	-250
92	0.0091	-348	-162	413
93	0.0092	-222	-21	74
94	0.0093	272	215	-205
95	0.0094	-374	-394	226
96	0.0095	73	150	-42
97	0.0096	96	198	-178
98	0.0097	-230	2	99
99	0.0098	50	-48	-27
100	0.0099	-58	151	14

电流增量数据 [1000Hz, 10点]
采样序号	时间(s)	A相电流(INT)	B相电流(INT)	C相电流(INT)
1	0.000	550	-343	-77
2	0.001	130	752	872
3	0.002	-627	-1416	953
4	0.003	-1337	-455	1012
5	0.004	-1474	135	1314
6	0.005	-1289	3499	203
7	0.006	96	2218	-910
8	0.007	930	889	-852
9	0.008	1171	769	-77
10	0.009	558	-520	90
================================================================================

=== 采集时间: 2025-12-16 11:03:44 (增量周期: 10.0ms) ===
振动增量数据 [等效10000Hz, 100点]
时序序号	时间(s)	X振动(INT)	Y振动(INT)	Z振动(INT)
1	0.0000	378	370	-513
2	0.0001	131	36	-445
3	0.0002	-136	-176	403
4	0.0003	220	313	-349
5	0.0004	-114	-48	143
6	0.0005	-246	-304	280
7	0.0006	-20	56	-147
8	0.0007	-149	-71	44
9	0.0008	-175	-109	-45
10	0.0009	-139	252	240
11	0.0010	121	-33	-381
12	0.0011	-215	-91	-8
13	0.0012	-68	75	243
14	0.0013	124	146	-205
15	0.0014	-241	-147	-79
16	0.0015	-217	91	78
17	0.0016	15	198	-158
18	0.0017	-230	-123	41
19	0.0018	3	35	90
20	0.0019	6	131	-80
21	0.0020	-175	-181	229
22	0.0021	-84	239	69
23	0.0022	-115	54	-29
24	0.0023	-195	-55	27
25	0.0024	50	160	-40
26	0.0025	245	177	-123
27	0.0026	139	-181	-248
28	0.0027	-333	229	99
29	0.0028	0	67	401
30	0.0029	-187	-447	-342
31	0.0030	131	-11	-47
32	0.0031	137	22	-111
33	0.0032	-182	-330	-45
34	0.0033	-311	357	444
35	0.0034	19	112	-131
36	0.0035	-14	-85	-222
37	0.0036	-106	-95	150
38	0.0037	157	353	-81
39	0.0038	-78	-102	-182
40	0.0039	-88	126	140
41	0.0040	-131	312	99
42	0.0041	-138	-178	198
43	0.0042	127	-33	-246
44	0.0043	151	121	-45
45	0.0044	41	2	-77
46	0.0045	-273	-129	19
47	0.0046	-47	20	58
48	0.0047	-19	-8	-29
49	0.0048	112	-11	-271
50	0.0049	-157	40	266
51	0.0050	-255	1	165
52	0.0051	186	33	-134
53	0.0052	-366	-14	-61
54	0.0053	-145	1	221
55	0.0054	-92	263	125
56	0.0055	319	497	-640
57	0.0056	-68	-238	388
58	0.0057	6	-106	32
59	0.0058	501	487	-641
60	0.0059	-611	-441	349
61	0.0060	159	-70	344
62	0.0061	-138	58	-178
63	0.0062	-20	-29	-217
64	0.0063	-160	-245	383
65	0.0064	-172	-97	-177
66	0.0065	515	30	-298
67	0.0066	-547	-178	173
68	0.0067	227	485	-139
69	0.0068	-188	13	60
70	0.0069	-344	-149	-47
71	0.0070	352	61	-224
72	0.0071	-80	181	-93
73	0.0072	65	11	35
74	0.0073	-444	-119	52
75	0.0074	336	314	-173
76	0.0075	35	-216	-153
77	0.0076	-361	-245	233
78	0.0077	229	151	113
79	0.0078	-208	118	-139
80	0.0079	-47	-17	142
81	0.0080	14	37	-140
82	0.0081	399	220	-465
83	0.0082	-314	-186	207
84	0.0083	-281	139	570
85	0.0084	610	278	-675
86	0.0085	-336	-42	-171
87	0.0086	-198	-38	391
88	0.0087	-153	91	-102
89	0.0088	-196	45	229
90	0.0089	-85	-42	153
91	0.0090	-88	-28	-171
92	0.0091	245	180	-117
93	0.0092	-305	-194	301
94	0.0093	229	192	-362
95	0.0094	131	43	-31
96	0.0095	-194	13	-6
97	0.0096	73	5	-50
98	0.0097	-307	-17	133
99	0.0098	-74	54	142
100	0.0099	-31	224	-171

电流增量数据 [1000Hz, 10点]
采样序号	时间(s)	A相电流(INT)	B相电流(INT)	C相电流(INT)
1	0.000	-260	2020	-70
2	0.001	-157	81	-646
3	0.002	91	443	-1161
4	0.003	957	176	-828
5	0.004	788	3436	-929
6	0.005	425	-329	352
7	0.006	378	-40	614
8	0.007	-307	598	783
9	0.008	-381	109	743
10	0.009	-713	-160	661
================================================================================

=== 采集时间: 2025-12-16 11:03:44 (增量周期: 10.0ms) ===
振动增量数据 [等效10000Hz, 100点]
时序序号	时间(s)	X振动(INT)	Y振动(INT)	Z振动(INT)
1	0.0000	27	368	-212
2	0.0001	-141	-15	75
3	0.0002	-431	-330	532
4	0.0003	279	130	-346
5	0.0004	195	402	-250
6	0.0005	-383	-250	250
7	0.0006	63	227	-24
8	0.0007	291	410	-179
9	0.0008	-279	-401	44
10	0.0009	-139	-10	166
11	0.0010	134	365	-167
12	0.0011	-233	-131	-36
13	0.0012	-16	111	109
14	0.0013	167	289	-290
15	0.0014	-380	-560	284
16	0.0015	3	-42	9
17	0.0016	402	399	-224
18	0.0017	-437	-196	101
19	0.0018	-382	-140	221
20	0.0019	114	510	-91
21	0.0020	-179	-229	43
22	0.0021	-127	-125	-101
23	0.0022	550	374	-304
24	0.0023	-42	216	-196
25	0.0024	-459	-484	517
26	0.0025	417	237	-281
27	0.0026	223	320	-445
28	0.0027	-487	-434	554
29	0.0028	-45	175	28
30	0.0029	74	312	-126
31	0.0030	-465	-513	250
32	0.0031	73	107	-188
33	0.0032	265	400	-197
34	0.0033	-91	-85	-139
35	0.0034	-213	-123	91
36	0.0035	-14	178	180
37	0.0036	15	33	-297
38	0.0037	-63	-370	95
39	0.0038	71	198	24
40	0.0039	140	165	-222
41	0.0040	-83	-2	223
42	0.0041	-326	-157	287
43	0.0042	46	2	-257
44	0.0043	73	-79	-119
45	0.0044	-33	-21	-187
46	0.0045	-335	-80	116
47	0.0046	-151	185	93
48	0.0047	-75	13	52
49	0.0048	11	-132	31
50	0.0049	186	148	-55
51	0.0050	-373	-57	506
52	0.0051	37	13	-79
53	0.0052	143	186	-415
54	0.0053	-81	-292	293
55	0.0054	-19	-2	-126
56	0.0055	-47	301	41
57	0.0056	-88	-37	79
58	0.0057	-348	-238	67
59	0.0058	270	117	-220
60	0.0059	15	163	-113
61	0.0060	-68	-76	-25
62	0.0061	-33	105	19
63	0.0062	-21	-2	43
64	0.0063	-157	-148	62
65	0.0064	-64	39	-87
66	0.0065	35	156	28
67	0.0066	-252	-44	140
68	0.0067	181	322	-195
69	0.0068	73	53	6
70	0.0069	-158	-50	2
71	0.0070	218	-48	-10
72	0.0071	65	184	-143
73	0.0072	-92	-51	50
74	0.0073	-296	-164	116
75	0.0074	26	154	-89
76	0.0075	-36	-76	140
77	0.0076	-195	-50	31
78	0.0077	308	177	-247
79	0.0078	-110	141	-260
80	0.0079	-242	-224	341
81	0.0080	-246	-118	147
82	0.0081	14	400	31
83	0.0082	-251	-183	26
84	0.0083	-396	62	229
85	0.0084	18	369	195
86	0.0085	-234	-129	-12
87	0.0086	36	-85	-57
88	0.0087	297	335	-70
89	0.0088	48	11	-252
90	0.0089	-123	-198	199
91	0.0090	-85	147	3
92	0.0091	36	40	-55
93	0.0092	-316	-336	143
94	0.0093	-4	306	76
95	0.0094	95	225	-200
96	0.0095	-341	-102	143
97	0.0096	-41	185	75
98	0.0097	70	168	-130
99	0.0098	-40	-54	-50
100	0.0099	-23	-24	104

电流增量数据 [1000Hz, 10点]
采样序号	时间(s)	A相电流(INT)	B相电流(INT)	C相电流(INT)
1	0.000	576	-698	-74
2	0.001	755	912	186
3	0.002	-1058	194	1755
4	0.003	-678	994	912
5	0.004	-1040	-2258	1198
6	0.005	-2007	2058	165
7	0.006	-1045	1872	-1354
8	0.007	244	1916	-1372
9	0.008	39	280	-705
10	0.009	52	1253	-678
================================================================================

=== 采集时间: 2025-12-16 11:03:45 (增量周期: 10.0ms) ===
振动增量数据 [等效10000Hz, 100点]
时序序号	时间(s)	X振动(INT)	Y振动(INT)	Z振动(INT)
1	0.0000	-2	75	-136
2	0.0001	-147	36	86
3	0.0002	-173	-49	215
4	0.0003	167	278	-148
5	0.0004	215	-42	-229
6	0.0005	-238	-80	113
7	0.0006	126	192	-192
8	0.0007	-32	18	-76
9	0.0008	-11	-2	-27
10	0.0009	-151	37	37
11	0.0010	159	197	-10
12	0.0011	-31	-131	-209
13	0.0012	-104	-51	7
14	0.0013	58	104	-38
15	0.0014	-123	-117	37
16	0.0015	-70	-21	109
17	0.0016	109	26	-167
18	0.0017	-212	-98	43
19	0.0018	-136	-125	24
20	0.0019	-64	131	-15
21	0.0020	-245	-189	84
22	0.0021	-54	32	-37
23	0.0022	0	254	112
24	0.0023	-12	-174	-329
25	0.0024	-102	-44	125
26	0.0025	-15	90	71
27	0.0026	-70	-4	-32
28	0.0027	-386	-365	152
29	0.0028	-151	347	43
30	0.0029	-78	60	309
31	0.0030	-123	-49	-195
32	0.0031	-24	52	112
33	0.0032	-40	163	-98
34	0.0033	82	184	-234
35	0.0034	-106	36	117
36	0.0035	140	91	-191
37	0.0036	-10	54	-12
38	0.0037	-114	-20	242
39	0.0038	45	124	-49
40	0.0039	-61	-83	-121
41	0.0040	-281	-98	246
42	0.0041	-172	40	-31
43	0.0042	-10	91	18
44	0.0043	-162	92	67
45	0.0044	23	73	-19
46	0.0045	99	82	-161
47	0.0046	121	2	-109
48	0.0047	108	50	33
49	0.0048	-114	-28	87
50	0.0049	118	310	-117
51	0.0050	-188	-28	92
52	0.0051	728	214	-811
53	0.0052	113	-200	-521
54	0.0053	-264	-140	604
55	0.0054	233	321	-319
56	0.0055	-181	-287	13
57	0.0056	-288	-271	293
58	0.0057	108	181	-148
59	0.0058	-8	96	-79
60	0.0059	-426	-297	275
61	0.0060	90	293	-165
62	0.0061	99	168	-276
63	0.0062	-336	-492	326
64	0.0063	225	339	-126
65	0.0064	52	207	-203
66	0.0065	-508	-403	241
67	0.0066	86	197	-4
68	0.0067	325	299	-413
69	0.0068	-444	-510	185
70	0.0069	-72	49	133
71	0.0070	458	626	-436
72	0.0071	-91	-199	-45
73	0.0072	-299	-207	413
74	0.0073	131	301	-132
75	0.0074	-53	-119	-122
76	0.0075	-420	-412	307
77	0.0076	86	500	-76
78	0.0077	-33	11	-28
79	0.0078	-360	-263	-31
80	0.0079	-64	66	473
81	0.0080	253	297	-531
82	0.0081	3	121	-72
83	0.0082	-181	-135	173
84	0.0083	33	103	-117
85	0.0084	-34	74	15
86	0.0085	-226	-266	157
87	0.0086	113	245	-139
88	0.0087	-63	104	35
89	0.0088	46	-98	-51
90	0.0089	58	284	-87
91	0.0090	-8	-109	58
92	0.0091	-96	-123	-23
93	0.0092	-11	165	10
94	0.0093	-113	33	-63
95	0.0094	-186	-61	125
96	0.0095	191	118	-409
97	0.0096	-151	5	104
98	0.0097	-245	-172	418
99	0.0098	77	186	-306
100	0.0099	-92	82	1

电流增量数据 [1000Hz, 10点]
采样序号	时间(s)	A相电流(INT)	B相电流(INT)	C相电流(INT)
1	0.000	563	100	12
2	0.001	777	-974	246
3	0.002	-193	-464	1317
4	0.003	-1403	1348	1174
5	0.004	-1155	2954	-335
6	0.005	-702	2818	-208
7	0.006	-771	-1020	-300
8	0.007	1648	1520	-2664
9	0.008	2032	-1172	-1646
10	0.009	1470	-292	-417
================================================================================

=== 采集时间: 2025-12-16 11:03:45 (增量周期: 10.0ms) ===
振动增量数据 [等效10000Hz, 100点]
时序序号	时间(s)	X振动(INT)	Y振动(INT)	Z振动(INT)
1	0.0000	-46	66	-333
2	0.0001	-380	-129	639
3	0.0002	53	13	-130
4	0.0003	77	168	-346
5	0.0004	-215	-37	285
6	0.0005	-44	201	-89
7	0.0006	-85	40	46
8	0.0007	-113	-75	176
9	0.0008	109	9	-207
10	0.0009	35	92	2
11	0.0010	-301	-28	138
12	0.0011	-202	-38	123
13	0.0012	146	159	-208
14	0.0013	-84	-186	-61
15	0.0014	-127	-102	163
16	0.0015	148	299	-207
17	0.0016	46	-7	-195
18	0.0017	-575	-172	500
19	0.0018	101	265	43
20	0.0019	191	206	-246
21	0.0020	-422	-387	123
22	0.0021	221	500	-75
23	0.0022	-21	245	80
24	0.0023	-182	-259	10
25	0.0024	15	152	-55
26	0.0025	62	-7	-21
27	0.0026	5	-110	-148
28	0.0027	-446	31	521
29	0.0028	-15	339	65
30	0.0029	109	30	-387
31	0.0030	93	-58	-4
32	0.0031	201	178	7
33	0.0032	176	289	-151
34	0.0033	-238	-123	147
35	0.0034	-314	-122	330
36	0.0035	-88	-65	-199
37	0.0036	-21	101	-36
38	0.0037	-151	-104	156
39	0.0038	-148	239	-11
40	0.0039	-187	-149	54
41	0.0040	265	201	-338
42	0.0041	144	253	-213
43	0.0042	-41	-266	229
44	0.0043	-115	18	78
45	0.0044	-58	227	39
46	0.0045	-241	-122	61
47	0.0046	-378	-220	181
48	0.0047	177	97	-102
49	0.0048	-51	121	-71
50	0.0049	-149	-110	144
51	0.0050	26	261	-29
52	0.0051	15	15	-257
53	0.0052	-54	-91	198
54	0.0053	75	31	-50
55	0.0054	332	169	-404
56	0.0055	-786	-314	755
57	0.0056	-70	176	328
58	0.0057	244	433	-611
59	0.0058	-254	-288	138
60	0.0059	146	126	-20
61	0.0060	103	453	-184
62	0.0061	49	301	-6
63	0.0062	-307	-392	371
64	0.0063	214	139	-224
65	0.0064	417	295	-349
66	0.0065	-418	-387	283
67	0.0066	-194	14	256
68	0.0067	270	265	-235
69	0.0068	-333	-415	-28
70	0.0069	-20	22	129
71	0.0070	95	369	-121
72	0.0071	-350	-229	58
73	0.0072	-8	77	153
74	0.0073	228	334	-204
75	0.0074	-211	-243	63
76	0.0075	165	41	-11
77	0.0076	193	376	28
78	0.0077	-58	-113	-149
79	0.0078	-118	-130	110
80	0.0079	104	94	-194
81	0.0080	-191	-127	13
82	0.0081	-314	-32	160
83	0.0082	169	218	-84
84	0.0083	-409	-170	-34
85	0.0084	-256	-48	560
86	0.0085	312	120	-499
87	0.0086	-11	215	-174
88	0.0087	-144	-117	220
89	0.0088	56	310	-134
90	0.0089	26	13	63
91	0.0090	-109	-200	45
92	0.0091	70	-54	-145
93	0.0092	70	48	-72
94	0.0093	-331	-147	88
95	0.0094	-110	231	153
96	0.0095	-81	11	-157
97	0.0096	-258	-92	90
98	0.0097	268	180	-178
99	0.0098	107	144	-205
100	0.0099	-72	-166	23

电流增量数据 [1000Hz, 10点]
采样序号	时间(s)	A相电流(INT)	B相电流(INT)	C相电流(INT)
1	0.000	-1892	719	1635
2	0.001	-432	-339	419
3	0.002	-680	1194	752
4	0.003	-480	164	40
5	0.004	-576	-39	207
6	0.005	-29	522	-619
7	0.006	-976	1558	-177
8	0.007	32	3974	-1182
9	0.008	1002	-74	-660
10	0.009	910	1449	50
================================================================================

=== 采集时间: 2025-12-16 11:03:45 (增量周期: 10.0ms) ===
振动增量数据 [等效10000Hz, 100点]
时序序号	时间(s)	X振动(INT)	Y振动(INT)	Z振动(INT)
1	0.0000	275	-104	-547
2	0.0001	61	83	23
3	0.0002	154	274	-88
4	0.0003	13	-16	-111
5	0.0004	-203	-63	380
6	0.0005	139	-19	-84
7	0.0006	40	161	-267
8	0.0007	-237	-149	365
9	0.0008	-192	80	95
10	0.0009	80	97	-140
11	0.0010	-215	-33	66
12	0.0011	-88	-36	-75
13	0.0012	121	270	-94
14	0.0013	-245	-142	70
15	0.0014	-83	-37	150
16	0.0015	79	173	-140
17	0.0016	-85	-121	62
18	0.0017	-71	-14	-162
19	0.0018	216	190	88
20	0.0019	-6	0	-66
21	0.0020	-162	-25	16
22	0.0021	103	239	-207
23	0.0022	-260	-195	164
24	0.0023	-289	-54	80
25	0.0024	142	237	-192
26	0.0025	-57	-81	-29
27	0.0026	-191	0	-44
28	0.0027	-25	199	384
29	0.0028	73	-91	-212
30	0.0029	109	233	-458
31	0.0030	-49	61	366
32	0.0031	54	-50	-21
33	0.0032	216	263	-284
34	0.0033	-238	-164	284
35	0.0034	-47	-42	-165
36	0.0035	-109	237	40
37	0.0036	-237	-187	82
38	0.0037	33	22	-57
39	0.0038	58	190	-226
40	0.0039	-198	-41	288
41	0.0040	-220	-178	146
42	0.0041	198	231	-207
43	0.0042	-24	3	-29
44	0.0043	-320	-388	256
45	0.0044	0	308	-74
46	0.0045	-152	-75	5
47	0.0046	-234	-206	75
48	0.0047	193	391	-121
49	0.0048	186	73	-204
50	0.0049	-87	-199	-102
51	0.0050	-3	184	-49
52	0.0051	-67	50	-25
53	0.0052	-224	-145	40
54	0.0053	-151	104	194
55	0.0054	40	142	-385
56	0.0055	-88	-186	19
57	0.0056	-68	32	339
58	0.0057	125	248	-348
59	0.0058	-102	-76	91
60	0.0059	-196	-45	46
61	0.0060	147	208	-183
62	0.0061	131	1	-91
63	0.0062	-28	69	-74
64	0.0063	-75	56	40
65	0.0064	-194	-83	185
66	0.0065	110	-10	-209
67	0.0066	-84	-16	-10
68	0.0067	-226	-8	61
69	0.0068	27	114	-15
70	0.0069	73	97	-132
71	0.0070	-175	-164	-8
72	0.0071	-6	65	92
73	0.0072	-74	31	104
74	0.0073	-160	-219	9
75	0.0074	-88	239	221
76	0.0075	-93	112	-2
77	0.0076	-84	-38	-89
78	0.0077	-128	122	86
79	0.0078	99	27	-42
80	0.0079	-117	-49	-19
81	0.0080	154	20	-293
82	0.0081	-349	109	331
83	0.0082	-144	-41	203
84	0.0083	253	227	-551
85	0.0084	-183	-160	327
86	0.0085	142	291	-50
87	0.0086	54	178	-171
88	0.0087	-258	-187	311
89	0.0088	-127	-81	65
90	0.0089	97	71	-235
91	0.0090	-175	1	155
92	0.0091	-58	-44	-6
93	0.0092	100	214	6
94	0.0093	-75	-155	-3
95	0.0094	-53	-118	57
96	0.0095	118	299	-224
97	0.0096	-365	-11	288
98	0.0097	-392	-277	254
99	0.0098	330	548	-590
100	0.0099	-148	-16	241

电流增量数据 [1000Hz, 10点]
采样序号	时间(s)	A相电流(INT)	B相电流(INT)	C相电流(INT)
1	0.000	32	-42	-574
2	0.001	773	1528	-546
3	0.002	817	692	-443
4	0.003	543	-633	666
5	0.004	-636	-1298	1378
6	0.005	-757	-2705	1943
7	0.006	-2798	1261	2148
8	0.007	-3126	1712	97
9	0.008	-606	2506	-1528
10	0.009	-200	451	11
================================================================================

=== 采集时间: 2025-12-16 11:03:46 (增量周期: 10.0ms) ===
振动增量数据 [等效10000Hz, 100点]
时序序号	时间(s)	X振动(INT)	Y振动(INT)	Z振动(INT)
1	0.0000	146	91	-259
2	0.0001	-386	-425	361
3	0.0002	-134	-155	22
4	0.0003	263	604	-366
5	0.0004	-281	-113	211
6	0.0005	-259	-129	182
7	0.0006	396	407	-183
8	0.0007	11	-83	-101
9	0.0008	16	-136	-246
10	0.0009	-64	154	170
11	0.0010	-188	-156	103
12	0.0011	-336	-263	228
13	0.0012	-145	50	156
14	0.0013	-121	-48	-16
15	0.0014	-40	-96	31
16	0.0015	-21	380	-77
17	0.0016	171	257	-148
18	0.0017	-280	-29	31
19	0.0018	154	141	26
20	0.0019	107	37	-158
21	0.0020	-234	-110	302
22	0.0021	117	178	-106
23	0.0022	-470	-130	114
24	0.0023	92	-31	-132
25	0.0024	-213	-65	242
26	0.0025	-174	-212	-16
27	0.0026	231	257	-132
28	0.0027	-284	-129	163
29	0.0028	-134	-75	109
30	0.0029	74	109	-100
31	0.0030	118	57	-264
32	0.0031	-70	-173	-19
33	0.0032	-242	339	305
34	0.0033	185	205	-63
35	0.0034	-134	-182	-220
36	0.0035	-68	-85	229
37	0.0036	71	272	-152
38	0.0037	-110	-61	-59
39	0.0038	-222	24	126
40	0.0039	-185	-33	160
41	0.0040	110	1	-62
42	0.0041	118	32	-94
43	0.0042	-81	-61	44
44	0.0043	-93	262	-137
45	0.0044	-239	39	219
46	0.0045	-148	-33	66
47	0.0046	216	9	-104
48	0.0047	-58	-66	-79
49	0.0048	-108	15	139
50	0.0049	-2	202	-201
51	0.0050	-164	-138	112
52	0.0051	212	-4	-414
53	0.0052	261	159	-230
54	0.0053	-33	-65	112
55	0.0054	-66	66	-181
56	0.0055	22	41	112
57	0.0056	-94	-215	-213
58	0.0057	15	39	-170
59	0.0058	-306	6	404
60	0.0059	-310	-74	206
61	0.0060	6	69	-224
62	0.0061	-247	-20	60
63	0.0062	-87	-34	7
64	0.0063	23	210	-62
65	0.0064	44	-7	15
66	0.0065	-94	10	63
67	0.0066	83	138	109
68	0.0067	-58	-132	-34
69	0.0068	-62	-162	-4
70	0.0069	83	113	5
71	0.0070	-16	184	-111
72	0.0071	-299	-101	172
73	0.0072	93	224	0
74	0.0073	70	79	-119
75	0.0074	-255	-228	61
76	0.0075	74	159	-28
77	0.0076	242	254	-255
78	0.0077	-576	-304	400
79	0.0078	-181	-166	447
80	0.0079	438	309	-697
81	0.0080	-204	-28	142
82	0.0081	-181	-211	326
83	0.0082	244	378	-389
84	0.0083	-58	73	70
85	0.0084	-191	-345	92
86	0.0085	203	87	-289
87	0.0086	150	282	-130
88	0.0087	-485	-193	348
89	0.0088	-84	151	-59
90	0.0089	99	-129	-244
91	0.0090	-161	-97	-70
92	0.0091	92	159	146
93	0.0092	30	186	-166
94	0.0093	-225	-258	86
95	0.0094	176	156	-55
96	0.0095	24	169	-141
97	0.0096	-213	-418	-8
98	0.0097	176	228	-74
99	0.0098	-64	147	35
100	0.0099	-409	-266	283

电流增量数据 [1000Hz, 10点]
采样序号	时间(s)	A相电流(INT)	B相电流(INT)	C相电流(INT)
1	0.000	822	-783	-766
2	0.001	1130	586	-87
3	0.002	410	7	344
4	0.003	-834	184	872
5	0.004	-1685	-1376	1213
6	0.005	-933	-1181	841
7	0.006	-960	3005	-1541
8	0.007	752	1073	-2608
9	0.008	1784	281	-1941
10	0.009	103	377	-623
================================================================================

=== 采集时间: 2025-12-16 11:03:46 (增量周期: 10.0ms) ===
振动增量数据 [等效10000Hz, 100点]
时序序号	时间(s)	X振动(INT)	Y振动(INT)	Z振动(INT)
1	0.0000	143	316	-225
2	0.0001	100	258	-169
3	0.0002	-266	-455	142
4	0.0003	27	142	161
5	0.0004	357	300	-137
6	0.0005	-209	-297	-53
7	0.0006	-160	-3	116
8	0.0007	215	410	10
9	0.0008	-196	-236	-59
10	0.0009	-87	-161	109
11	0.0010	392	390	-375
12	0.0011	-45	77	-36
13	0.0012	-528	-296	375
14	0.0013	84	267	-53
15	0.0014	22	-10	-224
16	0.0015	-207	-221	118
17	0.0016	148	265	-81
18	0.0017	-408	88	400
19	0.0018	-237	-136	301
20	0.0019	355	276	-555
21	0.0020	140	125	-111
22	0.0021	-152	-115	256
23	0.0022	134	309	-295
24	0.0023	-81	-45	75
25	0.0024	-279	-307	155
26	0.0025	96	111	-100
27	0.0026	-63	-20	-42
28	0.0027	-207	-83	66
29	0.0028	-44	150	14
30	0.0029	-84	45	35
31	0.0030	-130	-153	40
32	0.0031	104	194	-29
33	0.0032	-51	40	-6
34	0.0033	-111	-40	-25
35	0.0034	255	258	-244
36	0.0035	-232	-2	65
37	0.0036	-350	-353	386
38	0.0037	248	227	-186
39	0.0038	143	197	-334
40	0.0039	-430	-246	183
41	0.0040	-40	202	70
42	0.0041	40	-8	-139
43	0.0042	-58	-254	36
44	0.0043	82	197	-101
45	0.0044	314	199	-152
46	0.0045	-320	-170	-190
47	0.0046	-306	-88	530
48	0.0047	-36	-100	46
49	0.0048	138	82	-607
50	0.0049	-170	-23	273
51	0.0050	-260	-100	-34
52	0.0051	86	470	-197
53	0.0052	31	30	256
54	0.0053	61	-183	-134
55	0.0054	246	218	-259
56	0.0055	1	178	262
57	0.0056	-288	-536	135
58	0.0057	54	215	-96
59	0.0058	10	-2	-229
60	0.0059	-335	-181	-7
61	0.0060	-158	144	255
62	0.0061	-61	227	46
63	0.0062	-91	-183	-62
64	0.0063	-44	-8	-21
65	0.0064	122	41	-71
66	0.0065	-123	-40	-19
67	0.0066	78	202	-115
68	0.0067	-233	-62	127
69	0.0068	-187	-166	134
70	0.0069	221	147	-230
71	0.0070	109	120	-127
72	0.0071	-135	-268	28
73	0.0072	-172	135	194
74	0.0073	39	207	-411
75	0.0074	-533	-544	327
76	0.0075	-147	-21	289
77	0.0076	211	513	-398
78	0.0077	-275	-289	-17
79	0.0078	-215	-118	109
80	0.0079	96	240	-160
81	0.0080	15	114	-148
82	0.0081	32	-79	-68
83	0.0082	40	-54	-107
84	0.0083	54	122	-166
85	0.0084	-228	-6	-80
86	0.0085	45	83	186
87	0.0086	92	124	-158
88	0.0087	-25	-113	67
89	0.0088	-6	31	-47
90	0.0089	13	301	-25
91	0.0090	-182	-224	138
92	0.0091	-153	-57	-179
93	0.0092	408	80	-156
94	0.0093	-209	-92	161
95	0.0094	-11	131	6
96	0.0095	-57	48	67
97	0.0096	-64	-98	-248
98	0.0097	-23	-15	198
99	0.0098	-98	84	-15
100	0.0099	67	96	-128

电流增量数据 [1000Hz, 10点]
采样序号	时间(s)	A相电流(INT)	B相电流(INT)	C相电流(INT)
1	0.000	1494	-276	-931
2	0.001	2340	-1808	-946
3	0.002	1618	-3188	988
4	0.003	6	-2238	1718
5	0.004	211	552	437
6	0.005	486	716	-111
7	0.006	2	-1272	526
8	0.007	-374	-669	783
9	0.008	-525	-51	761
10	0.009	-1332	2499	1693
================================================================================

=== 采集时间: 2025-12-16 11:03:46 (增量周期: 10.0ms) ===
振动增量数据 [等效10000Hz, 100点]
时序序号	时间(s)	X振动(INT)	Y振动(INT)	Z振动(INT)
1	0.0000	-179	-234	73
2	0.0001	-208	128	88
3	0.0002	249	190	-137
4	0.0003	31	-51	-166
5	0.0004	-215	78	204
6	0.0005	232	291	-76
7	0.0006	-81	-38	-151
8	0.0007	-55	-97	173
9	0.0008	-71	-58	27
10	0.0009	178	125	-192
11	0.0010	-455	67	597
12	0.0011	88	185	-62
13	0.0012	323	240	-689
14	0.0013	-242	-404	387
15	0.0014	381	330	-211
16	0.0015	287	244	-384
17	0.0016	-296	-301	258
18	0.0017	-288	-34	196
19	0.0018	65	113	-68
20	0.0019	18	-183	-113
21	0.0020	-336	-186	305
22	0.0021	56	327	-53
23	0.0022	-104	31	-20
24	0.0023	-279	-101	215
25	0.0024	237	437	-220
26	0.0025	-110	-179	28
27	0.0026	-237	-203	54
28	0.0027	298	624	-97
29	0.0028	-239	-101	172
30	0.0029	-293	-351	180
31	0.0030	451	308	-381
32	0.0031	-41	-83	86
33	0.0032	-207	-226	2
34	0.0033	20	284	-51
35	0.0034	-97	92	138
36	0.0035	-247	-174	6
37	0.0036	3	36	-31
38	0.0037	122	86	-336
39	0.0038	-531	-91	401
40	0.0039	-88	235	203
41	0.0040	293	279	-644
42	0.0041	-172	-413	199
43	0.0042	126	104	-15
44	0.0043	348	437	-426
45	0.0044	-366	-294	268
46	0.0045	-358	-310	457
47	0.0046	148	214	-363
48	0.0047	-50	-122	-6
49	0.0048	-315	-208	125
50	0.0049	202	427	-242
51	0.0050	135	214	-200
52	0.0051	-63	-10	6
53	0.0052	93	-105	-55
54	0.0053	189	155	-227
55	0.0054	37	30	18
56	0.0055	-155	-109	161
57	0.0056	36	205	-144
58	0.0057	-331	-221	217
59	0.0058	-139	-216	-16
60	0.0059	221	242	-311
61	0.0060	33	82	15
62	0.0061	-44	-71	-59
63	0.0062	-34	50	-81
64	0.0063	-160	52	181
65	0.0064	-91	-83	-157
66	0.0065	80	64	-80
67	0.0066	-477	-189	490
68	0.0067	255	194	-340
69	0.0068	77	186	-306
70	0.0069	-215	-238	400
71	0.0070	86	103	-134
72	0.0071	204	125	3
73	0.0072	-272	-209	-61
74	0.0073	2	-17	32
75	0.0074	-21	181	-161
76	0.0075	-24	-46	-29
77	0.0076	-264	-109	78
78	0.0077	53	239	27
79	0.0078	-332	-139	117
80	0.0079	-106	-79	-15
81	0.0080	20	248	-153
82	0.0081	-27	-84	-89
83	0.0082	70	64	-40
84	0.0083	151	165	33
85	0.0084	-160	-199	153
86	0.0085	-131	-98	-14
87	0.0086	234	211	-184
88	0.0087	-83	-28	-11
89	0.0088	-61	-67	-162
90	0.0089	-122	147	166
91	0.0090	-10	77	14
92	0.0091	-2	-97	-118
93	0.0092	75	198	-4
94	0.0093	120	124	-144
95	0.0094	-497	-254	337
96	0.0095	-80	-85	217
97	0.0096	515	466	-687
98	0.0097	-155	-102	126
99	0.0098	-157	-182	332
100	0.0099	302	327	-456

电流增量数据 [1000Hz, 10点]
采样序号	时间(s)	A相电流(INT)	B相电流(INT)	C相电流(INT)
1	0.000	-904	482	-648
2	0.001	51	4733	-1839
3	0.002	1254	629	-1403
4	0.003	847	335	-46
5	0.004	127	-757	747
6	0.005	-69	201	840
7	0.006	-382	-758	1056
8	0.007	-859	-16	1159
9	0.008	-789	2697	-82
10	0.009	-635	1611	-320
================================================================================

=== 采集时间: 2025-12-16 11:03:47 (增量周期: 10.0ms) ===
振动增量数据 [等效10000Hz, 100点]
时序序号	时间(s)	X振动(INT)	Y振动(INT)	Z振动(INT)
1	0.0000	-121	-206	270
2	0.0001	163	353	-428
3	0.0002	-305	-357	263
4	0.0003	-230	-11	-15
5	0.0004	67	207	-151
6	0.0005	-148	113	234
7	0.0006	137	-46	-318
8	0.0007	118	220	-183
9	0.0008	-296	-176	521
10	0.0009	-97	14	-66
11	0.0010	232	300	-135
12	0.0011	-61	-138	-110
13	0.0012	-153	-185	249
14	0.0013	164	256	-87
15	0.0014	73	114	-181
16	0.0015	-311	-272	136
17	0.0016	-164	180	127
18	0.0017	160	117	-135
19	0.0018	57	-54	-224
20	0.0019	-79	129	40
21	0.0020	3	151	1
22	0.0021	32	-44	-225
23	0.0022	-187	-142	191
24	0.0023	-58	66	-27
25	0.0024	100	60	-126
26	0.0025	-46	-132	36
27	0.0026	43	165	-349
28	0.0027	-262	-178	418
29	0.0028	-45	-148	-118
30	0.0029	99	301	-169
31	0.0030	6	-27	10
32	0.0031	-152	-40	62
33	0.0032	53	167	-15
34	0.0033	78	86	-81
35	0.0034	-81	-135	131
36	0.0035	20	-12	7
37	0.0036	-66	48	-160
38	0.0037	-216	-109	106
39	0.0038	50	160	6
40	0.0039	-31	-79	-164
41	0.0040	159	-151	78
42	0.0041	180	118	-225
43	0.0042	9	31	1
44	0.0043	-207	-127	213
45	0.0044	-92	-25	-110
46	0.0045	58	175	14
47	0.0046	-275	-50	82
48	0.0047	-47	-14	198
49	0.0048	164	88	-84
50	0.0049	-113	87	16
51	0.0050	-88	-40	24
52	0.0051	-11	138	35
53	0.0052	30	-119	-74
54	0.0053	93	168	27
55	0.0054	30	111	-448
56	0.0055	-254	-229	256
57	0.0056	-71	-177	-2
58	0.0057	-4	65	-212
59	0.0058	-251	-37	114
60	0.0059	-57	2	-40
61	0.0060	-87	-40	-123
62	0.0061	-72	-46	161
63	0.0062	2	-155	-201
64	0.0063	152	96	-211
65	0.0064	-32	75	-10
66	0.0065	-108	-119	133
67	0.0066	87	135	-32
68	0.0067	-33	-48	-84
69	0.0068	-200	-189	-21
70	0.0069	-67	171	-3
71	0.0070	169	218	-109
72	0.0071	-326	-187	147
73	0.0072	-50	-87	-59
74	0.0073	96	180	-134
75	0.0074	-58	-142	191
76	0.0075	-21	35	69
77	0.0076	152	61	-294
78	0.0077	-158	-4	-96
79	0.0078	-187	-81	232
80	0.0079	-27	148	-244
81	0.0080	56	0	39
82	0.0081	-111	112	225
83	0.0082	154	128	-440
84	0.0083	-34	-119	44
85	0.0084	-175	-216	210
86	0.0085	198	395	-406
87	0.0086	-211	-257	279
88	0.0087	-266	-134	109
89	0.0088	16	223	70
90	0.0089	-111	-88	-96
91	0.0090	20	-151	-45
92	0.0091	159	218	-130
93	0.0092	-45	84	-8
94	0.0093	-264	6	194
95	0.0094	-93	118	43
96	0.0095	-111	-132	-27
97	0.0096	27	-32	7
98	0.0097	176	241	-68
99	0.0098	125	66	-161
100	0.0099	-217	-169	18

电流增量数据 [1000Hz, 10点]
采样序号	时间(s)	A相电流(INT)	B相电流(INT)	C相电流(INT)
1	0.000	-67	865	-750
2	0.001	311	-783	-241
3	0.002	679	7	-572
4	0.003	1007	-651	-76
5	0.004	1480	1729	16
6	0.005	391	-1093	798
7	0.006	-296	669	855
8	0.007	-761	-226	730
9	0.008	-945	1398	273
10	0.009	-601	667	-159
================================================================================

=== 采集时间: 2025-12-16 11:03:47 (增量周期: 10.0ms) ===
振动增量数据 [等效10000Hz, 100点]
时序序号	时间(s)	X振动(INT)	Y振动(INT)	Z振动(INT)
1	0.0000	-139	-177	30
2	0.0001	-28	-97	-57
3	0.0002	-12	40	43
4	0.0003	146	16	-110
5	0.0004	-102	-169	22
6	0.0005	-125	90	43
7	0.0006	24	67	6
8	0.0007	-109	-55	7
9	0.0008	-54	169	-32
10	0.0009	-27	-17	7
11	0.0010	62	-36	-293
12	0.0011	-409	77	705
13	0.0012	157	31	-456
14	0.0013	-44	6	-70
15	0.0014	70	36	120
16	0.0015	144	62	-147
17	0.0016	-28	50	-34
18	0.0017	49	99	146
19	0.0018	-81	-100	-40
20	0.0019	-58	-29	28
21	0.0020	-32	-20	-96
22	0.0021	-293	20	263
23	0.0022	-46	133	30
24	0.0023	-152	84	-113
25	0.0024	113	-7	117
26	0.0025	241	130	-252
27	0.0026	-21	28	84
28	0.0027	116	86	-100
29	0.0028	48	22	-106
30	0.0029	-198	-126	219
31	0.0030	-175	-221	146
32	0.0031	201	27	-337
33	0.0032	-54	150	-31
34	0.0033	-314	-85	148
35	0.0034	-104	101	-171
36	0.0035	-119	26	121
37	0.0036	-27	44	6
38	0.0037	125	129	-157
39	0.0038	39	33	-51
40	0.0039	-53	82	-208
41	0.0040	-191	16	264
42	0.0041	-46	-97	112
43	0.0042	5	44	-269
44	0.0043	-166	-186	142
45	0.0044	-87	104	54
46	0.0045	-23	194	-158
47	0.0046	-235	-251	280
48	0.0047	107	192	-216
49	0.0048	36	305	135
50	0.0049	-97	-7	-33
51	0.0050	-74	7	23
52	0.0051	125	134	-23
53	0.0052	-61	27	-11
54	0.0053	-198	-78	44
55	0.0054	92	128	-29
56	0.0055	-23	-68	-62
57	0.0056	-370	-217	499
58	0.0057	-2	130	-38
59	0.0058	121	198	-221
60	0.0059	-72	-219	20
61	0.0060	-138	-67	19
62	0.0061	-84	-21	-20
63	0.0062	28	16	50
64	0.0063	-108	79	2
65	0.0064	-6	22	58
66	0.0065	197	70	-338
67	0.0066	-318	6	10
68	0.0067	-344	-204	592
69	0.0068	210	262	-333
70	0.0069	-46	-4	46
71	0.0070	-55	-155	-47
72	0.0071	103	295	-320
73	0.0072	-141	-23	384
74	0.0073	-127	-49	-15
75	0.0074	198	-12	-75
76	0.0075	20	3	-83
77	0.0076	-198	18	127
78	0.0077	-87	30	-106
79	0.0078	-152	2	-12
80	0.0079	-357	-136	320
81	0.0080	262	257	-289
82	0.0081	-10	135	-153
83	0.0082	-127	-65	289
84	0.0083	117	155	-144
85	0.0084	107	-11	-143
86	0.0085	-228	-165	105
87	0.0086	35	105	-42
88	0.0087	32	50	-83
89	0.0088	-196	-12	15
90	0.0089	-194	50	157
91	0.0090	-64	-61	166
92	0.0091	-28	92	-374
93	0.0092	-7	27	160
94	0.0093	-168	14	345
95	0.0094	83	246	-400
96	0.0095	-59	6	143
97	0.0096	-70	-162	82
98	0.0097	82	139	-167
99	0.0098	-127	13	49
100	0.0099	-126	-123	71

电流增量数据 [1000Hz, 10点]
采样序号	时间(s)	A相电流(INT)	B相电流(INT)	C相电流(INT)
1	0.000	230	983	558
2	0.001	-145	488	613
3	0.002	-1367	598	757
4	0.003	-757	-1067	-525
5	0.004	-945	1798	51
6	0.005	902	-538	-3005
7	0.006	1987	1223	-2663
8	0.007	1163	-217	-967
9	0.008	315	1380	-29
10	0.009	495	-762	-553
================================================================================

=== 采集时间: 2025-12-16 11:03:47 (增量周期: 10.0ms) ===
振动增量数据 [等效10000Hz, 100点]
时序序号	时间(s)	X振动(INT)	Y振动(INT)	Z振动(INT)
1	0.0000	-14	58	7
2	0.0001	-42	32	-115
3	0.0002	-200	-181	30
4	0.0003	95	283	-51
5	0.0004	-24	86	-94
6	0.0005	-203	-72	204
7	0.0006	-58	-44	109
8	0.0007	259	173	-310
9	0.0008	-249	-157	407
10	0.0009	152	216	-325
11	0.0010	-91	126	-15
12	0.0011	23	-182	43
13	0.0012	285	199	-560
14	0.0013	-166	39	361
15	0.0014	-208	-80	240
16	0.0015	-55	-3	-102
17	0.0016	-84	-122	83
18	0.0017	-46	-172	-55
19	0.0018	-62	74	-44
20	0.0019	-11	186	11
21	0.0020	-269	-20	135
22	0.0021	135	180	-153
23	0.0022	150	205	-106
24	0.0023	-110	-213	-32
25	0.0024	172	246	-171
26	0.0025	-119	103	109
27	0.0026	-307	-81	212
28	0.0027	-105	50	-17
29	0.0028	147	227	-29
30	0.0029	-19	-157	-88
31	0.0030	40	66	-53
32	0.0031	50	185	28
33	0.0032	-27	-74	-74
34	0.0033	-200	-28	144
35	0.0034	-7	-95	84
36	0.0035	248	74	-391
37	0.0036	-547	-36	639
38	0.0037	298	242	-362
39	0.0038	173	-21	-554
40	0.0039	-42	-170	182
41	0.0040	-356	-323	229
42	0.0041	391	528	-217
43	0.0042	-4	258	19
44	0.0043	-403	-610	328
45	0.0044	177	346	-175
46	0.0045	368	202	-271
47	0.0046	-272	-301	-36
48	0.0047	-24	79	126
49	0.0048	87	310	-71
50	0.0049	-357	-554	151
51	0.0050	168	129	-83
52	0.0051	100	197	-135
53	0.0052	-468	-187	109
54	0.0053	-53	10	159
55	0.0054	-49	188	-44
56	0.0055	-200	-232	104
57	0.0056	-4	69	18
58	0.0057	78	312	-49
59	0.0058	-115	-74	-233
60	0.0059	-271	-51	200
61	0.0060	276	333	-42
62	0.0061	-6	-50	-164
63	0.0062	-42	-155	63
64	0.0063	434	367	-345
65	0.0064	-487	-95	57
66	0.0065	-598	-352	814
67	0.0066	360	270	-554
68	0.0067	103	125	-408
69	0.0068	-279	-226	523
70	0.0069	33	47	-203
71	0.0070	276	468	-196
72	0.0071	-469	-479	272
73	0.0072	-3	-50	-130
74	0.0073	425	508	-306
75	0.0074	-335	-132	133
76	0.0075	-252	-183	191
77	0.0076	191	368	-109
78	0.0077	-66	-105	-16
79	0.0078	-262	-272	127
80	0.0079	134	353	-37
81	0.0080	140	207	-257
82	0.0081	-245	-229	48
83	0.0082	-51	202	198
84	0.0083	125	-62	-181
85	0.0084	20	-162	-57
86	0.0085	265	135	-173
87	0.0086	-132	113	43
88	0.0087	-400	-46	268
89	0.0088	121	60	-140
90	0.0089	41	-23	-64
91	0.0090	-55	-84	134
92	0.0091	339	240	-402
93	0.0092	-399	61	-61
94	0.0093	-578	-392	733
95	0.0094	137	329	-167
96	0.0095	258	236	-505
97	0.0096	-487	-404	369
98	0.0097	20	225	-57
99	0.0098	406	500	-298
100	0.0099	-386	-449	133

电流增量数据 [1000Hz, 10点]
采样序号	时间(s)	A相电流(INT)	B相电流(INT)	C相电流(INT)
1	0.000	-1747	-536	2282
2	0.001	-282	898	676
3	0.002	-111	-1136	607
4	0.003	-321	-1212	738
5	0.004	-704	-495	848
6	0.005	-999	1380	821
7	0.006	-957	2786	-25
8	0.007	-688	1629	128
9	0.008	504	2544	-771
10	0.009	504	220	-569
================================================================================

=== 采集时间: 2025-12-16 11:03:48 (增量周期: 10.0ms) ===
振动增量数据 [等效10000Hz, 100点]
时序序号	时间(s)	X振动(INT)	Y振动(INT)	Z振动(INT)
1	0.0000	-344	-407	343
2	0.0001	-178	-148	-135
3	0.0002	279	376	-226
4	0.0003	-264	-130	213
5	0.0004	-165	-2	14
6	0.0005	246	352	-229
7	0.0006	-139	23	-23
8	0.0007	-215	-149	241
9	0.0008	39	96	109
10	0.0009	22	-21	-280
11	0.0010	-105	3	71
12	0.0011	-105	185	134
13	0.0012	54	-91	-149
14	0.0013	-286	-83	300
15	0.0014	425	372	-308
16	0.0015	201	-75	-357
17	0.0016	-115	-195	181
18	0.0017	493	528	-418
19	0.0018	-243	-211	18
20	0.0019	-386	-156	397
21	0.0020	178	206	-119
22	0.0021	-299	-138	9
23	0.0022	-242	-358	233
24	0.0023	163	259	-221
25	0.0024	11	147	6
26	0.0025	-235	-200	69
27	0.0026	-12	84	238
28	0.0027	309	194	-575
29	0.0028	5	-199	-24
30	0.0029	-34	-130	208
31	0.0030	304	259	-436
32	0.0031	-263	-31	44
33	0.0032	-400	-173	358
34	0.0033	107	280	-255
35	0.0034	-102	94	-11
36	0.0035	-121	-168	237
37	0.0036	-42	131	-147
38	0.0037	146	171	-162
39	0.0038	-293	-153	211
40	0.0039	26	211	93
41	0.0040	349	128	-410
42	0.0041	-662	-209	666
43	0.0042	-105	62	327
44	0.0043	433	514	-696
45	0.0044	-237	-249	240
46	0.0045	167	64	-3
47	0.0046	497	464	-505
48	0.0047	-147	-162	146
49	0.0048	-263	-254	289
50	0.0049	92	347	-220
51	0.0050	-10	-132	-12
52	0.0051	-361	-332	181
53	0.0052	5	271	-2
54	0.0053	-205	114	-2
55	0.0054	-353	-147	217
56	0.0055	197	411	-36
57	0.0056	92	154	-212
58	0.0057	-232	-271	173
59	0.0058	242	306	-93
60	0.0059	-67	141	-38
61	0.0060	262	208	-298
62	0.0061	-316	-249	202
63	0.0062	-104	-183	87
64	0.0063	143	244	-107
65	0.0064	-145	-112	-17
66	0.0065	-128	14	63
67	0.0066	-71	71	-8
68	0.0067	129	19	-126
69	0.0068	-341	-80	313
70	0.0069	202	223	-323
71	0.0070	-27	67	-130
72	0.0071	-202	-65	242
73	0.0072	193	303	-181
74	0.0073	-91	-134	39
75	0.0074	-177	-200	208
76	0.0075	-10	101	61
77	0.0076	-57	163	-145
78	0.0077	-194	-221	142
79	0.0078	7	33	-17
80	0.0079	199	163	-217
81	0.0080	61	-27	-153
82	0.0081	-202	-83	92
83	0.0082	-88	109	103
84	0.0083	-2	30	-117
85	0.0084	37	-11	-25
86	0.0085	124	50	-329
87	0.0086	-111	-3	177
88	0.0087	-155	-6	96
89	0.0088	281	198	-301
90	0.0089	-143	-276	125
91	0.0090	-27	32	16
92	0.0091	140	114	-293
93	0.0092	-235	-151	186
94	0.0093	-221	-2	26
95	0.0094	37	269	-10
96	0.0095	-72	-157	-37
97	0.0096	-208	-66	49
98	0.0097	191	232	6
99	0.0098	254	233	-397
100	0.0099	-37	-360	70

电流增量数据 [1000Hz, 10点]
采样序号	时间(s)	A相电流(INT)	B相电流(INT)	C相电流(INT)
1	0.000	-241	-533	207
2	0.001	-488	-13	-385
3	0.002	14	916	-781
4	0.003	-125	4247	-1099
5	0.004	629	2140	-1579
6	0.005	887	719	-873
7	0.006	1167	491	222
8	0.007	129	-188	740
9	0.008	-192	-651	1062
10	0.009	-648	-553	778
================================================================================

=== 采集时间: 2025-12-16 11:03:48 (增量周期: 10.0ms) ===
振动增量数据 [等效10000Hz, 100点]
时序序号	时间(s)	X振动(INT)	Y振动(INT)	Z振动(INT)
1	0.0000	7	19	65
2	0.0001	-104	-246	49
3	0.0002	-79	113	-59
4	0.0003	-31	133	7
5	0.0004	-178	7	19
6	0.0005	-130	5	174
7	0.0006	86	143	-282
8	0.0007	69	-32	-102
9	0.0008	-258	82	127
10	0.0009	3	107	134
11	0.0010	-4	-24	-151
12	0.0011	-106	-19	-11
13	0.0012	-72	39	180
14	0.0013	-157	-70	23
15	0.0014	202	111	-171
16	0.0015	-263	37	144
17	0.0016	-25	2	-45
18	0.0017	14	-46	-28
19	0.0018	-3	130	-85
20	0.0019	-47	124	22
21	0.0020	-63	-24	-230
22	0.0021	88	167	-38
23	0.0022	199	113	-171
24	0.0023	-96	-102	-14
25	0.0024	-157	-194	6
26	0.0025	66	189	84
27	0.0026	6	-54	-153
28	0.0027	-238	-211	99
29	0.0028	20	117	-140
30	0.0029	-7	152	-29
31	0.0030	-379	-250	287
32	0.0031	-85	-31	229
33	0.0032	236	309	-350
34	0.0033	-84	-148	-128
35	0.0034	-196	-75	177
36	0.0035	-25	182	-92
37	0.0036	-16	27	-68
38	0.0037	-139	-170	103
39	0.0038	157	159	-87
40	0.0039	-59	-55	-19
41	0.0040	-143	-102	96
42	0.0041	-15	206	-44
43	0.0042	-199	75	241
44	0.0043	-192	-216	208
45	0.0044	310	406	-439
46	0.0045	-84	30	71
47	0.0046	-195	-149	204
48	0.0047	165	299	-252
49	0.0048	43	178	-59
50	0.0049	-115	-283	28
51	0.0050	-15	262	-10
52	0.0051	-34	165	306
53	0.0052	-221	-48	20
54	0.0053	45	87	45
55	0.0054	245	240	-204
56	0.0055	-59	-168	-135
57	0.0056	33	385	228
58	0.0057	3	-32	6
59	0.0058	-85	-112	-54
60	0.0059	65	-12	117
61	0.0060	-11	193	33
62	0.0061	-61	-195	-97
63	0.0062	-63	50	-8
64	0.0063	-36	211	134
65	0.0064	-89	-97	3
66	0.0065	-4	71	-147
67	0.0066	135	13	-111
68	0.0067	-121	-15	-38
69	0.0068	-44	-162	-8
70	0.0069	105	171	-46
71	0.0070	-105	-37	33
72	0.0071	-57	-85	-61
73	0.0072	-45	69	168
74	0.0073	-34	-20	-23
75	0.0074	-54	192	-85
76	0.0075	-145	105	148
77	0.0076	211	-49	-274
78	0.0077	-391	11	416
79	0.0078	18	-71	255
80	0.0079	242	314	-757
81	0.0080	40	96	159
82	0.0081	95	134	101
83	0.0082	62	48	-272
84	0.0083	-68	-62	164
85	0.0084	-135	-174	142
86	0.0085	77	27	-243
87	0.0086	-111	75	-8
88	0.0087	-362	-245	511
89	0.0088	107	239	-458
90	0.0089	0	61	31
91	0.0090	-87	-159	193
92	0.0091	223	225	-216
93	0.0092	-78	152	13
94	0.0093	-378	-459	250
95	0.0094	79	270	-190
96	0.0095	-16	138	-47
97	0.0096	-339	-400	185
98	0.0097	-83	289	23
99	0.0098	-182	100	353
100	0.0099	9	-25	-179

电流增量数据 [1000Hz, 10点]
采样序号	时间(s)	A相电流(INT)	B相电流(INT)	C相电流(INT)
1	0.000	1419	30	-3
2	0.001	-514	-3413	2095
3	0.002	-51	-970	985
4	0.003	-1792	-679	1210
5	0.004	-1701	2605	-497
6	0.005	-187	2244	-2091
7	0.006	-731	2132	-573
8	0.007	-644	1243	-140
9	0.008	-116	-587	-582
10	0.009	351	-400	-426
================================================================================
